s.area	m.eccentricity	s.radius.sd	h.sva.s2	h.idm.s1	h.sen.s1	m.majoraxis
32	0.344436488029973	0.448628685191295	490.924320878401	0.325446057329467	0.9783762646932	6.70366683612319
35	0.93280782474065	1.42727317938087	383.826198760388	0.460808239527239	0.892682203812402	12.2059210370737
98	0.771932000609512	1.9465431753997	379.067620207217	0.360387692397665	0.926959011308649	17.1157759484572
63	0.874952915749506	1.15201153662558	535.271220006083	0.357396701283949	1.12848056933534	12.9519802011239
78	0.913788101184811	2.15353826689888	343.403575871258	0.376295629315624	0.936137767664903	19.8941766631046
122	0.954509985534054	3.36337498671055	642.051316904956	0.370081703718609	1.14390232684429	27.8545382718523
51	0.968198769788416	2.12714596612848	230.309296408226	0.427201254437354	0.692702423123601	18.0669424340338
41	0.964813121753482	1.88740625160855	281.520595842964	0.497717465364524	0.627209644177924	16.8711479197442
35	0.808946259438599	0.814011072276762	384.109825123232	0.39779291764917	0.936758310139003	8.96495607596339
66	0.881982689054867	1.4538767427271	482.995155294475	0.333165253038998	1.07122226321105	14.0421401144154
37	0.803866025358896	0.745973385951417	449.006633585488	0.378426137048806	0.982403263498534	9.06566320429438
68	0.971406506885908	2.5018069585319	382.356125647558	0.395196187728157	0.766792930870038	20.6860673440781
77	0.757105040546151	1.5869008602724	434.070305187221	0.396122593320669	1.01627802536458	14.0907448205585
70	0.879229448775056	1.76359160329856	488.921989781875	0.364305961256493	1.0309958120196	15.2369447581268
64	0.972564609601489	2.55532479232667	317.553227422077	0.405299959962801	0.859653981872071	21.6582358269658
144	0.925771668757195	4.4680410823074	301.816750730976	0.413400003613947	0.861530457218679	36.0867139593202
37	0.719401222181285	0.652377860771794	461.205259810353	0.327495019812093	0.956046237947659	8.44303813777879
69	0.740265743020293	1.01146340025123	436.181022434549	0.357242414301041	1.0728066539066	12.0884887686072
41	0.957322297046167	1.60962899495049	278.995315825305	0.480757726819541	0.681519782510866	13.7017942480908
35	0.83485575215196	0.930134441224538	302.434160131014	0.395082783793191	0.870380209530546	9.29976902066011
83	0.768735581157436	2.0034877928773	347.660384289776	0.445902019771766	0.866806942858777	17.6529342470006
66	0.986113910104415	3.14309479510399	232.105514475636	0.566604215074803	0.62805058737595	25.8315393349197
37	0.784431250369307	0.759551007618947	396.65957683498	0.359506627964304	0.971858655963392	8.89978468161543
76	0.786990742171725	1.12795709204976	620.133759565213	0.33463948927259	1.16923546661637	13.0634466012166
31	0.954839636633602	1.39244138822971	266.387224852405	0.463469559524923	0.634295844910076	11.9023636162387
151	0.978541935357798	4.85454647831941	345.939137097803	0.385984724462817	0.891644118497007	40.8624318923996
62	0.847563673443211	1.20015029123397	498.932856538371	0.333122660882839	1.08669468743888	12.5573642072077
36	0.933887611071873	1.33527095854017	325.972502205703	0.378219182148365	0.817020685686772	11.6631056894427
39	0.909100124900508	1.60081414340231	271.45350665079	0.573284881520176	0.633989439905367	13.3189471258331
63	0.652964420542129	0.8086331752627	692.672068598553	0.312087154979831	1.14542878120883	10.656052942263
40	0.939402905317983	1.44178167837261	334.504795549357	0.437761087659668	0.731668858884725	12.9409702756006
72	0.906127343194624	1.63829820445181	479.963853619639	0.362126735917366	1.0179375779632	15.5886443820371
96	0.730516790174659	1.75074195806398	450.602986024948	0.347292109003646	1.0144335289155	15.7112281251719
110	0.974966643568432	3.63300775732011	423.651805564884	0.389678492377014	0.993164653801791	29.8107757131638
138	0.961193654980441	3.79732772412206	520.63599244539	0.371372445753488	1.1158637028495	33.9430789439644
32	0.685998913375405	0.600113995549733	379.779245837663	0.399203310955633	0.894750370948627	7.67313784617327
105	0.954663059399182	3.05743054797103	383.762715561336	0.411315914758369	0.978876139609976	24.7790918852634
41	0.80050605090229	0.88872180242035	402.578864565325	0.376620772489704	0.946318083682853	9.84331347281985
47	0.628687278095197	0.899197862444175	462.470884994858	0.385511758216758	0.957459539687266	9.44199285798419
43	0.686555219909171	1.05664966013226	413.726101405974	0.385137032140274	0.825035226814251	9.64693957763956
123	0.808617193707118	2.67938601963512	565.1012647159	0.343500238015857	1.13840626330913	20.9975998499002
65	0.772176797238559	1.4640179873605	362.359047612412	0.390872321576861	0.916624315121978	13.7736309000774
45	0.947716838263583	1.63077728949991	303.814461477847	0.379624890213125	0.860361546099154	14.1765380931774
86	0.941786503087222	2.40378466132469	471.609050211494	0.33585979912864	1.0246753119124	21.1125059378479
51	0.905322861343085	1.45426298455442	440.070572622099	0.36801041449535	0.933481927910105	13.3295638029891
74	0.915563433094153	2.13827740379185	438.838081533598	0.373300132793908	1.00436487773305	18.0246036830602
37	0.873994370817249	0.873835496318995	453.747111257824	0.369445001467957	0.958689028017876	9.85587757254391
43	0.870062151263677	1.50077235593435	310.507139210576	0.471883745680537	0.695281289432091	12.8237702103982
58	0.889831612411019	1.76988449077023	396.577836904556	0.394616109078575	0.947815246291759	14.7017347751482
82	0.925793692423195	2.03741701757757	531.771074270497	0.328641103337676	1.05803188330616	17.5825623778731
142	0.966507295312207	4.33067065473621	365.338228683851	0.408166853163619	0.974245829559726	35.4576591087313
68	0.941493481111583	2.35649989470252	348.676676492349	0.437113223171169	0.870309796814142	19.3699449131147
33	0.76634749887505	0.841069634318709	386.554804224995	0.429382566956096	0.842277877040149	8.5979124613387
172	0.981278576474425	5.24538429459168	510.115003971266	0.364519535408218	1.10421762035115	40.1001373945091
47	0.973075260096187	2.13554447567731	238.062853992479	0.459634218861879	0.67661256979243	17.4390095303046
54	0.918717863832076	1.83794369961761	300.134167272635	0.473211158531503	0.845155935208671	16.0551811287054
139	0.914305844020308	2.64742125319068	497.282640590028	0.34731989039272	1.07593441241487	23.3930143630724
56	0.851376015995091	1.16751899562384	474.740732486695	0.32139297194542	1.02040689411386	12.0094848298012
48	0.789221380784397	0.824123528851299	506.035529759058	0.324448008424179	1.06790077632182	10.1861911358497
54	0.629406920474716	0.895347262527799	513.507661629989	0.3397126009468	1.03265189594023	9.98680107726908
55	0.56439223836425	0.65839858860172	321.659674443122	0.400506385506386	0.857580410278174	9.86474651771761
56	0.78717252662672	0.930848401900683	482.334592812309	0.375350604247159	1.06906092252857	11.1479266877258
137	0.982070793071547	4.63822101002303	471.069636149444	0.396240451110738	1.0083588776742	35.4870563742094
31	0.940878769125655	1.34985389370216	235.582367319839	0.528775834658188	0.648820896614445	11.702934695069
42	0.805134533771838	0.861554445868874	376.434727297655	0.383208787128849	0.989069003876487	9.97375087647279
58	0.729125093211575	0.905428714177283	562.70348967288	0.325893734931387	1.07869916811243	10.8272848386154
78	0.822817033833883	1.70002331036987	427.57307910964	0.36585075594319	1.01146018918471	14.6190964491956
48	0.869077163799042	1.29866386888581	406.633061895611	0.393823457885766	0.969053370107458	11.9000415323551
72	0.86203096478469	1.63547320587529	447.141660037398	0.384981070052587	1.01987195663167	15.3024088429894
80	0.82981794317992	2.02584631057073	572.415975335275	0.388197134658466	1.15202054832079	15.8945297241914
47	0.981245051709153	2.20076798275024	270.502953603736	0.456284663648831	0.635498959354258	18.5990748165711
147	0.913837305212123	4.43189914248428	345.137338665999	0.433385318223636	0.835843361509119	39.4727167387824
166	0.905126217483074	3.32532135558332	459.614605733967	0.38019387330139	1.07903971281862	29.0307967388897
49	0.871082015419181	1.32963209362088	359.25652964233	0.393311463597632	0.889832857944103	12.0959336908413
189	0.982069967332291	5.2653713642348	487.247996702398	0.343081433577105	1.03821876372247	44.049658950036
112	0.942238814625563	3.35098564982272	372.01070622276	0.423896684894197	0.921687565858285	28.5204849535717
35	0.631205248769408	0.59796281377695	419.653323398793	0.354978759465915	0.960959029168321	7.78206958750347
48	0.93545316312295	1.90630309924009	325.498042160345	0.469549635370069	0.791486540345024	16.8262656073653
34	0.653312091396477	0.796795799979807	286.161802013691	0.429342266989326	0.809311842285028	8.16954422539855
40	0.653485224919155	0.845002529271884	392.090961123555	0.397877919583932	0.942545795675876	8.81516553855555
33	0.83018041502246	0.921904056359185	359.717718952818	0.411095574249517	0.8198267586057	9.23327809898156
41	0.909161424489768	1.61039261307941	358.416532252058	0.482459140088265	0.81395356094804	13.6350168697464
57	0.879580985149091	1.61955744512666	298.581368814058	0.413719600187319	0.918394352724509	14.2909074647255
109	0.958797800732637	3.91752658579493	359.259236867938	0.448151689645212	0.932805673927108	30.9574193374063
206	0.994575971518366	6.75539269537819	412.697833657637	0.379306406870097	1.01961876452086	55.6346556398642
58	0.938607894489568	1.67606509371368	422.934840529651	0.339041903839608	0.979825833884598	15.1274778791541
64	0.832378661367283	1.62291787270153	323.695000748014	0.413550277431417	0.845572352760545	15.1113920975025
124	0.930933363383113	3.09258532637803	564.716822868595	0.323407339314125	1.14420754005076	25.4744137320152
42	0.91097744469127	1.70360139823208	213.857075016569	0.513365886895299	0.598880423544158	15.1866108027066
45	0.957640617902464	1.65559434467496	287.148120010644	0.446910091328592	0.765179660372722	14.3445970359313
112	0.807941422885798	2.98526322100361	375.012054934212	0.43962134711624	0.935367652531255	25.5072426462818
40	0.811209983267571	0.922613746523446	386.282880506657	0.352542556904106	0.949930484597733	9.73094976735858
56	0.690960151857097	0.907564383522507	586.377309846012	0.363325810120581	1.09130511109327	10.5383375780062
69	0.936945867392987	2.02160523542563	432.538943328448	0.36485108273487	0.981746063765574	17.6076328204492
35	0.887045985585057	1.1538241278737	298.60538648183	0.412067799926623	0.787136979108981	10.7751850962455
93	0.985766478293519	3.71829528352206	320.055876718295	0.431547964912671	0.847200052868376	30.4989005369054
223	0.987556615363933	6.76852382699089	437.006357066579	0.383278138279353	1.02207461703722	56.3281796653703
94	0.853972237087536	2.0303202568063	448.154482575776	0.406970300688433	0.986242677880642	17.9605836194653
96	0.630679039735681	1.73796752993194	387.942109832651	0.360174528636821	1.01997485439886	15.1299393604923
36	0.780829552506894	0.769789255631776	405.843036051504	0.376359842902167	0.950672169426194	8.95113060953458
44	0.970222805735942	1.96084017576487	252.749013006147	0.490533545310016	0.692202543333521	16.5385387836119
75	0.759582187341136	1.21195927986262	573.739671440147	0.345379427893058	1.12527896051165	12.7930637799964
41	0.53715212518252	0.550878281742726	513.472594439248	0.395928130121071	0.886288905050125	8.0492377823141
110	0.921193788774943	2.53714776160495	568.770134837443	0.346998832218142	1.12592016835684	21.6618241103305
86	0.934368458917459	2.74361013821241	375.683215189785	0.411786310724618	0.910873899303067	23.0472439130082
60	0.897201095318536	1.31303749632539	563.078154734111	0.347986289230116	0.944879018958135	13.3085958380512
48	0.723117939550857	0.804763630437413	449.876139838864	0.342204849414032	1.06085096065829	9.754332043853
133	0.967641820722353	4.12836760947331	390.807303715677	0.382785765808573	0.909406518677584	36.4517968214937
69	0.756751145929276	1.06335170490944	532.359670240674	0.309510552181834	1.12733993646873	12.2678211586845
85	0.876057512165024	1.78314457081701	640.067823963375	0.311210467783921	1.16623254902101	16.3067906901
46	0.86826469381569	1.11299817611238	410.062403287173	0.405752994959049	0.934649567190701	11.2347899483577
62	0.76086262698211	1.02487016677016	565.633238517927	0.346058578955921	1.08523809802241	11.5989910077121
56	0.82832881801589	1.25530620599594	490.524729910951	0.351152263048567	1.03874358222757	12.1749727378097
92	0.969352542671721	2.7110448739529	457.863030043088	0.360074556759965	1.03009092187086	22.531241188126
42	0.8921735024362	1.08877751060204	383.813248248352	0.379363037162535	0.95651243115049	11.0229137594749
40	0.880085742963499	1.56151822888652	273.941887725445	0.545886746474982	0.757118678714495	12.9496573527345
40	0.822048836953439	0.992583517123891	394.323830578374	0.406016095566269	0.904367723253238	10.0769720722523
69	0.966109560269762	2.68453543567729	299.882351832547	0.474286710480114	0.833960514209155	23.2205061611066
42	0.859849618433397	0.949685033629523	413.617105547082	0.401579869137706	0.949887906199959	10.4648628917297
48	0.91448916194518	1.73034062080253	318.582650673606	0.467268306368652	0.691148239088997	15.4628614143608
95	0.770955379566383	2.37824814759708	313.411666867887	0.417521520358642	0.890366634229957	19.3331320360992
77	0.801872358884857	1.20489627988362	673.590283008093	0.302282367504749	1.17539699891232	13.456099882629
35	0.678363967068826	0.587900603995032	326.918101614445	0.367980385197028	0.955996492328555	8.00893883776731
69	0.897700868958515	1.9499633278299	465.295338130152	0.453659530455651	0.974421659397235	16.3696536112391
64	0.585190844275579	0.997004267252937	488.936222415931	0.359095045546339	1.0757021448836	10.7694921403277
37	0.859468069190992	0.818104732737777	395.887119867921	0.388305682596004	0.98154685344705	9.59805929745802
74	0.865171027486208	1.80371943334677	285.662343051451	0.44330551485966	0.832371233321175	18.2044063795039
123	0.883246046471133	2.35501025255421	500.730334403063	0.373757916464086	1.11145572995666	20.9391426703144
34	0.872236878136681	0.983978111713039	319.954620443187	0.415136945089886	0.860417907950781	9.64277420323883
33	0.862771996945296	1.08960823341759	314.779144046919	0.429340465849005	0.789219885621762	9.79542063711505
82	0.902837867416036	1.91560474542147	417.831452976534	0.444685680556939	0.966867730355099	17.4972803660493
73	0.888403960157504	2.00694972634151	441.93837682599	0.351085187906905	1.02353950548047	16.8726351759942
31	0.844955113936218	0.800078254181974	352.905445694048	0.397331918829767	0.885079381050762	8.74559717054364
35	0.939369218229273	1.28380503655082	247.839517061871	0.379339150987375	0.790124144753554	11.5577870504908
53	0.900598405977881	1.54869328447182	354.240355835682	0.351311369494057	1.0096329043421	13.5663625182636
44	0.742123293933967	1.05082223466039	413.661984932068	0.42014582571254	0.944795907533103	9.96516464177334
41	0.564941212474391	0.682978095255512	429.840528580665	0.385690360768008	0.988464315825012	8.30425636107669
72	0.533080640856969	1.89014259430469	301.991370078719	0.41462102152663	0.837900025451462	13.8764458647806
46	0.590927050559825	1.0862891247024	404.344922413088	0.375132278627341	0.85860820402932	9.74343269898314
53	0.724117452916617	1.04410251100413	541.141827129092	0.358153607530939	1.10534191876995	10.4645734961506
60	0.925286878175932	1.78894306963961	388.77606053618	0.429832635188172	0.902181681809379	15.7286964133443
31	0.923723390622827	1.07372855658369	268.611703973591	0.418379840286534	0.669410440529362	10.3105446494226
48	0.841723911005576	1.21710917847685	412.320656073699	0.394164562741982	0.981276111183221	11.6928119724852
75	0.797858987669927	1.09815969603308	579.173828783781	0.31477596449427	1.14823240654734	13.0750185183666
73	0.908476244646549	1.58591922579651	473.612783754823	0.343272352445526	1.02981285745206	15.3357838602917
77	0.885451241041465	2.35802276978593	369.769001586737	0.387240676686422	0.936421622061261	20.0148605190774
52	0.945362580586238	2.29109375620947	310.099474917842	0.538261124143477	0.718563985058313	19.4988125238239
61	0.77916181629116	1.04002679098101	530.881224446726	0.34839121714301	1.07245801844645	11.6309506845579
54	0.897468370376326	1.48317341085252	389.957329233298	0.439425010792835	0.895728082676786	13.3726453570584
39	0.933719639066129	1.6584509634914	246.778032763269	0.459385488588347	0.732781063788807	13.6190806347077
68	0.92805620957982	1.69381940663067	468.396966025006	0.350771449852303	1.03268291544645	15.7022430072544
74	0.963890204711565	2.37679544902368	363.717566531173	0.386654055743862	0.966300650993054	20.1550276932698
42	0.578123756404951	0.617104759775848	433.553603733827	0.375563638058717	1.00701050815826	8.4173392098574
53	0.85560834297226	1.19741260637665	405.808885305267	0.33463009475312	0.99277411383658	11.8507030256884
31	0.827271865513364	0.70712583611819	447.280035539461	0.356823116213912	0.872389107837563	8.47229300643904
79	0.645590351985447	1.44261069284936	330.079615800655	0.398516839320283	0.931684107136844	14.1113922138156
67	0.861362677423031	1.59954727971502	503.792274429426	0.348893849536355	1.06281940822928	14.4950710814174
39	0.702270655058933	0.870808098792198	431.597239563907	0.420090879534208	0.953557008429817	9.0299782585594
40	0.709081462348444	1.0551419949611	328.305866400976	0.44759640773963	0.81216640313943	9.75349629279871
31	0.945385700864051	1.32954093847681	282.803608488757	0.449987842513794	0.650939652653442	11.8447804254309
114	0.907058496583018	2.9679708868114	504.591804119994	0.392413126158797	1.04047390588634	24.9132011556611
39	0.749592753543781	0.987188409172973	359.042694384428	0.47217410446055	0.857364740687111	9.45596585984009
34	0.933368148158575	1.40462066404556	304.763061169762	0.464738362651076	0.649402331336031	12.6930403002174
163	0.900574937615848	3.80320823799234	307.901529618191	0.427757458634058	0.866785874015673	35.1683943390181
58	0.879184794038276	1.28681512052605	378.975185676464	0.356067478581108	0.989217509697814	12.9517137716435
65	0.882423414975047	2.09442548166978	374.83108237948	0.419941849127149	0.946755865865948	16.3492961939085
43	0.749460545912088	0.875034228987417	473.704337023002	0.361364313623005	0.887423993377952	9.50479125175481
51	0.830099691742886	0.869910658517627	553.194274662859	0.330697863122716	1.00755496035903	10.7841276190402
47	0.953685568996657	1.60854749175833	489.874719259036	0.35410901572738	0.830431950316923	14.35864219951
36	0.841625520529449	0.978387486833193	352.249326437662	0.411586861835731	0.852426754246869	9.86164816927327
52	0.834892724950579	0.881217229478239	545.477135040565	0.332421585152566	1.08692501884265	10.9840712373861
55	0.926014775350951	1.85638997393289	257.660752446957	0.401992312491196	0.675864367346746	16.6189729814976
39	0.856374724638252	1.25108877513442	318.506251698371	0.428071352518196	0.619818633534848	11.4093718639093
116	0.981825845626985	4.19153231694443	333.199557971614	0.399207779991556	0.929063859105804	33.9410003883735
31	0.864353966758091	0.727231092936268	358.770148210624	0.403899006226372	0.916069482754873	8.82751414347073
43	0.728059744250901	1.09005477705151	410.514432432567	0.404914791973615	0.841840941531267	10.0062184284165
57	0.650690018774692	0.892592646074935	590.309188555979	0.31488739610778	1.12048877054737	10.2604108994213
58	0.893729220726717	1.7722636316548	292.764134805542	0.384080060330216	0.854559770158542	15.5905316048068
96	0.793629886927719	2.28187379880232	338.069743787968	0.38668055955205	0.889589971569492	19.1484092001024
59	0.987601892193706	3.1801681531285	255.679003505458	0.570814724226489	0.714515790006825	25.5939248777052
85	0.953901532507295	2.38172632388802	563.268401747833	0.343806221407369	0.989262355840383	20.0794670657185
47	0.794834184016505	0.849335338791173	419.30911683811	0.322771684608127	1.03738690059796	10.2048228245593
70	0.829364057311011	1.11463575917727	632.847380272397	0.307677395835589	1.17936877197361	12.8375929401174
40	0.824290100969424	0.924931198840864	418.885678585488	0.397378786025845	0.901061166115798	9.99111400715788
42	0.919836731255883	1.20290426156129	405.770721018229	0.371953596581529	0.941977461805746	11.7259024154337
31	0.930389624670877	1.3023011216313	259.723268652399	0.50126624894791	0.666009046179957	11.2596929097711
50	0.9182367960815	1.48793745763012	478.470361643032	0.369461775828536	0.871691989373905	13.4108072687443
35	0.708660489176997	0.602453017845723	410.242688971997	0.362190772148272	0.991508107523343	8.09577397160141
48	0.875822894051388	1.51664222817062	293.506995758096	0.445930004328002	0.811879060592797	13.2604507779429
46	0.970692200420688	1.92565498502614	276.733838680369	0.44574641029064	0.796235477331126	16.4044973524346
58	0.895057369763169	1.5498172921159	364.59398349257	0.378696536187964	0.950400124853306	13.8708466704249
53	0.890398704893622	1.31729603508434	489.986454804715	0.384825147245975	1.02603563368894	12.5941626655927
51	0.904451269258569	1.47153574831767	370.892876915555	0.427632692531401	0.959035529953367	13.4687021012938
35	0.74277061549281	0.758088881976491	453.033653657787	0.374726996787255	0.982603940081869	8.42677919602897
160	0.984287899805002	4.70169786056668	523.809746347666	0.330646835644315	1.12069529035068	39.9217363681111
106	0.918908214242309	2.34992331242688	447.60556806472	0.36127050037477	1.05530656005213	21.0300879119412
33	0.797700319605332	0.67482469463661	346.062691198631	0.426951772834126	0.883843347361041	8.4428386134993
34	0.862386267510068	0.892370846199848	362.266722837044	0.380813063106928	0.94965527930037	9.38171738920205
115	0.659813752574572	2.36425217080596	507.386447668949	0.354315391927242	1.11136826688187	18.0630382273829
40	0.979019309782534	2.31655479146664	212.336233903447	0.673469387755102	0.388326433710729	20.5533402758006
75	0.842467319503336	1.5312383868517	470.708094584897	0.336362643909272	1.08405847905292	14.5670424767131
36	0.924058842182264	1.65768013559217	205.638318135164	0.653296654221968	0.516398194625995	14.2392713070229
53	0.986157747544423	2.77104847277182	306.37953834336	0.503184474066827	0.709051440288388	21.2276825351018
58	0.464325865624897	0.907506586587303	567.513933312611	0.353368313419776	1.13220821096004	9.72061693140223
68	0.85050307457708	1.18694878372979	623.174692903754	0.331342429715937	1.09573372019083	13.13341776998
156	0.987860326543012	5.19468077793756	428.155563275233	0.408101477747688	0.977396000591392	42.0752482941293
49	0.839751691039737	1.39818140643134	366.253321112607	0.483798934681288	0.79587333258069	12.510305310826
105	0.754463351393422	1.97480134842517	426.883268368642	0.370112087109257	1.04627549300647	17.6833532562492
35	0.801452713406101	1.12351969215937	242.605586898355	0.527001924525144	0.654267854092831	10.118261422467
58	0.709111056133666	0.67691698162219	576.174939628573	0.296634820766815	1.15580709501757	10.3432714246948
37	0.897628533170541	1.0880171359422	333.849847441312	0.402170689099993	0.87960576138895	10.8800067457607
35	0.951881744963569	1.58339320145478	327.302642933887	0.442038441156088	0.747414840638048	13.4139154580434
42	0.880580269873623	1.07777213498649	410.842091593027	0.361045136641442	0.969684865557476	10.9340894981845
45	0.829630193683431	1.34848349793149	304.070480666736	0.502998596986554	0.751386153106263	12.5970485234906
36	0.794252591174133	1.30936966762619	308.783495203352	0.503092047629863	0.669351227798369	10.8160052278988
82	0.957549755454342	2.5278087359593	460.562971250416	0.385199798372857	1.00891062007836	20.0594576585194
41	0.841729096887816	0.971133520742844	368.942476942764	0.349168955875642	0.908627919139779	10.1518679640999
36	0.673029039867653	0.829737202946106	366.594253429247	0.419034058973963	0.924790004169998	8.58100420422168
67	0.968359754258492	2.45038737271002	354.857698232301	0.378877422749747	0.837722256965689	20.5523472160156
101	0.848124789300434	1.65632059290634	635.517137679486	0.293029267976858	1.22432507388156	16.3771241781425
53	0.764079288148031	1.00194802842617	450.429467650072	0.378644685829456	1.04586138785374	10.910038732066
46	0.927181292307739	1.71390369825518	294.450968859129	0.480409788393623	0.752563793311511	15.413572317442
54	0.646051685556045	1.08968152956284	364.157311474342	0.394773514050415	0.946662884530393	10.6262615252584
59	0.499410236103041	0.618873998810294	587.516468668158	0.34934805332666	1.17198521495827	9.61690147429706
187	0.979581464863438	5.23291902554469	494.282167712252	0.344953483001835	1.07210507723654	44.6392002553532
130	0.921655968188434	3.22444498471106	421.809936044244	0.397803557742343	0.996776813614196	30.0492647432409
58	0.940537580339763	2.17634436463045	519.393461150128	0.403055066622288	1.03309691583836	17.3932085387923
56	0.879957908661632	1.70462576695445	316.964544876663	0.436550212099468	0.854902887427987	14.506055647431
90	0.95387758573365	3.11556832606431	427.964302167982	0.41659798727001	0.94085908325694	24.9170167438227
75	0.869841969088864	1.74085736934416	379.706676444439	0.389245635437888	0.953154565186955	16.4069123245823
38	0.848940993595619	1.00690427312946	355.297440323833	0.454966712366093	0.894817622624374	9.89916172676614
55	0.909936381671903	1.54563536120106	418.612544178579	0.382173973996069	0.977706641498906	13.7389561881877
44	0.951158084881015	1.80262446259792	325.100861337728	0.492195141836462	0.89564727744562	14.6486724844334
50	0.749101157157741	1.11519178532983	244.597531940724	0.477576161669635	0.770183131599193	11.1585389157525
36	0.75322603645319	0.599835203473606	437.206513601869	0.372467940605674	0.967479870598416	8.44444979802433
41	0.796220522795544	1.02963330918703	417.136086018235	0.376191616716514	0.990173166672274	9.83635374322075
52	0.927694668600335	1.57991826907763	414.991593557522	0.422923170008522	0.921007271675497	13.7722557060789
70	0.938630560016289	2.20563931426716	348.643208543414	0.431808836563046	0.913876723205384	19.5472227867885
59	0.845606913478704	1.05135801025036	567.983657878031	0.35358771576849	1.11645138669461	12.0840407826902
60	0.945902515005438	1.82754234123836	449.093990205985	0.377982117806833	0.947025344217322	16.0431112102582
56	0.873664517844903	1.16755625418004	507.972931717071	0.30702672374931	1.04047769759464	12.2817113113375
35	0.671901263100344	0.514143163360829	381.109873580565	0.352362505885079	0.984170424900656	7.83170732238955
32	0.727041973870612	0.612423028078237	346.239139469118	0.41354005780012	0.898939275867987	7.83035687489819
135	0.983053264315468	4.17830348351751	369.67452283174	0.440853672023347	0.903688605641931	34.2563736669668
108	0.95573693160835	3.05436291141247	383.384049408872	0.399609102053865	0.977321233608821	26.9883967297897
46	0.625017548099292	0.545826664573296	572.519759633264	0.337547490101292	1.08030525965211	8.75044877417436
39	0.89913190184457	1.23052726619154	321.228659464678	0.360371689415168	0.832804413397625	11.3468528289431
48	0.903273778063067	1.37513335699515	382.596122288233	0.396072622396152	0.851430150324955	12.7024147815132
59	0.924651344488486	1.6675676159954	387.953585217739	0.383301322542744	0.955424543718338	15.5132682396974
67	0.953419940422475	2.32207157888701	385.270179701374	0.40696103598017	0.915749302317817	19.4215091712976
82	0.947488429568971	2.19683279110898	481.262508424319	0.359034568776319	0.998245978162732	19.0204404214949
40	0.815322250698491	0.804310218610259	471.761296380483	0.348748768903439	0.932083607451544	9.49107656682904
35	0.925242973958713	1.13817276038759	338.598942051409	0.37945130651013	0.805910385420809	10.9284590728762
39	0.960864255110281	1.79927619110686	259.393803077039	0.508156696550362	0.788041145759213	14.8466606429825
57	0.850772457947605	1.4749278789984	389.573254226197	0.385827075242891	0.930072318005578	12.8930561889679
64	0.818381568376088	1.35379332830206	394.667245677238	0.392541717568806	1.01323771524011	13.0367662510373
33	0.892357734778041	1.29092661162325	249.698593489679	0.467104596516361	0.696555377515393	10.821493377652
42	0.240348982441123	0.416688694722674	569.164799972918	0.341066033375933	1.03062505029878	7.50159529790878
65	0.887006079078216	1.47252073328063	497.366401602985	0.313419209048927	1.07766727827391	14.0909253242207
38	0.966312471553463	1.86838189672914	276.020478732587	0.54716792917485	0.629125238298937	15.4913421013351
63	0.929352203840566	1.91964065786966	314.079246137809	0.375561706964239	0.949125367620059	16.1621629991907
49	0.858333700097931	1.24145185404982	375.149635246258	0.429162532413199	0.939173362226194	12.0285713608525
61	0.953738004356809	2.0941165861863	355.488330423247	0.383329801123124	0.892475448728129	17.2458149326354
60	0.843225303798981	1.05173826902809	549.484800638147	0.331080667354706	1.10973233771153	12.1020504518473
71	0.622726378943958	2.1252574745688	270.814233830331	0.490782258849486	0.632990106031231	16.8304930399972
91	0.914092396652895	2.67856900754832	330.945844010293	0.460995688331309	0.860279656897593	26.9782076450268
81	0.964541757545876	2.77767345178057	306.28523616808	0.402999857168543	0.892621739016493	23.1264438425459
55	0.852538816808941	1.28970952979261	365.033314180465	0.420786578618862	0.963978880774915	12.7954637424722
48	0.926911476587508	1.69164903571867	273.101769909647	0.458845488021959	0.759163674220126	14.8061789482623
53	0.926086144910448	1.98514685529978	368.496542154984	0.439550814844932	0.873557179316516	15.5170937574795
31	0.863652953694813	1.088987108015	336.851779884458	0.456498346183709	0.761859659904472	9.73736651965916
182	0.914709748767855	4.09177006567241	458.765910035792	0.384057835598636	1.06383710153154	33.2543005558098
32	0.939309935454695	1.2885819197286	224.168001790441	0.384575163398693	0.64302766205275	11.3376714413714
35	0.914329455066007	1.56912671919932	225.567417174037	0.648351648351648	0.445297891589489	13.5903319560812
41	0.815821275725571	1.28141603370102	318.590715615448	0.485588374752461	0.665590409142615	11.8430414725295
153	0.955027964660134	3.69335944658818	582.253827116648	0.324754439030961	1.14109892131865	29.6610069299125
50	0.847330988637888	1.10867409966677	421.146534581075	0.354078196149377	0.980700891127466	11.4837203470392
63	0.889588020475712	1.74840516611704	449.54540816222	0.393417726405625	0.846581905924168	15.4042773705277
38	0.671934946612887	0.564955257882402	452.013277305572	0.384065824647697	1.00715749096837	8.24527164463879
41	0.85748347504176	1.10890162180874	493.408025561782	0.393200478715022	0.982394537059634	10.5459671366463
54	0.833925542877272	0.931769066834723	530.672729662741	0.339926691435817	1.10402512448672	11.3053470346821
60	0.768007058994679	1.56666352163365	319.372157359664	0.423991267079502	0.80257868910895	13.0474884499467
86	0.904778437926959	2.20866123376552	487.749368518112	0.386604460897794	1.03589596737937	18.2519339926119
171	0.972988811626362	5.345942344753	486.811376711003	0.376953168025688	1.02449089040167	41.027973171496
40	0.848578632901751	0.897631403391442	383.695320433033	0.373210583688745	0.964829249581147	10.0120470512759
104	0.923052035901447	2.72069819179191	365.506042038277	0.433959150073004	0.919873719753599	23.6646079278187
40	0.727702166850345	0.739076639194427	517.896499844594	0.334283283629192	0.961350904862262	8.96644754564783
59	0.939689812098829	2.12335819086194	312.885965984928	0.478922873343444	0.820249882818367	17.6597645949244
72	0.908805718228687	1.49514426086554	540.772811090437	0.355479835530172	1.04256536801921	14.9668524780313
64	0.940871652906088	1.95478705748921	408.339329710932	0.37164592563452	0.926860336386967	16.6950405583586
41	0.884599253200309	1.04908789296389	461.736610106946	0.362440170257444	0.964137341478834	10.7165593254793
38	0.808653474657114	0.746711640617977	451.652527835632	0.356923813362739	0.989980734696079	9.17967661282221
82	0.877614361624742	1.50310188974473	614.127194482787	0.32251708915936	1.1208823273509	15.3264388558858
44	0.904128821763385	1.3079113823991	337.138405171237	0.449265710442181	0.829219482594599	11.9679928980308
87	0.966512784337883	2.97808676413903	379.232138687701	0.357053651914129	0.929859824647424	24.8488758205199
34	0.728891727047586	0.844646004572907	390.156323283323	0.433198293870563	0.85446688424962	8.61136124553254
41	0.736746319193783	0.737443506581757	435.372033691195	0.359873900103455	0.986804426718225	9.05610569213015
51	0.833821635779106	1.45813685030183	375.021200431874	0.411857323386735	0.866117032598972	12.7444821573802
125	0.963303398580043	3.51020257825477	423.804262091159	0.380592951140194	1.00275268046346	31.1234568719637
36	0.95905597582676	1.70837229507323	239.488852385589	0.513137425850898	0.583841978087279	15.8646846659953
64	0.778121036835648	1.10152818341145	608.469439592676	0.297937463480777	1.1217286375397	11.9988482885654
59	0.923619788617685	1.72483387780197	402.46580730887	0.373117345667717	0.962027006004699	14.9027224376646
44	0.914821597533261	1.18510280469077	360.879502160203	0.41020879459861	0.884392045468147	11.8192596638223
56	0.68656315571042	0.69928418968467	566.381843931899	0.298548391897029	1.13413246257611	10.0964654784419
62	0.88217625486273	1.91185753504831	344.668267907837	0.467123259005612	0.859620663160076	16.7157701978432
57	0.920094290662585	1.83239639952432	314.48915553165	0.404399340507726	0.849210669786835	16.1572370623462
40	0.769100400308714	0.673965006377368	468.609638143773	0.375763284511315	0.939812525788699	9.05319993367264
45	0.973566376095288	2.21730392111048	283.298186111735	0.528427423260365	0.751666084936251	17.8396078530236
51	0.88987265010614	1.28743056374324	420.552714292133	0.392532489512825	0.927663388788236	12.6387662901742
49	0.95434934970051	2.06190440722853	283.566774727706	0.476001921766628	0.80254930399549	16.7335316563697
33	0.79163595907213	0.653777979950704	421.427876673219	0.357260064290194	0.96174812094011	8.36981192016252
44	0.752528271986105	1.46490856515717	260.902683883963	0.509808301252151	0.58273916687855	12.3244713695751
97	0.735317065276454	1.74739873259756	354.039118302162	0.47923310618863	0.813151623012043	18.8012469580202
54	0.721472213035641	1.11171361998779	393.599561855785	0.399180315851765	0.951955806501375	11.1157411545266
89	0.923683884167938	2.48449450108995	490.728519766163	0.34241116005248	1.07577497021244	20.2573237302158
38	0.940839556952015	1.48623798674384	253.430001891446	0.407430960372137	0.690050914551298	12.8842183996688
88	0.951359121176288	3.10693609874988	339.59922558114	0.452659657920226	0.794866228879565	25.8760350588022
71	0.960615732033005	2.19846589813497	317.939631440954	0.378373238089071	0.914029217981329	19.4012813638328
37	0.810176230745573	0.753312297143433	432.939530173906	0.350532823042822	0.910354334592564	9.03183602919616
37	0.888935795880176	1.21981164823317	420.890069192184	0.383671734570736	0.769502901092564	11.330067996745
32	0.954723936673893	1.54540317484723	254.376595397608	0.526418676438961	0.672048959331716	12.6290862798515
41	0.929281378331198	1.70361623494749	264.401219549628	0.457423207193028	0.774038385926872	14.0317378168186
31	0.747393281150273	0.602357937192345	346.239139469118	0.401688950648227	0.886285385460896	7.85226284637026
48	0.899928290365616	1.46745890558377	440.459242813142	0.379320298391317	0.941748916298306	12.7980242334755
32	0.725963138704871	0.981874467366197	365.854576007402	0.455696764637941	0.862526784583554	8.64904397454085
39	0.841576111380804	1.23779692174631	311.912357804624	0.426667026360784	0.876574995107716	10.7845175769186
52	0.981606880386046	2.52192023999338	255.210115778556	0.464173346526288	0.600039662864035	21.278921666774
42	0.920554651620486	1.50683969844702	295.279353708929	0.483116337909009	0.819730146382918	12.8431325182654
33	0.847411979201103	0.928703734624418	308.594506577545	0.399747564306388	0.808528095768365	9.27398921957543
37	0.955102526883121	1.65139624329751	257.640243543278	0.468171701112878	0.614594251697822	14.1365805338564
34	0.959672173682029	1.69390774399886	209.178808112804	0.537832355682254	0.574925992374679	14.5375206034996
58	0.654630046622402	0.683761026135065	631.604308568826	0.305311249629452	1.12047816856652	10.1013426085338
32	0.945725863893653	1.5474297594908	249.243515752909	0.532736989292624	0.633582138380002	12.5800023086107
31	0.89461441872719	1.16650951942415	247.774003547391	0.470981015617694	0.682966885055266	10.2903599085887
43	0.918065311820019	1.24429109127584	334.799052558514	0.428183646131663	0.914591294297392	11.9905756470368
43	0.92513496261207	1.63804366598746	260.211279350733	0.441798807931884	0.77839090654879	14.1854962837489
53	0.93132777210258	1.68064966937614	385.502320673501	0.390594560274139	0.924388213034125	14.5347098354049
65	0.88437277929507	1.67990609423419	407.485192051977	0.389923235820152	0.981538933906609	14.5987469896948
35	0.718758586297137	0.641026885423693	393.750733858187	0.378122584848553	0.956353611851383	8.17926896762789
62	0.674886867175682	1.32001974402222	487.275140212725	0.36553077175911	1.08653648137537	11.8879215679567
44	0.910761063434457	1.294026994012	348.105321452841	0.418054859540928	0.915000542800354	12.2895080823476
43	0.702235106827905	0.644990416965998	504.637387353643	0.361738460676768	1.0611210367652	8.91501924074491
37	0.722411772881659	0.872726116967506	432.568870322147	0.420459599212577	0.989455940039761	8.92846059791262
39	0.943079760983858	1.5161320063853	281.151314259477	0.434930363896978	0.835634295783915	13.2029978229666
33	0.645979939873244	0.737760468405428	384.518947472487	0.408667680068326	0.860837469422171	7.96378118005
36	0.543905643919444	0.298125322686896	481.893798931849	0.335842189723108	0.985929160740499	7.34500568713024
102	0.953816918550803	2.98304470309187	423.132412050634	0.392054585027424	1.01413997524608	24.8778090503469
34	0.860100081774601	1.01411373241656	306.620980584221	0.448908530345063	0.81123101692063	9.65572314104093
72	0.846980793748573	1.97119437599642	272.869071664284	0.521443314198119	0.68888804661865	16.8642976561827
104	0.93639660808811	2.36298225045619	535.478004078609	0.361514957716332	1.06801303453695	21.1437161840689
37	0.649680301124131	0.984733398083257	324.137218054284	0.438233465527583	0.778340508041099	8.96708553805637
69	0.862062924228182	1.81585764958117	444.281945741914	0.353070372933874	1.03049323293955	15.3727483449173
32	0.436481826613918	0.353228798117922	505.295178502826	0.367897255864242	0.931684018694211	6.75162817038668
41	0.923295771564028	1.46774452515893	319.523434671322	0.462271978244062	0.828895880300577	12.7776724307024
98	0.796702962097723	1.19212020163773	704.57814599526	0.324585751602733	1.24901359356471	14.8073251218143
59	0.896626164477243	1.36276442161214	464.366232831044	0.351812929083585	0.965273805735048	13.3861169258573
54	0.775498420431749	1.37713673414685	432.493879339013	0.359511844780137	0.978735831079967	11.9608816127385
85	0.970448931102309	3.08702740663375	337.830838513865	0.418948269063047	0.870535008343534	24.9599434683716
45	0.881772049939564	1.17352269700786	373.225684969913	0.382897301425299	0.957097914529231	11.3837180506659
59	0.803836489563457	1.26990831284731	545.214631404837	0.349204967808198	1.04406549799024	12.2322002520018
56	0.942574131508351	1.93692685147282	361.298541227428	0.413811288427267	0.920632067322691	16.1578159284603
41	0.667118700452994	0.989567543848061	336.677904868493	0.414613998613999	0.794908334666995	9.30406997706746
74	0.712699676620841	1.50846286373946	504.800152027072	0.37819407504377	1.05125285025041	13.3325614135153
44	0.712752524049737	0.770958196473985	551.484938914066	0.370340853679683	0.955032442373821	9.31843290877596
68	0.645386011803955	1.31208636962009	504.203419806162	0.38291776747937	1.04201409511805	12.1423790615852
46	0.650993309709776	0.619729786676301	487.256679673793	0.31163787245873	1.06709905479057	8.96723092606335
39	0.554850340579181	0.492653826761933	523.412357920444	0.376062700474887	0.918078590400465	7.86481728728866
41	0.798075156382582	0.760211001336964	400.090567457999	0.358045173683624	1.00045670163713	9.49833206802873
55	0.928757282043604	1.96707636541613	358.195280365628	0.433283870440132	0.861737494257107	16.2296101403636
61	0.801514405255048	1.34203597130242	419.053400574964	0.362297560567439	0.963898097728622	12.4324925056632
52	0.81997865731238	1.08353223617216	413.926882668513	0.388756312414225	0.975539717478029	11.2696194718004
56	0.894881571486632	1.5597300703677	402.458682743848	0.361487845550841	0.984895172385496	13.5465377496454
136	0.806668859808244	2.64955647456174	504.52476517441	0.338512426158502	1.09991974834146	21.7656240609248
49	0.919518335569989	1.53082893247372	299.51351052747	0.368364367890621	0.898614570434832	13.3083911614413
31	0.960807621495894	1.38123095933447	252.087753461534	0.49068059656295	0.627544114572246	12.0683084579398
133	0.960358146563883	3.63718281561554	411.99150623618	0.386435536884677	0.9692806853419	30.6072599436736
45	0.881090027871213	1.27331262372482	341.236091966511	0.392137384929351	0.970742043580214	11.6932556926083
76	0.863139485867976	1.72153089117147	459.731229773173	0.380339443592039	0.968138291844691	15.6339486780921
99	0.901363064113914	2.29916239064726	409.218679190346	0.383096014260923	0.984626076387844	19.6891025719497
66	0.956558660979579	2.31469946904197	307.901206406115	0.408395701771908	0.906670085924976	19.1934237401915
74	0.851071927492097	2.1144912854053	371.562894177004	0.435295970515797	0.903776386586456	18.5565270352212
76	0.869929904304729	1.76655957243439	491.966536284272	0.379235138823973	1.06590137327582	15.4388603835459
39	0.888241878793361	1.47504974504	215.37448362762	0.55214626391097	0.55042569541986	12.994045230435
39	0.801662157354443	1.02906106589302	309.472177690011	0.465332072537955	0.832749807552774	10.1082275965229
61	0.905179873436422	1.77872863680396	352.384209295962	0.401556273960366	0.906742606806494	15.6772574352348
143	0.879201085645001	2.73118412307157	465.408816712617	0.336653345157996	1.03713041172795	25.8705947000351
43	0.918215902572379	1.56869022394947	386.020892543731	0.435093474582574	0.899938028278009	13.2620517857301
78	0.874649079322687	2.07468589396671	424.940895963717	0.377567796830266	1.02118078545154	17.2198089659718
42	0.885959599822218	1.34739516697737	356.2404413759	0.421609135293127	0.908121652376332	11.7136871523282
53	0.728730185705125	1.02826829597836	458.432101581657	0.331805379518435	1.05056611726954	10.6181193503272
47	0.830293094455103	1.36014909228493	339.359614211235	0.464417779027086	0.791841434866567	11.9625676559356
35	0.898521304183983	0.972426075983897	314.424498519998	0.394755453076413	0.837582496931609	10.1136321922465
32	0.814372112585134	0.698559945808402	390.331285952877	0.383516390659504	0.861209048581996	8.37368347024778
103	0.885988204181687	2.27433269464797	402.723893634153	0.362756779029475	1.00936649150474	21.1126484984255
80	0.858671346759884	1.58416047799251	565.046003222326	0.300997694670469	1.15141745503892	14.8973855480003
102	0.879820220105434	2.17486085044918	799.858690861191	0.338999032606922	1.19677307252991	18.3956421288506
37	0.76058697784391	0.651698194247996	416.612677033271	0.370035399282171	0.930807810401306	8.61547987966182
34	0.884453986846843	1.11848011695027	334.454747948372	0.425586651188568	0.827836481864938	10.4174107725844
35	0.854581785680133	0.901722760313347	328.00353649537	0.396690171698738	0.873879018637944	9.66677621982306
41	0.931155994767729	1.37536869389677	322.417867025118	0.374004570368207	0.833982666771532	12.3911502290455
32	0.661433595959834	0.546718463159007	361.017480995094	0.395024534660474	0.933932671338311	7.52461275696
57	0.817384535489801	1.56327043850897	386.53999389223	0.422994514514724	0.916489637117448	13.3132188652446
31	0.947280835301732	1.28667256859767	224.168001790441	0.390574347166639	0.615719304521653	11.2633873296607
64	0.8539181934548	1.29900229187138	498.455355146118	0.331321615310982	1.07995724848621	13.2095845279286
79	0.849621279153585	2.09545476586057	312.248228587649	0.442501744962572	0.787993077798744	19.6263215502016
32	0.925852180382066	1.23012334030511	256.438579398452	0.430178413707826	0.690351723335745	10.8555983646182
36	0.764218413898743	0.858651927661639	361.601281503659	0.403434413959305	0.951067921330521	8.95913161505098
59	0.958638512177547	2.51507046550022	223.121164245557	0.511992811225548	0.624244328852461	21.105246374813
79	0.72281588650106	0.918661280144423	795.736090473163	0.312806381992165	1.24938781036258	12.3223213614264
81	0.779648148669071	1.91779002580446	471.094624610508	0.368308600983723	0.966484729845152	15.6877636639169
105	0.834252039915749	2.80751005392908	311.515872146221	0.42597234495212	0.881460023431728	24.178261138895
95	0.826757517622287	1.75868737130457	574.480421712173	0.343639057820845	1.18345515709581	16.0206682250766
160	0.968564849647482	4.66503052542313	336.577541035346	0.385042710229527	0.935813019061959	38.6442320129688
59	0.642671941673054	1.2478173556405	472.83020793104	0.369498693976289	1.0234113673087	11.3351898967865
52	0.7424146054909	1.05347850697938	334.903098885968	0.381818506303349	0.944448598362479	10.7902802256902
91	0.721093608227408	1.63320741993344	410.369943764771	0.414612443500324	0.958989133813776	15.7781938681095
101	0.834653351959665	2.28466426590742	557.785751711608	0.328556055854329	1.11434834837726	18.3930976366209
39	0.703145911756606	0.575511029564693	544.406699812284	0.323927886875585	0.974460144930763	8.42289147323424
37	0.618322006502346	0.660319973967098	509.707233948641	0.3441627403966	0.959669165661573	8.01605713725982
96	0.920018563761711	2.13503559866085	486.212065611176	0.334621537802411	1.07143263523746	19.2107633827989
48	0.957357359547214	2.04977439136341	274.971519997865	0.448437374190917	0.79971169881157	16.504420812296
43	0.938417026770685	1.6965026844411	239.925179886392	0.581404528260512	0.642449450019371	14.9231526846868
130	0.969683625502111	4.22411855175366	449.235469724148	0.434479422448923	0.993758006842724	34.2806836456896
67	0.924080112062992	1.58254383739126	516.626231773907	0.35727335870274	1.04889213731186	15.2335208714379
40	0.955088566541933	1.66387644639164	248.177633859156	0.396182463005992	0.815665045815813	13.8554537568004
66	0.942957393229397	2.10873756814189	390.126315298378	0.432449427549488	0.865305905895021	18.0403393507125
63	0.840262860929213	1.47823604925762	429.50664941831	0.375863113354276	0.9584942358537	13.6044742621792
36	0.924861455189486	1.2672866746004	346.319329845252	0.372288407870027	0.8309590949005	11.5226855525459
127	0.977778820568276	5.03017812196383	251.432470476317	0.513793180229166	0.643412967299116	43.297417046569
59	0.62328580643266	0.844032318647001	536.252245531257	0.343245712362378	1.13909059432248	10.1757884424504
50	0.760787750719289	0.861592529205046	505.191192501534	0.37702632033611	1.06250080744097	10.2722779369998
74	0.930273075915584	2.2395950326332	519.360624669407	0.363376968039185	1.0109452695485	18.1009541841904
87	0.931914196826332	2.35346670758916	431.505899152575	0.39613156603675	0.967551329329793	19.9165581948082
72	0.924227621905421	2.2340608675763	343.447472751561	0.411341032575426	0.880325779652709	19.8818629495682
96	0.974594966167586	3.55124141776942	417.245889675689	0.397175950324243	0.944295742822177	29.1230558780346
61	0.961070881395813	2.68710049789813	327.082101260041	0.472089743344173	0.80743189959835	21.7702344874182
44	0.802363745194622	0.930960060983082	418.217627514358	0.407061797411912	0.982813894896431	10.1120552630134
82	0.844481867811842	1.53334670753304	523.155147263021	0.321270529348165	1.14635177524713	14.8243068824472
55	0.854358748207636	1.38578177247652	341.537163626737	0.413630708985673	0.897856543105413	12.8707765793396
45	0.758521024102555	0.697354551509903	507.066443820438	0.36139196923128	1.05774907973086	9.50972015379134
52	0.7792024700815	1.12480943106681	408.806833728152	0.404260762109607	0.997585840905979	11.0888053460178
35	0.913749690642251	1.37022025675337	345.454793954838	0.500283597901962	0.819895422555244	11.400769597729
65	0.812741518168105	1.12580062483416	546.62442046552	0.328766681357484	1.05551534322394	12.4756115712614
74	0.950374309553349	2.20766536830594	376.023917218694	0.405668245909683	0.915586143040614	18.4933453206372
37	0.943221852150226	1.58624924804033	322.071131146311	0.462769963387445	0.836646386398768	12.8610109589595
119	0.961446483926321	3.64220963235664	407.726380597864	0.394699692579617	0.974866069459005	31.2570041832679
144	0.923385438494901	3.19160094665165	448.347317647068	0.383886360497778	1.04888652411646	26.2322069486017
47	0.85839280032658	1.68510890735985	302.546794411327	0.478225207141616	0.832619663802517	13.8680107853855
85	0.90807019631993	2.40889604104817	302.356344814879	0.449123577589827	0.857862589809466	23.3556486779218
34	0.929536438034425	1.39417822546058	294.369347133678	0.472157411996421	0.766399706435109	11.7452089055987
70	0.823571369184595	1.02544813737544	624.651635903607	0.309087437269085	1.19435105113121	12.6939735368571
85	0.644502120936109	1.66259520664203	506.965500725755	0.344577846414394	1.04980843180335	14.1278626218591
47	0.868596677377811	1.16580865762829	334.609682933596	0.356655404162578	0.926084294432324	11.301062326889
40	0.533733634179642	0.421882523913544	468.516217877975	0.384326826978283	1.02198858167997	7.88333370789065
58	0.881707533348584	1.32537849158419	445.004833729524	0.355583198867532	1.03839459346094	13.1445677377291
45	0.965869167071068	1.72585319347846	297.241632142847	0.423264845447153	0.630239751772249	14.8553488854749
79	0.915366526611801	2.06524537649507	424.942600673476	0.354129529175388	1.01277706641476	18.1134387951518
32	0.983159028688328	2.02114799863583	201.788354931903	0.743589743589744	0.364621145863439	17.051625218891
54	0.963308800411766	2.11750524905104	318.79242422485	0.467901158212136	0.84248592184165	17.4006145219729
35	0.912566622232043	1.24304629437389	347.387451689642	0.477211294829659	0.861625803820093	11.0288430644159
125	0.943040688074263	2.72783959356937	640.071969376265	0.348726110815453	1.13335926059309	23.664124598639
37	0.7785734960671	0.685264235932025	429.296992561054	0.354158684391668	0.977119712277362	8.74292119140392
48	0.960600097959819	2.3333685409336	259.155273061175	0.545647853736089	0.617476057010927	18.745761654347
40	0.87748069676294	1.00446675679703	395.741014068232	0.374421663489095	0.95257305964916	10.4210933586383
53	0.922003874095371	1.61955053998418	427.692269617178	0.3481146437244	0.965645372932932	14.0764539889194
41	0.932614822217812	1.42335137794984	283.401068647671	0.400415555827321	0.821998597050165	12.7969931678314
65	0.889604983469892	1.65703313977476	433.229847560069	0.356922739458818	0.980588335255692	14.3934419164608
75	0.900460568184396	2.14172126435289	444.29322612356	0.420372474277034	1.02181194355077	18.0189939071249
41	0.777606695199676	0.737257634826956	467.282655796861	0.356037412852334	1.01855097487857	9.34640843304878
67	0.982338229796083	3.28768656683403	316.910771680153	0.525331024065523	0.689261755777585	26.6236083897364
32	0.853627861622666	0.758450557473201	299.069339117058	0.346852456600617	0.876517775509647	8.86341422928766
93	0.776557131918041	1.03099020340662	773.294675684042	0.27945246258602	1.29156267976721	13.956888002553
70	0.436607716935224	0.811592684300636	602.523066713241	0.329483970113737	1.15839735283251	10.4602387825579
78	0.942655028761175	2.28633896377679	375.475076885255	0.419276880350389	0.954321096221894	19.5411164685468
71	0.847509811802072	1.54966743222879	318.867562305084	0.416788396901209	0.850665440538776	14.5232052973557
106	0.909746230361852	2.50434530800485	438.863919699352	0.384024871849174	0.986649913081382	22.3526515492263
50	0.683000127811014	0.644906268174267	575.421192171387	0.315834272113745	1.09903482095115	9.47715072432212
81	0.826750115167619	1.88912139353385	328.814714857405	0.39206595614756	0.961766746057896	16.3667820416253
141	0.989500599949727	4.99207389684358	322.93167181434	0.411904380742522	0.919978195402543	41.3416264286056
79	0.716200771189705	1.06211025154846	713.47695269349	0.341243352057139	1.17672938367951	12.6169592450887
36	0.919452716995298	1.41939243155538	401.234885822856	0.392582830368297	0.778434616258457	12.0301095929075
87	0.953048679497582	2.79567888639974	414.478500212969	0.42488194780593	0.993499622323922	21.7126167444965
56	0.706157138086108	0.727435327778367	566.639976510654	0.322645153485899	1.14361221080186	10.3154347781689
80	0.897394916911103	2.39734927166199	268.522970786733	0.415921915650423	0.841454190198629	20.8669486713878
165	0.969016999301868	4.87570963821468	349.611761075116	0.386378900464832	0.966828474273163	41.4825033866136
221	0.991860625234121	6.79467801447698	422.713732781153	0.39142840633093	0.971305596230953	55.3016650916516
42	0.878250878003819	1.06252290938474	386.288597062962	0.399047669340237	0.962683362582108	10.9819199760975
56	0.893088310503759	1.68050058773219	387.672253850836	0.380959232504511	0.933099543035171	14.4351199723008
71	0.937655932735219	2.26490638822668	324.562939111812	0.426088133382251	0.864454056868287	20.2710857994168
46	0.776655099734827	0.869536862804907	430.779755448797	0.392934131213275	0.93781677341415	10.0400408695233
52	0.932942647939383	2.05973532773233	289.001824082862	0.50063705758324	0.677799052620044	17.0425189498378
72	0.827377417896718	1.53466989963916	500.568778959721	0.360549291257544	1.11433071188759	14.1612071184221
46	0.926347001044162	1.73088167429622	303.167715618763	0.446097055766173	0.798783902826725	15.0350323864186
36	0.594582743012657	0.76711139152461	406.564564011659	0.371499034500469	1.00366170923045	8.08748217054139
63	0.695381860602592	0.735368135556377	628.587441103246	0.300761328402773	1.17574191163498	10.8043302979149
149	0.968853516366264	3.95637102726647	514.370517479964	0.35231325609967	1.11407052750061	32.0543683060596
86	0.935363538049583	2.29575607965714	502.839944885026	0.356930485637971	1.07433901568462	19.7746243250548
91	0.954884144461159	3.04362252237138	386.599365530253	0.406405717801126	0.972837080535489	24.3101678958945
43	0.520735092369769	0.353917967118664	615.298586214468	0.308351669281284	1.06657473563154	8.00235733648451
101	0.905219654754243	2.54809868644232	383.211904623494	0.391675660847511	0.978490199575042	22.4809120579469
55	0.489528215395904	0.502596316083588	588.134527984813	0.308252247738973	1.16209783904529	9.08369147485643
71	0.797031774501257	1.31447407919974	384.16781334883	0.375664877451686	1.01092524676112	13.3835937312055
34	0.947896345297108	1.66557837512925	266.686634366255	0.518238210364907	0.763095881386025	13.4575961607576
66	0.923029874846546	1.72777593762922	520.701757785667	0.345920321516834	1.06584938244656	15.5131544923871
69	0.927624616119753	2.20480654739728	312.305893944076	0.416626765173478	0.856489160988344	19.1409982156042
33	0.793750414940924	0.812144685195665	323.2778352452	0.425880083563528	0.852714422844358	8.6731117990305
40	0.9172675582211	1.57222038958889	348.643998164597	0.51990404269816	0.801061884869608	13.0646768998265
59	0.830725434429267	1.30174588707222	523.615265065087	0.366698716135412	1.03304610003168	12.5802014585307
92	0.958105554426954	2.78308734488603	546.588146307119	0.350422972966671	1.05148323964642	22.847218584438
56	0.977634532850148	2.41675577921713	277.552177870099	0.415973724209018	0.798178359399467	20.2025118661949
43	0.946844587752687	1.62233544910587	269.679512829645	0.393821694998165	0.785186744496294	13.6769374871769
66	0.914127618109955	2.18943683928033	421.204786295748	0.428428443533998	0.935260547944913	16.8407855142729
109	0.983024245556856	3.83067675997597	327.724401800442	0.403507559550481	0.905154324479239	32.638030241128
86	0.692918825135642	2.45702772331785	282.446169032152	0.430908080292163	0.858984243683712	18.3048496547428
112	0.859570878823685	2.73243916527774	368.064106577051	0.397767534531669	0.927317157316356	23.9183023854518
67	0.911242361120966	1.74958452191672	481.41363853618	0.366126043176258	1.06564254260969	15.6491352967179
72	0.932698028447013	2.21162910446659	382.560292897238	0.414585899501251	0.938549171053518	18.0217838735026
141	0.91148286909672	2.66337725915811	666.325522255226	0.321594852330378	1.18608721995763	23.079369269939
80	0.714517647850037	1.58357116022998	510.617167845748	0.351750936727545	1.0759453119888	14.3524149045074
40	0.807192654775687	0.948106206263536	379.80079519507	0.38266509672679	0.907511001287767	9.8364755055099
44	0.450248854811543	0.559757863712943	448.351626378	0.357951490270815	1.03750913991858	8.17312045160116
101	0.970368166854859	2.88157906468436	502.622070751911	0.338251796588311	1.02291089283785	24.022425559258
44	0.881845592559404	1.3725771551386	267.533325570109	0.446249601580773	0.757997428289517	12.5194505792798
32	0.772373404271655	0.690171179145815	392.044726020473	0.373669539338478	0.946320208647638	8.13969566747037
38	0.921363295549029	1.17456176063667	347.744663166831	0.423333784270796	0.896936192942283	11.45054905066
37	0.965308642234397	1.67025897287303	313.52754912978	0.481672936769035	0.624098426695503	14.1903241426051
32	0.870500181728626	1.05967616060884	299.844906963381	0.418345199419368	0.715641900280251	9.70232894597958
42	0.944622062052346	1.76908901102837	273.03799421005	0.594344764933	0.65748242786954	14.3799785254163
112	0.76871130298652	1.83402430305755	564.091529957684	0.345796996427923	1.17243338629628	17.3994450121313
42	0.971724225398114	1.87615502727943	330.732334722999	0.409172890141748	0.655229539833474	15.5378393151636
83	0.86529053275705	2.13824405465972	377.262051478602	0.394858333741747	0.924123443176838	18.5190781197978
47	0.738362498123134	1.29457241028916	374.538098237949	0.390269205977521	0.852878482272226	11.0862008297772
73	0.950949035089673	2.34749615519497	428.123867687006	0.40926625496889	1.00115084261558	19.2355241082191
39	0.384898097889526	0.361421527036899	540.879455468187	0.313410380101394	1.05106735142599	7.38538138006858
90	0.858352315509058	2.0074637492057	440.999472934173	0.349985896074604	1.04741754063627	17.8944226602928
35	0.957872779680559	1.48695748108856	298.176218680626	0.45077706758379	0.645824311986109	12.9599007813077
51	0.944027087609624	1.65529588999217	308.158481154933	0.428798228798229	0.832423493085153	14.4965839099856
35	0.937722640435585	1.43093308590126	297.664247621894	0.441351843049842	0.670989101626943	12.2006036234919
71	0.802787062009714	1.4390803884318	448.984493716216	0.341670613887257	1.06278990907064	13.6420927936163
89	0.893803854572306	1.8857461240782	736.628422004485	0.345830199799311	1.18621685686368	16.9302554854981
32	0.729473263493363	0.664197364496702	330.633991240941	0.412503935532721	0.888156617907294	8.05741469302727
48	0.970273765330618	1.98473409826716	293.328124487432	0.383010602646658	0.681406843549307	16.7293786373543
73	0.894658266150295	1.67429152311684	530.776791256712	0.310364294295916	1.12753215915285	15.3755800220269
32	0.923859659738306	1.3014433991361	234.771052960442	0.466075990068059	0.662871507663815	11.2339279539594
33	0.912342426682935	1.03946908653921	327.908509662245	0.429757252370255	0.798714929206301	10.2281761303304
41	0.819437435281646	0.796928527975263	496.520747575068	0.329364926035471	0.988248228798216	9.58525048801675
48	0.790934788136432	1.11430234474242	387.523819292324	0.417244415169711	0.896322482713658	10.9703489402207
37	0.808810789938971	1.28756634824492	263.564642063299	0.54032091521479	0.603040988288081	11.0207389765497
75	0.618781594553816	0.976893132879819	779.387292547218	0.304197244155591	1.22242854455832	11.4672128164097
68	0.910907743363513	1.67545512776252	550.726846079682	0.336125524666275	1.09011919872329	15.1853982617651
86	0.964482565140678	2.96304626293985	292.300315887945	0.40899572156869	0.886898598764806	23.8770203859071
47	0.879393131285334	1.22161932793678	341.232834486628	0.352283472922833	0.970780096789445	11.914227716367
107	0.675932774446146	1.49043011695513	672.681103436993	0.31489729856815	1.23950944687563	14.973232428668
77	0.788757574683545	1.72627522789105	527.119392304514	0.360156524301561	1.08146553374605	14.4733499035788
35	0.916488491505275	1.1088477774474	350.989441644207	0.419431883307316	0.892153862646112	10.6247240485414
86	0.950640991161662	2.69988534984805	378.968095664382	0.396760462190878	0.954328782598427	22.5530711920746
54	0.898748106631613	1.34838155458874	435.244979103542	0.361355306526038	1.01815790117623	12.7296142481831
58	0.955304164585338	2.03042842092749	287.47826440703	0.406342552384427	0.86370277441516	16.9574285941887
49	0.865590754617476	1.5866202423764	384.366157704977	0.371397993727494	0.932602197502786	13.0939662174958
139	0.961168461922942	3.81484006868999	356.589624697591	0.426995947098514	0.958650496175762	33.352970001286
88	0.958004260131996	2.8051184527371	483.816371407505	0.375624890976398	1.03262315226072	23.1057846619606
95	0.933130104019661	2.61628314458142	375.534483981688	0.390013852795245	0.96587209289511	21.9067751631181
42	0.746307506806338	0.870723289146106	446.816455088455	0.378104456853915	1.01104744933802	9.39046536272126
97	0.896942500264773	1.94909362181335	502.069771949885	0.358701825571081	1.11739744726541	18.013895255323
38	0.797629652142729	0.855374718341352	409.057453208429	0.404080287789601	0.911189344484669	9.38464334984755
87	0.887791073951423	1.88288681820556	481.313028440095	0.340911775759421	1.03095329110037	17.3913160738286
68	0.488236233979846	0.711429780577688	584.919172524249	0.310244232963997	1.19077333933761	10.3519822835063
41	0.670708244175996	1.1351289797625	347.951611159207	0.433252880676464	0.773660017187899	9.76757529274537
64	0.680633340821223	1.09993617775885	581.923716594923	0.344560962801321	1.11338668654603	11.237869174365
90	0.960269522631761	2.99004960813551	411.731220340329	0.391288255549949	0.977343081513651	25.1291296032874
33	0.438884296198352	0.751008936488587	408.05027154597	0.433525299962004	0.76905511362629	7.4228729731752
43	0.743135168878959	0.614991554205706	497.640519389535	0.334471057378614	1.06206979809679	9.10112353465531
157	0.986637922243706	5.33531418171223	466.607039668765	0.375435225067662	1.03649216301601	46.2021178860676
48	0.713481692184516	0.735090900465413	496.706450905335	0.362656344635111	1.00542910397792	9.60087915821695
31	0.948127684067832	1.40184374099803	268.323602867716	0.506686842760549	0.611364722502352	12.0232798271682
86	0.971407443895733	2.95641003987315	491.659641267578	0.407746932000877	0.911590382033106	24.3004315498606
82	0.759879284325968	1.95261977352671	365.566689185646	0.396374824524035	0.908889861355305	15.9166598263976
96	0.943409763853824	2.65550026001854	429.159684935106	0.370963603540611	1.02693692223071	21.3725922600884
38	0.729422696120541	0.8845711053468	336.492308419222	0.416201540907423	0.880195164604572	9.06433785699721
38	0.603889463878163	0.38237204372174	565.708238732917	0.339489637168308	1.00945913817547	7.76726148954523
66	0.718199578154386	0.924810951971126	586.690533233212	0.306877413809392	1.16647377442237	11.4085707853973
52	0.747275071486965	1.03401104913628	450.261564205514	0.366083228412756	1.06946909068704	10.6535095489297
33	0.860277578136898	1.00720293666192	368.36313033497	0.411367743983514	0.813144405627555	9.58842874843819
75	0.94205484891256	2.10252331220142	406.061869405856	0.347039885524501	0.99520745094256	18.2450265432099
33	0.71218430564069	0.864745629805653	347.019550059679	0.466058456646692	0.799549645538939	8.4414191394224
38	0.722236078037064	0.788936820143622	379.274253862758	0.365364833231631	0.975104681379705	8.88632031677729
45	0.856938218818059	1.25895493389142	344.126185702623	0.364120385343772	0.970425144223819	11.3518167221215
60	0.927659831512509	1.70046799154171	396.613375990479	0.436706786425859	0.949758431604597	14.9570957263652
67	0.66196564631624	1.23134761259969	470.823376175026	0.358369706810622	1.01897496831508	11.5897754991112
71	0.884880938250214	1.87271218401986	400.484063659456	0.370915646720209	0.987588425511987	16.4463382341216
35	0.829925635641228	0.824144225542351	385.592836636916	0.365850532576501	0.951718111881057	9.11785717820302
138	0.967553261399685	3.65322717083596	443.229781767723	0.366831321648247	1.00416104745326	30.4366592009837
190	0.99333781084994	6.55458948607282	390.969346738896	0.36329202554752	0.958524444744658	53.2999195432038
33	0.527430001889615	0.42215912179584	457.674532138912	0.368192977924398	1.00991899517265	7.12542812736039
79	0.954705223264247	2.75245967308155	289.48171551874	0.437930544414089	0.727709159785666	25.2922339939325
49	0.930314955137553	1.7713213623095	320.301205361949	0.474230049852887	0.828116169670373	15.7428846995936
36	0.862284722044566	1.14470815522492	358.880711990967	0.371756709720511	0.796939013323973	10.2779550438391
75	0.957178202866196	2.5955655234112	416.332957291202	0.416298714807114	0.957352893962848	22.4072592644007
47	0.925521166363197	1.77291336051311	430.154371401226	0.453692134870116	0.917338427863544	14.3262833676099
59	0.981192373847372	2.55992768677184	339.26061253932	0.477905469396578	0.755911639093085	20.5246828726427
67	0.929450284377301	1.67591349877304	477.715006381199	0.346884887690497	0.972320507644846	15.5895594844997
54	0.92669309055727	1.62143178258188	338.545363075944	0.406257140044801	0.849979591245211	14.5892348685282
31	0.929274972990542	1.41796163124144	252.838078041478	0.530165459577224	0.561347095631259	12.0650548289417
56	0.92432952299517	1.70064812906992	394.800552081193	0.385521070093838	0.922259198205789	15.1118686582901
36	0.951213382763469	1.52990705714148	225.202725863716	0.483510333863275	0.687466313851261	12.7052627239107
51	0.564999856502078	0.946567234629132	509.746278608613	0.347528107947264	0.928709920777776	9.66440985323873
139	0.970130738954998	4.61937236386568	352.551929147817	0.41241539278264	0.923773018515753	37.2783384309097
48	0.97274510469616	2.03267802634408	395.071339320964	0.46456560366595	0.644860445341992	16.5460903987207
143	0.958244544384889	3.14531777168593	768.043438395415	0.306128771276762	1.12839397079328	26.8086289049111
50	0.892485218424362	1.7474968271472	286.022447047718	0.484677059624161	0.64724066009242	15.5868782432562
49	0.889387709864	1.71990615759209	333.422420701731	0.456907859599395	0.873337265199132	13.7743367618439
83	0.93963872986333	2.11458639626701	421.520528055109	0.386836421352	1.02341644381586	18.9208823307649
125	0.858271369219349	2.26726508666847	686.637183754573	0.315333611716579	1.23831311259304	20.1661573435354
94	0.831830667062806	2.12854398399338	415.022292088008	0.407814895685276	0.991456009685224	19.1278262609855
49	0.94178961971294	1.92214075572903	245.222491717543	0.450470797882562	0.798612232228398	15.9377154566446
94	0.954938831165051	2.87903424676552	376.217349101931	0.419987548166153	0.932071082072859	24.2765436626333
37	0.945131226078309	1.5882418028967	263.018201465944	0.527018442450968	0.722183303135288	13.3994825458771
94	0.930493283125146	2.52519241556131	320.247495628219	0.403294709331042	0.930724134281402	22.3564284537597
71	0.951076468484017	2.28325204679419	368.434993070109	0.392025186484415	0.905553254167963	19.1674476423081
54	0.746456987656771	1.51121061607046	374.637900822405	0.472241022222047	0.835317186735829	12.4846203016859
69	0.788648485476307	1.48808141416981	459.961270730663	0.383544784798082	0.999808164112281	13.1432232843928
76	0.835352597353076	2.00418730833235	373.796780458835	0.385596131932916	0.92987805983893	16.5325359701041
48	0.912332888201492	1.7525431139735	315.748166685626	0.478285895574898	0.771733194192846	14.5367181144564
43	0.928306403126406	1.51168470464573	294.830541650567	0.424264272960744	0.827385851066714	13.2542273468642
40	0.877968585118129	1.08522200568046	456.148116188887	0.358400450504272	0.923365864672145	10.6341117187632
85	0.815626526115814	1.8422552376054	510.668521365918	0.355137190385397	1.07117966331252	15.9382081507189
112	0.892843969102956	2.51874950390843	362.811486808789	0.42660507872783	0.890074220658292	26.1711749942557
82	0.893840596909741	1.75654191754693	519.754294240351	0.345083990665807	1.07742024670114	16.4349303055585
43	0.933060797172374	1.59977958985894	352.202172258696	0.399071160333714	0.804190563094683	13.8411718384313
120	0.985029761104734	4.411415322227	347.801483346318	0.408729145071534	0.884609173404527	36.5573561767734
86	0.951113749016446	2.75418026766889	330.600278159129	0.434147762015409	0.869169864218088	22.3050860915281
60	0.850520413807342	1.26930432752274	421.793456198725	0.372390434800765	1.01161539692102	12.7986214557286
38	0.657583214596329	0.524115355430096	438.85141310681	0.348285674143747	1.03973453705346	8.09382765347605
45	0.779328329808476	0.923737005714681	451.831232647875	0.382574547609487	0.951101026680693	10.0527120212234
46	0.755658065359623	0.709396664079816	486.179145694183	0.361491784246447	1.06554778804384	9.61799412360331
77	0.920021869499725	2.20464865669279	262.913832728685	0.412566848820719	0.793810721666366	20.7329226569089
132	0.916280622827893	3.97561698233248	351.381591035605	0.445531950077542	0.810319695392248	34.9676494738861
153	0.947055587981682	3.68923119720628	390.729710703077	0.385611135495546	0.995143442018949	33.1017902362021
73	0.937806030070178	1.9868905623807	376.753066891753	0.362007666279639	0.99094551113894	17.7884289268457
55	0.876861826034286	1.25848491234419	489.361003242326	0.370924642955272	1.06193593254593	12.4779252051652
46	0.930604108116198	1.6557519000881	304.134863951875	0.395658517976341	0.816833897556284	14.3265490733798
57	0.536257329813613	1.59086676052508	291.430872038468	0.510033792659979	0.709000639636422	12.284318026085
55	0.974553970580024	2.14460126553323	232.724716064895	0.384505544880861	0.670118227493387	18.2823259258412
34	0.918582502471086	1.25537814847139	278.074819238457	0.572500312310559	0.716911197242427	11.4548265859966
43	0.657529516857579	0.515983360275114	474.130921911739	0.359546313336844	1.00740657266258	8.62219523913833
50	0.940260289346144	1.6930033018592	319.055026790465	0.471520429293821	0.878632505944476	14.385753847211
56	0.912798450892306	1.77600673354689	282.89065960454	0.414865494865495	0.839340539507856	16.0825528783408
70	0.944275715963511	2.49122000141668	279.573128553413	0.440463825065547	0.817938395688089	23.062835899164
37	0.797347055494234	1.08874518415459	296.314980958953	0.475480507783971	0.79956311589422	9.83206603764231
38	0.881805180065716	1.07217507241529	339.398079395348	0.379858911066341	0.882989397117023	10.3962621422104
60	0.797027511016688	0.876337937648933	545.273624696934	0.325357739561911	1.15410456464955	11.3410614217493
48	0.707277389774116	1.00760435271811	395.639686767214	0.40368403777417	0.884537846324778	10.105588061454
49	0.824121204549048	0.920004258815756	448.306954485013	0.355077982999327	1.05368326946095	10.6748322220421
76	0.897315186941946	1.8400778449446	476.20909463559	0.340517490161787	1.10474636573265	16.249814281581
43	0.963432696581782	1.78320092163747	229.862147578266	0.449676735559089	0.651803262419727	15.2157885404247
61	0.923913867878079	1.78906624464387	482.890435085634	0.31540149041984	0.999489058415106	15.3624192640233
43	0.989369223557745	2.49147515041434	201.391195110912	0.592374568527192	0.550931708398883	20.5461995530709
64	0.950232901502199	2.0747490956847	464.120095828483	0.418583299200006	1.01320066700255	17.378997046643
40	0.96601902332066	1.72552966394435	342.52288478417	0.467397229161935	0.669244046044791	14.4991523414187
47	0.898272193785926	1.3065981287739	390.995935558417	0.419602072523384	0.895283431345713	12.2839501306148
99	0.959841171870547	3.1079511724917	357.293646873234	0.39592103335887	0.958071381259636	24.7693915336672
68	0.972575217477917	2.54539035055559	335.868185954232	0.413467426672789	0.910357456806563	20.8725549099852
35	0.828392043175152	0.762772370713745	351.243534208525	0.387538053890995	0.903530753627381	8.98706312738261
194	0.964246749536883	4.55483093631227	613.182232507145	0.32049188991014	1.22397227317162	36.875138861566
38	0.972869720938797	2.05103010743822	229.864150403035	0.605749064572594	0.55985866884873	16.9636794238146
161	0.9782651850545	4.73336840583568	653.062356524479	0.324411714831185	1.18485436700431	36.8552693186189
49	0.916966205109918	1.50765584971454	477.482159453296	0.381598714628689	0.976160185681272	13.1185752851794
86	0.908222736479833	2.25491252238769	377.433685908732	0.445122247203695	0.900788053406697	19.4780136412599
31	0.79045817836344	0.82269024028863	365.275020672906	0.500359050392097	0.659441225149833	8.49886245409073
57	0.969488826635953	2.4753987605381	270.400336428497	0.501683584036525	0.632533431735894	20.5442496227188
69	0.67421605023739	1.35234417197535	425.483639161928	0.377338255855038	0.998883534897333	12.6405075632298
32	0.803989274865978	1.01228247327105	277.807233359341	0.499753521518227	0.748015658362601	9.48151227680404
47	0.728774337928347	1.03575368727782	460.944368574631	0.40836109386159	0.999133365569872	10.237363763833
92	0.938213743314382	2.21524376880941	522.591652766147	0.366402410075294	1.04586495508601	19.7013171290904
45	0.95953975051196	1.7570822074008	275.961360449396	0.418139133216056	0.784793787763803	14.8453970637497
83	0.967713687255854	2.85072318647696	332.409650696322	0.381027447719212	0.808327845562608	24.1563720496978
73	0.958720084720169	2.43505703873942	376.672910551975	0.400130442789881	0.939804758565809	20.5972737662191
46	0.570125473275724	1.04998800196809	469.388295487685	0.415432876003021	0.991133933975224	9.38175811500245
54	0.88122519685939	1.27752194032385	408.136036294743	0.387253494991646	0.982326953477945	12.5625549475295
88	0.868479909617989	1.99984215557649	387.086231349531	0.403280327532393	0.993081582237691	18.3191860008648
55	0.825759368009756	1.45061602899942	352.655647802931	0.433455528147063	0.877840217511002	13.2170298831653
80	0.872490682580259	2.35571356874888	310.245832198753	0.483488389556501	0.769494825394648	20.700413839374
69	0.923703456478616	1.71438137442762	473.47258590544	0.371087228208747	0.998590331825241	15.5413478033176
41	0.868764389756567	1.2373592249126	362.642381179239	0.446280264727849	0.903674424324595	11.1667903163943
45	0.600980164182555	0.819790965738008	430.433698316986	0.35709974095053	0.996166801327703	9.17284543116174
33	0.88113628441591	0.919487850822857	383.478823936843	0.400487411888261	0.908685015785584	9.48473946985432
37	0.865875412527485	1.00389440435508	334.595973697417	0.395811177693531	0.891063395337213	10.1588062029488
123	0.978247962726118	4.19764704017152	413.100052151463	0.377063750665203	0.862267370292809	34.237120106339
35	0.485180618971147	0.382582405428037	466.239515453835	0.345636596993145	0.975560407700913	7.17337805637002
49	0.643219126972675	0.60157857998065	553.923821166928	0.334477350173189	1.08763530545674	9.2082921655841
33	0.932041624920441	1.42584027842125	336.900859893661	0.47192322440529	0.725995411909474	12.0960155549661
50	0.931582792245377	2.00764682647137	240.363235535965	0.608161102278749	0.574283052230765	19.7727903724732
37	0.881952188923599	1.10324524470054	356.966300945444	0.472460584566467	0.854810955271456	10.5803110225117
51	0.936547218889364	1.63102546746359	344.237999874599	0.453878695452517	0.783246971955497	14.6987606265456
105	0.972231461258166	3.16538594166511	479.441567901435	0.388459153746119	1.03291209482595	25.2791841072673
59	0.957309850414816	1.89160431321305	371.040000299376	0.461781948026292	0.818913172030452	16.3353319251414
168	0.878613832712705	2.80953444637761	796.625078920379	0.307376354276255	1.31204942265923	23.2408834104088
118	0.982357459363924	4.14981822776519	367.457676174957	0.392691593434787	0.949105009178462	35.3959910826049
50	0.932587294126701	1.59241819161218	305.262641088442	0.411132090652215	0.921255529661896	14.0786763808125
76	0.968932934116199	2.70382706269997	364.872695461617	0.419136495804452	0.879014250066099	23.423338188676
32	0.888817117267083	1.19840538984853	296.996652136677	0.466882185665147	0.819017704516799	10.4242218724972
40	0.774797923721541	1.10066891915864	365.810697899956	0.437060170882045	0.925961238074852	10.0988613874964
38	0.825434979107088	1.37208225585962	287.730772666151	0.560867356137217	0.56533797789855	12.8849265525884
94	0.936011074669838	2.72123782074521	383.205434003517	0.444584301434146	0.921727054310718	23.291853861859
92	0.842610382968576	2.15256162787708	450.600083601933	0.366297954295236	1.0226468194651	17.9154535422559
147	0.910707595777007	3.0021472235969	520.741939174484	0.32935226122928	1.14761463548235	25.5247306518963
54	0.762085795926708	1.15450786170424	390.848253194325	0.379125344983498	0.947922148539881	11.2671919202484
54	0.976182507312464	2.35235490132667	273.21468734967	0.435302884714649	0.727734483384405	19.9593152005368
39	0.841691345133288	1.09465552532247	342.884911741298	0.46869577560754	0.814667849746132	10.6538820990246
39	0.955059180835303	1.58162142005875	313.449107926429	0.497397556539051	0.708558858972481	13.8927671630146
59	0.940648653939457	2.13177770425363	303.790626725736	0.392843083617077	0.791786414331895	18.0247901306678
38	0.836052462650823	0.783467406196368	428.00312028872	0.339810662410817	0.955161147159578	9.33866953813702
40	0.646838817086904	0.493689821992093	397.745727916444	0.354881629086285	1.00307674666772	8.2768711081401
37	0.851779301041551	0.987904431986284	375.005962769907	0.440346478311502	0.909590731337847	9.80707402779749
62	0.886709775506445	1.78595688108478	321.961256436002	0.450237137218815	0.878414897090057	15.6237930926793
158	0.933775185302355	3.3623621988848	480.23010230782	0.355493131261299	1.06918114204566	29.7644095562921
72	0.957061494709274	2.50273661179667	329.437828313653	0.441640685807811	0.822944556043487	20.4360085639435
37	0.813243373104016	0.869355611315668	399.49756730683	0.36007957754371	0.935216904772003	9.25657173447907
107	0.925097066912826	3.27055321207102	338.686707316329	0.476949789972102	0.861121773855608	25.5701247228276
33	0.935000412264799	1.40611313753871	315.799022173658	0.465521992580816	0.651038673453606	11.9849204114111
48	0.96716704804804	1.87925261730653	449.061590036446	0.392037475208831	0.756498981728857	15.9391440704132
44	0.91600557852728	1.49781441597187	237.669308489968	0.641695625870535	0.514208598023857	13.6381880507129
90	0.923659211981663	2.17913311472277	541.007472443533	0.342702752939104	1.04760159649248	19.2935865823105
40	0.84409534522246	1.32832656099493	264.126285624403	0.456088375058963	0.817724982317147	11.5245485611611
67	0.847343655086487	1.64371513544587	355.067411897217	0.389043375311619	0.939107253528181	14.301001804953
57	0.944239804032171	1.721327407445	399.68136981643	0.417395397219788	0.835132705060074	15.3871272193475
41	0.954660674586505	1.58880794910934	297.761656417938	0.463553582861541	0.763741925931967	14.0139832456889
35	0.825116727529229	0.943772032692979	344.666172248202	0.447168573528504	0.890060219019166	9.41665300788998
42	0.764156784089695	0.984084874541441	399.237651976772	0.394949516814653	1.0132767347496	9.96017266278718
101	0.846680401901341	2.1633686699229	462.147339909791	0.354521978567348	1.05435043353531	18.8378313830295
61	0.859774522624607	1.19782112215718	470.909622848735	0.291928176034566	1.1077091662704	12.7420706489742
52	0.703228126088664	0.637171783359037	634.324249693149	0.342044948721411	1.1463539250295	9.77974019236659
56	0.714937169059597	0.816742077004448	598.186747052262	0.345301588532578	1.10931861714799	10.530164653134
67	0.948987274586487	2.19143348678963	297.833395270995	0.411775915163441	0.871754964062896	18.9486615258116
50	0.808854810356527	1.19256750680427	346.792802380504	0.377510818180861	0.894503848479929	11.3376266963297
114	0.979567276274777	3.52525694596602	458.274614471755	0.338975186724883	0.983073393142515	29.4081095780444
63	0.936374637126529	1.98421382453948	284.42558631904	0.456674732740307	0.853173074282255	17.2424892282544
65	0.638716752145276	1.52044947436397	337.587169200682	0.386670679814483	0.878652676336115	12.6842531669839
231	0.974081322127924	5.49210929548921	512.354628623483	0.380945172837722	1.05374670758147	48.7393318223988
66	0.624459878265017	0.650898139955099	686.95379353613	0.300168393339652	1.23860116606478	10.5189342260074
31	0.812189638357021	0.630343799277226	336.233676353888	0.384563966566337	0.891680090038217	8.2051997258533
42	0.8322439851126	1.02566241984695	417.420149330786	0.398077723226701	0.996402348758415	10.2880198103616
35	0.93246199220434	1.26577832761407	320.119907833767	0.496317708082414	0.688789620509872	11.2753269456896
46	0.868639850276091	1.00113441452186	422.182220795911	0.380058785086928	1.00115414264626	11.1433286180558
85	0.907036968226093	2.12459111726436	462.070276657992	0.350603265420927	1.02827047641121	18.4309323529127
126	0.744634920247912	2.19198070809058	688.751325657113	0.342842169798391	1.23008856853125	19.0486113093897
67	0.920794510889053	2.16960207115308	368.069046619839	0.47817780317063	0.914957445330146	19.0992240963066
76	0.960384650204826	2.51188762971963	323.548499164738	0.425551015656333	0.82846487363698	21.6612878604291
72	0.959293880306643	2.20304304071243	407.89469568988	0.428032145081046	0.905941651454245	18.6208972356859
61	0.91768958028842	1.78124364286969	445.962975377111	0.345369186722887	0.996654743894601	15.2579783647301
42	0.968541137551869	1.87259903301492	278.62716496552	0.499533830939614	0.680800336823414	15.9382610260844
120	0.672014301208758	0.911980274327767	1183.08373168612	0.251830178686283	1.40220795970046	14.5779979063929
118	0.677475909667212	1.53585452064126	830.737421861832	0.305915731842151	1.28333162742758	15.4442864167339
35	0.60416720799114	0.755699008084136	317.370921221111	0.399057471098994	0.832177969053918	8.014261065162
51	0.953520660404042	2.07562894812737	263.244867839267	0.506483271895037	0.732561274762992	16.7223426091812
31	0.906681365983749	1.30080473698521	320.890689576393	0.502764744658575	0.65396435671814	11.128596170991
43	0.715247615537047	1.33328855136735	327.297905415804	0.557289031893494	0.730758630708914	11.1780765489379
127	0.98511952282171	4.56366626656555	403.941798913205	0.383091814637726	0.928997691060881	36.5727527225885
54	0.911373903769048	1.48505884938757	385.043347341981	0.381166181602336	0.998569792173999	13.6079023643597
35	0.857429407858606	0.908152661076958	297.293434966227	0.4008808477813	0.866154250469154	9.52303087040943
54	0.85067529010774	1.22270030421008	502.767293722987	0.347272714019465	1.03171554000878	12.0517319909052
103	0.983159317929243	4.19681476855317	321.709514594926	0.464918459086127	0.845018652405692	33.0512442073953
47	0.896349563315317	1.09196159962612	396.032765004354	0.375797129832231	1.01642091440267	11.7443612241305
32	0.700928743818956	0.684211529384896	449.678347783226	0.401639347069994	0.828318074350935	7.93916267354265
82	0.872942074974505	1.67400196890098	489.305712952174	0.338601592211348	1.09564604731275	16.0505564396442
38	0.776235485965364	0.687035649182323	519.72102531812	0.323561958807517	1.01598960327202	8.77076701536129
205	0.983303980219099	6.05218582725228	404.242843397386	0.378024272763006	1.00313436833047	48.7357508644542
53	0.731851392474911	0.974159904218789	408.305402907182	0.367769967517457	0.986181419503642	10.5862445597288
59	0.87711215965667	1.64178685689947	368.639958728861	0.360278694321736	0.921882494523565	14.0265563292585
57	0.956913892580967	2.06335249186525	303.014290303891	0.370118753848014	0.850355331987488	17.2117200420368
48	0.913604107517024	1.33782056125585	371.846514953133	0.360160311576585	0.960048654604583	12.5518878139444
40	0.921793389588353	1.30883427927451	303.554782955834	0.414300383672268	0.893742086258774	12.084364180406
114	0.941606117260856	2.91183284130453	477.962751912146	0.346902336884112	1.10874545667695	24.5012001996908
75	0.898358022140287	2.06452459749747	458.973798536005	0.444113007616827	0.936709708704651	18.9173400703495
41	0.682218020854594	1.00131934834786	354.977679286053	0.411279938556557	0.940051182252359	9.36629201188648
97	0.781471962841799	2.05069362300846	340.693109600886	0.383501283889332	0.910974023239468	18.05164808529
66	0.779387856691661	1.37476714881102	518.032834772367	0.326908042966338	1.06944767201152	12.8813945783876
61	0.684744206373436	0.9121897699582	637.699863900567	0.315384884739261	1.15881924946763	10.800592252383
69	0.954244885795203	2.45475745081913	284.185464384276	0.525372528740698	0.750230315614169	20.3462170077918
52	0.949987465761014	1.88200973972369	462.488085505905	0.418434554187782	0.915630196816764	15.6240380856037
38	0.926289302490603	1.46118953915018	275.481250912809	0.542130365659777	0.639480430559073	12.7798678162137
42	0.863604917571652	0.920856142142277	457.141919855546	0.331712117982507	0.928329276615598	10.2607826814696
187	0.783505509757596	3.12006117680782	580.624640509257	0.344658197935753	1.14614515836895	25.0906098626023
49	0.835392918511931	1.46584271289203	267.231035199242	0.435680532996192	0.811494109414659	12.9959717321077
55	0.557874178215643	0.598048931728728	596.214451482808	0.308673419380963	1.17793009618727	9.35960367410336
59	0.937637080948734	1.72835966925869	389.247150175235	0.360395554429302	0.984548481989634	15.3161639453804
64	0.868262101140389	1.44365189359635	446.554764446248	0.336526226751329	1.06424522582457	13.8470899529449
93	0.932512451621602	2.37605622653554	493.805209103122	0.346363754972077	1.08488988359077	20.2305143637741
51	0.97000415359836	2.04882260009077	285.801723849155	0.434267014713262	0.776579574407585	17.5085204491097
38	0.891071823715713	1.19125447267441	302.928075827894	0.379539605863135	0.849158714613506	10.8092782392282
51	0.889493197559983	1.52773585819738	411.072719335568	0.412911352584236	0.937438163012508	13.3206609883836
38	0.891488189364887	1.17525341673459	363.375397952345	0.405736194798198	0.868542437105208	11.2186284130306
87	0.984631191709431	3.31846053269162	352.886198593608	0.469421455145989	0.849266870983371	27.092933443579
66	0.968945475834013	2.3096296135386	358.139777892397	0.360257656942382	0.921390722953073	19.7209951240541
73	0.911605140708287	1.70307065108719	531.531066151031	0.319265238107492	1.11253993579918	15.7267305153376
63	0.819013392277433	1.21631439506141	505.153687040929	0.369641579445023	1.05030622521276	12.5421283004175
37	0.844478304815984	0.832735718483155	420.948313931521	0.357024987177378	0.938654426843001	9.50615224619394
95	0.969698966066055	3.0953950646805	424.424097055114	0.376838463724142	0.867027544812858	26.2582228276373
36	0.564850004093003	0.519506320751235	429.441152875647	0.401414189902732	0.980665674609221	7.67433783533979
127	0.988178870567807	4.8476186142994	425.883168284417	0.404395984952656	0.962722638180383	38.2019352318619
102	0.738204044429521	2.01025327105679	423.264634816603	0.361932577378083	1.00566195085978	16.8846795563746
60	0.899985169843876	1.68031309044172	418.934724884334	0.414831525743197	0.927705249132293	14.8487143036319
44	0.952619570755515	1.68119002895869	261.410284339456	0.433514965757613	0.78501787864562	14.8609872271359
52	0.730747323149574	1.11734438000133	420.381923736512	0.447249460139727	0.910872196476875	10.8636836355844
61	0.82024356616533	1.2677053045689	468.640880688282	0.358212463041563	1.02645146061717	12.4982288058096
54	0.593589920136705	0.604967648836752	653.017289820421	0.312885453907568	1.13672840108565	9.39661089415623
51	0.786839747558583	1.41812588152405	398.695312238249	0.406739868457542	0.946301771498636	11.9316673421603
221	0.98425787654937	6.56827752753166	341.266616472632	0.412574376985129	0.919472682888751	52.8788605492885
31	0.887264831687084	1.42472584890739	220.40573500758	0.692307692307692	0.390055944477614	11.6392564038167
35	0.909497134714876	1.36851730857379	226.462616885663	0.47790798682248	0.675834282392959	11.8156247494183
49	0.594736602525131	0.931138831861374	548.826956649498	0.376040047287106	0.911192357817135	9.60931958233405
47	0.946505783550638	1.56936971648569	411.429759029404	0.358726098734563	0.824565334421276	14.1073724008514
52	0.620247662718457	0.762707102932742	520.454561863759	0.351657430612109	1.09802393531005	9.64506419833487
33	0.739724261400878	0.553105741728601	468.985662407064	0.342182387839777	0.940824065421117	7.9120179172329
54	0.67407973144454	0.859065818647692	463.907061436597	0.345053944041875	1.09845541675735	10.2503619941368
92	0.956840536626546	2.73060271039735	430.544549087829	0.325192603282376	1.05169537653672	22.2420416391359
117	0.942264050879327	3.34762442901807	369.284346681027	0.43817007965635	0.86194206179088	29.769273743764
49	0.919576438571695	1.63796344936039	337.415804316207	0.393054977226426	0.853027501142892	14.1491129733861
49	0.936980959065924	1.67734770902056	287.752604489075	0.414700854700855	0.799625738677795	14.6280591862517
170	0.96978297350994	4.49396294861931	731.037485740367	0.345929897800301	1.20436776544588	36.8791746286742
59	0.801929301524942	1.0800425474876	526.26759989541	0.351080852085156	1.10711248812304	11.6329790703594
46	0.927266923710486	1.37369170112107	391.985269432947	0.434128851758206	0.799801220799649	12.6341266343688
76	0.950753405547011	2.49853531500398	313.663164823417	0.463159572241925	0.830206008999144	23.0654514809848
96	0.749255002695816	1.96962841248498	421.239376107763	0.390137209997837	0.940204705981739	16.9124978320008
91	0.795303451484163	2.07641909654899	380.751423973261	0.449164937044992	0.909911838945699	18.3416955670772
77	0.954389529575612	2.24687223510784	323.743252959494	0.385282032812369	0.919411250792618	19.6782885809022
33	0.929590042130734	1.31826720645248	346.603362425816	0.516720812884496	0.692142822704191	11.4435103519166
47	0.957207479512285	1.68521882766305	367.330933119149	0.535098796275267	0.662321596854376	14.3631949220677
70	0.738169766530713	1.59383724653897	364.432175434201	0.434199370083138	0.982208106512372	14.1080419705648
153	0.961627520753911	4.03195019252157	391.611444763415	0.381641521819596	0.961385464722332	33.8738635426029
61	0.698536589147659	1.03799589427635	560.484218254674	0.324658059985309	1.09453708624098	11.0953589398008
59	0.951442463826102	2.31527405981367	227.226542306872	0.425936310642193	0.645977168417742	21.7230414502984
170	0.983921025140578	4.9559573119156	545.704847892688	0.306767331084931	1.15478105893374	42.3328889471311
36	0.828537196189883	0.952450540544058	349.402085590024	0.349233168283035	0.901540330652831	9.54234688087129
94	0.947000318393256	2.7746674194406	470.964188128582	0.36777328094362	1.01969473033952	22.8853402426434
78	0.972557082647059	2.91897312809588	285.608135972166	0.413230728286442	0.79695373131238	24.5201746755771
118	0.933636629659401	2.83920408241737	420.074909233586	0.397534042408552	1.02226602563728	23.6143717769695
54	0.923567433158687	1.71610245197296	384.058869965466	0.420510669426738	0.916990431277851	14.9049633494259
80	0.928448110305533	2.1223081707943	390.811937951229	0.394539914155409	0.982621772872847	18.5311441144095
60	0.875589638469889	1.76462895520107	218.990601581132	0.531612768104491	0.62219496936357	18.8625414924339
31	0.916747927679701	1.32425191506439	215.249671128632	0.496535113005701	0.726903789290978	11.2546691463501
51	0.702878080226973	0.561011272521355	548.894849341644	0.31976653440313	1.15047974270067	9.61021339701494
71	0.93038745732812	2.76392829146888	272.09181827405	0.476642177397226	0.779490367652413	23.0688259390776
49	0.890925321532045	1.18425084088444	444.975073455622	0.37689295235093	0.991398390806703	11.9802104900268
56	0.71153953501258	0.61053356238444	563.64393722388	0.302260504955572	1.15203388412992	10.1004721332367
42	0.486075612964373	0.507992669660455	495.32755821188	0.359546194366854	1.06410617359578	7.96137448273934
44	0.915187456440272	1.58732257648516	277.815332886789	0.49644701879996	0.751706895177252	13.8351947554652
48	0.870766350625635	1.13159413907185	429.00518507256	0.360740823232614	0.994344545969333	11.3728135062679
49	0.71762678619698	1.0065028141488	525.559120437889	0.351304943146611	0.966318441561096	10.2037937323736
196	0.974063995240529	5.37033688222298	371.192617319854	0.430456241344924	0.940640296919964	44.5184772954716
156	0.971148813309635	4.00772204173251	503.265515397924	0.330685843994309	1.05441141715251	34.2069803204211
31	0.940028104061747	1.46255765926322	234.277960105861	0.615189873417721	0.436975274036264	12.8142242629649
89	0.894205844532372	2.01047087533687	466.400178047157	0.332918503122675	1.04298264323005	17.7530093916388
41	0.878940214366349	1.14349999975484	395.155769083423	0.39870586746326	0.948997079466486	10.8301328293885
31	0.757134591809576	0.613497955243605	353.159117286725	0.41700692823455	0.881235482489634	7.92053306947385
115	0.97440767013701	3.63873762922371	410.434082150581	0.382595349056239	1.01755906266783	30.2481953726694
87	0.957646239399234	2.76286808581216	362.206219814842	0.433723160781984	0.904482348380926	22.6226563415514
286	0.990748998796111	9.85915948020687	369.131457075186	0.384487628369246	0.942583725519534	82.7497029555333
124	0.756034685918118	2.3106286184223	448.007560776401	0.364550890112652	1.01432981441876	19.9511606929052
43	0.457279077475624	0.567446589419653	510.03303232019	0.338903110151317	1.04031730262682	8.08307925461855
63	0.675537531957791	0.747901327736492	758.997024591019	0.302775321852881	1.19325711934554	10.6573651850975
68	0.958478991404932	2.3577414047914	554.711302196886	0.368450589906519	1.00127305130977	19.3671605910235
119	0.936710014352162	2.79996087519635	418.814005703068	0.403050310138452	0.965899441344516	26.7350579640272
66	0.802592617077177	1.09939184163509	638.680329810044	0.330416689397636	1.14677202721095	12.2017613901401
95	0.809987350206214	2.01611878254058	439.167451241366	0.402442083358559	1.00912189820272	17.7579967403704
41	0.542762215434879	0.570104745392559	470.999433802203	0.33012347725528	1.04984506796237	8.09598804162975
64	0.974660379682184	2.65083206337784	287.120714799426	0.414933178690294	0.816409196800548	22.648412838752
46	0.902901545372744	1.47795057049606	458.27332301641	0.39791078416386	0.928232836885496	12.8494213276566
84	0.967528727965578	2.9236768635585	329.561340155125	0.428167308111945	0.864311228660947	23.9487643465506
63	0.866918930946543	1.3567033762523	602.316949779938	0.346522902560479	1.09128545629962	13.4425049793949
34	0.920242607290002	1.16254913908469	348.32473864401	0.480464818973006	0.691309354034497	10.865426175025
81	0.832037209716271	2.54016971057995	280.571126609439	0.473691657191031	0.805884150688468	20.2065900485645
64	0.788142946159781	1.08219067817779	576.632110531508	0.32513851557782	1.12353397831318	11.9821369550465
38	0.749001038989369	0.587573404933403	469.323759393122	0.308745071514325	0.990747902698099	8.52258420266784
94	0.955214313297798	2.93184117632372	388.158199066611	0.351949428811844	0.913068035392094	24.3213994821548
75	0.8725093423115	1.86254230205286	413.759129043545	0.373054148876581	1.03227492544576	16.102752887289
37	0.626480612072404	1.01246010135359	230.344800957593	0.547113980727426	0.586765826109985	9.36382853984425
65	0.861900156938586	1.21632261988589	578.444923065695	0.335485228707394	1.12288421942253	13.019299077734
49	0.689807025705191	1.38281442356102	324.825530080936	0.433885834499453	0.864333597858403	11.2361170584237
69	0.832734383015504	1.22868909218254	532.402407143314	0.321717609816605	1.08548930159983	13.1099352332616
38	0.813572244698931	0.991280797355117	304.645317224203	0.391451351243126	0.912860023188517	9.66337574435302
159	0.904995051635393	3.40513021324822	498.446503038868	0.329849952035751	1.09470577272888	31.9523270028834
99	0.906631733279075	2.34782619318064	505.148218528057	0.383633043863608	1.06492839263632	20.0099723927134
214	0.958810062303381	4.85118575141688	572.835954503135	0.364684055295612	1.1708636265498	37.0485571280093
83	0.828093583459656	1.78580642903897	524.242090831152	0.351437434116585	1.06634441942427	15.3240712941746
43	0.726207429746641	0.746624756954809	382.147852888783	0.355863063352303	0.965438024726714	9.26364049141882
40	0.903364426568184	1.14206229098581	345.30910254291	0.388154317138274	0.919002178134347	11.118158297109
51	0.962256449416451	2.28083408619197	267.866055609063	0.451720574378213	0.798104608671605	18.354600091161
129	0.930326869625685	3.28644606010669	358.546695053616	0.399786935141851	0.967366462025349	31.0059764702274
84	0.581376419603746	0.689172304083369	817.969120899843	0.298461431842793	1.27431549020568	11.6734687110037
166	0.9466844054996	3.62988707652178	564.462614980319	0.326919769461274	1.15718218167201	31.5594095116274
86	0.852149080788502	1.56083412558909	589.855446640409	0.317999391847675	1.16724394737195	15.1157423015403
66	0.909261619896012	1.79603702523514	413.377188008438	0.34479631956176	0.987166910813432	15.7013236016572
91	0.961706188185412	2.92731918139834	377.151282495161	0.416393196169255	0.961381010002161	26.0009996029135
35	0.838956316599694	1.00911244209261	405.762696811038	0.42390761269654	0.807665094312821	9.69627114702705
50	0.902256176065432	1.46064832046809	339.281265928666	0.426361913070901	0.892406025752273	13.3661570884651
637	0.986277829844845	12.78270655126	612.019002856934	0.33499563186735	1.20458091832388	101.930602469424
52	0.901059392088759	1.62511517737346	341.287417931405	0.41286115581816	0.900939563039107	14.2553427802453
63	0.634247901430821	0.749104586134521	639.069548370343	0.290613024854922	1.1637667389324	10.4535040837445
88	0.947620897512123	2.49029361311517	424.967891099175	0.386783088751649	1.00578433352885	20.8952643346491
46	0.932390955304514	1.87468174723775	332.498336772069	0.487786327503975	0.613588937785011	16.555633104073
81	0.799054597092975	1.62889429012842	577.195235520617	0.350240312500191	1.11271089301608	14.7114424584315
59	0.929446555363669	1.95637107157149	318.980077141882	0.43958320958321	0.718761069459254	18.1573149169085
50	0.774886137898985	0.740435686773919	524.981164713497	0.317778783142485	1.11592813224471	10.0887792197573
51	0.935315796622177	1.96983496216032	233.02543111333	0.475467473920335	0.808196358804556	15.8372659670356
124	0.889645662829034	2.2340407358364	534.25748113256	0.348186826895159	1.12524367839395	21.0447162936729
53	0.854319373343432	1.01777561978159	520.109503851847	0.34932183709132	1.02667609397115	11.4870749080167
72	0.92711366471883	1.88717398706967	451.870919392988	0.350863950397761	1.03040177072124	16.4162319192135
73	0.913225851112544	2.22285176727963	362.09521888896	0.407264387944445	0.934132754619823	18.0893518200294
32	0.90102269476638	1.03470429000902	311.585199403919	0.421565445170758	0.86050857668519	9.83744454728373
34	0.898037003706344	1.11586659182717	337.299784830303	0.442589208604976	0.82586772202098	10.5098611954621
79	0.929234387917057	2.16157028087092	356.11176387225	0.401359755225475	0.889198639183802	21.7270786655472
42	0.841843675021184	0.97791646310816	443.40115003547	0.346980249538055	0.924595783307652	10.212480372676
38	0.859405276506599	1.11775285770344	307.34260353443	0.432534286063698	0.892631261274372	10.4285507203061
60	0.513705845907607	0.985183195375212	464.036539263221	0.363867659423332	1.07749515295847	10.3091558471872
101	0.939458473352166	2.20998208361308	545.146741981406	0.312336319150376	1.11168272418194	20.158077602613
117	0.977625212567935	3.91949148704363	407.383097981587	0.386814727126878	1.01088874819092	33.9100445810341
311	0.975925166217507	7.28367103902929	446.947132220097	0.367800597139522	1.07263073741582	62.0475866568193
182	0.894632612896987	3.69361214901187	323.156866761098	0.402051561301488	0.925932523125353	33.084173988929
41	0.857790563962166	1.01912641836319	397.972612042173	0.424607282890439	0.858423631678289	10.3971908304843
38	0.884298176944327	1.04657224501104	337.218102526588	0.441987431584955	0.900493073511546	10.3923008586849
70	0.869942401115125	1.3583671866361	647.661850070511	0.366852439216141	1.08121406787125	14.1188998018899
48	0.894300680098632	1.46440460122283	333.594230390319	0.434689105230055	0.880647957620852	12.8887661838283
43	0.876510325692077	1.36919886037646	309.509060353629	0.451383664870035	0.71939393601642	12.1034086343209
86	0.854794297231102	1.96026459072646	351.510509201914	0.390225006887551	0.87376568643235	19.3298193004546
38	0.954691012887068	1.74860164529145	262.552330688218	0.558340430838975	0.669645805463817	14.0816913388931
45	0.654378100168847	1.41186181763316	245.73601439384	0.453654033540182	0.651451133298244	11.3103785669775
48	0.806655074584302	1.21856083031522	330.549052558515	0.436427917223516	0.832536482295047	11.1155822967578
68	0.538034374099959	1.54179052481558	369.980526857773	0.428124571307937	0.946757482869075	12.3507393746616
62	0.901462742019069	1.91346944936311	407.177835935942	0.397222823805132	0.90427012845395	16.7091921142562
63	0.867290961489778	1.46275265514189	405.668326854398	0.35098388181397	0.996190832368938	13.5879505254717
48	0.902974985349822	1.65908844023779	245.73601439384	0.492990316519728	0.637809363310107	14.3953082059933
45	0.936313458079823	1.70052588884972	360.625167406786	0.464375667713931	0.84564769473977	14.4121248069949
47	0.902371538113559	1.28956859278874	377.457234256786	0.381010354836643	0.955322866772292	12.2669756271532
62	0.863079089768054	1.37955801896544	422.424583658525	0.351078138524116	1.01862916030747	13.2704463460668
31	0.844889969448412	0.751295011389104	334.645481289677	0.402387721120753	0.895667993476497	8.77477763019377
40	0.331330066887176	0.829817869095501	340.697253740315	0.414883517305663	0.886327825863447	8.00416163473383
64	0.91117636587746	1.770316158226	383.9408546261	0.40107003114468	0.891278024819405	15.6661027659645
33	0.562149003499976	0.650409056035902	366.8854702755	0.41256975438046	0.942087314706094	7.58261836408408
71	0.767869868376673	1.04667633434411	574.893731861178	0.306435194389729	1.19635318380113	12.3887188209756
49	0.953440267578275	2.02247400398494	307.765023391948	0.431640071335374	0.837683135724415	17.1985363558086
99	0.890378992255419	2.10434602930912	515.383411300514	0.355295486219615	1.12998204914996	18.492755239583
65	0.946414682659927	1.97190486219546	429.757517667635	0.406767342032765	0.934525870845028	17.4482161587666
155	0.818737480278181	3.14927623721136	531.127329602348	0.345293408170022	1.10151248946099	24.785180046853
31	0.879887190248782	0.946442119837951	278.0679927998	0.428944165885342	0.824423401621092	9.2884659561458
37	0.56297528838821	0.607616896107162	394.732086017158	0.339121858565032	0.966506866186844	7.86499994277356
62	0.911677382162162	2.09087854774264	323.475917007099	0.458858006377399	0.885048406842676	16.9750025109123
38	0.847849200394576	0.941819197148021	356.547128675424	0.477314018255195	0.887433052501512	10.1236071908919
196	0.981631972676583	6.0937351093348	421.393278423848	0.37520978724464	1.02243214884158	49.8657734207224
124	0.985388174012446	4.3207316790706	345.503656233264	0.38527936788604	0.958282560188078	37.1950797640337
34	0.774717271502182	1.09383045740713	252.004283297965	0.523645035409741	0.641771072940439	10.0307773138048
38	0.552617261317013	0.485779663566377	440.660818602794	0.350938978335513	0.944466223791933	7.73061556388858
35	0.833728307105447	0.904556190324171	336.23237835734	0.421448246018382	0.903495815807902	9.32317250007683
53	0.702837483387833	0.949097511464459	460.305098672601	0.388940641738346	0.987663268892381	10.419335894534
32	0.921760040163758	1.16699185399395	243.896268699467	0.378046588788277	0.703177055292813	10.4390702385008
95	0.928235958813402	2.70139834414754	368.180300670727	0.46541598707543	0.886888224656402	24.0458003482315
110	0.975674408957551	3.54137229754649	405.166872961346	0.35994667884681	0.940851180417424	29.8212879645847
40	0.850758202510324	1.34282458119501	238.060034387182	0.567680302661414	0.641485161824018	11.5872639741104
34	0.87243906586911	1.04822121233039	258.905428277511	0.475500470458454	0.687205899127389	9.98116147475097
69	0.874982882899996	2.03929196726274	277.927957874808	0.470788217895556	0.798355063555006	17.1993853126527
37	0.778826231880855	0.845887576338914	452.914555596161	0.404171100217011	0.951745229544904	9.11701276623369
74	0.895320527106229	2.03844829387621	384.005259239642	0.391990089084781	0.873745381097233	18.1472756164042
58	0.928017201010443	1.99168564891799	371.432775114728	0.417104765322401	0.907685274531314	16.4686278499614
38	0.913411931512194	1.2172763610238	298.792977204303	0.456146041557806	0.80721394175258	11.735623849705
33	0.922455764677632	1.3399774488708	296.490471234257	0.434492292804313	0.66113467439342	11.4179124448929
72	0.873236497747599	1.74975159212871	325.51288972716	0.3868703551436	0.871400905266088	16.8827649201483
32	0.534488372441778	0.26683990718929	403.685209870595	0.338249666886683	1.00077429949815	6.91015820099883
39	0.960971168706813	1.89602328739946	228.497536439843	0.525107007459949	0.612818800527564	15.5670839009639
32	0.916511781909147	1.03542966192287	307.300325092359	0.430228663350835	0.834442614260774	10.4162798367259
56	0.902095773428919	1.63409966324723	337.521610077674	0.402218460736146	0.902525218616002	14.7441337768742
31	0.963815784204133	1.56936256050118	225.567417174037	0.62	0.383713855946972	13.199443884027
53	0.901030709336299	1.31147135468019	376.975288666908	0.393991079168863	0.984571669325595	12.9181896406458
87	0.665142207449716	1.52974774575505	276.211922214471	0.4624520192357	0.732595148134102	17.9471937913638
61	0.909135215853245	1.43294837683645	436.062205519688	0.360723408834559	1.01609231598862	13.9890622189909
59	0.921371458243871	1.78656934337734	424.923067612837	0.385021535225707	0.98229932378024	15.1613985484138
147	0.690353115741881	2.91951090739758	414.834846833583	0.397855428244133	1.01455093829835	24.882307198079
41	0.972138780762607	1.95412401807412	286.351949409491	0.518068147638895	0.573398382302557	16.137051744475
32	0.867679786403462	1.16526150473004	298.369487552709	0.448098461978171	0.654633722597217	10.1796500619897
43	0.797490935547112	1.11820984070157	345.892799794595	0.442525963452318	0.863848632932861	10.3446271032461
48	0.759087260153951	1.07467913093017	376.093602009798	0.418601884020277	0.890213190999052	10.6473714382054
123	0.947577164401146	3.50435609535061	424.87277563273	0.406329265765492	0.933986422848611	29.2863361541191
80	0.381418876120518	1.64137445049112	385.258675279481	0.373903433044001	0.936632506687959	12.8280993785636
32	0.743422676893257	0.495047601230766	432.031455632916	0.357229666768338	0.989456947921135	7.80586121038329
97	0.980776207849011	3.6175771111425	305.813798237312	0.426805105622775	0.822423555506495	29.4809956421043
46	0.753473956153969	1.11862179782369	333.059998626061	0.393467288971001	0.890104590016599	10.5302736148427
62	0.880362188967836	1.35634934201336	478.935528497735	0.360527423175527	1.04567195610536	13.2696605846508
74	0.743063871923679	1.65879447365086	499.999183208043	0.368008028104591	1.04774057741952	13.842963279096
134	0.975157393219333	3.69745056720718	476.484162620184	0.342429353780727	1.0976977105172	31.0703881536581
304	0.992802595556067	8.25301018810719	540.802389428673	0.342485416003583	1.15783338966263	65.7921196833579
49	0.334992002255981	0.400927499692729	632.451346825192	0.310078538284224	1.13283480877222	8.22147781352919
38	0.816972241999792	1.16810422276614	333.954826115592	0.464913413370683	0.768539100163776	10.8436043550406
84	0.215699794159176	1.66500205919606	451.07679511491	0.367025752195401	1.03251466219395	12.9638565879033
64	0.737850241362742	1.540864496123	549.092368481571	0.386187000128381	0.999446250327996	13.2624044102689
91	0.895960480849379	2.67535074424262	341.914732145936	0.408684713727411	0.895486075531991	21.0715195351566
44	0.885299844716441	1.2977258801085	315.048540448983	0.46700110064816	0.898501495976117	11.6246949000144
72	0.818223476563204	1.24902088469468	480.571195082089	0.414479189525818	0.953770242992423	13.7841146648278
33	0.603944474938382	0.465430820604531	395.270434039262	0.400471907819971	0.888216161656001	7.39590207342676
48	0.8286533305302	1.41073862544473	220.908434368062	0.55556316497493	0.574068292811981	14.5423324016013
33	0.944495956329273	1.46886405752219	396.571965221073	0.452985834479555	0.597753103469994	12.6944614956002
96	0.968185923221436	3.0338532529205	433.181369943683	0.370584823855701	1.04428158876544	25.802971006867
184	0.972145984668887	4.60496630565302	508.656015277877	0.349602685501968	1.11694139770309	38.1817844367615
36	0.921003913532985	1.16605947112912	398.322172119809	0.398181752534694	0.838449818754623	11.0765602249308
73	0.885090406492372	1.98143191761138	384.32788811222	0.37692176048437	0.969664309035049	16.6036163933926
58	0.937480356942033	1.9260739918122	295.980343087393	0.393300103036411	0.874246329486686	16.5582431825993
126	0.956612873962459	3.14681725909817	507.344195463085	0.359378634809406	1.08412570015988	26.2075934786193
54	0.872357327118484	1.3938095196141	540.475123494405	0.338043144629112	0.994254913790058	12.8255557892153
50	0.930458382770497	1.43380893015158	413.466423112827	0.368564375250171	0.991560874025721	13.4122641189085
41	0.900832278630654	1.08247642809375	374.290202689106	0.40122090742326	0.927518640725196	11.0025857733414
35	0.871003157249498	0.977420096025554	365.912705263864	0.41320298112988	0.870784230442436	9.73550309518672
66	0.840037275566502	1.22795675535364	602.732698772331	0.342831292015647	1.1114644930401	12.9719423085432
35	0.921168574262122	1.24167755132321	284.276343185088	0.440073228308523	0.6775980688137	11.3845745571448
49	0.86112418140046	1.48575584597162	322.722715308009	0.446707615141749	0.857726556356198	13.0853837545613
68	0.965059274404378	2.47760172514329	367.128194049071	0.393015744953607	0.910941584455577	21.7277327241669
77	0.937256106692912	2.36836896300509	382.388493589712	0.369830135141164	0.940402630959262	19.3527500478923
37	0.814480083724204	1.40055835743014	212.98948873931	0.806896551724138	0.284758522552997	14.9444998017822
38	0.718493853130793	1.06331916283883	320.669566861513	0.47012263228906	0.873561547814222	9.71131594232483
41	0.941519786514906	1.81588117543402	254.761884913173	0.5173869056222	0.626369650048382	15.6626079057882
76	0.966802868617164	2.28185457677797	406.484852477152	0.380515459284469	0.911448639293755	19.9710379383635
48	0.845122622269968	1.15919098782085	481.51506014566	0.368919247025416	1.03260020125486	11.1890755166812
38	0.977516322020113	1.97459995104674	231.857338372653	0.496929455406964	0.586284334304819	15.6248812260278
63	0.928273888524289	1.91560802463043	336.883705684465	0.387319712782891	0.97620559069479	16.2421846602523
53	0.658954403200108	1.03499001773226	418.59602495647	0.384415369448368	0.983992662097864	10.1270235508003
50	0.903173574644446	1.39919940517747	439.438983538324	0.342514051151067	0.949894682568703	12.7679776068326
41	0.824055668200458	0.787727803402567	443.374442095469	0.353658071649463	1.01976334043261	9.64716885620403
49	0.968374167042015	2.07175954451348	327.901117636392	0.541050657089591	0.675978277220729	16.6231505218194
76	0.789567590100585	1.24242067995952	593.510378183283	0.327751648302164	1.13187068856365	13.2197306117177
59	0.843777462646844	1.82970394662855	340.230911224877	0.420284818382083	0.875809235664308	15.1147583430403
35	0.932525896120437	1.18307296698262	333.578403520866	0.431979872505287	0.822124777975543	11.2492472818208
123	0.962108255031414	3.23660105951963	377.808509466498	0.370678680522206	0.982035423475712	28.8032584412837
163	0.9855781553573	5.3707304498223	444.615470389282	0.371165848111023	0.998920904661266	47.5367150453177
68	0.78838648429997	0.988360118749016	720.947406159751	0.360892835680581	1.02994011892311	12.1349562785234
44	0.620598346775668	0.761904040312473	423.921711434121	0.35272890472612	1.01270584158849	8.90992574432573
66	0.845960234477815	1.11785966419694	569.074800920328	0.338685248557336	1.10792067205262	12.82844946482
31	0.881524829499976	0.806525825445613	369.280399041559	0.405350735848473	0.884144443050052	9.14588943808224
34	0.918132326019777	1.06560707629768	324.498548554205	0.401242020300844	0.890145710327144	10.5179743159293
105	0.8860234075049	2.41901795565122	450.13309476798	0.366589718902943	1.06470726823667	20.5474026166927
45	0.833948347179984	0.900702538814251	494.607305911287	0.339810134705421	1.00357968957135	10.389012439139
134	0.919708524637954	2.92866581548057	506.386548570567	0.377030350353962	1.08641245367752	27.1883525767147
57	0.936187298062763	1.86088955865401	367.733635510205	0.41700108857828	0.959682508104758	15.4422893618919
40	0.978496479903419	2.19068506567452	233.967810848887	0.60825462140341	0.503723418622631	18.8711166575171
32	0.935786595977844	1.2796279247014	247.193834860825	0.425133527446812	0.677110074333059	11.1508239869427
40	0.738909236702346	0.732781333855154	456.744999004235	0.343233497049503	1.00077778165532	8.91882060155829
43	0.978610027236876	2.02499940479346	260.742178558911	0.519016147893153	0.597690627066499	17.2253387441154
35	0.321788419979567	0.522046135770638	429.391597320347	0.42751736642124	0.846806448811712	7.13320061758213
62	0.935028324174126	2.17336593129384	300.75450962486	0.448221397666025	0.854029852726609	17.8512471016598
103	0.965321160029124	3.70054577512195	359.164429266766	0.453316115442877	0.931051213158127	28.6232654450595
44	0.865444970214479	1.17636091733366	471.90989604174	0.37615326948182	0.96200604673412	11.2291434073229
185	0.982174279265437	6.47959945847721	391.110714868996	0.406352968296556	0.958273179043325	50.4555753678002
31	0.71078596311823	0.692697366061359	342.980945001863	0.398517901323331	0.893969891918004	7.82833621746796
34	0.842405048406833	0.823988041491835	415.779155540335	0.389467466778632	0.85221923786733	9.02708945063281
35	0.75059576113378	0.598113027885823	505.677223336177	0.370258594631514	0.888287501550685	8.25098934648954
152	0.978369267566128	4.59123119005961	546.245221711897	0.364516694320343	1.13975601495049	35.4613788599391
56	0.926459538294464	1.68390418536454	397.979796401241	0.37186271122376	0.947628754992512	14.9406295609486
34	0.842283607058411	0.787572261478676	359.764698503739	0.362432695034602	0.947662216291989	8.96138578081499
59	0.923230590901704	1.73505734817778	360.915762015914	0.417091293337163	0.897021514444175	15.0970051925543
55	0.953060409963528	2.51034969342607	203.977290486165	0.617196981571464	0.484862332881244	22.1998150126513
53	0.830984134325175	0.971494221320794	581.00836703332	0.354882488845495	1.0579074184197	11.2167306093094
39	0.778765386133357	0.885353272554812	338.87308820352	0.440774314588405	0.911391667541231	9.60997642441745
74	0.964649197016906	2.95678274913015	259.668231684107	0.461697375474176	0.75958423125927	24.103228932169
31	0.860036014358897	0.815428910924373	331.625467708266	0.373248901031706	0.852713011739496	8.86421441844481
39	0.923118664648715	1.22096603464641	501.41150391623	0.321064468776776	0.843299970653388	11.5275350355996
62	0.563214493833656	1.22396590620762	358.067446926685	0.358432531485796	0.95316524917113	11.1431915941859
115	0.963454944227054	3.32826312451556	401.019219867282	0.386670243552548	0.969730535221264	27.3366593967427
38	0.911705199906519	1.11343640425231	417.748565830707	0.384426683520905	0.894826494649167	10.9872726009042
85	0.909873904747258	2.17665951507106	377.739211749331	0.363638936276694	0.977191049079147	18.0533537324953
33	0.689981004083866	0.479635986978843	478.523891144141	0.348527502184891	0.937368856884658	7.61964007346776
147	0.773339503955166	2.5656698207595	396.952781523297	0.363532985194168	1.01948610875867	26.1785400138121
31	0.747070216501087	0.553461102101214	406.529340832233	0.348630026439995	0.910054476473824	7.69796877260148
32	0.941789488055053	1.34433139644933	210.613372620463	0.49816245794358	0.568450885021148	11.8660601347879
91	0.905145146758859	2.33624707762591	518.974263797081	0.401224828276579	1.01553343366014	19.8109617281051
31	0.850832606394695	0.825975296773071	296.313031029232	0.421442238206944	0.87376674988466	8.95915087536549
40	0.53253662151838	1.16882272010918	306.653113653765	0.517051585032507	0.812590003115891	9.38941020294351
59	0.88833275766378	1.88183159848206	295.063119018013	0.499747954554267	0.675141465330863	16.4943381683761
66	0.947944257526274	1.98187328912795	381.693657557503	0.402185165410416	0.924972022883089	17.4715741572461
42	0.899739016974964	1.35800233307411	311.985922881642	0.492771134305661	0.659632362171338	12.3865087175277
36	0.825049064351438	1.10993082014265	350.26683286456	0.437652615493849	0.716511299155141	10.1175533066145
76	0.738018809476844	1.58524589437299	412.600018745164	0.374574514069051	1.03300851712974	13.9043530090566
126	0.982795595556945	4.55871674926813	563.080353342601	0.377010370339472	1.09083627023606	37.1685088726299
56	0.94120382941548	1.85509930363256	370.543405407474	0.397308740544035	0.829771557554473	16.0194711790576
100	0.970524980188775	3.15014743800528	403.312181401021	0.393945035214556	0.960748335912443	25.8256221726587
44	0.804281636961059	1.37884245305472	427.540233647243	0.462078498733807	0.959677688397035	11.5312549450721
38	0.520047636838614	0.349706648396003	514.782478089143	0.328143716510324	1.05085448753336	7.5429410174606
72	0.920854428515808	2.19139758829405	314.228637909127	0.425499767821037	0.890729972590343	18.8437783799322
41	0.885305422305782	1.00448650041855	435.471938843128	0.385000047582544	0.909845575628019	10.5573033378817
48	0.880904160409644	1.42031571496703	362.529191684009	0.430114345114345	0.798345225017962	12.5982928150861
107	0.907731861905072	2.48010083341264	516.762964773655	0.37524527013429	1.1041431486012	20.7598469128989
100	0.630691686756451	1.95132066129056	364.471695267574	0.412056851433556	0.837161206705922	17.4565364051467
52	0.897168233261674	1.53786900252455	386.781287066013	0.38170576203456	0.941697667226769	13.626117441826
56	0.842860489212527	1.32241415892306	494.387341861952	0.350807946658018	1.06325972296442	12.4068247861052
32	0.952487742030275	1.49220588736918	231.318291991583	0.500011091803158	0.588460912738588	12.7330834334118
62	0.937127943784584	1.81112573614828	377.018632576478	0.411983031399478	0.958051639443992	16.0322428269301
103	0.975574621972943	3.19902315996117	450.704872965578	0.349244145655057	1.00316252112619	26.4575507580269
61	0.975408009386456	2.30999867423321	270.858373303823	0.403080611952357	0.680686343620128	19.272200611848
44	0.945283994721165	1.70563655259771	374.883994808848	0.443385907117525	0.830213365964546	14.465428476339
44	0.750311273077879	0.651204778729785	526.541009751025	0.351238129969338	1.05937274668847	9.23671876114063
123	0.883915113250608	2.57597687277223	524.52037350965	0.341626269923177	1.06136431883583	23.404124605226
31	0.823908692197741	0.738322514478481	340.673795856878	0.440848426368788	0.892514887108758	8.4036368125413
64	0.777917074988612	0.892767732659747	672.370255342959	0.30936893045308	1.15418385036977	11.6025673911742
74	0.568977890634572	1.83742570330958	334.2269098415	0.471262115906568	0.869218595861691	14.6190781607906
78	0.951566621373989	2.51543265665383	419.506269241394	0.448752517718103	1.01605142030795	20.3879064545077
217	0.983686931557039	6.09603483556908	396.927178040527	0.393865200977789	0.972404724481867	52.1769823823449
61	0.848570928472935	1.67907496019102	465.964765712648	0.41746463751099	1.04979558735764	14.174095220372
162	0.965436605206731	4.33837201519434	350.913923708731	0.409862214682875	0.96991912771651	36.5613066823007
31	0.799683594302305	0.725366178419447	344.578431514165	0.421445410404686	0.865956988281654	8.21152543487434
36	0.940078972364109	1.66251978845229	271.436737624723	0.548882048506579	0.62511590176966	13.5264425617291
44	0.71608283982399	1.0977100237122	284.598264262904	0.424485397974397	0.746960190582435	9.99348874463003
125	0.916663804697495	3.47645445660447	471.147312115714	0.397766683276009	0.965979687544704	29.308260118157
91	0.919950326158804	2.42595500530179	412.823713207871	0.414446583799376	0.964517015733742	20.2990103914528
32	0.35866726742577	0.498775038060336	351.977990387168	0.387067628086733	0.933981227124457	6.80857658475464
81	0.940270825449074	1.96067340612487	521.373892173895	0.31210367909324	1.06738387776125	17.6486372713029
49	0.8382839091316	1.37837949013681	351.031864033115	0.398695792216919	0.841607211516804	12.2895355982541
63	0.913085274738682	2.027816912012	351.741265142656	0.403507294164733	0.842168774963629	17.431631899791
67	0.91237333814913	1.95016287998147	329.694600374465	0.397456547518005	0.812838303620013	17.2221183012303
140	0.868064134401532	2.88562797640909	605.989432181697	0.344123283997079	1.17980846503426	23.8121442335382
44	0.858229030083025	0.956672918437557	440.437560702321	0.348344583409146	0.917617374746597	10.5696527394316
37	0.76445661983936	0.637008321158512	415.602756668506	0.353541174765385	0.998157269089978	8.6305499332587
78	0.717629264129616	1.47910239837813	545.111307760142	0.384047263734813	1.08318178356462	13.6336728328851
60	0.916855908959035	1.87980056455949	345.019583661624	0.445742481158185	0.891508005436417	16.1965745069599
36	0.903867555076343	1.15014960196124	281.750260415805	0.35970029758265	0.836353228865006	10.6020251017619
40	0.920184164304692	1.2998286619949	360.389700279905	0.424386051823739	0.860867148161515	11.7639351334614
34	0.816402063289063	0.714179095930833	373.762115613546	0.413969374197815	0.866116859573894	8.75985515296117
131	0.894857574396126	2.88716523260237	560.854173141391	0.358559586667893	1.18740808029402	23.4971706590661
164	0.930581887818372	3.27565814361174	536.326787862539	0.34486187390348	1.1520799981598	30.3323534336238
78	0.890414950852666	2.03691933159484	394.529196374971	0.421986681721709	0.980567728847269	17.383915238421
68	0.844683094957392	1.99941027682174	305.491970052833	0.533052252868053	0.752214214303377	17.1754505022677
44	0.802493072887967	0.948464586603489	426.14425777146	0.407392332626192	0.888505709493887	10.0935252029405
32	0.480214938188101	0.390606310795556	482.868659561177	0.349851618679733	0.984134705421637	6.88692512831261
46	0.749724442046015	0.970293706707196	449.801666244046	0.37850461927076	1.05622980196994	10.0043629447977
45	0.960884918655831	1.88135486888868	248.931966540244	0.454628362973096	0.690487249532178	15.6280500798936
54	0.772605063418749	1.11836747220885	451.588320928473	0.346448691032622	1.0061208973315	11.1875170728638
93	0.909026837158358	2.16413225258485	551.147996100852	0.337874902097888	1.10532462865965	18.4845806033404
43	0.891159039774405	1.29440885784758	284.97212821894	0.511706183614361	0.77276748736898	11.882117007329
123	0.850332051065475	2.76498583508078	393.592258155502	0.362375636831698	0.928346037106447	25.2051689807775
93	0.965992570638102	2.69540215709747	424.535033112758	0.356992126625166	1.01777842206914	22.7958316039458
159	0.958838197843492	4.72199494901352	343.479939567369	0.397875305114186	0.911012538476457	39.3822367046308
76	0.4552393576685	0.939395154971469	679.181826360129	0.331958166998894	1.15122894382545	11.0381815909906
33	0.694018568179422	0.87422310356545	364.450188113601	0.427201500142677	0.843698765143935	8.53836264124277
32	0.90525160641513	1.08189893892198	251.896853431361	0.426013731896085	0.659904022124313	10.1911982811213
112	0.940914431352069	3.05404431007753	454.723531779169	0.393667122761042	1.00162459140848	25.4224202171837
108	0.957260360919956	3.01062745412681	474.919082995692	0.357160397404383	1.06867606255696	24.7523831080118
49	0.92561163145944	1.56111929081212	344.656594729916	0.351121139901628	0.900245181522404	13.5997101208714
61	0.706571379987193	1.09472547095418	458.54198044335	0.333022255368393	1.03908426850842	11.4365590062525
45	0.97475344533833	2.25756752994425	230.344800957593	0.557284902050605	0.525897226137391	19.2911018206543
61	0.97225378348699	2.56862645105469	318.837212989373	0.421600260803991	0.853447705309941	20.7955112446135
33	0.841352956822676	1.05644875256007	297.664247621894	0.446562335215087	0.771189520496465	9.79404372087588
118	0.967043879076268	3.08187026698823	534.018289559591	0.331987089758888	1.05530904343954	25.7806842623566
90	0.928015199580878	2.59418935225582	510.364640759125	0.410020140131724	1.05493796315212	21.2587366806758
32	0.938212554673571	1.27603195991896	229.91494741768	0.463578551813846	0.644065125432016	11.4844430172022
111	0.974924414828646	3.55236448919617	464.850366385078	0.341071163655454	1.05124373968994	28.9773273319071
56	0.935638885807458	1.73686571108112	386.121857613436	0.383676135718444	0.9458729563284	15.037612786533
43	0.694927581769724	0.933450949904828	438.923832559182	0.385816614165803	0.974767884571481	9.38997784327881
35	0.893075239446932	1.12701645980865	323.982723477049	0.404672802366454	0.833742670463247	10.5775009905792
229	0.796008240251913	3.78352058555539	435.341114789155	0.409688672305925	1.02318068365138	36.5965042535633
32	0.878046861589769	0.869160147515883	376.692135255147	0.407697771903029	0.899252912661713	9.25330582074332
31	0.555928406590022	0.301942260521075	484.988201620982	0.35659376461843	0.925715377722884	6.85750123566903
166	0.969660437169643	4.83353183358505	465.43427819826	0.370820616208593	1.07176600197453	39.1151300577333
65	0.830786691638255	1.31499464192064	533.726453103275	0.406780787878976	0.993809019769303	13.0811938260556
156	0.979260468580717	4.74461092372365	514.346079343407	0.368028515292498	1.112243656823	37.6441173547164
145	0.93315989308927	3.2221074528995	616.157525698961	0.313666415615483	1.15533727594736	27.0571355262621
178	0.841541065419304	3.24211131319336	456.747622883375	0.371295943429055	1.04676971052898	30.6112507244131
222	0.896170882023642	4.09998052633289	394.03823948996	0.41719668773859	0.971051819143188	38.2153952926899
66	0.893918539871569	1.73507265171373	398.117891182785	0.414543676521612	0.927324272353884	15.260950547581
205	0.895822822475225	3.8468165893377	370.383817076773	0.358374120034029	0.960925518832673	34.2030431853955
41	0.887591445973834	1.06863022862026	356.012078603783	0.399882517988687	0.912010429393767	10.8527038416413
46	0.871384898236133	1.1443121431284	383.222207480872	0.345447035020054	0.990918751219161	11.2308858669237
42	0.980337482903341	2.25590976206612	296.676553504269	0.524846695434931	0.624656557762477	18.9599800151243
66	0.920839411381698	2.23036430854266	340.433863153269	0.443812928432123	0.822429211267895	18.8594014112024
41	0.685185552733144	1.05429246279291	314.461010829312	0.448526437320056	0.793561377519091	9.49010011590723
73	0.587532770321398	1.39659611083588	437.857648152385	0.358998377234545	1.07066804112045	12.2886347003875
37	0.936750315436211	1.29221024024473	257.753103332269	0.410063534769417	0.823383980626653	12.1524733362021
54	0.972724075986749	2.74062464430718	270.006953957217	0.589086318152062	0.584144193923817	24.6422000379365
33	0.894278083373323	1.27914659379036	350.879845007452	0.556495826541075	0.736658897476279	10.8380784613409
75	0.915367297314041	2.21105221430451	486.614077590013	0.382266599627463	1.02120697227976	18.6332271871688
64	0.93752623687214	1.87213923386554	381.815470212166	0.380338182919238	0.950283900238668	16.3039880656155
45	0.800237581874976	1.23159103731476	292.95708481842	0.497460420480337	0.821766831283132	11.6038405420536
72	0.812135683632701	2.19823595062834	212.211525821209	0.550334851767342	0.596195581905475	18.1492027297068
33	0.967122491031292	1.75296425700179	335.453321551207	0.480563463600399	0.558306250340886	14.5058823587751
32	0.772293414759668	0.595505868620429	404.491797087179	0.371609518966047	0.90991811616238	8.01599129731693
37	0.744255252893792	0.574218408207844	441.757314850845	0.329278311705254	1.002137418014	8.38052791853182
41	0.709634651832335	1.14928557099267	334.103341809237	0.390603157246756	0.789851129638484	9.84495105927141
36	0.913570751440651	1.17833440508688	308.769111559333	0.435420791185497	0.876781227993685	11.0734418568153
121	0.901438713229429	2.53264894984311	498.785478678813	0.336039834321785	1.09002849426777	23.5516241974452
50	0.967372305854237	2.36021439323322	307.300325092359	0.494350188643428	0.612364600507848	19.006643701987
111	0.970286386037489	3.61057835333124	411.461582738206	0.378108908660534	0.938777208766931	29.4365096739481
37	0.898327140513115	1.10852077821083	377.217632934601	0.426597105558368	0.841339378717919	10.5261081609799
58	0.93319844866075	1.61696567860896	459.996001963178	0.372925898272355	1.02755029406566	14.8626961239626
44	0.378787254759796	0.324653610956179	477.121742829461	0.342809339018808	1.05378212699234	7.83983885404396
42	0.924830721833194	1.41183824454032	296.749036976664	0.405531080136532	0.873130134790669	12.8836344125453
45	0.289909891442617	0.797594314745608	405.419006236069	0.366993492727383	0.977583929361925	8.35719544499796
48	0.830902075806542	1.12054467236237	500.051802261359	0.383723664799408	0.898601565954549	11.2743680482054
60	0.925246448770755	1.55012157627183	476.405643395651	0.350815559596047	0.996247436822329	14.4356134748235
70	0.800441405047304	1.71612123898467	392.656461593256	0.376527646728508	0.932477591186443	14.3805875785622
74	0.830706864778833	2.14190023853591	373.5356722701	0.418822254373696	0.943940797913214	17.3625255601868
55	0.87260119132057	1.61156170123458	286.610519903768	0.432766185573823	0.827402905461105	14.2837557210585
40	0.851613173591939	0.90615011356674	407.738527086002	0.390793850342566	0.863437149657012	10.0001764928776
59	0.917226944410534	1.95891327700804	367.153286446166	0.444461609697495	0.868929171565367	16.7693392807288
48	0.861301754181203	1.51785578701296	234.507080524344	0.528020810249912	0.719960127651509	14.5378202272497
71	0.947180365136752	2.34858106667512	394.287056369856	0.386410086280961	0.951350727353783	19.1768992372736
37	0.963410571794042	1.79771735860152	252.158956033574	0.547745277157042	0.706732604193788	15.1480740473577
35	0.896666200951451	1.3101774858214	307.198711609674	0.509406465288818	0.661246990716835	11.7005887360608
31	0.944840669235862	1.29527616871882	207.247220957483	0.364365733722779	0.650300556064828	11.2612637687958
48	0.812831859015845	0.946285798234721	427.992051939452	0.344866690330105	1.04230333009695	10.5416953577285
42	0.84557847475632	0.911191031557973	406.528538676797	0.358958714375617	0.962312336228173	10.1898073476771
71	0.885880753615183	1.76182761010727	404.936597695023	0.364611953878453	1.0141502511544	15.4552623877681
96	0.936820637394703	2.14354367409265	542.812124635191	0.308363363789476	1.08726746939083	19.100946464399
173	0.921847236108755	3.63279831855942	531.673561326367	0.342495202827341	1.15384378966977	30.5484948818604
37	0.513987386216822	0.498658246023007	465.098650009571	0.350348039165094	0.971448359690279	7.52317207758821
117	0.936750613289452	3.01351562472783	319.895320524949	0.40209152978163	0.941395380029199	28.9482311565277
41	0.917073314898224	1.17483321364411	409.077700344719	0.374756002136063	0.887028111208846	11.5692703491479
67	0.956265152673149	2.31192854356405	332.94635300638	0.438941067081771	0.875709825123785	19.3572459446726
49	0.816847981423408	1.23336057162387	520.345900701011	0.358344279401982	1.00548840218116	11.3168807807239
136	0.753855571103048	1.96580937428507	779.462633816085	0.31011854343507	1.23710738559941	18.4744270308597
73	0.931005906673848	2.46036016096604	392.955642790498	0.408957231651754	0.922506153543565	19.8834618518775
44	0.751874542244454	1.10440818615279	317.600541271453	0.380743473720849	0.842027891583036	10.4350480384289
52	0.941973964785041	1.92762169659194	354.382101326792	0.434634127236035	0.921085460352862	15.5257932973461
128	0.946158127875541	3.56075030665697	349.437268863853	0.404784988921716	0.899445668839814	29.7523638012987
121	0.949446620065199	3.16778387847781	632.908345834194	0.339808747070908	1.12914433657842	26.4543536171985
44	0.601384868313202	1.33636171795908	288.556273150909	0.474644073641181	0.737613276586765	10.6353712460885
38	0.83269607777559	0.823072012903639	331.270144922507	0.363203807668053	0.93096237735553	9.52252202236999
117	0.944080775966144	3.38270334235853	399.0266982599	0.423703947999242	1.00040536919797	29.8736006879989
44	0.945894449706848	1.86210027897504	249.676460468873	0.515185285880473	0.707342258043742	15.5753433950033
79	0.899263870444807	1.64070165815531	520.825863062204	0.334638133758097	1.10294612613153	15.9895798459692
99	0.84915772670793	2.20399936019891	667.95207971844	0.390290821668153	1.0249074939791	18.6307258192111
52	0.852084568070757	1.3180432984448	478.191965537906	0.345890422869619	0.973805350358145	12.2148512620158
32	0.634161606847125	0.529853748841182	419.55465659969	0.368167038023566	0.943793162039979	7.39745530152989
40	0.891903359294425	1.37402974407365	308.357543605765	0.483485363803329	0.762109795214343	12.1683485386224
66	0.878628361410059	1.39121391583661	581.896083933794	0.329107759122106	1.13123669403044	13.7343754290238
74	0.887515010180234	1.77356784344356	551.320113644078	0.360014716964947	1.04214095405667	15.3686389682948
68	0.49684448286344	1.14715235770288	536.681751274132	0.339208283673817	1.11953630634629	10.8687956692144
31	0.559765871738054	0.321665540395519	444.58038221076	0.342959856963337	0.987170381863271	6.89202834372871
150	0.939599169320154	3.67439104707152	429.265172318776	0.355513012729895	1.08099297664663	34.7549817809561
53	0.786034724968591	1.30404818531396	379.273223804928	0.428523311966641	0.906149355851457	12.2776882847706
41	0.87484734381423	1.19672619838605	315.340448483234	0.462212588153765	0.846050455581273	11.3750502719816
31	0.833243762662581	1.07847321717438	210.106807630553	0.502778408660762	0.652487991384861	9.88690131475646
39	0.894149040379214	1.15334233570495	320.254667838022	0.408892351549552	0.86262585438754	10.9365685931938
31	0.863618290864712	1.09103134532756	225.567417174037	0.590243902439024	0.420032049477598	10.7406636375162
110	0.801397629572683	2.09300335630267	352.500132728935	0.411627533609733	0.944713458486827	21.0259067325358
67	0.720314599493444	1.46255700118196	385.968053073119	0.43096822268539	0.96987289367978	13.6583616913459
38	0.902532664155924	1.19833591728368	318.818975708295	0.461401758813523	0.852767770191159	11.2585748200648
46	0.694013531396646	0.623585084440665	592.642222897098	0.331862775783025	1.08828307895443	9.16452730248485
62	0.841654368054418	1.15166083116934	572.630594049635	0.306848329336177	1.10612859294863	12.2944991219447
105	0.958200164443698	3.22668242221847	403.129045727625	0.376978618234659	1.02820049679954	27.5480765779055
40	0.862430646876679	0.971697384577211	359.778792921313	0.372604897138613	0.942931566830012	10.1849092835962
127	0.902749200396855	2.94635316035479	458.610123331943	0.369587535894264	1.01498391631169	25.9762855444985
31	0.976905493808314	1.87273876358195	287.855599205714	0.600970630072797	0.529434537486775	15.7633948193411
80	0.954146002690602	2.79981726448883	333.119045388786	0.421970649911009	0.886663086174855	22.9792160456333
63	0.869124095319682	1.76634616686946	371.544850460897	0.449844592844002	0.932676258178249	14.8821276529852
39	0.776038171718865	0.766369505497793	410.307247798986	0.353241285541142	0.998635046829065	9.00715677264504
42	0.838007665710309	1.21797329898839	328.096662408757	0.427565260394459	0.896446126317888	10.8750018799755
124	0.954516814418473	3.9617859198918	327.677266053619	0.450763895515027	0.835635237319642	33.0656274693423
39	0.952084370622424	1.73309594867069	289.6280914692	0.49385179819569	0.688686344007147	15.6620664020418
31	0.728956589311951	0.519311121973614	487.037571855925	0.363575324627661	0.887201808342276	7.61418810220587
42	0.895973672235378	1.30132729435788	428.952603423043	0.37936697982609	0.937072470049667	11.6051545361115
56	0.782398884544953	0.843940993653556	556.697416462766	0.322069067411965	1.09955151731925	10.881843926351
86	0.844343653454384	1.49731871725644	670.972326786915	0.350335329721269	1.17582325433098	15.0557126306175
61	0.938526216063068	2.2300361863732	284.447742889808	0.449043898009415	0.820412463592871	20.0703155247453
39	0.927485419400857	1.28837596307885	355.262114296457	0.428839213111659	0.796687437650856	11.8161876579539
35	0.930211130134503	1.61709683006929	203.115618687187	0.505749576337812	0.579633940658242	13.7855331872715
93	0.974224465407801	3.2955680575998	332.23700050046	0.393111832888993	0.887867658634866	26.4802264812402
59	0.884899679260473	1.45764710876873	443.550242712921	0.4079260662393	1.00922798140929	13.2196788720969
46	0.900243856329408	1.40911441693668	268.801517124012	0.419555502447285	0.834463237647811	12.7845420531072
33	0.702085259479358	0.586333529235448	405.809336784521	0.388748162234533	0.981701770171454	7.85437564764501
46	0.860254021635446	1.2688661213296	347.50976067843	0.379596640829253	0.881854475462254	11.6627541889343
63	0.751035046418094	0.965096053259998	547.32172457368	0.332623595960386	1.12894232350829	11.4821608266185
69	0.933684146580065	1.68051280222308	430.064971897647	0.362427582964168	1.03539199791981	16.0761151481989
49	0.876214270274941	1.09419134757067	475.905548036863	0.354568207009797	1.01874113422261	11.6009165124419
62	0.42840767010544	0.873334012461694	524.219748442938	0.3147376832021	1.12642260135984	10.0081752196433
104	0.78064289312889	1.89277822217628	746.624076380563	0.332068238418958	1.15037654084362	16.7830268001652
92	0.919932399716927	2.84513616839484	379.44521257801	0.423771375826469	0.915114598173036	24.3942165235533
38	0.939053290079906	1.48821916421391	286.999667358347	0.440074245175949	0.732729677598128	12.7309055353834
48	0.886804820668227	1.44625894184804	368.11778972213	0.431142331128186	0.920852150687148	12.8317286618676
35	0.931616599910101	1.51501363574144	234.331435604878	0.538991306700944	0.622806857422229	12.6408494387432
37	0.74013514889731	0.713427428978063	367.372016893949	0.403386748890336	0.97337920681793	8.67833832821564
51	0.960245533952819	1.88552313649405	357.62603939343	0.446557971546207	0.753996950991331	16.0140693506133
81	0.936144383191827	2.3849075861415	451.677483051682	0.366781858041819	0.989730109383136	20.9000730143187
38	0.410944523855799	1.35135419226072	253.439055599775	0.586009538950715	0.579714160175187	9.83498646654292
90	0.883299445772269	2.09718445800695	439.012576183314	0.394779222152437	1.02775739633374	18.4659877006704
146	0.640076585209822	2.07474340077228	412.529950047146	0.392392156256379	0.935960194700791	23.9840889800302
79	0.969291024973258	2.97200863210519	351.412774315042	0.417199153099229	0.932522900853748	25.2702566619237
32	0.805960602854477	0.900723913851179	328.05960180239	0.411093629533527	0.863460045873555	8.83350697082849
39	0.945802392113114	1.39401722914604	296.507207014563	0.488847076611783	0.786275337813379	12.9237217300504
103	0.987751941836878	4.11700984803084	321.445978068236	0.394172102730626	0.869175630635745	32.3863475542498
84	0.927798332277058	2.62940210281154	369.249543255389	0.48760238898054	0.893465445637785	21.5561011098332
32	0.880197901542446	0.91920958608604	330.216579060244	0.386727419289089	0.849111147969574	9.37973215003021
42	0.913175729818599	1.53482221053768	305.561131420938	0.427711708336234	0.805024697821029	13.1590038564948
89	0.871371839978669	1.99349359923113	371.46043065713	0.423514726404032	0.963134567026351	18.3560805274315
100	0.96438952365863	3.22946939741578	372.00013103325	0.404679976308551	0.91124783652155	27.0375728622971
56	0.778584104813115	0.934797763360727	556.828674840449	0.335968341979336	1.08557185288487	11.0396082845829
66	0.739658591444801	1.37404971662311	346.050295096361	0.367486241301449	0.875213363511142	12.9970310830994
34	0.89214823003887	1.22147847854588	247.774003547391	0.513810280869104	0.62225706537705	11.529958601607
100	0.836897641439569	1.72808441276715	760.850828650848	0.340043362393663	1.26808269341462	16.6578959218309
58	0.801441192678577	0.982514203299385	581.520588994431	0.332343563360363	1.09559977734903	11.3538583961367
61	0.947746601616448	1.95472301570199	366.45828607704	0.415485332954331	0.871719646763351	16.7608246386425
76	0.865313420976844	1.86842931359364	286.480171717318	0.399693754407146	0.869784805067903	15.8767990763396
47	0.86418959473668	1.06308883065809	397.154439007191	0.348289646284625	0.97618421428354	11.2722184587626
105	0.972942119777012	3.23274453105534	472.193017104127	0.334192874359199	1.05640067137234	25.7692530122813
62	0.919711068811204	1.6172347635957	411.810217567183	0.379844602395431	1.01643050197747	14.877962979328
39	0.833995871656718	1.03787645796426	327.874096946446	0.421894874154936	0.866832140411299	10.1216603753362
49	0.907177406427165	1.42228115138317	411.099007789692	0.390259735961724	0.944884092922	13.0425837116744
33	0.421937015531513	0.447332744110752	421.039034423716	0.349267580429704	0.966806451271791	6.92682194487483
64	0.955939458382462	2.4945934427969	271.145392198286	0.429291942370791	0.830271787567663	19.96231042369
41	0.87923069253312	1.52112592010853	265.455274574979	0.572348398818987	0.649661102059193	12.8393065892292
66	0.725507012522572	0.906668927377851	644.621052839131	0.324520924627694	1.17351626350766	11.4495526569894
53	0.854227215059672	1.29330286668692	373.188328046459	0.37583681610463	0.958608751531045	12.2897630276683
33	0.952320006876718	1.45132492413125	232.099116709114	0.479725362078303	0.605561635661849	12.8652532607365
34	0.364583936025786	0.342439821729166	506.98065739874	0.370437363666588	1.00974252398283	6.90514490876728
37	0.971537606884256	1.74401585205513	300.402200517898	0.497199704072156	0.63468275152913	14.5886448915602
60	0.92079399459907	1.74031948444145	428.997974909137	0.356294865459922	0.987902248575432	15.3934535041273
43	0.96013278637988	1.81098663245945	273.684450887513	0.450401943946701	0.736098634670623	15.5151384837667
37	0.534082325342078	0.65035733284623	415.164004302637	0.372952837034616	0.977385500761062	7.8303615699755
58	0.825621672659849	1.25589593472953	448.04766072186	0.376041736982031	1.04116747866853	12.1164858379627
71	0.829108932951163	1.25111355724723	578.708496164062	0.298700128109353	1.15015930936567	13.2595907207465
70	0.876142292287894	1.92889796874631	390.234147542567	0.406836023946951	0.992031973487592	17.0341874666584
46	0.856700292398152	1.11881417349677	415.14002375565	0.379500444648221	0.959308297634429	11.2523221059822
70	0.872465793286466	2.21181799067773	286.038958909008	0.477151829882531	0.792580514575901	19.9562350556425
79	0.796161766706335	1.33419085867412	610.103820811662	0.341166073247538	1.17872821382004	13.9312382068902
43	0.670733415128767	0.540260374609237	498.023269355496	0.328919740179424	1.05020964108859	8.69333859218214
79	0.737428086310227	0.969177779138143	941.843049991244	0.320937877160711	1.16676550108254	12.5503627436616
57	0.590859418854485	1.20440987814242	393.60883477659	0.411933189425892	0.997368023511483	10.7549453742256
49	0.86207653838221	1.07594850163021	441.612719600587	0.382496722288158	1.01126626710593	11.3611590843051
32	0.743019704503803	0.582489634947368	401.698042487058	0.375910581285402	0.969686159343642	7.87308041570381
40	0.745701024365547	0.909062610320626	447.677337504327	0.374393558304437	0.939678439613422	9.1693019856834
44	0.811799123125967	0.820964874798019	518.314137417328	0.332501427396821	1.04351068593233	9.89253021173004
36	0.838695351318103	0.836684689333022	400.721113389974	0.382267405189268	0.896908959242965	9.34264300783732
31	0.881713175174315	0.869055438448806	363.570671858632	0.361546910958676	0.803991626636655	9.20649057040357
31	0.877622791957352	1.08321656695267	245.530252195966	0.349210405784363	0.82653246382144	9.79733625673047
41	0.693305550162814	0.636134481696988	386.754749889112	0.375387516689963	0.989925349218856	8.72158789293657
47	0.798407494321037	0.957234204243772	437.226952960072	0.349262318526689	1.02550036011233	10.5681667460547
48	0.49108124391663	0.452141676196188	438.32964474128	0.419929176459876	0.892836959494823	8.90537913014712
34	0.909442224265008	1.1644654349308	378.920224091354	0.411492164433341	0.721365417990014	10.5572015954705
48	0.56158899328747	0.469682774568383	717.277367110728	0.301276062963923	1.22154080779278	8.66908590480958
