s.area	m.eccentricity	s.radius.sd	h.sva.s2	h.idm.s1	h.sen.s1	m.majoraxis
455	0.899523913928522	4.9763788250287	530.634458421442	0.326391105143167	1.15823730721409	52.5003980093952
87	0.749368645958401	1.61997782997334	588.812978588136	0.322385045613992	1.14927890940937	14.5624030344876
50	0.920284587744327	1.36630538700216	604.759847189796	0.306910113733643	1.15414401252792	12.9665650270241
55	0.922076200700079	1.48670058152732	387.92083060194	0.354477163517411	0.940520186328468	13.8914125777017
51	0.877451312623136	1.34846038338797	754.710487628075	0.314069751061561	1.11051226581308	12.4325075214983
300	0.954880028491533	5.71391754279221	424.619227616729	0.350884182342716	1.09587907835708	53.827449295932
42	0.337928147645913	0.353344492962681	606.416523161502	0.343399965164671	1.0977040002178	7.56324325573517
171	0.974178250426121	4.30202398325618	443.408814322864	0.338824270588977	1.08744607667463	37.7568116032092
100	0.941495815332659	2.60527482507041	507.196715277284	0.315025949911828	1.13478518439804	21.7330738131383
248	0.770263509932855	4.31319267898601	357.24215202557	0.352274354307391	0.939214948353559	35.6817302671197
53	0.885032810471185	1.44809436951286	371.934361176863	0.332049047539244	0.91016955149216	12.891138954578
67	0.893865802846006	1.71326057053593	288.765852731575	0.413241970384828	0.881082941676213	15.3661766257061
35	0.9567393601554	1.57883004608489	501.259183966404	0.36905507317272	1.008365333026	13.3724321865363
54	0.814955678538137	1.3041781621693	275.67153408201	0.378882059279212	0.761510612811616	13.4650793262862
45	0.905288132342462	1.23508775557848	352.444002183279	0.379855243185693	0.891284122426339	11.8479436193836
126	0.910793514908057	2.43754451101312	551.738225501694	0.308844226033612	1.20107615548591	21.5851182485688
172	0.953882409364047	3.77288160259835	447.898922236426	0.310833769864912	1.09911198150354	31.1964002675943
42	0.85746187026088	1.15769629786128	719.265803566362	0.307134508988627	1.1589234255	10.866449223326
38	0.926949969924274	1.39249081233698	574.524426590553	0.317784798373034	1.08972322293373	12.2180343927823
42	0.848766593730494	0.908449805199377	847.436963710756	0.287100064910019	1.21148831342112	10.1255493477451
220	0.966480359545282	5.20977372272287	436.314784451909	0.358209907096733	1.08172550781756	44.5149910672725
78	0.821346772887329	1.1232288779315	569.753606832862	0.297884793137871	1.20220158265309	13.4781386350401
66	0.885258171304683	1.53081769015055	407.215597749242	0.351561402462969	1.0527699640378	14.3027087786414
67	0.951251751928241	2.22740606453191	386.569702152274	0.395424241116282	0.885414761354904	18.1282045110014
219	0.932303052496564	3.91313491634154	572.617224558663	0.317165771171526	1.20259394439708	33.0684261173654
260	0.972102208562044	5.86701171706414	418.044971668044	0.347162006606183	1.07367520838145	47.0560839446512
67	0.836774614236868	1.40058794704557	386.569266793447	0.373255696089406	0.932411251378048	13.7173715379337
190	0.861353571803497	3.17449478274811	469.228677986353	0.342544041287487	1.09255990142717	26.7764991735086
224	0.580307429415404	2.9159828464729	448.138887423394	0.328452954507043	1.11059329811802	24.6268660270382
93	0.858740622180139	1.80581346707478	483.296120495571	0.358798855722544	1.04465973909188	16.7923494215389
76	0.967993807413814	2.82596087545993	326.315899991769	0.384392157574793	0.884125882277409	22.567958814542
102	0.906589703010748	2.51356870864314	373.764626757976	0.316471426177309	1.02110983385839	20.9736940121146
41	0.458543264391435	0.451669475322909	470.564090586566	0.338355132843322	1.05905492997092	7.76377606147411
74	0.814275641007381	1.21759875829105	554.692253490325	0.297627946558428	1.15936421760125	13.2598395781637
94	0.888113160249008	2.40278882480737	310.289076192712	0.380714155750024	0.988585388802179	20.1757733119241
166	0.969623259633496	4.35706057964753	425.698296630171	0.338411527151023	1.10465295508401	33.9352164929405
87	0.868945972106306	2.04988796050999	410.963653554126	0.357226795114301	1.02922130739755	17.6756062400021
284	0.98754785963786	6.9924435470811	495.205279019553	0.310256729435703	1.13920123997928	55.6941412071964
1218	0.923392949187833	19.0923809581217	533.253285813866	0.341548027139547	1.18307679991706	144.517419498692
32	0.562657013261955	0.38185054755172	397.048161943475	0.314615271146502	0.940170803790483	7.05336798983294
147	0.734827873023187	1.61689474970084	876.040016057769	0.274334115071432	1.34214301265709	17.7634112333402
79	0.917788894948871	1.84504862022697	437.545606475088	0.336018176887742	1.03102915164981	16.8852927186759
43	0.705284161454691	0.830104781108489	400.920844650839	0.375482488697263	0.936366319298216	9.34502467439655
36	0.879612862619768	0.98764937480195	319.338001073102	0.372415034346222	0.833885729664616	10.2221019797194
63	0.530297990149138	0.391416109453345	676.30799516917	0.268906531507151	1.24042644087905	9.72695109718763
34	0.76890661246783	0.586550276462316	322.728299770817	0.354738403122184	0.919960601933533	8.22930617526127
42	0.902636773531915	1.22702539459197	265.697978329071	0.348985792515204	0.838298351951134	11.6041483361363
70	0.805510129532551	1.50415953536982	512.328214095712	0.339358670971574	1.12785394680763	13.4443587844769
77	0.980155370044358	2.94947084484732	281.394892041374	0.365211993161931	0.86705297626135	24.1312342249093
245	0.819904075373179	3.65903398065816	512.743511013184	0.364361622519478	1.10548097394352	34.5845600225027
60	0.947865600424321	1.8361249228811	303.169564600967	0.370180013111546	0.884171762232125	16.1132863563254
109	0.969082588604064	2.9178972888041	409.943030643871	0.351939472319409	1.03211039516787	24.7100725855029
201	0.881649063778595	2.97850265825753	448.82499372045	0.332354739621176	1.12634317786487	27.5704610456224
147	0.912998642953263	2.96549665562497	559.360982127143	0.340404920271231	1.12985271243621	24.5793279689207
84	0.763647342163957	1.05172418156184	616.49087303342	0.287587543744127	1.22270932798235	13.2414633486549
251	0.96436675176093	6.31570161631797	519.065019767169	0.352196827183851	1.1461246646292	45.0377814692157
132	0.647750768242737	2.67117998780422	319.224293077801	0.366078382534588	0.930441595250849	21.5716382594208
56	0.675708941358146	0.839726315296857	392.521267726519	0.325334172445871	1.05512519007482	10.1913884418686
186	0.808940774836302	3.51281035190366	368.446986747222	0.379426567535165	0.997542477508051	28.1731190339487
375	0.991569428857283	9.393688550906	477.545345885763	0.335321341408298	1.1190433269897	76.1719317212928
42	0.731211615813423	0.769482152227268	401.229119115391	0.32668023819155	0.998755600121999	9.19265970131361
431	0.903014855628719	7.05520277765514	412.268764067045	0.344759063678804	1.06863073231347	59.1260346193148
226	0.967009061006107	5.14093734416878	491.165690590756	0.324244061372089	1.15896823905453	41.953272803495
184	0.984263337006513	5.76529948963996	370.779056908119	0.371760043017052	0.95566091976576	42.5477510288305
153	0.928544935273143	3.12536479125231	614.867943547762	0.303452921402765	1.23510070904657	25.6984139414042
171	0.894781472964553	2.94459905905916	430.423410436063	0.372584535051885	1.03847964497945	26.3590452333972
109	0.930716296871373	2.5766039537284	473.278652238896	0.338705652152019	1.08377006628921	22.4972989134773
116	0.866579245036106	1.94128110753324	553.777969260977	0.329306484217565	1.14270229373924	18.7408495642676
259	0.863753119542157	5.45053658043887	395.923288703573	0.338765248471833	1.00007686669518	40.5306974529595
127	0.794969245786542	2.55464479030666	273.030629720318	0.443840914084817	0.809970815259524	23.7552445720836
107	0.815480397901299	1.97160160571605	650.184501132522	0.30798594664477	1.20208491469693	17.4540756255434
76	0.979089570947093	2.98853552814548	268.191906492488	0.36367444844225	0.786565592902054	24.2407890045328
275	0.817145597715281	3.47429735795843	321.615173207378	0.365351330144258	0.957769623846825	35.2958016193828
121	0.915057589507775	2.59640802711492	628.579381038021	0.293801384866165	1.20391283834884	22.6010520194841
77	0.930146467423214	2.05185197184223	565.616031094473	0.31940507332186	1.0915629675152	17.3121751317403
41	0.859586191890887	0.950044473463163	335.463468482737	0.347022342535802	1.00878417956207	10.2307222549451
60	0.808989055338912	0.998263065494465	505.460593380493	0.340685324047553	1.07238578130758	11.7490390527533
67	0.896640536901472	1.55171363332196	444.247881984653	0.360667817985025	1.01369071987501	14.5827868920254
90	0.838374819343414	1.9627902851761	507.779059073594	0.340692891604242	1.07841858478291	16.4919387000411
61	0.912863881864895	1.83174166499933	295.791671809333	0.362475786412438	0.918228029968073	15.7610198131225
296	0.946533350941635	5.64059571752133	601.139417714655	0.299880124767003	1.22080246914012	46.7890398371571
80	0.883798190085331	1.79176951248415	480.379652431568	0.340334505676689	1.08714170985614	16.1904177180403
73	0.927395669266365	1.93989789516077	423.625737167637	0.338758007713696	1.0048091042992	17.163387179001
38	0.659811232145432	0.644787190461608	362.574905981875	0.32899092364054	0.956458200676207	8.21814507199567
98	0.889445797242813	2.11496024967728	440.879723943617	0.331577780290322	1.06645909915544	18.8989902871359
161	0.939618265415528	3.51742130450189	499.213449977247	0.3213622799677	1.10594963009462	30.4037899114932
31	0.710414787606811	0.513431964636665	445.226447735885	0.269114986332792	1.07037216280768	7.51488225967012
52	0.811917622839473	0.955952096693958	486.763566253151	0.328123361535126	0.989214466529188	10.8988722745554
46	0.817169228648081	0.981850824489821	369.224688393521	0.340277462539906	0.935846564178698	10.4556550112488
167	0.989913469023913	5.48977608999157	376.620425958519	0.347869634340223	0.96493847471424	46.2189567429034
68	0.594529222064515	1.59544278782219	352.200746417744	0.36648950228619	0.942605333449376	12.9743997449575
53	0.841248082645389	1.29621475878964	327.070322427828	0.369806954068073	0.934389401658771	12.1215711156732
150	0.745224266455047	2.51027242850355	479.001365849762	0.347082778071256	1.13427658873839	19.9993545894842
214	0.948243182200723	5.33693734483479	427.371398132691	0.371166214177979	1.04555919964788	41.5198690924079
59	0.825240108232787	1.21836115375906	405.498706880772	0.326639617284779	0.999576542712276	12.2948671462701
157	0.963921869989938	4.45659557009208	376.139556119269	0.375290114843623	0.971822786386058	36.8378924326387
42	0.790409119073069	1.12687479044893	267.602253694847	0.414641265258195	0.884573826375892	10.6424696016787
48	0.867942318016322	1.51547260812738	245.485045517812	0.433503140186494	0.778983174380468	13.2181750953839
54	0.788573549185508	1.11803778873898	339.78199560685	0.364026147392554	0.93968244874896	11.452125519087
71	0.789860049273947	1.11687420802044	507.34787459407	0.36405267090086	1.06955617236428	12.6220709880751
85	0.945719167254748	2.31907657496405	389.552363376368	0.335766952871025	1.05579963668247	19.5373798885819
159	0.947107082380584	3.36317986169314	443.825478881054	0.329459789984432	1.0849214057759	30.2713697282268
77	0.909507582474393	1.99269335488073	462.577958617395	0.319582184736476	1.01709899514467	17.024364692446
349	0.990841726702055	9.29232681700441	636.407922303985	0.321704766842635	1.18891945409426	79.8651268054043
69	0.886022625898942	1.89224636841736	309.113034354584	0.433379987673227	0.82331122309499	17.1895152826895
63	0.909246548636619	1.83050066553221	316.980953353091	0.37195775055837	0.853095000390401	16.0004956845474
63	0.936075286425429	1.89739052224781	373.247261200202	0.377662167257756	0.931871906151642	16.4187760652404
53	0.55756745836086	0.582973424493694	717.009863257946	0.299303952678566	1.12470429014151	9.17914914637975
35	0.740683449023468	0.695512761705122	328.561174186616	0.361915381615715	0.915264285664741	8.37813743138029
40	0.727736983890588	0.711324506756425	361.530045153125	0.335764920149947	0.94721381776258	8.91525849793256
53	0.693711172074411	0.571649012498765	523.624937769978	0.313929499873772	1.11622025952775	9.70850557473496
84	0.936671629732968	2.52487854744079	431.247753152743	0.384746091216679	1.02191179724432	19.8651854060267
355	0.984987035071996	7.68642862642687	458.801189432709	0.339178298377125	1.11698689057497	64.9668912971211
95	0.990278122598432	4.23139902312671	273.138850628358	0.397788589119858	0.734427084886204	34.4914795318151
164	0.807314722900388	2.21879850681684	406.794749560612	0.35124564105863	1.02853375811036	23.1433204340198
463	0.812365503227346	5.6958768808526	374.765510580677	0.356739658668689	1.0196613509022	56.2847373012501
52	0.749967295068635	0.801158079544649	495.056676773108	0.332300706157698	1.08591976256522	10.1822124215331
128	0.903334690986866	3.3534436191103	361.538506901009	0.377108854102972	0.975577308299297	27.8291371680899
129	0.89771513826541	2.60484513949403	387.748524381473	0.381069353063471	0.999230252513155	27.8114396409707
189	0.967851180928374	4.12721799774589	501.515996364493	0.321376884193626	1.16776789414472	35.6663840429673
274	0.989494593278573	7.30864908391116	498.979261258895	0.334206224405391	1.11883763274387	60.2368158725591
117	0.932529912092774	2.65591377338976	437.663324570748	0.32147390305285	1.03863938902959	23.139187232905
60	0.848908321618824	1.43304327771162	362.701009324645	0.363437843126238	0.995072798371924	13.2087057300107
127	0.962791635746256	3.25677100018674	469.960089505236	0.337131368239048	1.08618797319088	26.6930496428353
51	0.941953151556022	1.59340728225621	257.952291712331	0.361642572555885	0.845993743277653	14.5731054734681
72	0.928885129113793	2.19877863092707	287.195006477858	0.414847659908095	0.855060180402197	18.2773560847421
143	0.909385038088791	2.64359352762883	630.685632307815	0.308245783005363	1.24129361699578	22.8825900290461
126	0.953869284931125	2.91045870276846	515.654471448541	0.346239293374474	1.13444719110879	24.7285954262277
197	0.891133747840196	3.69577326906604	371.966072401093	0.373016481041007	0.999045803843033	32.5927208032044
655	0.887842179528736	10.3529573453945	370.692135513098	0.368732205744993	1.0168635974354	89.2262904873157
53	0.760681073201293	0.768094304423883	455.574288654496	0.317369762061722	1.10427724744008	10.3497747678445
47	0.938339402517268	1.70355888063239	309.536224151185	0.357159282044193	0.762669678527992	14.6073586531788
109	0.925942903954381	2.47275550012192	382.512220600256	0.380851695040336	1.01105179986298	21.9041270082455
92	0.851326814204593	1.68544643998185	532.415807501488	0.349052252471123	1.11768645485759	15.9649660173799
102	0.794261347922988	1.72530813078101	661.850517445245	0.299845872642632	1.24688105272768	15.7379309946647
77	0.460605619720027	0.424343916923917	727.898688409676	0.251954704094976	1.2607423116033	10.5738142696403
34	0.8613779694072	0.879044972565546	297.940857530606	0.395651119960963	0.840523022086252	9.31637367873435
547	0.957849409854098	10.2126379004736	445.539074272318	0.348896800778558	1.10235308004436	78.7348430675805
35	0.820439180162041	0.843722256234425	295.61228184663	0.405298146163198	0.902890404767071	9.21789829734655
56	0.674942468670443	0.939190225035283	408.08024167593	0.335490668949492	0.998985151312472	10.3211792848202
84	0.956157818512798	2.6288901536102	329.158624465169	0.386769343070556	0.932178560556148	21.5339678602474
91	0.943702993790787	2.32226371087835	399.440205296276	0.351191082422509	0.994619580933547	20.4131574886776
127	0.846322037255032	2.90206475853407	402.205045772172	0.363453252183902	1.00511238560722	25.9237093233644
103	0.81818338304732	2.06271105472739	576.92994309472	0.287022288125229	1.17955682789477	18.167394685778
132	0.963681922323742	3.5087510222104	352.095514549938	0.354153914851821	0.978637688954552	30.280985511851
101	0.950438969959287	3.05208359260199	359.519221201141	0.353783878438768	1.00757518955487	24.3075779640753
83	0.937291277944188	2.0105920101011	470.100285971715	0.339973140729756	1.07820741301045	17.9054259970499
185	0.950350114509264	3.9617103581056	543.640235053598	0.329532055920565	1.13094628176036	32.596644515249
100	0.966034338842527	2.99916991023483	407.130027505077	0.332244739347543	0.998181302332399	23.7790067988474
243	0.887824435048777	4.02363767470417	439.760870427232	0.326304913340089	1.11382615312924	39.2993428587163
114	0.93596902146699	2.69288719796496	397.787489115715	0.33132048375057	1.02285920468834	23.3249031825028
79	0.904792522821732	1.767026185577	417.084590767234	0.343462696148118	1.03119157616401	16.3206171241
34	0.561028806235423	0.349677637725176	455.530545520867	0.318485221211466	0.990797276265637	7.21652650332004
151	0.935680519580281	3.24133299919825	470.661885745108	0.333767188131631	1.10660789851181	28.6361849934613
56	0.777819469312603	0.877925445929472	470.878817577305	0.325863701361565	1.08935952487657	10.9510574064638
96	0.901513179012865	2.33619310961006	497.907016048525	0.328278188722718	1.1093546678642	19.5880808073417
64	0.898043617554137	1.49309920175906	363.262238851522	0.355371707893548	1.02712059067285	14.3251560905164
43	0.632710878710156	0.974566471273516	256.38300588673	0.372142073674221	0.855172298784433	9.39698829951957
63	0.928310703257865	2.04094532322952	249.093856388786	0.403257944851873	0.821067379125467	17.1224290964402
102	0.849078189962199	1.77538642291327	591.314693538754	0.296846919641037	1.13980971937318	17.0182373482698
233	0.968405089389804	4.64858744417305	697.241818964932	0.289294987568806	1.25375926747436	38.1886192598209
146	0.811593502899919	1.90668742731002	790.436655992739	0.285089536159587	1.29858576138097	19.1520826485248
33	0.646134693594766	0.506037761822651	388.918514628486	0.327852846676376	0.939787836124102	7.50453916947989
88	0.967728204485162	2.78742610250286	444.221051660334	0.331143052357886	0.941818922460403	22.5681688611112
34	0.696667560653868	0.477394146242577	326.033799926119	0.348582158576448	0.962459849152154	7.80471351994758
78	0.938482097509963	2.21092903210759	362.625559466095	0.355437247960014	0.929157892276977	19.1838723468756
101	0.936628945048316	2.60689641924871	493.575835998571	0.308774888108343	1.13200280681625	21.5629262785812
56	0.43386175910538	0.484949638916789	560.692931499844	0.289030569528307	1.12484991802035	9.04610213752707
88	0.891142179714267	2.28399561412544	462.853254406031	0.371404893993129	1.07705573259187	18.7074335639351
88	0.779887859421221	1.53047423752929	575.849967457773	0.299902156085801	1.17600714468345	14.5964591058964
255	0.990158179559603	6.54293607810903	499.375443808014	0.30773522447187	1.12529567353135	52.7554321889341
264	0.984320956243865	5.80194743997326	625.753876537746	0.332450313723409	1.19447181291219	47.3525929348299
114	0.845683514986525	2.64403497258442	379.504175142294	0.371179120296767	1.00407409324889	23.8661646092215
113	0.731263091217226	2.45692521837297	295.78413680043	0.416102785634598	0.854906968891582	20.4794775988507
365	0.891325077755501	7.71954732544904	405.868124047741	0.360916484960162	1.05082814579314	62.7102151671814
47	0.87426585911612	1.52945225024963	258.529970453673	0.414544230791547	0.783665900007822	12.8236062611118
47	0.761706141166784	0.759961247181678	420.842358743706	0.319105549844818	0.998136284279553	9.8441688379526
147	0.849953069514225	3.39466607899675	339.002201135218	0.396728210563504	0.908376293939924	28.6580774472566
123	0.848925315484873	1.9271917953181	596.748962769502	0.308587555747799	1.19668902307657	18.899460049939
206	0.879747371102774	4.05959525632018	435.459557176437	0.345990362173091	1.08816305276628	35.8744881902755
457	0.98861516219563	10.2783021664058	548.442531653471	0.321078657798518	1.17999916198206	81.5766494267916
168	0.686483817611894	2.11221469528988	312.807529047724	0.34013429550304	1.00230834724766	21.1127763195882
48	0.70135656798772	0.615046420413414	523.546080858993	0.331785695730332	1.03174964696932	9.31293657721437
75	0.952083887765506	2.11477737104438	371.968817628398	0.385689492322784	0.953093776072564	18.6023032977211
108	0.721660420383582	1.34522239469296	478.280569821951	0.351927867363161	1.06650204813698	15.4360752064592
88	0.710614689834812	0.933755673695874	731.755476945688	0.280642654158108	1.27224596537355	13.0025400095591
46	0.811108434049598	1.1534389035271	255.22705488544	0.358418912715588	0.857823447044514	10.9188603670042
44	0.875265737862878	1.16141543299619	307.016237716683	0.364373131679633	0.910304093083009	11.4151391568191
124	0.961964546893312	3.1848492040416	376.831887543323	0.355949256378714	1.03941937876539	26.7680153016257
33	0.794222077282232	0.629030523460201	334.312369263778	0.359121408533173	0.87930311285865	8.32453216536745
145	0.943601120902372	3.29920138389889	483.362097180356	0.318875916375301	1.12880417790391	27.5373001489054
32	0.922834908278535	1.10256774829946	334.553971707471	0.417802585193889	0.657765137288147	10.3807946655413
91	0.921850644650787	2.03645396317488	452.29432678922	0.309480928438237	1.0900247999759	18.2609156316082
139	0.950055822824267	3.77636480718559	367.273682520868	0.402881252293017	0.936979464625659	36.8250025509197
107	0.949142840163244	2.78845725645112	359.621961564802	0.355648568922905	1.00828184013504	23.9404072031901
91	0.951914910033043	2.92891001156943	280.809384810242	0.388491296726591	0.929938665887833	24.9520709425694
101	0.899825136668427	2.01687787939027	487.123568510424	0.33704925235746	1.10854099562418	18.279465846826
36	0.881478166097088	0.926324117230954	279.615930236172	0.374157687098864	0.852469021565732	9.92488163545305
61	0.934802097010841	1.65717738312308	334.017760034582	0.361275624965185	0.958538402982464	15.2720285224981
69	0.891922691118853	1.79319010655953	349.22406111121	0.35356096143468	0.973293994554063	15.5625969716464
78	0.735563163576795	1.65485609098965	375.224610431338	0.402987943826179	0.967156009798796	14.3936161494898
43	0.47502121473884	0.318988205648669	177.193815769552	0.446077785102175	0.565793988334655	8.72738242180725
335	0.978791433273816	7.19476425722394	582.345615809872	0.320761426133235	1.20253062322747	58.4782976158987
36	0.813120058189205	0.779833664738691	397.512197047948	0.33842577020127	0.939677999311753	8.98661853985929
182	0.730959315728943	3.21925143235356	423.49006439047	0.366418840658953	1.06895103669648	25.0789796927463
71	0.888137391923367	1.56052972851477	472.165969549925	0.37470087258013	1.05158682418163	14.8895605415272
277	0.680576016264402	3.28622899154555	374.180371936377	0.368841441432208	0.963636758298041	34.1118919651547
73	0.902141554184544	1.70968463911973	400.466035931834	0.329463999567509	1.02616887546372	15.6657758468985
83	0.904794246191765	1.96804386690805	419.035513698392	0.351125184872706	1.04555386939074	17.2346443717054
40	0.670877955807633	0.573816181623861	411.613018746133	0.360132057893894	0.943957078048785	8.49575128749599
41	0.939155402594403	1.51919215915508	217.019053183779	0.39161919646466	0.7280622120708	13.1916213936965
45	0.901918367058944	1.23518714052721	394.471918499084	0.359421314447266	0.925968863798001	11.7740314475157
37	0.773435895977897	0.910428907241824	279.544313434008	0.394795779736956	0.849081822274285	9.21818510838661
61	0.694047858695742	0.760256887574973	545.131449492759	0.282319872319872	1.13970137392659	10.5938247682989
48	0.841520418881134	1.05233989045932	378.79302696109	0.375444088140495	0.971847361379341	11.0041337667562
85	0.782088213494146	1.55858654912142	454.765155933666	0.373870270989648	1.01377349186928	14.7892798041461
59	0.769531920459886	1.4249904670368	293.760782100637	0.402175202300781	0.796760209684175	12.6333254986872
108	0.962500629624101	3.27090162130032	320.588482555125	0.363212322338671	0.911844474265208	27.5290868057855
57	0.944972323628602	1.98637876983322	281.377844269119	0.411131949661361	0.834394486518757	16.8192726451
100	0.979524003899105	3.34753059887675	302.953712162783	0.409098975856842	0.790081402601024	28.0529437992732
370	0.961199206485524	7.27391157931415	426.170348318753	0.344437487798278	1.06588048255534	59.7584729693374
148	0.907178353583534	3.6915679616672	268.828432199772	0.396091668033108	0.779763996593429	30.9304462264785
238	0.787772606749589	3.34297315381849	440.363938613413	0.347563135193431	1.0682576362097	32.1421359430647
80	0.911469254862264	1.82144521638968	445.485839828574	0.329241043835638	1.04673017660795	16.6818137299781
55	0.910124866253834	1.74856327443842	309.652729742046	0.381683376506906	0.876712371262293	14.6883070909834
52	0.936365621188864	1.75771845543805	284.087685697262	0.382732868615221	0.840794555742761	14.8348300211657
97	0.930978306071395	2.69361891552489	388.589857876032	0.346120149078683	0.981346017396505	21.9500673027966
34	0.800837056619513	0.652418301357951	357.118975294494	0.351700709187859	0.886890539731249	8.47882627138798
379	0.803481158561761	6.65523908472782	458.481496062968	0.331078884876276	1.07418049770958	49.8533850184932
55	0.60550667329099	0.773947609219238	478.731215574473	0.365965342381211	0.960936012867746	9.80068288927486
85	0.886474560384174	2.62967199988312	291.253731612396	0.406627336053275	0.732318357144161	21.2949984546822
132	0.906437540162093	2.59586285712141	603.000245851618	0.299017985572607	1.20591447462812	22.2851188534622
161	0.967157546680822	3.89678453484874	502.309413151097	0.32383476287888	1.1316223830316	32.9273608460079
48	0.941180109181879	1.90164363312309	309.203284899846	0.451005104652164	0.825847100017299	15.5515516188963
135	0.902277060366991	2.35618058011233	508.202075721671	0.292223745853588	1.17972938959726	21.7238193798866
35	0.761294466300158	0.82154317966957	360.154653043847	0.348864968344606	0.918058515673475	8.73300948694539
49	0.380214217120128	0.578554372401521	409.200326793491	0.31458398517222	1.05831280902405	8.48336149373473
41	0.880850875363011	0.982159214941687	324.478919063081	0.343045378927732	0.924319786509257	10.574182967256
60	0.614562949528804	0.826454628584398	562.627200092283	0.307527891281681	1.14041102584356	10.2572214087557
85	0.628986377461475	1.76959363740669	447.292244292631	0.371052076579268	0.943309474370731	14.5952094828417
69	0.877775452661722	1.48023233064717	490.547537661533	0.320222850954171	1.04683009814335	14.1682780280149
77	0.799686334740403	1.42019310022527	441.782450227105	0.359646245192464	1.03236154731619	13.7720510140157
140	0.872919972370113	2.6211739764987	468.30711322404	0.316765397110665	1.13320016865298	22.9350893881069
60	0.731551814790666	1.0804947910454	458.865346325928	0.317557223513106	1.08253991522934	11.2330801525459
104	0.923778030020212	2.17053795295135	507.241617699502	0.304421673400002	1.15323790967173	19.5699653755278
275	0.697827479946928	4.73560929670406	504.376393651341	0.346062635259192	1.15922804897153	34.5461806110609
136	0.974648674611413	4.54962500834287	359.729567106992	0.39543392179089	0.888226524561463	39.4941953624819
39	0.858864590864138	0.846529092870286	350.406149071232	0.388363495791213	0.925482213893909	9.92378181328433
76	0.907312348380843	1.80210797769126	361.048190754376	0.33932930344695	1.05914203569451	16.2245718360411
33	0.896103340046931	1.30230426104796	232.790978216837	0.405355982581046	0.723041505199468	10.7790985679353
49	0.780260505934295	0.802070137553278	447.755546033195	0.346469710225366	1.0262555580838	10.1108505824227
73	0.882811298229733	1.89791682998941	325.5433583018	0.353379601320778	0.911135316808028	16.2437303720085
51	0.798576272842683	0.969839437472104	435.079344382817	0.319183970795224	1.01557718085649	10.6779519897273
35	0.702908585647584	0.693679258600056	356.104970478014	0.382153827156683	0.857131689655445	8.25241787421576
34	0.71577172597616	0.55207789047878	379.676605742554	0.306126442745518	0.941355608056573	7.89169884186581
67	0.794655308510953	1.14721039552363	425.09251377234	0.309594424741483	1.07897292778138	12.3830690885936
81	0.893975537314292	2.19221862972528	442.150239852507	0.340398922836233	1.04274468253938	17.9517809344637
67	0.978398312449186	2.72121577666678	322.947912706386	0.354301861470408	0.787951283293923	21.9737599982377
57	0.958839795065685	1.82529836359145	275.034712458493	0.37134478682146	0.849116228385708	16.1537386255265
50	0.782811691444769	0.753513788593458	442.123121984713	0.308160886917824	1.08167290032786	10.1971126613223
52	0.960467637888574	2.31552553192327	171.543037682441	0.490752895752896	0.530617610945844	20.3424688255609
125	0.955365839042662	3.2891879264871	423.246678280771	0.326738699295542	1.0547604127575	27.2431261525557
35	0.607795107568506	0.729671618387209	289.39953037301	0.388616240675064	0.838354594343982	7.95085346708304
49	0.893466534354273	1.18387750618992	350.412557985338	0.344579613550202	0.960791685885154	12.0994233468098
37	0.752844838190106	1.27588901956271	200.495149526535	0.420614623113107	0.679751688719465	11.0139783300763
102	0.929632779531814	2.87338368573154	331.006954534682	0.379735774559304	0.93186141906013	24.5280223004853
110	0.65602325984399	1.89499517842706	395.093367508598	0.394744537967044	1.00875404759769	16.78936969524
244	0.83167915889484	4.42191609005209	337.026325961773	0.381762525429793	0.95805719868449	36.4438591450942
161	0.707089157673277	2.69360890005858	529.014476667205	0.317776599623461	1.18932476581202	21.7031300270941
209	0.947333423331353	3.72993741640742	571.441494271215	0.306440539039892	1.22773604902986	31.4671189412321
38	0.959486317465267	1.67127246282475	190.581413985257	0.467413127413127	0.604975069667096	13.83319841374
66	0.921518360565236	1.6892413303942	424.075199527903	0.351457858516682	0.95077914052544	15.3552983556727
42	0.88621380252057	1.0822007912953	337.198310574905	0.369006989880152	0.912199104316411	11.0113982783139
167	0.796299198806526	2.89711022997941	409.760230672683	0.35960346894253	1.01876197641597	24.0707150504816
163	0.944273438406984	3.34705886291531	551.253290975807	0.294563623801494	1.17844078477719	28.7173034361091
153	0.896466600138655	3.29266939364935	439.496765956172	0.335124432565668	1.08459666067095	27.0860311454361
45	0.805494473267327	0.770340399391992	407.924807331585	0.302326312036337	1.02750642904865	9.86077609933225
91	0.796050882225129	1.96288925332365	484.365808238883	0.34312297463298	1.0584113553003	16.88944050449
66	0.842288375276414	1.32383626290145	512.746255984534	0.306935214049532	1.10134015931303	13.1163311350261
348	0.960266580967129	7.12838664768604	444.307874357076	0.340780306270502	1.06344916902945	55.2473078826182
250	0.898054115920183	4.41338072877658	541.210464017667	0.305342549112925	1.17377065674883	37.9187854198102
134	0.914700622084048	2.9174658487992	418.692771172053	0.352221153490647	1.04650676113627	25.6607262232218
79	0.763595617517615	1.7318217103578	287.75727936953	0.450113176352938	0.875988669730164	15.7743827737986
121	0.936753853968007	3.1248574555469	366.206119217703	0.397778308263014	0.981080896847764	26.6272051197376
566	0.972914711824315	9.79203567201914	538.586107056464	0.324181940369951	1.1544800432645	80.7128957193831
48	0.942996636934377	1.75732778462703	285.339638456584	0.42625790108143	0.861939492203468	14.8967917911967
34	0.745940580990279	0.576676699217565	309.847714729487	0.344761306577412	0.931511791110604	8.07985224143597
132	0.962642606937971	3.77475681056715	430.658567906027	0.345073615061099	1.03093195756348	29.175544038028
34	0.801595145540155	0.677900080081619	316.952800473624	0.372691840096684	0.92156746585717	8.64041853470343
129	0.956633709153419	2.94295067414244	507.150364181867	0.312396585999869	1.17758067048846	24.7792614139843
71	0.566992924380317	0.849148201104919	608.23001149698	0.278798307531339	1.19820744912909	10.9374689355385
68	0.9475994161378	2.25519283814657	365.560345576491	0.350156363625517	0.997612685766982	18.7171882405091
64	0.853829790541525	1.32675629249704	452.326897244941	0.348558574703013	1.06018641238605	13.2662633697953
77	0.906553260658821	2.36538220824511	364.356551098507	0.340576483499988	0.98156553013584	19.2487476894695
147	0.980672992037728	4.93790103939546	355.185417289797	0.380034800981716	0.963634875280038	42.0935253672581
55	0.898833720572303	1.37059952583646	419.9783839676	0.321398819634114	0.964891439044771	13.1362519986442
36	0.830382683008654	1.1045667316136	268.985900016572	0.435177326647915	0.796039664262336	9.8654301163966
102	0.930763395821582	2.74679632606188	334.37751665236	0.375271369370401	0.951364276291803	22.6548383585417
263	0.966034468986958	5.55973180739121	551.140477819413	0.30514113614954	1.20985250454203	44.4995058585487
311	0.941307540319891	5.26658489564417	516.436917357038	0.346628072313387	1.17288415091547	47.5692162177456
106	0.976865740118203	3.42461761157814	324.767995474185	0.383854411478367	0.919006824521661	28.0315176465369
58	0.894386042875156	1.81737988263289	344.351629063543	0.371412987648282	0.890032599688923	15.1324521015295
126	0.770799748357802	2.27690693310339	324.982021500394	0.398456191643606	0.916965478898866	20.9776840240717
150	0.831624022654225	3.02749296940202	663.314317616504	0.31217727531453	1.18521764188107	24.4748560837455
213	0.953009588104745	4.01174589210905	467.403780022742	0.312295932577081	1.15691734737886	34.963218755606
255	0.918349567482681	4.67385188970933	660.781030791026	0.335524681901735	1.24278283430832	37.9041858263005
318	0.967373587017796	7.52111581191243	394.018079148803	0.34374193704946	1.04634779033864	62.4556841758355
122	0.83349830159898	2.329178711456	368.869142168332	0.356082698571735	0.983775601143195	20.3973357956494
402	0.884302321693885	6.19144917614871	413.224093833546	0.328437879373137	1.06088880799677	51.926848424806
90	0.90959936665358	2.54028304018518	467.357636604818	0.378752902256552	1.02107343293217	21.4600566186687
61	0.951798466508763	2.16833478280407	329.003631803063	0.377272744376817	0.888474219945897	18.0539396605734
110	0.873513870476559	2.15489339017076	555.17023077489	0.328755474869211	1.17587718701934	18.8220374571881
42	0.895028219710221	1.1710582844208	330.776559601903	0.386901141607024	0.880639874966976	11.3633426617105
84	0.956718810621663	2.44021114618637	387.417423425432	0.325267254764012	0.989895030246749	20.9231856791144
131	0.929588791803462	3.02802486056262	439.485441703923	0.324133921155198	1.04155833763071	24.7648494770429
257	0.836228197585064	4.20287298566909	453.071423165954	0.346420215787666	1.06385700569825	36.4192220257756
53	0.953595586520157	1.80873146040355	311.001754866871	0.460581336053034	0.653563166845359	15.7263464632057
140	0.939444542827794	3.58503769839543	365.921674148701	0.35967807628676	1.01825664561376	30.5808709975622
108	0.906370492072734	1.95842962853138	538.518396206267	0.316196635549577	1.1389702028179	18.8748365896757
43	0.907428622500011	1.33730601965475	266.285985573413	0.409022565657313	0.837400981356265	12.0863044860828
64	0.670465011631097	0.750347385651467	555.999815205373	0.290582574817869	1.136026645341	10.7378881983939
58	0.916329473069069	1.63135729792683	356.963700889146	0.363051784816491	0.911769569377945	14.5384069561397
88	0.781627248618956	2.06906387415454	327.616271154332	0.407890888889521	0.884851011486132	17.3707439626092
54	0.92354178583387	1.89718431160067	325.757358322252	0.439026650489499	0.675444662446851	16.7831510218541
59	0.953287456880221	1.97775852069115	259.217510207253	0.412980704218027	0.834210525544921	17.2985994298247
73	0.476917284807289	0.578111041718367	697.659596183465	0.274323546088252	1.24569089543896	10.467178147594
36	0.597742566188982	0.409721813161034	432.335858045251	0.337028866949376	0.964930947447739	7.57251470576149
34	0.900804639768055	1.0890497347723	427.058683058121	0.329543644837763	0.867153235149841	10.2238291918513
113	0.676418791503206	1.3874780578434	751.665225876086	0.2728221092619	1.31574403079494	15.1282395379535
50	0.715020477661424	0.588775289121769	532.590532584992	0.313070074599486	1.09128575435215	9.5612003356918
245	0.992962281384214	7.32622008390394	380.131163302647	0.359522751715534	1.0330222844739	59.7837828947909
59	0.866824502659435	1.32423361253396	402.204972209703	0.335475915267186	1.0296543201637	13.0295341722403
69	0.808563778225706	1.1638625000193	532.970621491701	0.310718171565231	1.16203264968195	12.7331257402618
154	0.873439406141001	2.83721585694649	444.982353461995	0.341709434256105	1.08292319175852	23.7419434571371
165	0.946085289283948	3.37312213984705	603.137383029389	0.310855422868141	1.2291142121614	27.3275942428754
96	0.929737549925324	2.55119925052387	323.250947820802	0.38229671956244	0.936277916893707	21.1847374049445
124	0.419049288785331	1.84628417743093	356.393912346548	0.338220323186646	1.01191434674505	16.162143573273
75	0.933124395789645	2.59231646705479	421.860477103497	0.381824988789695	0.973484193706897	20.5582594203622
76	0.97157078757007	2.62392744072908	285.020027350975	0.379690170201679	0.880675253408232	21.8140309587038
40	0.808287462458892	1.03495367178419	306.031641877894	0.405836274958907	0.845621992438117	10.2120891036965
170	0.925641851312554	3.19829633904869	568.610314814167	0.327873047303585	1.16352702904958	27.7771762480499
119	0.933855677656608	2.99396785437306	441.606524758951	0.343544660721738	1.08603305089492	24.7049678142529
119	0.972472217302969	3.53714611255204	377.921819936419	0.368876038081842	1.01160676279501	27.2860492927083
51	0.945304174268922	1.82117794866589	281.082984750874	0.441623317435082	0.723250766814666	16.3124831194351
114	0.913042682462989	2.43716464045488	431.884571361951	0.320798098820356	1.0655983543613	20.8763298510247
475	0.941895782262099	8.71292016412917	456.051494156793	0.330668543694353	1.10969453504311	71.0174818692655
151	0.864495759568749	2.6179775358069	563.189125801168	0.339702930380756	1.14647842829656	22.926911455403
181	0.964636716864012	4.28680680363199	462.500889864673	0.321346351797	1.14584847705491	34.9650793172792
161	0.905343262933291	3.07467928077533	572.296290133588	0.314299662042323	1.17245929544016	25.9228852068561
57	0.650510945235369	1.46321080066313	192.528431230001	0.428923765946722	0.681341793822517	12.9058280661387
185	0.878303195345599	2.98061537960128	468.018455175868	0.330724590319383	1.13814552081574	28.3176592340027
41	0.78018339907813	0.756035600766766	420.092403529657	0.34984150049894	0.985889748342555	9.34964282259132
76	0.962525845933531	2.60685688039212	344.380471782972	0.374250192746356	0.900008220542674	22.9210175844118
209	0.984541991164363	5.63413977286554	475.387888611885	0.330748411973325	1.11536319532847	47.517702001547
76	0.693094990753958	1.12791953698536	505.421941804256	0.328539546148032	1.12045961723588	12.3856543548925
57	0.824396133075932	1.19345334563523	360.821499970482	0.320052934959278	0.993933255356606	12.0377088355563
165	0.764032657052948	3.65272901117323	386.498251570108	0.340348273970565	1.00084948600424	27.7744597008858
90	0.870797172775748	1.50818655841436	626.120168971288	0.332104926838078	1.18046361389745	15.5778459677632
63	0.836131077139207	1.65373340532985	310.929486922369	0.431274131274131	0.886641573762735	14.0555202602907
56	0.66092689511121	0.608435104643957	504.11382515487	0.310713042984736	1.13195805536767	9.88704449236262
155	0.908333976454557	3.70563097922633	380.770465974013	0.367295938192239	0.998700074854195	30.7334089798014
56	0.850637450692293	1.39103761147051	308.679110309569	0.437245181136584	0.860115795786436	13.0624209116962
41	0.961117945592871	1.65981855666495	378.113317931595	0.367155290884104	0.617699111654004	14.0861336624461
107	0.979713012857411	3.62822069916723	314.873333465315	0.395743014630137	0.903280982138616	28.711994135102
167	0.957098524574489	4.03790215361431	638.399834219989	0.342110816532835	1.19304262825835	33.5153283710794
125	0.876914734751598	2.1200461396262	499.102301992817	0.34866889414764	1.1237714792752	19.8629564118705
74	0.902358174897124	1.46671362241173	493.103093377085	0.330453913769422	1.1185590209009	14.9666857839595
106	0.843831841837323	1.89296890061777	476.143148955661	0.36003633369105	1.05383924841964	17.9457275431432
93	0.756164746419001	1.25875144490356	687.308461181792	0.333042310221846	1.14789315831414	14.238803941021
64	0.858628156947215	1.18097602793657	527.584121979013	0.309906459676281	1.08013178718225	12.7506157655955
63	0.924579053063605	1.66796301111476	363.713019701989	0.345645520005555	0.997967721688634	15.1604087106083
97	0.83883331277739	2.35980722512304	372.389560514675	0.396349590314296	0.924808301422184	19.2957177229363
418	0.977474130936089	7.86072198180973	454.27678216269	0.342409057170369	1.09832307876921	65.1390309981139
34	0.898591394158069	1.17770777428642	272.361721497214	0.371736153921028	0.771880746656017	10.4810812664337
113	0.941812740597287	2.84116214366554	413.252426854841	0.358046056209614	1.05583478253551	23.719361834397
56	0.9107828570107	1.45079815829731	383.707633395511	0.379802979762412	0.893270796832142	13.6643933530848
825	0.99670496771739	20.5222268895954	505.238127547145	0.316425331413856	1.15671136307206	157.10872362702
136	0.953331731147703	3.58574051633254	380.396517013739	0.349775251627509	0.978533580278822	30.9960798393578
46	0.715368137662435	0.626613870652012	434.916259369764	0.342889410826558	0.985897437845363	9.28741640572372
129	0.900039891722197	2.551562781873	422.028452370711	0.321360806642349	1.08695669508843	22.7791198244323
138	0.956096523102442	3.26057321883684	525.955067168587	0.341097475119733	1.10313446292744	27.3174174953657
68	0.515858698292688	1.44439902289979	270.592366458738	0.411986359761296	0.856158897047164	11.5115600316885
81	0.772427470072665	1.50968289593291	509.970541201064	0.323988457305199	1.09502238105462	14.213181160804
75	0.969286970940557	2.73604186853829	288.524624029888	0.350803243854714	0.82149995424503	23.2102958218558
46	0.87701667224106	1.16362856844773	422.727416775277	0.360322123028005	0.959182575634018	11.4073438024135
36	0.933585109425224	1.41392258911207	290.352834877799	0.491518113858539	0.639214192279547	12.4392184968334
57	0.642648393630217	0.937481251993998	449.506595394134	0.311518504731174	1.07581574243324	10.2866377346262
34	0.770985862256993	0.589686542011078	416.918971100299	0.312469943838722	0.931023205388821	8.18651644498587
66	0.96633757459283	2.36017806984157	261.426076511457	0.366020031796502	0.802795353437874	19.9452972794449
102	0.93601245632045	2.94451504357602	364.265496690264	0.392948630595689	0.925394120134836	23.998011067244
38	0.871667563711768	0.890792968841267	338.636803258025	0.354735317311382	0.930711259261426	9.99831760366932
134	0.957908069232941	3.5435658944602	411.111113990851	0.363015758932232	1.02911952615897	27.6871945275356
172	0.877792328508576	3.04622000051462	502.98513078455	0.320638791433064	1.16394578506888	25.8576422015418
56	0.857628294192302	1.30105670357704	387.995715673411	0.325532746039845	0.972075793497441	12.5141130423927
258	0.98815792051446	6.990925099525	446.436983165528	0.338131786878045	1.08525587555912	56.5869479273571
83	0.907375579161711	2.0274906996899	408.030498491559	0.349904157042293	1.03447806766636	17.5151427365073
57	0.896152743073675	1.44561414835651	405.260743612833	0.343084165082193	1.0088079904959	13.3994434300491
94	0.824781259541914	1.76488243713104	408.99305194543	0.323267340035916	1.07315154583148	16.3689928024865
117	0.854005300929419	1.86438455247381	622.256415760995	0.288067361890891	1.2088767575516	17.9469810052447
40	0.921592686296819	1.49381568841665	213.389336418619	0.392864195464815	0.78584046136813	12.3952141337601
33	0.562348490245214	0.378126237686555	379.336057687233	0.322565635318577	0.975271119976186	7.16785678709327
151	0.968979912635787	4.13809166414874	364.589621336475	0.360267097859437	0.994615220942869	37.4063801887529
32	0.924043759513974	1.20841535598529	324.62989010342	0.385675675675676	0.621569307211942	10.8466589018195
132	0.844385067753458	2.10900296024886	469.004555088243	0.322216620878621	1.13665223105936	19.6733858169599
72	0.898737489439379	1.703312386046	455.42774707431	0.331411902951545	1.06905581928202	15.2501771950526
83	0.878792172713232	1.69783868650299	463.370747572886	0.299961840586976	1.06315535278993	15.9312359204276
86	0.962509067231804	2.42709130315755	381.589015556081	0.312904461320751	0.969773135544354	21.0847525056469
50	0.888407408122589	1.40206345212877	388.256415897974	0.348588515283562	0.979797028919754	12.5889347901698
48	0.811435549444307	1.42615792927042	240.195063687086	0.473722840487546	0.71603330495855	13.088591017233
35	0.675273950381343	0.539415073550878	416.360227861761	0.352983033404787	0.953806383941216	7.90980968264537
73	0.878017882701941	1.73467093621302	386.930820774903	0.366513123030151	1.04615707732752	15.1711252212245
42	0.974815473825847	2.1702278428595	192.101639084355	0.399911140131728	0.746044571223294	17.9892977658373
220	0.928438652392377	4.87146061100907	361.98504809933	0.377017013181891	0.959838724268076	40.106565770087
56	0.874322596806214	1.31886220815837	375.725169948897	0.325166021540851	0.9474608947724	12.7427559787762
345	0.965064070241907	7.14211991976253	442.766220111815	0.377515246901436	1.08534014630584	59.0792808518053
87	0.857485731926891	1.58220993886847	541.772183997301	0.317554386025789	1.17537921012446	15.3883478385607
52	0.55421996899343	0.725511586707891	448.00673101173	0.341721359368418	1.03555132078509	9.36257072817205
70	0.570274112430682	1.69105499497481	298.001272956096	0.398744386723926	0.832516355643906	14.0484413279045
154	0.844622035060121	2.72987989707432	396.353324316965	0.360341147977291	1.01222276903522	24.8758913856503
65	0.78545087612197	0.948489004007318	489.372456015429	0.30195854225266	1.15064018052635	11.8575581038138
84	0.951571445024193	2.16651814435406	426.822011507213	0.360630669596933	1.01802217369587	19.0900518236031
38	0.812678557402426	0.7819216933766	367.410502248709	0.340940801153783	0.952280337106868	9.19301671103933
46	0.26554634002618	0.390335068870934	498.603394472125	0.308991313664056	1.09435881462622	7.89790760105582
73	0.802558135201735	1.28833801648021	430.527775302511	0.352351749591569	1.03920313182517	13.4070029215229
181	0.851301079052926	3.06218751633456	433.062148904515	0.34904821951448	1.06839018202687	25.6048099095731
69	0.580832197261879	1.0871630626276	528.487039115305	0.331406754515618	1.08785556865089	11.2588706104492
106	0.951296121055675	2.8399755813376	432.615512727649	0.354669411171325	1.04421250311356	24.0068111046405
77	0.901379098247037	2.75979414803769	205.198093721945	0.464378054525113	0.671077971015677	24.545625510116
33	0.359979233198382	0.431409177641094	410.55418126734	0.323054144230615	0.965665479970452	6.8399734071707
163	0.834751191883948	2.69279927317209	393.714241137295	0.345057865285061	1.04186193269348	25.0088500486375
58	0.83496412593599	1.31055871827426	369.666938649479	0.328130672067324	0.974708801330066	12.5018744988712
127	0.92837417003909	2.90063126347212	358.931349370903	0.39054659348777	0.973658912127146	24.931170853701
88	0.728821352916281	0.827810512894503	800.046130388767	0.309199202543064	1.24809521103697	12.9526527781791
71	0.829886870754587	1.16671882684255	490.751578127318	0.286780762272649	1.1303432380541	13.0857145167687
157	0.960456113751628	3.94120975946715	418.620055792781	0.36937759584229	1.03241055174537	32.6566226560292
130	0.981837514614951	3.81630762400619	371.666186294209	0.374159997318934	0.959235136743072	31.8764157708993
91	0.958618946894621	2.80023977530581	338.116181538294	0.347440536578896	0.968396744631259	23.2315990382356
67	0.882870153218077	1.45444273671141	382.002743854713	0.329112126753714	1.03769724628672	14.1630205841132
360	0.981602912239362	7.29031598923895	544.597160463182	0.312078597172023	1.1681949199229	63.0032581830619
112	0.947262826953517	3.31515741739446	294.919984652119	0.390087997094143	0.851007174809258	31.2933251787621
44	0.820351043418881	1.02538560304981	456.074022052333	0.365999773529186	0.995359646498238	10.3903415064676
218	0.964222909561739	4.36088859176424	419.173817243331	0.355693717103152	1.05827846313829	37.7294877462213
148	0.86114646617058	2.84305385675516	427.48881413448	0.343261507228676	1.03993108163052	24.4842819167981
86	0.880798336004716	2.10047448981005	296.613492722045	0.364227633421862	0.852217655635175	19.0292722954169
72	0.826369478777437	1.51556646688584	343.440619765877	0.40493624226098	0.933455557253434	14.5104129145706
87	0.929582147128419	1.93961754919783	510.210858287649	0.315813868166809	1.05746469772849	17.7111674053674
59	0.733317988734271	0.792674237602129	465.891012005679	0.304577415775445	1.14195958118133	10.7207408440868
44	0.93053080460502	1.67245830946429	225.927838988634	0.41336052542417	0.702510315381903	14.5851596206032
44	0.809941995523058	0.845438342798326	403.118802698677	0.310448893978306	1.01005473563179	9.89045899831761
108	0.873546380119701	1.98076829564385	564.128287832963	0.305563678266247	1.15772191072907	18.267718717314
174	0.869734377153965	3.12284111018508	507.918601258269	0.321195818380403	1.15115538013342	27.3621986066568
496	0.992682476406681	11.7720579441748	474.841167572686	0.339621001653552	1.12276331575753	94.9010359321093
50	0.904243881407463	1.28285318247654	307.522864061856	0.383974767936817	0.87204466906193	12.6256434381695
65	0.910959293810477	1.80271805611034	357.424173432015	0.33370471216492	0.940306985232673	15.8230107549434
62	0.902135144461642	1.67075908693583	396.182585191869	0.398255378109835	1.0094755613717	14.3597335126306
90	0.962739088996089	2.76590646139211	380.611370198276	0.341506888955108	0.975869533752417	22.4836992652218
70	0.946255251186472	1.88536171927823	362.42380567323	0.378664668640713	0.901253742855529	17.15655280856
42	0.975514526018636	2.05437928316259	329.185728479898	0.484747356051704	0.563884067723435	16.377249605623
67	0.937486395995733	1.89027157893487	367.325913673482	0.325888363818442	0.971880199278937	16.4899188503683
118	0.94804846156269	2.94904931380822	381.573828033808	0.349584984841951	1.03874884341757	24.79707754082
75	0.938233513256663	2.08484767668926	462.71571732282	0.358055728863306	1.06052219034521	17.4160724648172
103	0.930611614471172	2.49653197403009	420.288829408859	0.336418346458493	1.04609899177806	21.0665056703688
41	0.97363211902491	1.92163524722077	217.70025230931	0.432432432432433	0.565322053572537	16.1352284293571
351	0.992609654561682	10.0650272722693	468.683842823845	0.35268169270474	1.13005370834083	77.4296863421685
49	0.883906181619699	1.54060822239057	377.25927830377	0.376848829242061	0.910209233558221	12.8474380549903
54	0.595834638238359	0.529110846085056	516.130345480151	0.30566341131047	1.12120722805063	9.34641875607299
125	0.758226771858363	2.05465620403309	453.612121883049	0.34013635651367	1.03567449019057	20.3504097622179
65	0.887976236249527	1.60580864829391	422.965476019085	0.341793251147627	1.0118619980797	14.4698591209789
132	0.691263090797586	2.64946833183138	414.086171067987	0.366708482714675	1.0131423499794	21.1827918995368
132	0.943960362806966	3.02780441151938	457.959499227048	0.338842779431015	1.09770722197692	25.1128837992249
182	0.71786852258214	3.37638611029219	445.877703593838	0.31693757397247	1.08135894243175	25.2160346998015
107	0.921727342278539	2.29710918178963	527.069203973287	0.276945511352291	1.16111060958235	20.1044835320085
183	0.869000541229418	3.14722620619939	461.315863019978	0.322977862673294	1.09326871560778	26.6886711491392
109	0.895183679897043	2.1896363375014	502.514877996323	0.304189752431674	1.1241222307324	19.4044404274505
53	0.863563519642687	1.16765838499699	351.312760140436	0.358655529541426	0.979929035242568	12.0700162119526
119	0.975509207798379	3.48529004492834	378.352764313455	0.321202431633187	1.00828120489353	28.1408544057618
202	0.81035341255218	3.54635676020113	445.937722781641	0.332912184333828	1.08692841334019	29.1608137677162
50	0.87577220179029	1.3289122356331	290.995786761696	0.337027123575111	0.915130171732869	12.4011764305791
55	0.762519804412539	0.91675939003177	427.036096387821	0.348077387795035	1.05637336875737	10.8150906329758
97	0.900846763217343	3.02895872875925	293.639644959697	0.437795733678087	0.810443753628558	24.5468713002548
175	0.951134486796828	3.9479218104692	607.653876149211	0.347520185054603	1.16691628893743	32.6352189355389
156	0.891154369567276	2.22052898729898	823.217602450557	0.28426717545884	1.31888266610702	21.5732601549095
93	0.589549702575443	0.604106789471712	790.581984689018	0.277664619813441	1.31557439387296	12.2079723116245
283	0.991846158860877	7.55421756602855	545.410314970751	0.330504196465566	1.13122568994998	61.4271984144518
68	0.936226349866697	1.95365654638122	355.306879294995	0.39270226428939	0.896638417143958	17.1447557762096
67	0.957466166372243	2.4614814761422	334.024159021927	0.414062912781087	0.74975725541199	19.9127238524732
75	0.980893929447717	3.19051814866433	267.322948641919	0.42955361485579	0.721787767591537	24.8762201639152
285	0.984242685849217	7.14087892856496	443.596379517255	0.328628281854209	1.11053681920537	56.9186502704084
41	0.580272211480448	0.510176646500148	412.585651881417	0.352759295084446	1.00783442098884	8.18389531238226
40	0.881380514364182	1.03110770690743	291.224500905021	0.423881801101052	0.855027775353416	10.512671569256
89	0.722001672899506	1.93439829442045	384.427457443272	0.367392897959974	0.986614642311212	16.2708155407517
55	0.635884476934638	0.568504360429663	519.826360339152	0.312340285783775	1.0751633226531	9.61645252049608
111	0.913768345212061	2.56007696647626	419.529489516703	0.340405515332812	1.02618390446738	21.2886614406177
49	0.633325739445418	0.979635706711503	391.13979700015	0.375246276140394	0.982937245604775	9.823505150413
111	0.93393900667374	2.58586260970449	438.220539038444	0.332041273292492	1.06924163581134	22.231565932486
123	0.825944846796946	2.35891449423781	446.364168413322	0.323462177797249	1.12034814308777	20.0787602169043
135	0.968969277450696	3.66307199245911	537.915869614582	0.345385938159047	1.13330547574441	30.4339333937391
32	0.839852954482258	0.848887196393811	289.747902283454	0.419667151506951	0.836073145494748	8.84549897822798
344	0.923907747824095	6.50439407923755	497.755080863607	0.328296495735942	1.14697288415995	57.3189520012317
51	0.899673003700392	1.41851076946763	444.260234286965	0.334201679559491	0.906908750099844	12.8932233125752
98	0.625217633308181	1.93908534902184	316.759682798365	0.353448581286575	0.915913626043016	15.891432235856
59	0.50732121028462	0.670692650917437	488.978352043754	0.295680298526002	1.14783924993529	9.64569091275402
57	0.948946231299046	1.83864400609916	427.042068031245	0.353058719509024	0.921522379931998	15.9542406822575
65	0.940302721416253	1.80126135094232	365.621378986786	0.37974597230451	0.933494021467698	16.0444655950536
176	0.889730346047558	4.02678343039261	454.463026522078	0.347265225202259	1.11144316357597	30.7772676412312
136	0.962120373765125	3.32596015306194	446.186256335973	0.320132735864733	1.10548554880115	27.98513586232
73	0.882393918288831	1.48192230645036	488.861453968625	0.34144219481524	1.09455872399496	14.7828289360559
38	0.504012782306057	0.471380777948398	414.000919058202	0.323768251370061	0.969922424301999	7.62980720680905
296	0.982589769398092	6.47296864534802	571.879814750064	0.303857659288248	1.20436437566544	51.8190490021628
58	0.754162711557929	1.41680734670839	276.257202068005	0.431208743086165	0.733734426501007	13.2428624599972
82	0.789723977197943	1.16429430652172	553.782418969042	0.282953128573072	1.20787388196036	13.5494484951941
119	0.983758604189239	4.07954554079433	306.932770552681	0.352384486479876	0.954874532951422	34.8579228338243
71	0.923278238971328	1.69097323751901	432.844181054035	0.329707268176315	1.0254972555619	15.6329992642455
70	0.813243346679396	0.954536130043501	552.990773520804	0.252956455309397	1.17544504842846	12.4174958135774
134	0.982374230464001	4.04962990332817	455.915713349712	0.339653145095005	1.04218617689158	34.4964983260604
84	0.969202345192527	3.00236069799296	272.126530905296	0.350325326470897	0.83423617045085	24.4864670368552
70	0.889085868325651	1.7173349173161	344.602508524068	0.34248813994888	0.984032065206063	15.3972651351202
99	0.975560349918578	3.0792220958561	393.591825513691	0.339602508555713	0.955472031746534	25.4572027325826
188	0.845486839832805	3.77858185345669	351.060129692564	0.328184882844763	0.99430208249038	31.1658200583325
83	0.966164424064789	2.51773110202046	351.391866579113	0.39783785658025	0.908070314610857	21.6078996779741
362	0.990835570075427	8.9840202756451	449.403982310834	0.317055741714565	1.10892552647313	73.7810314138537
43	0.838712846530193	0.966427810810095	398.529021288244	0.307884457884458	0.994502096096308	10.2278657749992
152	0.776576676094614	3.06969528341292	404.707825723048	0.352676137534298	1.02793803343504	24.652937728901
363	0.896931575262267	4.52549361307294	495.072562728076	0.333536819067413	1.15368373513166	50.2029064102127
158	0.963927246717981	4.1067539610528	479.381620764841	0.330564231494464	1.07985761525155	35.1472570368874
120	0.605419849132504	1.37899278350527	476.687521163589	0.32973509964222	1.12838104262806	15.1346897147356
206	0.965792460301206	5.05472681278989	425.881772944695	0.329443620056623	1.04602323314604	41.8095613814359
174	0.963014761438397	4.19147209108051	391.745315592426	0.359743890797726	1.0305024025325	36.7222833530519
165	0.926187321608048	3.98959266034129	426.7245084064	0.375198963943543	1.09214103166882	32.5926694614522
141	0.944103915023276	3.35891607056286	442.959433331561	0.307788422494305	1.09568579291898	27.6239731548172
36	0.765879316949759	0.574749510156643	371.852004788429	0.309445213833131	0.974858714987792	8.40870154223859
426	0.825623286520614	4.96549323431222	397.380931791781	0.359113540948067	1.01420952909962	46.4458488841484
212	0.976824683455936	5.28067295579612	630.827448915245	0.328728208609239	1.20192647163163	41.0386620989969
49	0.866206958963069	1.06477473637698	409.939306114713	0.311255024784436	0.95601066085917	11.2924885175262
96	0.74819760336811	1.67249061320005	484.999485425818	0.317815770348554	1.09213963312564	14.9369032492865
84	0.869891531654438	1.44488905667121	639.425782120063	0.284609077726725	1.18108086449721	15.0590783583991
59	0.57619215916396	0.661619887973463	493.544122644774	0.293397058663458	1.1309520094755	9.85545906713668
51	0.677132905072778	0.616974489243902	425.458562855511	0.30253422175472	1.11480610053474	9.4988186357048
45	0.939122573012401	1.66300281129295	254.796935699815	0.423457808953992	0.664163282974146	14.2217131175629
99	0.822372604831545	1.69203205239912	336.3231540096	0.384424863912342	0.924078186535452	18.6237878489929
120	0.939480378322881	2.83665703894748	492.562042469058	0.303966616776411	1.10608585458654	23.6200968530795
65	0.765987526745676	0.858949945688419	507.159766420329	0.316972166864462	1.17376650223696	11.4994932312449
129	0.838678676333578	1.65316130787638	397.589208484832	0.351013034939261	1.0212799248099	18.7613375286622
53	0.797518344056013	1.23348370827269	453.472898017113	0.351192999067413	1.06050630304805	11.3808705524993
63	0.698922728128427	0.909731626328595	487.426795343268	0.327103398288477	1.09430548795432	11.0516756599945
108	0.931742916456158	2.4070110772271	437.303782989489	0.321819324802638	1.06448986163659	21.3913036246712
200	0.98485226001299	5.68539407903634	503.53273675683	0.329804122548309	1.09900484319024	49.6211846673336
154	0.850514760679854	2.7519043131871	503.492994670918	0.31564714842525	1.14982680110367	23.465197882915
70	0.664761940054686	0.904806848031607	664.415604526796	0.300896432941004	1.20448976397616	11.3772338888646
52	0.954890747270704	2.0660413514333	244.289932200555	0.41709916398992	0.74692847906094	18.0829468176699
32	0.814372112585134	0.698559945808403	308.10765516974	0.368325715421304	0.866346304180148	8.37368347024778
88	0.913490265772387	2.10654506268354	481.443183608808	0.350278963888871	1.08492257945124	17.8917074846807
91	0.852091067591304	1.53643170957274	552.945811523499	0.320538964668455	1.12966624689565	15.6676192401814
51	0.880159971933937	1.14718106006336	375.901102649453	0.350959291304879	0.979376035239637	11.9531613344643
500	0.988957327300386	11.5683308666244	589.826713091161	0.346571577292792	1.17965584127676	91.296317445294
104	0.783375121820362	1.4555212288987	387.742638043515	0.372300049870143	0.961510287661453	16.9408104596085
82	0.938263242725767	2.42808424342365	384.02410695096	0.362703715451877	1.01567759640932	20.2809896223931
110	0.956545856733245	2.85553588287229	349.116144212058	0.352609330347667	1.00143418273358	23.8960145382323
184	0.883705594794849	3.84736831066011	406.111100008464	0.329289014453521	1.03309105063595	31.1819986221205
238	0.985176126892469	6.00375828741978	559.469041334629	0.318102079757743	1.15789339107699	47.8057713583319
152	0.972104629998853	4.01106172706515	417.737046769226	0.334166157924262	1.08354664542798	33.8054206613533
91	0.694812745695477	0.943918865094176	694.743301849486	0.29132967409784	1.27804935586982	13.0327928890016
44	0.961392145746779	1.71111905864137	239.732677093992	0.505212355212355	0.654420644004467	14.7816001865735
33	0.676287601341474	0.394572152396942	404.705960509622	0.302064447853615	0.96394402162483	7.50126819449959
35	0.936303431094117	1.20756677349657	307.703941213898	0.426470588235294	0.652356940189303	11.1986929882132
129	0.958403464313596	3.50511880317597	378.78634607424	0.347557445641398	1.03054407676999	30.0825683675185
87	0.925707505331099	2.61019009269151	328.422770215519	0.385640437658806	0.942205289876098	21.386602681235
256	0.910233222520446	4.8182041852545	356.900662140462	0.402075919468248	0.980394107438385	42.8059222686626
38	0.962585596360894	1.84389828003782	216.220926592879	0.503013741755734	0.630799485877798	15.5300420436222
137	0.992225865032193	4.91146681935173	327.941589477534	0.344823307735555	0.889314006218169	41.3397358354247
108	0.843002839762093	1.75883527906932	328.28981426306	0.358203866668886	0.930236969720971	17.8742737282629
54	0.952301632421921	2.06209608209531	282.166662910554	0.410429052804191	0.896088826134808	16.8110137954219
56	0.887868594923714	1.23654899295058	402.45672879131	0.34248293033488	1.00513570113042	12.6351920571683
167	0.900980178381167	3.41158910139984	456.876049453181	0.329067490625989	1.08456411040573	28.3043225106028
75	0.907846919724952	2.26592765402708	285.648165254036	0.412557976834606	0.823765794754605	21.3304848890386
36	0.853375924840596	1.24172375696258	252.592191751411	0.420551244313621	0.64064307729534	10.8034662879242
94	0.841229472558236	1.78298033104084	525.842788555906	0.293556422669341	1.18969731552842	16.3525865272078
38	0.94586187116078	1.37610411597276	209.635179742223	0.408184130654719	0.76114454341767	12.2529262941037
155	0.979895430036355	4.66150305106525	362.141128063028	0.348939960573947	0.951449042662623	35.8820081861579
197	0.881861952259228	3.67477091869731	389.081564888794	0.359049980477357	1.03672540670046	31.3158313773146
71	0.864487693611952	1.25110690112678	488.916515165248	0.31005573573107	1.09598414724698	13.7801293485588
48	0.923033205006704	1.58637119427256	264.867643500723	0.381277863630805	0.833921630462549	13.7219112953923
89	0.901282258263927	2.07021750745941	400.254419941936	0.32622017683318	1.07583738815165	17.6716055037617
35	0.84649632973385	0.891274316763187	296.207932947416	0.412387311681429	0.844103562726999	9.25567191478342
37	0.93209149806749	1.48740109464035	225.05971918837	0.536317567567568	0.581759502400142	13.5413584683689
179	0.925800002331501	3.68452030709821	500.354556547265	0.32863599150626	1.11199758993686	30.484328661754
74	0.92377709549166	1.97209747253015	385.561649524947	0.337152195704232	0.9836897222743	17.1525037690449
98	0.877513541004369	2.10001127083678	516.205092148504	0.326510274811539	1.13676901652852	17.9295119551536
69	0.890227349649917	1.76436731610122	382.843474546668	0.37825696419979	0.981895187530176	15.9337492022752
72	0.922567107266279	2.09275480749519	326.235953656592	0.362912655706773	0.942770595820889	18.0387056782186
63	0.946809073309489	1.86806854813502	352.38266998604	0.351699287775729	0.934829215610108	16.4516168305437
98	0.959527312883958	2.7926044273036	364.997661643732	0.333009205099237	1.00021577892172	23.0674522912811
96	0.883549158533715	1.91911652561367	441.640142738	0.335928769876734	1.08113740551337	17.6510961992744
106	0.756362755764503	2.38188154088852	302.214338006353	0.3868064884856	0.896662974794226	18.9830642961227
32	0.842908204815028	0.716388534816218	297.096381706066	0.403978913898419	0.829400244103673	8.68914902478051
349	0.969468367926489	7.26909200074644	541.106882978928	0.330407492475507	1.14421667839671	61.3553137887239
124	0.886724655776009	2.39475471389854	339.291664763191	0.365019305019305	0.946248251610122	23.2026845864621
79	0.949060408753318	2.685830677014	297.428536710782	0.381153711422904	0.897151314938284	23.5174074625993
180	0.973316841683903	4.84603322658986	414.018165323598	0.352171701960671	1.04851196450624	41.4529693745851
135	0.941349812570646	2.77929156685362	578.553197263008	0.320347599538776	1.16200021535397	24.3314712011365
35	0.845926858894427	0.849051269441068	348.062798342182	0.331120296767355	0.901754265550716	9.23129219355796
130	0.98091957210888	4.10363474551005	322.758792093349	0.351614010532929	0.962587631749447	33.5089581266876
57	0.763647798841514	0.846042374561787	466.979859491909	0.305422354726011	1.10379742520524	10.7803181190166
543	0.990310711307302	13.0811876715881	443.778497555602	0.357596753223657	1.08695528660549	114.365552664122
47	0.924494124584469	1.33903197090997	356.216265514509	0.328540550802994	0.88778961323406	12.6606267649351
56	0.803046308212989	1.03961740240883	382.872604838962	0.33318348488837	1.00636101216225	11.4916520354986
52	0.699914253810037	1.0499545938501	347.4722727304	0.328133068286521	0.965550570213841	10.5816070828925
128	0.984312578851058	4.4452177670613	357.531131741562	0.418955022442093	0.932456367206082	35.6770558153298
195	0.811986154145233	2.82297826559473	703.214360913337	0.316950521896682	1.25451467877448	24.5610402159614
105	0.964522079394228	2.83239928817574	484.231486879166	0.326321209418095	1.03761402100727	23.2275165368567
36	0.883350736185978	1.27748721217856	155.702323033805	0.454332683198662	0.523598449022108	12.1114644494352
44	0.921151926805392	1.30179966902258	278.93694873445	0.420460451605962	0.806457129337268	12.1414044727249
81	0.971294554282255	2.95715944775041	258.768565126529	0.411477527319394	0.771999758345484	24.1781358035759
188	0.977729773776412	4.88794713668033	453.922361356184	0.338570109455337	1.08681682472007	39.3129867123283
42	0.892349180802562	1.43906358839084	263.079919350775	0.395510386419477	0.660751627151017	12.2679186480874
88	0.845263851321657	1.6975515114204	385.606510633763	0.351799893664725	1.02840996431412	16.0203690799614
41	0.835931463977361	1.29262266630391	238.457790148148	0.425613453209802	0.75406550281943	11.4771417739172
191	0.916067960029534	3.22439159851231	507.785238858166	0.313318063323648	1.17946297981207	28.7676251187651
51	0.947360071227864	1.88117410075084	271.507653171586	0.421974891727427	0.750154677679659	16.1544335652502
69	0.775341019483576	1.07427882329635	556.814425742875	0.370308513037925	0.998390054479521	12.2605224897361
85	0.965398509376273	2.60015663188169	391.771895395442	0.370763704881352	0.943692554055214	21.8456729321053
108	0.943287669568767	2.95624008001732	629.190463845101	0.34966994612025	1.15321310919166	23.767644760034
189	0.953916022026798	3.81098609961323	480.729048611112	0.357478055307867	1.1307701375651	32.8452855380649
172	0.948052843848593	4.25917383475048	317.872405213021	0.362735056722946	0.930979008015926	32.2287734879717
67	0.874420251065457	1.69035600758811	350.825251117657	0.399824991466783	0.945897570784924	15.9920101707555
113	0.901971880433679	2.41784329375036	404.413365894568	0.326522669939223	1.05443488458916	21.4411349042022
51	0.722292850396246	0.783805782879596	473.467786900108	0.282083803260274	1.07572311340212	9.95715157013135
38	0.564523911720531	1.04625485834596	317.920331220457	0.414163696398991	0.89771082025791	8.65439794834928
94	0.944185991041023	2.30572869980694	436.098319557858	0.31110847339221	1.09555814287423	20.1095750333098
223	0.830759981764652	4.04525664376043	355.16371760806	0.377882289888622	0.998895260274231	33.6158473430899
153	0.981305710365125	4.22011418033297	450.447435744574	0.338991638285756	1.08082789141246	34.6914784011717
69	0.768113318717227	1.25371946212631	537.55497734566	0.32244279989908	1.10832884458362	12.7111213266886
88	0.937197037016946	2.66001679087217	258.262675599282	0.339277411792395	0.849489398669488	23.195075696418
344	0.976889668446605	7.22544013669792	456.558267570463	0.338736310748912	1.1224476890989	63.2509904754457
210	0.951350885508623	5.16111831775632	403.338275808886	0.344050528025519	0.989133635416989	44.5554610744924
163	0.961605936440568	3.93764851757097	475.461100592241	0.318010546784226	1.0783154744692	32.960444544644
112	0.915530377203313	2.42468813386765	521.688381958066	0.298123677611344	1.10229872995795	20.8303787014029
67	0.925680036323029	1.58236590822549	422.342605502388	0.320330001052299	0.996314589687362	15.1778154967774
127	0.895655165358351	2.07955360805644	677.145239957296	0.291641870012911	1.26235549485199	19.8555471490048
64	0.926759431428011	1.75600341484212	442.481824213262	0.361275121275121	0.967175597614206	15.4686896355089
50	0.796869473810824	0.972439254666091	385.073539222262	0.324691425148525	0.950680483800805	10.6713580272438
224	0.649570589566743	3.84801191739444	463.861070092227	0.338908890791244	1.1040513905403	29.0446111332754
75	0.818913103312959	1.63069869622917	379.619121089137	0.326360078247846	1.05062076949023	14.6997120038599
151	0.95394535128849	3.29869585439348	528.467733674703	0.294930733901322	1.18081856224551	28.1474958297712
42	0.760567149257205	0.71282454404562	380.962336671606	0.343577708582233	0.992449267754676	9.23593749517535
321	0.959370991476102	6.36662204355881	535.458402010628	0.318316430702394	1.16883161417034	60.5635825646726
82	0.970963939636049	2.78625130909065	396.498944423633	0.354053286159989	0.984669947218819	22.4970424672559
36	0.89572744509442	1.05109750517669	329.33819591692	0.400867334043805	0.870803316683249	10.3569144934515
36	0.893300134409679	1.11575168410794	363.855955713601	0.389559542736013	0.787666973164089	10.5608162668445
37	0.773759693136373	0.846376361223326	286.469726086939	0.416798471434197	0.853875445839963	9.2098766215264
52	0.806499762551169	1.32401517963839	481.110746608862	0.332185275004365	1.00184332438786	11.5805527953457
80	0.930759766020212	2.27202793124574	311.620549622759	0.359076347692548	0.902549168361896	21.2923970671513
61	0.891692362671108	1.48472864293556	334.619292394182	0.357329900557495	0.989501584751504	13.9574473240436
97	0.948016379580586	2.51668967425043	408.920507396155	0.320655902177071	1.02571992935834	21.0531258394163
143	0.975687395490244	4.14992700865919	496.158873770704	0.310306911304135	1.1305056421771	33.1623939735815
95	0.925187104758403	2.728924546679	296.420029303858	0.400832575764702	0.894893197694062	24.4517049075005
31	0.879525304428164	0.870730886539649	329.474646484513	0.384521742168801	0.813038384525037	9.22444999950626
200	0.915963210543958	4.55415715863318	413.568541555942	0.367496305857115	1.05503712957307	36.5491277409114
97	0.937731520764538	3.03517720834295	459.317278183369	0.383225506418784	0.983312888214845	24.3038253889134
217	0.947046901610703	5.08272083662362	417.210634480011	0.355682615568493	1.08791326358385	41.6403321689151
61	0.858592850398818	1.30188807201805	423.488493639581	0.314719246465759	1.09371461833817	12.8735794058234
116	0.706913988595867	1.54290819325521	636.64207052013	0.311059014673108	1.2109584943778	15.6565850801572
40	0.780631805664029	0.912010735053817	319.989458842945	0.407669866699279	0.918286114890127	9.48360110869145
124	0.899142542468865	2.44369531815016	632.476456398786	0.333558164432569	1.17863092609681	20.8007310342821
172	0.926858942253064	3.40016239462786	749.579945792493	0.292485909124564	1.30170363731689	27.4054972111572
49	0.916266662612957	1.49655648681707	364.847225610147	0.390485356319028	0.937849368392958	13.1559225422202
191	0.933173407456871	4.29190093950904	361.119447558805	0.405812418907395	0.959879626628118	36.4096468185763
119	0.642776758436312	1.85795226887648	474.027674227005	0.302372634007293	1.15740569511526	15.9256117795591
230	0.982491707847374	5.76897937655983	551.3196166765	0.331153802418389	1.1461236697035	47.7655349604862
78	0.718244994048825	1.27424485824676	504.113168814799	0.330279100492162	1.13424348936648	13.0325939772316
172	0.875085522156188	2.80404405204666	583.419022553148	0.336153245335455	1.19439446646267	24.6544192992843
148	0.888342593547663	2.68627181696861	574.992099463527	0.327703507002994	1.16647454070489	24.1187067010865
124	0.973005487536896	3.6251401682307	522.832457781603	0.359519502187569	1.10403839401838	29.9070062085471
67	0.900770981082717	1.79857324611579	427.527680325554	0.295766196818828	1.07638162534544	14.8043123036854
306	0.977468675487353	6.76375234560133	473.38648764759	0.327767044683638	1.12284373879322	60.1895312261089
196	0.891545072895743	3.60811050732172	362.956860060562	0.369443846887612	1.02467166181329	34.7506604593644
31	0.778933125037946	0.638508132230605	305.272139375885	0.408838379426615	0.866707179706914	8.00022130138414
150	0.970391988565702	4.20584775918576	444.863860667115	0.301439282419675	1.08191047363843	33.4757102048567
53	0.908493498081639	1.69912522920752	257.026453715468	0.394621327959657	0.798679912482121	14.6473480464408
59	0.896324583993372	1.622300752672	369.991332059122	0.344915760653466	0.952924201111965	14.3101953240022
44	0.938999552257916	1.77237171976419	276.322937592972	0.427469634340223	0.834157962841769	14.5515594551498
183	0.975437311772251	4.98851105645881	406.916953696324	0.361667213252803	1.0374454696019	41.2959556069464
72	0.895231158905124	1.62091134729876	414.674901165529	0.345945342415931	1.04897682425903	15.2519515541076
200	0.964186620862481	4.33650208102887	581.961504066414	0.316129053776113	1.17025580134941	34.5513993642397
147	0.766527604624772	2.92108487624653	330.925775018953	0.342442686334089	0.977159114712003	23.4426855384938
272	0.965462342972312	5.82315660096517	405.080331263563	0.351818717533582	1.03605343351798	48.3544520330639
76	0.927192824013619	2.1202578337301	355.614114106851	0.368550342500626	0.967242516767063	18.1810372423333
203	0.941472418892885	4.05873019843351	503.69877958027	0.313823524882348	1.15576808505415	33.8695830899532
34	0.826893698976097	0.714580830281139	406.865063263971	0.335550911804481	0.919337130469062	8.73375860155275
68	0.667933231562932	0.658522299936708	670.378131670292	0.290228407593114	1.22633156750418	10.888179567098
38	0.896590503488577	1.07909811134682	286.007156276745	0.42762369530656	0.816567691817316	10.5032976593305
157	0.906841629924153	3.05363769958217	478.498265013635	0.345724444700223	1.10864984879431	27.325589474123
88	0.558619192474216	2.27136199013286	259.512773873073	0.435387141462359	0.861661056288878	17.7851316699518
44	0.829061215970921	1.02888663101782	422.627937067369	0.332282174793149	0.995061347495094	10.5361608283187
64	0.807610437977195	1.23531833316397	590.70837714017	0.354987691871792	1.08699054937479	12.5841602534138
278	0.948589322395854	5.93257436949556	409.378314402674	0.349016667730879	1.0789327941695	58.3847626875756
41	0.889789284732868	1.22151394779973	293.82563999786	0.348958222100259	0.896856946441629	11.2393516237752
51	0.604220741919345	0.855478055186787	418.679727802696	0.329797389017977	0.987775441307234	9.56231243321271
702	0.988144027302801	15.9526500150767	429.957029169964	0.346254991123659	1.1062274956855	139.33474786751
140	0.986144806057845	4.85098321845476	375.652929515724	0.416289487381924	0.887099464447025	37.1821593809737
193	0.937180027066159	4.05150830401003	478.833479498538	0.321645303631985	1.13768555287626	33.1615016649197
85	0.829924910535451	1.17115584737563	655.746806794621	0.274848239689869	1.2399234466858	14.0880542246247
73	0.756445894169038	0.915251457545633	551.935827960345	0.300083342008476	1.15876184796189	12.2124172289469
75	0.897575605615058	1.66133194326152	392.759047691421	0.334703951923203	1.02924336777546	15.7807161506391
436	0.992549479674124	11.0136002609322	390.76637516259	0.350818691803509	1.05154022189187	90.3500450249341
184	0.985995442720414	5.17185945595754	480.067549267637	0.357095641384695	1.10070198240587	39.9227382521669
43	0.758436453040571	0.659980873477137	422.987307348347	0.340182054141668	1.00064663098997	9.34475161771657
66	0.8976219516277	1.4212711846793	412.008675540796	0.34952493614328	1.03938362813969	14.1781621040496
523	0.964487987576233	9.86547103081228	481.968562638745	0.336657914821991	1.1242097349265	84.6897667923348
208	0.978747795979132	5.17231071173803	462.986602645252	0.327694143878287	1.11406332195794	43.2956496010554
64	0.930498689117074	1.59047560402021	387.327219851806	0.386634119129048	0.970687581746422	15.0553121824391
61	0.966158994709912	2.38503411245855	283.909447686661	0.370823481295998	0.890730848645521	19.4025971818007
33	0.877361087762347	1.10056678420763	226.723868849518	0.353594019551466	0.64325913695694	10.0171206754059
42	0.685200981158053	0.980248570976189	357.666019679753	0.372603702603703	0.943398331712248	9.33399421365869
119	0.345685523281446	1.5519474925825	615.267108017944	0.306788855906503	1.22657415554739	14.3583410596514
43	0.770894662830532	0.769568657548137	449.565024800281	0.352989593871947	1.02319319511905	9.44834744068191
80	0.902342562553245	2.26275716636583	370.779825401031	0.390449737067384	0.970966662497412	18.4562436512333
263	0.960270357279988	5.18961475420426	538.18502995329	0.302836667068749	1.15851927104026	43.2372196702951
71	0.791595704706227	1.21539169611395	445.956859873567	0.328252210589604	1.07337211290533	12.9012988728366
71	0.731496833792019	1.32136640276867	375.234790270277	0.340174198945672	1.05938277107608	12.8330883421212
41	0.773027721106341	0.918298728761707	302.395653384861	0.389322272937074	0.875164811789273	9.45643885191253
83	0.97869018539016	2.89624739023039	333.051703227553	0.373645733495255	0.904822127137607	23.7855998218233
210	0.968156478087939	4.65878481176632	472.791799250983	0.336273276273276	1.12111538359918	39.0499691299618
87	0.891740038763299	1.91307821153578	425.429829849674	0.311044544056392	1.08009151179332	16.999986235406
55	0.929767363303826	2.0047783063603	202.798725315043	0.432724551390047	0.748391455440559	17.508011970807
441	0.972215449640725	9.01870734771184	526.385259867612	0.32137063506504	1.15352718161686	73.9926110551125
61	0.929639628523891	1.99266063011108	276.018831028215	0.396666100367213	0.837957683672071	16.6605845053406
32	0.921540195951595	1.08960037906098	307.299043161905	0.370390543996682	0.753084899192446	10.3791799178298
493	0.992406736362735	11.5108997843097	424.041685581095	0.341398427340601	1.07484851161525	93.4254629090345
123	0.871912881528239	2.63931817651135	383.017655302505	0.345167166217264	0.969101351223769	23.4516980852459
44	0.380089554656938	0.775420280917395	325.174361349603	0.37966613672496	0.916678467455922	8.33637328160039
285	0.975477090518319	7.35659891094648	437.450568441334	0.363042406836557	1.07225391627066	62.222691584446
53	0.847998477514335	1.16322499698524	408.719065333719	0.32293513542982	1.05516899111763	11.6947697411035
35	0.897600144875937	1.04859452578478	268.639100564757	0.380938620281181	0.821638159183145	10.2548642648409
34	0.696438281008495	0.491571872006553	428.867615280482	0.356962994712852	0.960398629238328	7.84766920035283
84	0.967462107300997	2.79449268139273	343.309365257391	0.348685999736741	0.953796170982225	23.2938662360328
86	0.991140635893077	3.83620328945103	299.836913534693	0.401811889848743	0.676398145889044	32.0505846427392
165	0.979145617330704	4.7221721463174	398.394479063523	0.342207800357172	1.02828855868272	38.0422438098202
181	0.985949179451728	5.32649132216052	384.294528549678	0.346292511906935	1.04703442337259	42.4294269537713
92	0.908508252468598	2.42948528794115	376.569429350232	0.35439446366782	0.984070816906041	20.7089041279228
64	0.967662629342586	2.45985584814063	235.595335459114	0.392112124508409	0.7873554362879	21.0356056502568
62	0.209263407795174	0.724901852316082	599.397184878224	0.310443721225108	1.12637011002537	9.35435075282013
41	0.845247786040243	0.875978350045035	354.143156557029	0.348774631127572	0.965512727613971	9.97614033760293
40	0.745021823457469	0.545427131686249	448.619310646479	0.320089597651951	0.996536976759901	8.69929610921354
107	0.730521856306323	1.43570621908018	602.744118535321	0.292898673858426	1.17721574506792	15.257382648384
166	0.968247323629254	4.15090584012645	403.30036122594	0.327745488732767	1.07771147238867	32.3286867494617
235	0.965168679400211	4.7459593302953	517.888961216868	0.329785676192589	1.11270278918216	42.7041617326611
78	0.931840299879825	2.03904779682369	385.445834692423	0.356073308059191	0.998658844919909	17.9470332564916
55	0.932130586054452	1.46934976385036	358.94682367002	0.347431650318107	0.942532645953214	13.8900931971651
90	0.858815037902923	1.7170750275442	462.700870817344	0.285269502853396	1.10974886362622	16.0249274234157
189	0.83235898792241	2.90116024457745	502.670541771695	0.363602660876017	1.0960426318406	26.0609361118552
64	0.966595238692103	2.51436332542994	225.529341667787	0.391571886450779	0.671039525807638	20.8315382148542
61	0.880188985846676	1.56482613821125	289.565023291855	0.430502279914045	0.794809115936109	14.6127092284618
50	0.910718968717208	1.28655547398141	319.431237422799	0.389904539483287	0.905645253797175	12.5537091359727
60	0.701115651345178	0.911247311643302	496.570043729301	0.344676378867555	1.05490951335968	10.8515185520976
71	0.91312907087602	1.8720252033536	332.290842806414	0.346106349715253	0.954127085253008	16.1822776436842
122	0.901994112904881	2.10756032855159	483.828552604657	0.375632646917715	1.04755341409957	21.0783216236156
43	0.924798728886647	1.37267057074932	278.386693914879	0.377805792925278	0.834580380367904	12.3239039387544
150	0.961282144362762	4.68868340259193	360.641787968611	0.408733767580466	0.936870804335561	39.9969229752171
73	0.937948908745651	2.35382971055116	270.721924893691	0.362644165254459	0.911297906063194	19.2452648057147
78	0.779992848415141	0.976491744545185	651.463615332384	0.279283478520363	1.22760137937745	12.8793614254911
132	0.896266070556309	2.18336128380016	639.015658581842	0.343146613886652	1.16212769437627	20.7462257427736
55	0.869576986142619	1.32048397182076	344.501431659194	0.389569059414261	0.947799214337444	12.7472249172548
57	0.595461231912366	0.795121761030325	435.047286012049	0.327895584909159	1.07733183803841	9.98436033532724
32	0.236421188910196	0.554481869204412	314.432052082509	0.380749559610636	0.890807891638398	6.74582521705612
102	0.857964638054646	1.45097335415846	665.349489698244	0.286957983799194	1.24207410746156	16.1572438821927
111	0.872047505960536	2.06662921658947	622.088861059502	0.313831856356964	1.1994035023098	18.559202681362
75	0.671622031827218	1.4358352571023	396.424242551423	0.323118575359826	1.00064477953686	12.8762408331397
157	0.968657698586257	4.18412313089452	375.885698702495	0.373828644890338	0.988924352132617	36.2315002166062
120	0.83654292064563	1.52963898310683	741.88479312476	0.30365874015509	1.27694439607249	17.3090847507521
34	0.955937162614241	1.40779482902653	239.13025700886	0.367060810810811	0.614489519000704	12.2710849675883
188	0.975299514291476	5.07329370656763	551.69564904445	0.352921162121666	1.1072598292859	42.5825189682492
259	0.945503056308587	4.99680491039423	448.422954837778	0.327595640181366	1.12411473778086	44.6339805837818
32	0.89018630749367	0.878855037981565	267.245540125678	0.370859182085715	0.829186767081238	9.48711010568712
156	0.866124532174782	2.79400029213296	417.898804521979	0.351127565097273	1.02020875671221	26.6328705559965
38	0.835481271154089	0.868704356388692	365.260180431667	0.332446873787027	0.91255150014	9.64772326580844
86	0.934806678097084	2.06514974126812	433.325938241163	0.300326705336193	1.04035427292582	18.2821355039122
81	0.907326140565664	2.1362851891135	421.104904799962	0.363052961049285	1.03054177518834	17.8536191867356
85	0.86404740164751	2.16548397358463	339.98964738796	0.359991407099065	0.967734563917119	17.900219563105
44	0.735443464835784	1.03256493300896	334.640959799763	0.399787245081363	0.925535074695737	10.0979639832573
65	0.939606175722803	1.90468881638272	326.004996937655	0.349555575467049	0.957109278889738	16.5182392307283
616	0.988312066044109	12.4870582633333	547.014315497706	0.320587764750224	1.20488236264065	109.198070779416
115	0.304287870971835	2.22700709272398	300.417452098132	0.359245492632803	0.914394074468265	16.6366812997834
219	0.984476609349397	5.82016664128593	448.52853516758	0.330042583394875	1.08686217125441	44.9529143111122
54	0.954303659404717	2.20945986094536	240.078280505723	0.455498870920377	0.703323223769064	18.0605754888979
118	0.948956747403331	2.95806969933153	441.72715673625	0.331387656456002	1.06252802359471	24.7841774042359
34	0.87970797680554	0.865913612230295	314.058308194751	0.393249477851554	0.847925307756172	9.60755035901427
56	0.591540189821564	1.29862173755532	463.595749128511	0.378702951582209	1.02318516926129	10.7770419267471
316	0.943052239068408	6.66335490502801	439.133952410061	0.34724038671473	1.08135889437946	57.989634022333
111	0.911288189063715	2.13791957230747	514.236022753614	0.305889014497336	1.21557741370236	19.4749191570976
113	0.935321064764569	2.40398669980313	596.802404924721	0.322605559664383	1.19175275466152	20.9093299804006
105	0.969961523949485	2.96169190188046	428.225526890435	0.350615243166625	1.03134979914411	24.7812837227046
135	0.950756089889331	3.54097878185888	356.11038008092	0.355359013599805	0.974604616885734	33.256055498691
45	0.850484335322028	1.08812055609583	376.796526878818	0.311014209172777	0.939758657594682	10.9132659113547
226	0.959059253275219	5.21605755312352	555.696741244712	0.318916957627092	1.13918862185454	42.1320366942457
58	0.453693019455859	1.21787481396004	383.347894311454	0.391323001323001	0.970896720118095	10.5955296848223
398	0.981827127012011	9.41576002947728	397.895689769225	0.362415447334311	1.03917892946573	76.9536053133776
58	0.832253109372379	1.34572952714515	356.295673128066	0.330419009795025	0.978482815591361	12.4649312709426
79	0.853576538357179	1.69207611639295	318.975978357936	0.366435924835153	0.845761792207572	15.6196933084641
79	0.853216973437042	1.66486695793311	415.155505714304	0.345099020117403	1.06908099849271	15.1738187250363
67	0.690596773204676	0.704024795138279	614.764077145332	0.274819239706117	1.21054565320179	10.9843008301177
49	0.872586040763623	1.20017603895099	315.527460332443	0.360538985540933	0.931214677616999	11.9643549422189
98	0.966381524916086	3.29911220602261	334.239050876497	0.420930041390927	0.91993429251129	28.6493614270393
90	0.520726295346619	1.09237440783893	574.257247780237	0.328208571173595	1.19764780028906	12.4427742824204
132	0.924168211388904	3.07957679568055	359.120905306364	0.383900329603655	0.974601231125462	26.7816306978884
74	0.972372469685042	2.54093451890827	361.145127160338	0.343456836274715	0.865417949678234	21.4110884468384
97	0.952958117753799	2.97167175732002	388.110681992908	0.3852126988395	0.978200228091335	25.7900484814521
156	0.929296688055057	3.72295824486492	325.745406932986	0.390607892774821	0.874849848476878	33.7489863637112
125	0.86801505522936	1.9588202218021	658.554793226406	0.296828636994727	1.24387804898705	19.0083096947917
53	0.771904542470475	1.10734089563001	419.302156420469	0.338510634040046	1.00784455679738	11.1605840795102
151	0.971876149842892	3.96894430634193	352.526406185808	0.369227356249261	0.968980008126999	34.1037137586617
91	0.858031764325044	1.43880516143094	556.638279602295	0.281453993754518	1.20444203997537	15.4122550221769
72	0.825940562060671	2.17964121021223	248.134651023491	0.425476336064571	0.749775781806455	17.4649741175943
60	0.95524890792693	2.10775171880251	259.780811006215	0.408031098082101	0.83941557150457	18.0738979737863
131	0.907363034850723	2.53971541592674	606.846277154173	0.308705896938493	1.20493705973168	21.9491444536566
122	0.918012099180135	2.97386248215375	342.563031088256	0.362463829606687	0.982233481107128	26.2226116745456
117	0.84394747747106	2.02512248462103	508.328753319292	0.319441810105654	1.14710755915024	18.8539578752645
64	0.926124823840609	1.80785939465049	399.831857949739	0.325252096849589	0.952400986644118	16.1258929406768
64	0.948053078477299	2.00411217056039	349.605219652101	0.403899339361524	0.898487114911314	17.0293089231442
85	0.889245888202863	2.14949062729375	344.079870470576	0.351789970864657	0.959332651938167	18.2427641251731
72	0.841575540811422	1.6688016722707	316.111241400308	0.361087381418264	0.928182875110077	14.8812084028356
92	0.850176937371158	1.565490290998	324.369868736521	0.357778094673402	0.940858557113103	17.0261213485864
96	0.957365490945619	2.64710355555158	450.956252042248	0.329939629667547	1.07956104426057	22.0230808071404
75	0.753336978886285	1.39848538613998	363.381377714738	0.350390473836898	1.03545368034141	13.5068777489418
33	0.737070430259623	0.619157011729896	341.051317751196	0.346406538171244	0.92998851554929	8.0066138568845
55	0.759596300985091	1.24651929215123	346.700129057426	0.395892806186924	0.904223033184597	11.6301100883763
92	0.961232902177612	2.70353500370114	363.424782513184	0.339097426770585	1.01848812584417	22.6108376342855
214	0.982270099119921	5.94360254868892	497.137581866364	0.325995923875247	1.12319254960711	49.5779344723625
80	0.965752049705648	2.72520264932809	307.904444656695	0.437643549078269	0.823328312178051	22.0447389940509
47	0.87915609355498	1.08937090274705	351.369096168253	0.370307511379228	0.953657786565812	11.3150027296398
65	0.938059540967903	1.99044598532003	454.421172621363	0.35462736704116	0.936319268442654	17.0231417506864
170	0.972753595136597	4.59004217459252	297.141574033448	0.412578092678218	0.885481224858957	42.9237893893571
273	0.986432453189974	7.53622143604682	405.676583137822	0.348849675364381	1.05241933133738	59.7534983135539
253	0.974109011377869	5.24055195056822	440.812373567878	0.316133576962643	1.10397413302712	43.5035731513251
92	0.806059423289062	1.30455540572691	591.716531359565	0.269795816266404	1.22570636556246	14.5739207580294
214	0.98775125690945	6.74919854594267	373.698064093253	0.347482906764531	1.00371514841502	56.3599095866011
43	0.787915475484244	0.909007061785166	382.944491562851	0.353673657820717	0.972577555177783	9.92939952958154
44	0.90272412078127	1.16594318368139	312.13490143034	0.33876096911391	0.930008090040375	11.5411340484202
37	0.9115898774531	1.28106066118137	251.126332339597	0.366361380621963	0.800547443428038	11.3141809662077
174	0.957265413982697	3.59627874891936	490.498100990267	0.319857060114413	1.14627870697208	31.4129738001569
92	0.954646874092065	2.63135409039679	365.07752172303	0.353754924864688	1.01746853303816	22.2329699546175
110	0.980407650282354	3.88741134185914	291.821535683522	0.369425837509329	0.887543173816155	32.1021210345187
55	0.931940946755719	1.59809252068208	326.040453589728	0.330826536411312	0.941683212927912	14.3758308181653
64	0.933467603808105	1.81401885208641	355.843040233245	0.385171829552557	0.932418391728346	15.8950205526975
53	0.380522175362457	0.865660621300621	471.920629113695	0.288409909664339	1.04291782898946	9.16395528494023
139	0.907990544841038	3.25395005016111	417.862668110029	0.323224279409982	1.05819284964958	26.627639468227
53	0.758263758647502	0.606006673861702	532.091603257324	0.315741615023421	1.09236744420025	10.1518768087551
37	0.743288837461547	0.800712054887052	393.853955402014	0.349851142569744	0.87249379277007	8.81868768122766
35	0.879027453229818	0.889934297136612	340.761189951201	0.349853025617731	0.910344180513161	9.66083082254565
164	0.96747628908499	3.8983408928597	468.509475705654	0.31714273619251	1.10307192215727	32.5005553382555
51	0.820250312097932	0.906386204575947	496.945444330226	0.329736216641588	1.07335769493614	10.8481257114292
81	0.954583291115189	2.56080303959563	303.384367857287	0.362753070528006	0.93013544169286	21.1424046458424
134	0.944700898584577	3.85937141424123	293.000068992158	0.402405006150681	0.889579329652537	35.4816112679475
78	0.912685663113326	2.20458556360028	416.925945467227	0.345490910719669	1.02249692411732	17.7649036533425
31	0.965275272558061	1.43975276007622	144	0.427509652509653	0.566781691354701	12.4480125446485
42	0.648912188577415	0.469898463645506	448.228104215972	0.33581140375258	1.07664074666329	8.41136433540968
161	0.591565659856808	3.57313132119601	366.623652581561	0.375387056482947	0.984258343276669	23.9978635389241
270	0.990194748167118	7.10178146879429	507.723908717455	0.322998329919286	1.12578247709659	56.4535068452928
216	0.990359843854552	6.17062520170448	409.949868065146	0.319737971599328	1.02227191716418	50.0451452521504
46	0.657822162366141	0.514178157031055	419.891806515136	0.336691337714706	1.01383655466509	8.90921827814218
32	0.535826496196929	0.428522138570417	348.414003365331	0.33359830418654	0.9702587655245	7.0171655157578
134	0.936640125381486	3.03883263955274	518.310780412035	0.320679398334424	1.1662256152857	25.3921993479476
71	0.906836198663061	1.77725228744114	508.388898088749	0.302916168657345	1.07182193215622	15.833516239407
31	0.805212212264768	0.616648318816546	350.618064620885	0.344484043231671	0.904143838528517	8.09362397825958
177	0.977415274874758	4.81101620032804	452.556387726201	0.326786364613951	1.11598255781079	40.8543450742192
114	0.959448493297883	3.01338302931605	417.116050949503	0.331158560510673	1.09975858588558	25.2661749754378
71	0.722763438323975	1.31151314133951	252.802320366774	0.422937496319849	0.724893134733243	13.0438505095609
60	0.971542708011222	2.68006127527617	297.247282013541	0.466182111319598	0.787996278819344	21.7767040054036
185	0.832335903630226	3.50937736116513	412.296143257518	0.35894784326555	1.03724431895387	27.9577971205691
61	0.85986227107837	1.11269281072759	502.352763061295	0.316711668476374	1.08380200426517	12.4257099741149
35	0.736501772745452	0.625248569946298	403.201949202731	0.323770479999177	0.945348502819377	8.18379058091172
57	0.782314847577665	1.42195884254035	350.621453831632	0.371828159122277	0.942772991253455	12.5616324838591
176	0.983875428965061	4.8106655245554	463.764620401434	0.310802510010069	1.10631770657312	39.1345099069152
56	0.862440773742043	1.53214144478724	365.513817908925	0.364241797293701	0.975411367458863	13.3553312641608
193	0.971536217531116	4.37685424902271	490.835212503054	0.341611069701821	1.11665762687511	36.4817725323528
64	0.594833191625778	1.41094693829954	351.92833018909	0.345459798406947	0.945604585681091	11.6841454208738
42	0.911669232823391	1.39435241605739	277.238273510501	0.419686248475176	0.83663084037383	12.716818024597
39	0.778616185161916	0.707720189446923	436.116707957782	0.31138985365456	0.952353248301533	8.94363025862357
44	0.464751035113788	0.713963800101833	364.568579925075	0.350969325727111	0.98188713364975	8.41283467583192
36	0.795716085079823	0.704723641578863	317.351634163072	0.382574978149722	0.930545540970078	8.78835827227904
256	0.975568145222782	5.72819582086586	621.964352087776	0.290970254432164	1.22395574690904	43.9821247172912
37	0.830127738215757	1.00890598714716	250.225292967336	0.39742240316182	0.799383511685801	10.0912870836748
126	0.620991835152004	1.87494314916108	369.186823417716	0.339303187751847	0.956920248101071	18.8732492512997
77	0.952092993489791	2.32316050167506	316.647680377394	0.416331467119849	0.885251994758839	20.0553970192044
116	0.951031931089427	3.61032746009159	342.830956736315	0.364933193807237	0.916698139404656	30.4940266792413
84	0.959678991982208	2.66395797848067	373.286566220325	0.350360989521922	0.964121064315459	21.4522039288458
72	0.843871600650027	1.39130417447039	495.372905507576	0.334061644731016	1.11459561841915	13.757950329804
152	0.987322966874708	5.49116737460645	364.324739773912	0.401172884672386	0.925979318818445	41.9497823281033
69	0.958748779853393	2.17040777233226	331.933309021365	0.350433952938697	0.949753411279624	18.0584418433229
90	0.919083513019298	2.00851017262728	476.176673975265	0.305971421158226	1.10729745584224	17.9115043015972
77	0.863520099669774	1.3236651377578	503.398303348582	0.291986330221624	1.15320828503693	14.2127177219797
226	0.973548390388079	5.99141434894791	348.220884341236	0.386805694722497	0.976680921895221	51.2227126521743
189	0.976140851979237	5.39805954629689	386.55917999933	0.369915266987635	1.01951864869115	43.6239066636326
50	0.921232785665922	1.31111226295291	392.182964695366	0.3997800768389	0.939745784630363	12.8863364655159
42	0.968601338943865	2.07885116434562	235.348823575811	0.514165057915058	0.573321084423477	17.8716533570857
48	0.855988084840948	1.49723560714412	234.492527333666	0.486123911444368	0.783004997722669	13.1979500612375
105	0.97059638091421	3.12232001975135	443.698842161408	0.316164143473576	1.05401097788677	25.6829222162698
50	0.630084286066882	0.931337153366023	400.223716078101	0.323563859290614	0.997158138368056	9.90234944082713
39	0.829042739640114	0.780709087339828	359.980674301078	0.34600051589671	0.966171317031628	9.46363105674205
109	0.952792935202824	3.27279400616589	378.388363829415	0.35625142541332	0.966454278378673	27.4933876258021
345	0.9632610438969	7.50229626302894	479.543085729224	0.347785649838417	1.10501982048356	60.0836109708363
362	0.99430322306706	9.19422028433864	468.529944843081	0.361407707847336	1.10172936029186	78.3078515805189
39	0.798200037051259	0.677056495955948	429.579946472755	0.305614882299374	0.978510949002918	9.05717738780102
213	0.916520795545277	4.44237663104727	545.20114765117	0.348269953052897	1.15285465240093	33.8344052991904
105	0.954524912453035	3.19021240125279	365.976782844973	0.382876848199836	0.972157407645241	26.2102394783719
405	0.991502745713347	10.5243475071152	516.336915042882	0.347070944206456	1.15986811782093	86.6517140929847
45	0.953690439195859	1.55886596408138	249.700747797136	0.449979830576845	0.647532086464316	13.8452818811327
172	0.990967250009021	5.85308802568291	324.308614234283	0.376435274624129	0.991187759176837	50.9619103105952
50	0.834978140130436	0.980960256627966	387.385623070898	0.328978502530252	1.00915432953367	11.0019469396203
71	0.973667085170476	2.68003902334582	291.327502399179	0.347519540363629	0.855579023593418	22.0482535680169
418	0.996790395466201	13.1799303464918	372.738991578116	0.353318305563455	1.00226556053509	104.89417768331
99	0.870853995652557	1.90447189578102	568.707111778417	0.33242517003603	1.16804079590744	17.3169502542142
111	0.926756713335492	2.40207487758119	472.329265567195	0.306288959746636	1.12884086448648	20.727599528819
193	0.92046451883747	4.3236990671815	370.874556896791	0.3745892022529	0.960415422698387	37.5848898268544
62	0.949171940919205	2.18989997251196	333.942230035408	0.380578654488689	0.910273730784289	18.2290409469184
98	0.726066521557777	0.881612017710187	819.487698871807	0.29030388475867	1.30238721866226	13.5618705070459
49	0.854506884340953	1.10089610709433	400.006556231718	0.346530816150193	1.00403127060483	11.3695431006125
56	0.393258231303328	1.43762739098974	248.581295293492	0.427410351527999	0.832041831555046	10.9464241600087
34	0.567079874061738	0.509808366340812	385.21947300225	0.382297788872183	0.918254833293522	7.42252097159805
201	0.984388604705567	5.69230226626025	368.769861035508	0.34589702446377	1.00070085118385	46.8109790645122
53	0.916004856649688	1.63486076383077	338.608928051685	0.329289324684728	0.965444577539086	14.1613194787537
229	0.978681306021584	5.72556745561332	460.379869902606	0.328905563998135	1.11988532664943	48.5517700455267
251	0.752564044836152	3.62079148040802	329.25214087685	0.400853967264593	0.953625696246063	34.8391105597225
33	0.882510157288876	0.987658226584719	220.982352178711	0.390406493180487	0.804917062418751	9.74306173618906
138	0.981154397284474	4.50318629304151	381.959302413068	0.361647720452275	0.978224511105841	35.0403765913808
172	0.756020026142476	2.70059627792897	492.595475212094	0.359721785003207	1.14261392248298	23.5477195331827
87	0.587926540985006	1.12121358324976	609.78382959048	0.282732905162925	1.21443642077353	12.4736808246357
110	0.801523053006763	1.94985382526997	598.594364559708	0.319122861740178	1.15569532404592	17.2374280001293
101	0.947869003670826	2.63696361027195	461.085992505618	0.328401823079011	1.07231342119845	22.3146668451467
78	0.93772510154916	2.40457442704452	294.23705408687	0.370654707631625	0.847387973820405	21.360873354707
31	0.905293463043137	0.951071630702947	261.200191658358	0.464054054054054	0.64768453000344	9.56454075151935
56	0.920759897499661	1.62678778989088	342.481342264066	0.379296114404474	0.932294280665955	14.758635668771
44	0.646825794611388	0.758199300297286	448.341362559979	0.355241549376756	1.01693294956124	8.91529297148236
143	0.938838052330039	3.2461718276251	383.948987739962	0.341583507933333	1.04898374071448	27.9949857743183
70	0.973468887114498	2.63125935163849	280.366347653007	0.403696519788149	0.850836628622335	21.3017216125873
88	0.936992187442557	2.48921855743299	354.847129845172	0.35262609156471	0.930851556621684	21.5540964736206
153	0.936596482126924	3.33980848175662	501.156930626907	0.328841391191989	1.12662996353977	28.3179977280282
124	0.958606874341626	3.38293174697399	410.854724289504	0.35460426018503	1.04791406196528	28.1810738333805
122	0.876402213789834	2.63712360144069	299.449834037871	0.376710252070784	0.885696211662746	29.8914329120831
209	0.930383722949541	4.23740346839972	488.739619228059	0.331580535961012	1.1543262816561	34.7654832382289
48	0.600779449659383	0.426267086241322	567.807767700919	0.303538147067559	1.13168969927466	8.75007718682559
100	0.865377697810963	2.09150456427176	476.554788772723	0.314340955592979	1.09514319940708	17.7570086938115
41	0.810616813139674	0.749976569377852	380.42212291831	0.318213752998376	1.00133030071772	9.45391687040096
114	0.797730537111564	1.75567074930647	509.837927136214	0.359560616175853	1.10564970190205	17.3442465859688
108	0.885536291239933	2.11792556126758	418.915489512749	0.32885106328833	1.10542218090574	19.1584632502412
34	0.840280339829487	0.934881231234557	295.903942763292	0.378578471519648	0.787729260351931	9.36839410240181
38	0.379216124063385	0.242424397284184	512.217896549415	0.308302196260674	1.04985097068079	7.21312055761533
107	0.914602909774852	2.4888488846771	438.854488001834	0.34187547053239	1.06283729078599	21.2689834055666
36	0.777831327723527	0.630457066471966	339.818902554221	0.323315196726961	0.950991282454765	8.57991930112044
35	0.893625950859391	1.19577556789555	193.777984345114	0.415154084565849	0.720211015627251	11.1247349775539
31	0.74831236951311	0.64440849755755	365.691430071624	0.360204997399567	0.935188809269539	7.91904078130048
120	0.850832527158699	2.27701043680129	519.834258245888	0.304613426687653	1.14947572543425	19.0813596250161
58	0.658843398424781	0.819083816835616	462.805083767335	0.343343300971384	1.09153415620034	10.3635545058023
88	0.824572895833021	1.61498532541533	482.066914790761	0.312938502865481	1.08405606961175	15.2817069965972
62	0.709555375569246	0.964470837566573	480.71820538734	0.341692427490747	1.09618863341858	11.2049779544691
83	0.779110662544622	1.73568586343086	336.785600102343	0.347205960836792	0.963849967030487	15.5102043698616
278	0.989244688883069	8.44618103053896	435.194322661756	0.362637505884458	1.05363943490188	67.678897928703
36	0.914568606601586	1.19607007999096	242.593104426087	0.387076250458603	0.725610251615394	11.3418857236376
69	0.903639753492805	1.44210232690824	410.186385468567	0.31369794200182	1.10742881001005	14.5419787273705
85	0.854026069923781	1.65581447832076	474.533299199037	0.319746641911348	1.091369202792	15.6350728103704
114	0.940483643099534	2.8473217170802	420.015330281756	0.364871164670847	1.01246560471177	23.2603573540041
195	0.964571224403098	4.77454987232665	433.83803709888	0.338513298878537	1.04323998201842	40.4254121027842
51	0.51776392980063	0.562058089045889	444.881927619318	0.309254775137128	1.09061598972593	8.92088627644292
204	0.992291877221013	6.4345811910834	439.581841938324	0.324824397270123	1.00213974842714	51.358954043247
43	0.806351702751972	0.881492435500769	331.835133151551	0.370965216553452	0.966260914888029	9.89864688695049
182	0.99388173025668	6.64687004783996	339.915318145458	0.342694541171321	0.931771789893126	55.0117848767729
57	0.220145455671495	0.760880962211238	455.417734900983	0.331957529816739	1.07871802506637	9.12765218039477
31	0.900952789147746	1.07751400685471	252.28030424	0.443323818470877	0.787205932802346	9.96973814477358
67	0.975841642737267	2.59233730796742	253.891039719052	0.381840716924123	0.733267784834619	21.4114858093491
71	0.959792057364557	2.33452042719896	387.153802317751	0.318161412689205	0.922030390300385	19.2959355523527
66	0.602499110001359	0.780499860147409	561.488206442654	0.299426130052316	1.18417294085919	10.6537690998494
130	0.984288072442173	4.22761216653987	307.322638824215	0.373447427246031	0.9140182586051	34.4980662545314
258	0.949463583251801	5.76110208529589	504.806589342553	0.348101981665249	1.13918921575198	49.4974293418024
107	0.859340582057068	2.48571452991604	318.82106102124	0.373038090881228	0.927328529839083	23.593162803927
42	0.691458511671182	0.57304099362505	428.996864806499	0.341316987603472	1.01463646959191	8.69319439566114
145	0.990433962997625	5.54106240694619	314.075720254153	0.381067102208734	0.87192318894166	45.3356532084255
276	0.924832157500664	6.32987656195193	404.001222732353	0.364713580275755	1.01614439905731	54.1254481454231
131	0.854459142993149	2.20918195137246	582.872059962229	0.315988461510283	1.19636137449819	20.1894292808259
179	0.990430135711112	6.04953180562464	383.365798483799	0.36608614663723	1.01747346747899	46.4169268821467
32	0.875631220746078	0.871353112101808	313.177643462569	0.308429208881697	0.927174378716651	9.26752470647844
66	0.865149140031041	1.42467234222623	414.933093930295	0.328176059656405	1.02396715390812	13.7694725798435
270	0.777236967741636	3.86640235386289	422.544896519675	0.344144810436899	1.0855686878956	33.0327070084962
42	0.643785533447683	0.425323453943496	428.000754214744	0.300472166106841	1.08783425887011	8.34352399844235
61	0.886499789110806	1.35592299111844	468.678899823897	0.334479460587355	1.02203282314061	13.3071388185331
195	0.97989814809424	5.66632193224585	413.721371894019	0.332157589169019	1.0700263426073	49.3570541759552
40	0.762899404985982	0.66885272365415	431.980620841594	0.302303648707823	0.98614164099623	8.95180806337581
83	0.780577329180053	1.42875467859451	446.89700769283	0.374154761507703	1.05141196215464	14.0582449141314
32	0.695728235074394	0.89434339760643	391.143806450166	0.348119861061037	0.975650847590432	8.43804793013176
90	0.671185464348606	2.02201045314145	243.626751196599	0.384806761512644	0.874290789180398	16.1312632615459
92	0.858760583617129	1.61225453209727	561.400051257953	0.308709491035431	1.19786285213187	15.9154659785946
80	0.925366987527624	2.27247733619026	423.619369086888	0.326293203352027	1.0618040136227	18.1080600210606
122	0.949840621611052	2.94340599570518	439.527846585894	0.312791910236028	1.08142419812904	25.3200062598619
92	0.888717835872509	1.75487219089931	560.267047958145	0.304254240932441	1.1777181835159	16.7275541476506
324	0.981697900182379	7.68949546703443	425.269581326266	0.347032092163938	1.06584435132657	63.6473754815724
105	0.725226553117283	1.65013940831377	612.299144795386	0.302661562920386	1.22344440549887	15.6235473646636
90	0.960883667196462	2.959938855681	353.35329656397	0.373051286749078	0.864425588685371	25.3188576207953
69	0.845406129296722	1.66816224846252	346.50768657521	0.369286163992046	0.958892334270827	14.687507319637
405	0.985392096619689	9.37458088626733	490.116607383934	0.339592598104292	1.12833614681963	84.7874728306112
36	0.90675026966519	1.09770787705516	297.940857530606	0.456121718199783	0.760029001937652	10.4904702253236
85	0.954186185644033	2.55887617624265	326.846729690697	0.336165345462975	0.980659734331637	21.2143703770608
289	0.978192209581465	6.66294006385837	472.082544448048	0.347143987626578	1.11087336465118	58.1225094921618
31	0.912787662094359	1.13891631653581	224.261048230183	0.3762348555452	0.613791133720572	10.4928320037345
59	0.799517747502744	1.62994983098801	220.033743795202	0.435988620199147	0.669334323870797	13.7351928789684
33	0.795706376159697	0.778931650031393	290.520001179599	0.395363672496025	0.828329259189171	8.7360393330987
188	0.973586741223427	4.6085882263033	389.905187925691	0.32495595216423	1.0743243109951	38.8158912476243
31	0.556057848825142	0.581312418701448	330.969433012617	0.351562100611874	0.902200201231396	7.24054478045576
95	0.866010063482156	2.00203905842508	425.424391904154	0.326270273467505	1.03689567567401	17.5503862265565
192	0.948276075346712	4.59636518069345	352.891171435882	0.376801272676752	1.00548782819256	39.2154451474963
32	0.823158358904251	0.722809617060896	391.746846151326	0.378909421600285	0.87214216817943	8.53341727350083
93	0.926780604956241	2.54173797690603	402.536247666479	0.379937092520036	0.953770523029188	21.4423581163227
65	0.557748409628633	0.555989241794536	667.200205526449	0.295637781685835	1.19507226534479	10.0872959786692
41	0.435157431824853	0.334072118629395	454.696861764903	0.304954623148878	1.07884420801764	7.6235865140695
141	0.714860108610901	1.29801109980314	927.093702148671	0.280393927217457	1.33230619509747	16.6673957395077
103	0.969066576364242	3.00695175181617	401.74479738697	0.330469713646184	1.0535056537108	24.2493451736425
99	0.960662950153722	3.2185155433333	400.153927115925	0.361540839717107	0.989875191141197	26.6167648357962
40	0.802199965344366	0.846866579960385	342.458044014962	0.357774325026013	0.913713373292051	9.51078468577741
172	0.967647846594911	4.25733980944856	436.613625011379	0.347488671075942	1.06178285425083	35.8379144482401
189	0.909914652428962	4.0612001552454	422.439680907755	0.346567816259881	0.99526908027482	37.0322931944572
85	0.857975245097606	1.3796626975581	548.106274463159	0.281947693500385	1.18753675572946	14.825400311284
291	0.904949748189512	4.81220164726366	391.018558301599	0.351871562765882	1.05439233805637	43.9458808159811
52	0.909012163686696	1.34238737321779	381.923643612667	0.367095511801394	0.899247544084949	12.8745295100042
131	0.829505400647359	1.99784137577043	417.285978523525	0.340314567320672	1.08464541166292	20.0543846218852
199	0.818548983326199	3.51123837927771	441.55142895062	0.334788152164277	1.08449078197767	34.2066491871234
56	0.609858388230642	0.506619933326644	581.513393254571	0.289814919090937	1.17039991985227	9.54869984567378
337	0.911344942979662	5.1238436390822	496.774791628593	0.320703130623156	1.1642388349235	47.0043830090931
38	0.692187257182418	0.811886500171067	325.437342726806	0.381675774369273	0.926242719258694	8.69281888304524
81	0.684005632835792	0.741396891083074	735.769805969246	0.274156169744405	1.26826392124689	11.9974055630116
89	0.869244897278844	2.27821865399633	415.189107988973	0.351475064918603	0.995403392431924	19.8944176263468
40	0.913918566635983	1.31273655416339	299.073944861527	0.39936231393245	0.885616214665859	11.7948989819894
496	0.993787311268545	12.6737479329348	455.593910449872	0.332305717304455	1.10907037841949	102.58868985486
36	0.783673994952586	0.846072162584576	299.746787103374	0.403055113937467	0.861338315131982	8.91367232741302
53	0.902893121506576	1.39203897368836	329.304605259946	0.375232362761775	0.972664364078083	13.0854029479597
38	0.850079091040419	0.986541526537185	312.787662416581	0.450899227400775	0.75799362451034	9.96035591730369
38	0.683209919813189	0.478306715599379	361.613961038575	0.31118610903257	1.02488917030719	8.13352892112493
400	0.943348794932872	7.42978231070533	415.343729825355	0.344268009090008	1.06737207375113	61.4878717718099
82	0.846357677809266	1.22671568793523	586.824737368998	0.306962577069919	1.19988944399725	14.1851158977272
76	0.804105512355921	1.13235319433975	631.590050451414	0.296705676898618	1.1830838084579	13.1963070437611
112	0.717251130326578	1.33873664960103	479.83291630903	0.34898512868537	1.11112648477342	15.5890009782198
164	0.981560956228767	4.23036234901544	470.825464507776	0.32272535743016	1.09391388052495	35.4566917953514
123	0.882978753264189	1.95072839873776	668.878239326623	0.271989576231577	1.25855350745131	18.9230895955499
73	0.769429292800194	0.974508073184497	609.601120832505	0.277692754847458	1.17352131453286	12.4594489173027
48	0.741052305075395	0.626137567239538	534.055125501994	0.343175695528637	1.00431047060671	9.51003729427264
115	0.939824812148757	3.01449542642857	348.620506033752	0.346576162246365	0.967560827335418	25.3111548326785
118	0.886967211373211	2.19567003082768	467.509024529197	0.315111848798932	1.0807321943695	20.0156691944177
59	0.987874937718403	2.9664704102257	203.200397378796	0.463980343980344	0.616843192227503	23.2910041366464
49	0.773964557876206	1.25334235862357	375.225816294421	0.406660110801932	0.91142746507444	11.1510952362539
89	0.638540739827496	0.974625947919191	650.795837162106	0.289793182734359	1.19812424894559	12.7214463092783
50	0.861896893875634	1.52607064178242	264.430444061925	0.422023282812969	0.855638059611557	13.199910100305
83	0.97448165805411	2.88909322036068	339.602284087878	0.36915214741042	0.96501443238131	24.1927095256535
225	0.982359412476695	6.42074821749955	312.41265056731	0.372509868250747	0.926694111294902	55.9931296311255
189	0.812046316193402	3.11071512032149	333.171228950361	0.361174625880508	0.935524358754702	31.4622314342923
69	0.944968799571724	1.90732604982585	377.831876390553	0.377417650536917	0.950476270072669	16.951537286721
91	0.975253790780352	2.98933273380603	326.98341440798	0.386039569937664	0.89299534204377	24.2335795523973
179	0.987252151611554	5.85376781984385	300.538989794121	0.386726385190848	0.914905585656252	46.7258357845739
116	0.578853900216815	1.89040202009065	645.073031022191	0.317840406663936	1.18415066441008	15.3639352228963
103	0.931148719724331	2.11233769579741	538.005661479608	0.333343846346942	1.16052321022827	19.5864642145163
169	0.855210387587432	3.0708791997639	463.143292582917	0.330416245714543	1.12125564058405	26.0211297972083
244	0.903378352657458	4.58502521960195	311.154639861333	0.382121390919141	0.929738575432396	43.7013984522841
73	0.625142728157624	1.13516830763809	593.023602117617	0.304695557596684	1.17889747129794	11.7671055791946
67	0.823016870367233	1.01415455773143	517.182251989102	0.294052397522986	1.1584591002104	12.3245888465132
145	0.9652355585153	3.80017985866859	476.000124023641	0.340535116830112	1.0767651047996	29.5625046763109
77	0.891578014089951	1.42443870493983	580.303245967894	0.319513615585871	1.13407721860784	14.7499351885048
91	0.63922525953505	1.49711948420593	289.962632797744	0.381679401219043	0.85296603779707	15.6746883468761
335	0.981610826646873	7.09131370787639	475.421104312018	0.321772291207352	1.13946732142793	58.9623934427038
129	0.921350311321986	3.32194644770937	300.538890417406	0.372249205623819	0.908118955771487	27.662301985043
79	0.941128021387316	2.43963262357901	227.027155609341	0.407718089207612	0.814965675136029	21.2798479245803
42	0.615446932366494	0.64977935921156	391.759233213003	0.342404116612261	1.00856636049009	8.52564118978807
73	0.843572391377165	1.27232707573087	526.533308455537	0.345673576291223	1.09559360823331	13.4683877259255
84	0.952783023051986	2.57877954024997	303.641610574363	0.347060167832507	0.957640886314821	21.1309805133015
173	0.958995484216342	4.45162981912284	379.843114297036	0.393007879563735	0.947231974281898	37.8171519319922
45	0.708678040215899	0.684749008754873	425.539597509029	0.346054752878282	1.01517337894515	9.25415771198236
78	0.95052919172266	2.42649736214637	338.541797671744	0.386999842764549	0.923560853945406	20.0999574327359
45	0.823395742297924	1.12387534903657	377.524873582956	0.364095464490484	0.950078468628347	10.6495410221195
91	0.956061161465505	2.7727551284145	408.292652463759	0.345395166425592	1.05723493532046	22.3865749536448
44	0.876046446304978	1.14371474969032	300.171823931504	0.446179602061955	0.85999287812046	11.2930590138769
130	0.826553878019004	2.23599390215765	371.582380562384	0.332316297107226	1.00998116753874	24.1204784481844
138	0.969721128122524	3.70125876411172	424.816117167696	0.31042699169758	1.08294240092826	31.087662915894
56	0.827673764517723	1.15408573859496	428.033070953437	0.319665065786701	0.984467705216367	11.8335701195287
40	0.568957419926946	0.40534051001183	359.482911162458	0.307353249357955	1.03818137253551	7.90954291337033
247	0.966948032187897	5.69728212580752	410.510366001242	0.366942777441909	1.02161798399291	47.2821008222556
78	0.722694082397661	0.863947314923533	654.863700124858	0.314153520035873	1.22806263278354	12.1980111455931
62	0.501454306268383	0.865654139781023	449.274207797428	0.348350300365827	1.09283040421246	10.1942907501814
52	0.766154094310292	0.890349570553524	442.638988998831	0.336440703970116	1.05179560587462	10.4485221500137
354	0.992725900156564	9.10796637168759	566.878884408972	0.313001409766366	1.17160758018988	72.5037530360345
93	0.958295474468255	2.58772280608272	440.224894323692	0.322019102690804	1.03464931424104	21.8106810051034
100	0.675454118647986	1.81304110007232	233.880154210511	0.425759799035383	0.78716896393936	17.6519722865146
53	0.596884272024449	0.968336116084449	433.95111618764	0.397553340417791	0.883326562886751	10.0821843689794
87	0.871665863033483	1.69921464946151	484.811393717847	0.309455534070919	1.13311551658512	16.1666491557056
86	0.722757679474184	1.1765747107513	556.712457125829	0.307988926812456	1.16004010135843	13.2308961849609
56	0.661040777501396	1.72747482364449	283.648275672346	0.421792958188612	0.769035320081682	13.6378654370951
66	0.823193356305175	1.17492622712411	424.367387763019	0.324583346969428	1.07402245519553	12.684998456528
76	0.923801275533225	2.50010310357005	470.243688944519	0.380956426030595	1.040634658981	19.7719791180488
46	0.840861843368477	0.847873272781163	418.341012528855	0.341814998334268	0.998586310893752	10.4141657311707
122	0.805682248008648	1.61092172538342	546.208318814461	0.301494013907807	1.19132186384956	17.283466670473
163	0.848869017095114	2.94880744933268	392.167101846464	0.343538839878959	1.00888915622198	27.2731877818102
132	0.944929733307185	3.07512500812877	455.36493397221	0.351753777938344	1.11083350268262	25.1894673464255
79	0.935689426816448	2.2619193998994	506.180481745119	0.318549991439403	1.03089109092159	18.6226123415576
32	0.801427793711802	0.673064667909695	339.131867450149	0.341894108474991	0.8921652840413	8.29576685728236
235	0.920720594581094	4.4345196967086	400.234463288571	0.34167188877128	1.05961232100419	39.1617237462162
36	0.897242149732848	1.18029650284617	298.825563299774	0.451874746719037	0.836969268473502	10.767541896394
120	0.951555344398765	2.8647098722777	527.034149131782	0.335561277253585	1.15850168038995	24.3431004913905
77	0.598207739242658	1.38614773687364	361.464678053119	0.345716687023877	0.988384241032208	12.1669631926571
42	0.872810595646201	1.23581299293019	267.214665189134	0.410832964111653	0.669298579270669	11.6428567471407
61	0.783037351343061	0.861593535597916	567.679527064138	0.31857690064607	1.15407069659546	11.2879426643044
298	0.931705887617819	5.73471865051796	453.127103787264	0.344381920720568	1.08311283779657	53.4874971551453
181	0.957821926060115	3.74639447144888	469.565391376252	0.312413767119649	1.14862730170946	32.0113477913755
73	0.909158749866093	1.97786366336008	405.909984923983	0.346487073926067	0.95915819775791	16.9088006162964
57	0.900734021589764	1.62689892140653	266.083007924527	0.377620125483903	0.855494903032707	14.8610391100636
113	0.891820777176714	2.33469687236039	461.950127379271	0.353661140131728	1.08713624359821	20.6921035088974
78	0.943598465764838	2.60190650747699	355.232053399476	0.365624332648554	0.87701730365011	21.0354203035488
43	0.614827313176532	0.482669227824563	412.872086317085	0.360938078349843	0.954488801537743	8.39687747254548
53	0.782457558201217	0.757194430063797	497.420874325541	0.301138366277685	1.1084512674803	10.4405792851674
62	0.877407476882547	1.67869056256732	394.564237736254	0.371838797977721	0.982736040510799	14.9470520248336
51	0.673356586599296	0.55420437837151	465.191255916466	0.296105957519157	1.12576871833807	9.44742635674562
84	0.919128581016518	2.17210747470782	463.507624437414	0.328695866045527	1.08008990112616	18.2447388631778
98	0.937913598706849	2.40269711598829	431.629445843216	0.331315133738589	1.05898533720947	20.6812752042906
39	0.189261153178697	0.286316612119044	405.015452653137	0.30801985577299	1.0513993406609	7.12013073949278
131	0.964491746234742	3.74551999408444	296.823362840479	0.366591207706826	0.901606548932819	31.3901643013892
48	0.44819602942043	0.70914323093805	440.245202230407	0.301322180098651	1.05998847966634	8.6746162103418
478	0.992237660573016	11.7554914248645	418.328273462805	0.340958448714947	1.05506920857661	96.0094559982398
58	0.92352287183096	2.13195341601433	262.255627820984	0.459100628410091	0.847738998820031	18.0817069435652
181	0.912543952986522	4.17386289249209	495.218662573014	0.351497015956517	1.08056566104664	32.1474860471584
117	0.943904855452365	3.17488426708241	304.815790623953	0.390657083645955	0.90505660674255	27.7566733733413
104	0.903212752686444	2.22881615935523	456.98653570588	0.343381637160184	1.09323523832478	19.386791626284
58	0.896292693677705	1.35360081411005	446.227693591418	0.312271903063636	1.02127859836739	13.1841262519006
53	0.841239510725836	1.14702996046842	355.553549585178	0.319084290378408	0.986188584442712	11.7930721970255
37	0.889050832425705	1.22544590730535	295.224761601468	0.390915320953803	0.905812315516913	10.8054978161441
63	0.794804158029075	1.03389881239472	504.042521533954	0.350286508559105	1.07199307720854	11.8233324169261
40	0.771163191610372	0.936507038567151	385.027183874944	0.466973916385681	0.907650430218293	9.66820641198394
142	0.496524364070736	2.36762253914529	307.757517375937	0.404904821728351	0.925389574363839	18.6865182724989
95	0.909190995472594	2.11326828647815	448.794898996556	0.331961162843516	1.05080469885389	18.561645465703
98	0.843157730728854	1.89112310723309	454.365178993277	0.325496867608577	1.07584690426974	16.9452338707065
99	0.81050536703078	2.045468032404	404.404939002871	0.32496286736696	1.06316625023073	17.7912932401889
261	0.979749561432298	5.39047994737231	546.303191214514	0.311785575569105	1.20153027698161	46.7112956380108
31	0.662799612381421	0.416149437223634	364.03618132374	0.356361128315587	0.880835360262107	7.26236840717612
108	0.932393862755741	2.30702125545456	515.607518243545	0.31802036199095	1.11298932959037	21.127038961759
115	0.966693914607139	3.7210975101875	381.160048700039	0.398883916983465	0.95486156577538	31.7119009348367
32	0.848397340190823	1.00197807620742	243.920655683848	0.429799134998376	0.783861513593526	9.35072245293137
43	0.93090392241631	1.64956910190279	221.656165468607	0.418409392999557	0.660370006294943	13.9085760825064
54	0.79573091984058	1.19431769125543	358.110290035994	0.375540842592579	0.957259969741459	11.6569440835901
47	0.928935287181337	1.6818213760937	302.421164095042	0.366807351630881	0.883443360628066	13.9147365287735
80	0.947500987468018	2.6402506469998	235.651456777359	0.409839344257262	0.82767824536277	21.8845377193056
35	0.41130982895654	0.383567406545105	437.194507311955	0.321319977735591	0.998067323264575	7.04649651859516
64	0.937578648651074	2.00151943725555	320.674892628788	0.344321681785471	0.97111103476546	16.6293305375371
81	0.922206627563026	1.98953979578486	456.005015734356	0.335345762364018	1.05679691298753	17.2443813464646
83	0.779477292005648	1.78297270089894	422.26035462872	0.339209793915676	1.06207005582019	15.3101329310112
197	0.976673660354222	4.97377632694336	478.826018604625	0.351097609042018	1.11597758818637	39.6796173084622
181	0.911889219575212	4.14972278487794	450.711426042135	0.345118035099716	1.06262883905081	32.5593977542717
143	0.975156224848354	4.05881005820348	369.910586927756	0.350515466153917	1.01110125329291	33.993388386271
31	0.714449059000172	0.605158392495266	285.830142977077	0.395785926591553	0.857655033085887	7.65158968869466
100	0.905399574224651	2.46708518538402	323.581400122563	0.375834142010613	0.921089038354449	22.0658623146579
121	0.871261706466701	2.53700441144748	417.083250641458	0.356833637201846	1.04631211615873	21.5993339820976
104	0.966052496587246	2.83270380501511	414.082283199166	0.312415732192307	1.06331334657073	23.9450467260189
177	0.985140197355331	5.49700585296483	475.992088785158	0.346106065277565	1.05419224644962	40.1222893216277
59	0.960395588373442	2.21434350390847	363.413783735731	0.344064217603599	0.893027559539513	18.0722294475944
200	0.987087560485441	5.80266878332589	371.127284772236	0.326098395970519	1.02625770049203	49.6325063406882
117	0.923231272257789	2.6863313890461	430.638994122706	0.342485044701763	1.08099120777928	23.2593252310089
31	0.781116645180532	0.757318988739936	316.411879350844	0.348739445327681	0.817401621800609	8.32391072319527
32	0.615043658602914	0.394201163979974	311.375890778463	0.31567554959914	0.932124803094204	7.22572582170992
128	0.988210186918162	4.514708337609	280.386183544996	0.377630190865485	0.886956119078017	36.2256472380527
70	0.689025237711874	1.5317515572077	400.813211146714	0.334583352500244	0.960245513590361	12.8938484596746
183	0.95594884371044	3.68144634970557	595.054553699244	0.306375202673116	1.23042215394212	30.4528284497851
49	0.374744732989142	0.56956900884869	444.633452149772	0.332190163598133	1.08474467462257	8.48027847830928
628	0.993542355328105	16.8057432470345	401.388640816068	0.343028466322236	1.03017778192963	130.486312417201
39	0.606711355933783	0.654899115113603	345.937118808868	0.352614332268312	0.951226473720461	8.22859699133018
49	0.784880873911221	0.698068115962799	544.983514421801	0.310809704710042	1.09725248198186	10.015857942678
212	0.976310039643956	5.30176060028809	420.986089040362	0.341147076680653	1.06729756975904	41.4775373910759
258	0.881594940912003	4.10434430953349	427.615703321233	0.348696007237964	1.08528495039357	37.0064213058817
106	0.932208559333928	2.73746638402302	466.818246029214	0.325431985463219	1.12172461112949	21.874159001238
81	0.730612729908487	0.942420065531312	627.286576112175	0.300134259981188	1.21058534345243	12.6257025206739
202	0.974328228744829	5.14262908253765	497.576196264076	0.357909624930672	1.13650703705985	41.5132581992629
131	0.597100504359173	2.41730158920532	517.984832830501	0.360389046021086	1.10281165798572	18.5048022671553
57	0.923977067269787	1.62969063921342	361.372674538497	0.39194674566783	0.942426368121783	14.2222991712615
49	0.68805119082963	0.642012866788312	409.235286649117	0.334002895612004	1.0945899886885	9.40144051503147
41	0.855677829642007	0.891762720800194	386.15549425971	0.348036618939815	0.931957501622449	10.1357209910439
105	0.969960766571079	3.30323576813846	322.118164015324	0.326070364440575	0.924039456608174	27.2347924374227
54	0.947517795919538	1.93080204382031	273.100544467895	0.397792385145326	0.799413792301046	16.5585816421573
59	0.899427194618226	1.56932100206157	417.68708587653	0.326453039386998	1.05473077425315	14.2853939340616
210	0.946908746887549	4.02295109791928	431.097021771164	0.339123309499223	1.06936621598892	37.278392014675
199	0.934046743386374	3.36947861474848	754.175032414959	0.283487210432681	1.30489266514453	29.1877081956265
70	0.834065853862189	1.37135024714378	446.512899388893	0.303388205594088	1.12469405998403	13.3725405503035
54	0.909674968866603	1.53518606303381	344.177509633183	0.36299926623456	0.940648552076715	13.8593071302999
40	0.70064530451751	0.505085216351886	436.147087160827	0.339116820349762	1.00349197889448	8.45810322965006
75	0.899100354693712	1.78693424309885	454.50793016162	0.322632409206804	1.06741137502778	16.2576896070299
34	0.889115207091436	1.1983092079985	176.015769862604	0.426939843068875	0.568164600438703	11.4917371446725
64	0.8701125580645	1.40931334627835	423.61194517177	0.355082640793548	0.970827768693655	13.6953132225444
117	0.94141325818515	2.82247713636914	449.588274208767	0.352269912592493	1.06513298954174	24.7332973423388
67	0.916990351962724	1.61016943783193	412.542645009783	0.352676929048097	0.992398799689505	15.0775130567643
31	0.854821323136524	0.833447582650027	322.662022942089	0.400219415103751	0.877148857187516	8.91423598773509
43	0.917530645758203	1.43663344908814	302.413651531169	0.345728182657881	0.895055142069438	12.4951953663351
68	0.766430232076161	1.22296238649118	679.282737611274	0.354894075717605	1.13608129004399	12.6041108296628
118	0.939728427285239	2.45784011432967	737.440590646657	0.283971097256834	1.36568602552494	21.7170610674695
53	0.955137853166668	2.21775159963495	231.382276383459	0.373602823249882	0.792373393723913	18.1362935433138
37	0.874741159713192	1.04210081327444	280.09559201023	0.331749536692976	0.94255027819488	10.1300071380222
