s.area	m.eccentricity	s.radius.sd	h.sva.s2	h.idm.s1	h.sen.s1	m.majoraxis
76	0.690110249936113	0.658530339870625	654.170062686034	0.298007649138871	1.40571096774381	11.6304560493915
133	0.537697524737765	1.86514929677174	370.305349890855	0.330822461394319	1.22939166969836	16.3951613099769
142	0.909079437558916	3.17495235377337	255.846834971628	0.369115737054966	1.06239371558336	27.5792056023663
41	0.731252300585563	0.616730662421863	243.143942825191	0.367166596532044	0.98728227927486	8.89051451539705
41	0.829308920339172	0.927295969908052	246.254641339131	0.379877607924667	0.947834454865684	9.99463398900937
127	0.927916794131963	2.61789428462914	603.325401791731	0.31835454264866	1.34774877164999	22.6523356507719
59	0.952678162925611	1.87416606230734	266.520616820692	0.402891752030524	0.793329940725233	16.1600668939193
60	0.735531382914969	1.11580414892564	236.636061867853	0.343744779038897	1.05932151711556	11.5656145287953
39	0.754895305938154	0.668938784642512	300.8461964436	0.344654518772166	1.13569037411986	8.87485650601528
58	0.748499918959151	1.12967174471063	451.356010989943	0.352407158289511	1.21363741012026	11.4059679050142
37	0.641400144935454	0.94129679940803	183.505353824505	0.516152992401605	0.805465725366752	8.82419513865163
135	0.639291395924107	1.44085844510347	481.989630328818	0.324165986300403	1.32705968653258	16.1177846042963
125	0.9346855457299	2.5708437422803	378.504565847849	0.2926765059892	1.2533643601641	22.4833332089751
49	0.770323923688723	0.862978178840345	323.229506345948	0.331864603490901	1.13044623925627	10.2600734439605
46	0.797904381138272	0.784028936537126	267.714572355306	0.34000354993002	0.921926039109032	9.95517333198844
199	0.750425919470889	1.73479996321798	481.870638589772	0.318284820652953	1.32825839645603	20.9103677114317
158	0.917789822560562	2.66998470491402	466.246802692366	0.320141502289371	1.28471233509442	23.9464067298354
380	0.912348210765259	5.31832166068541	362.83569733058	0.346478971230353	1.22864007715801	47.3057651227328
1017	0.905462643282989	11.0068065011958	293.061175214459	0.369103680529839	1.13041344148773	94.8689410609923
51	0.686551825401778	0.680088022939603	400.940867512566	0.326983016198703	1.09309381666016	9.63936078792318
754	0.964926264141584	11.7635885729361	340.224592245036	0.360027509170006	1.2064784304311	98.1126937555048
546	0.741447803892414	5.1540436658721	393.932886899589	0.339780818395691	1.26490843226808	46.1111044250976
96	0.950178702469664	2.74800431215198	302.299521195584	0.339576716629716	1.10553772110338	22.649966419694
62	0.930080548942433	1.83196886533548	248.308244796083	0.351450960960257	0.993519624347977	15.7073720127605
52	0.803588806528454	1.01196387618548	231.857830337582	0.401762826726959	1.01491132838921	10.9398650926773
77	0.877467995572004	2.15715178663726	241.028096796319	0.398111985095715	0.921024311420946	17.7888447184161
168	0.813176337397412	2.38788566206764	396.638434654833	0.337808611878704	1.25594323073884	21.4365550178027
33	0.733989537021023	0.625680878582871	192.171502583571	0.367343979108685	0.942602771307979	7.98034061177592
48	0.944957531514663	1.66360888849484	144.680401037364	0.401580523867185	0.786751787957811	14.4893526788694
81	0.395091848988789	1.54063944744715	178.14629607917	0.417418873301226	0.936624657646842	12.6899036228809
92	0.832295016343511	1.4171649269966	389.181207772475	0.327521879078972	1.19029130804201	15.2104333208132
240	0.779739519647709	3.41245941122393	318.227798502361	0.360724388521099	1.18243453961907	32.1912697926211
56	0.80927082711819	0.934598968941203	304.099638962511	0.331350671938907	1.10066168458206	11.1919574764485
426	0.835646814176685	4.86276758751349	340.479323460724	0.352184536216979	1.19995366704047	44.6093247737002
93	0.959230748295812	2.56269365829105	251.434754129571	0.355474460886225	1.06896260895442	21.3501551787268
44	0.860873053773307	1.39038460131489	153.126454480504	0.446691176470588	0.623135063550738	12.1067423698683
52	0.923212735318261	1.61513743679384	197.187924513046	0.451735513063786	0.87663973331081	13.8456371580636
45	0.637180311516246	1.17220544877153	165.463109416794	0.456444535856301	0.807432496854847	10.0888096362246
44	0.811909367251392	0.822598002484605	225.63033064278	0.365986554827385	0.965259945343361	9.95560876742847
509	0.944386665539511	7.60076435431661	292.886997652163	0.361593529873063	1.13984760047911	65.2329838151917
60	0.645683242563934	0.602047158799044	316.936651259626	0.339789716622296	1.16376764345161	10.1278207286456
189	0.851320698868462	2.82999518715278	419.394498115528	0.340218689531498	1.28057577859618	24.675056950479
56	0.937036480803606	1.86778678507631	182.67495191146	0.413851030969735	0.8455653067712	15.566440928639
67	0.940954757502944	1.7619259824467	275.119537140994	0.32872262796991	0.986427581305345	16.0853801817143
474	0.961431467388066	8.64115705514153	282.669586977788	0.379607486741404	1.10964437713366	76.8805734085701
141	0.910032514634506	2.29409177617871	413.096149913972	0.31540144347631	1.26636203182183	21.6677565372879
43	0.503577854826418	0.283225797098686	343.674229554748	0.315515925477282	1.094946134715	7.93456163499673
168	0.938660812378487	4.11554357334433	308.459635784997	0.367076474887468	1.12848261824305	33.3411439500388
174	0.840765968121598	3.35778002134129	252.165992104411	0.384308701665785	1.06804658867798	28.9196290622346
106	0.972086904887758	3.30908259591697	245.780713190261	0.377895991486861	1.02040775429974	27.0060217233873
697	0.938006969804674	9.46873057672066	309.593130113485	0.354686947686545	1.1829494096945	76.1825128038208
39	0.8679065795408	0.894311058481607	211.061449277537	0.401128164363459	0.919370336330018	10.0673558118753
93	0.751184525571746	1.90628337361562	271.836380950876	0.36086966237445	1.10270880740506	15.7312277124878
45	0.92420916483299	1.33614891973501	168.55894658228	0.444641443403053	0.90479530118753	12.6836236320812
73	0.411482958484217	0.528771106929875	424.975049774826	0.348892635681449	1.17317367426637	10.279565730369
53	0.863659452928357	1.10731726438842	269.968603274819	0.336852175209293	0.978640560620382	11.7067354845419
163	0.900579597314797	2.71410015869711	400.048842459163	0.339648124309331	1.2327253254265	24.4195990977964
204	0.94446173870765	4.57552808004911	254.660044171659	0.372881364833729	1.05472647946969	40.4675984139158
77	0.848671399386706	1.36161386585275	283.722377292002	0.337291201997084	1.12934172158173	14.2004664998839
37	0.629843369759708	0.50987151282273	236.618726185051	0.385558240737835	1.01075585997664	7.87988810509019
35	0.796135063628868	0.870420968793606	185.067468544684	0.468201579274244	0.822820873987388	9.03795885478478
150	0.893780256526141	3.11983290540931	297.589165654757	0.3544162028033	1.1526020852492	25.7552913830145
176	0.720603321815428	3.04600838596286	208.807891513391	0.393682742299595	0.973144198739095	25.3749863177684
48	0.955255844371219	1.79665576062506	157.287781662991	0.422662672869798	0.75077669676235	15.2623838483113
73	0.965590223724403	2.56855006635639	160.394851423852	0.435033781689704	0.828873280631571	21.301496199181
52	0.815005869146911	1.15872334089883	200.995783169728	0.385255416457463	0.974071571737963	11.3634662629682
196	0.956750740398566	4.63488129120978	277.984667134906	0.367396393611227	1.10406113980194	39.0454581319062
37	0.748811858124102	0.877836794086599	165.148571537882	0.421005438166798	0.86742334242254	8.94886590098764
39	0.915063687994668	1.35645767142494	141.470857264588	0.475508021390374	0.664796920322182	11.8239247862528
262	0.921493607307565	4.78525467835941	459.459536962408	0.344637389452711	1.308298728771	36.7499289609896
308	0.837241370780956	3.94974549733972	345.956424535333	0.343446199641444	1.21677297639536	34.9073983530138
147	0.86724680840006	2.32208590253754	324.503015528627	0.345663121797576	1.17405446744635	21.0099619570564
56	0.64538978624402	0.612799949374911	335.920168770944	0.345394009194914	1.08951440821678	9.77233936346558
206	0.903976320101853	3.45312123123291	252.404884515184	0.394040810753457	1.05402068854169	33.6096487574986
37	0.801035556778559	0.728610427592888	227.205243361882	0.380460001048236	0.896179156245599	8.94434346034267
207	0.944937435415595	4.4167084764505	275.287558530624	0.355712858821001	1.13147985799749	37.6447916642588
990	0.903523258009802	12.0657210023855	362.590617577535	0.339477923022001	1.23792955299701	97.9960564437705
130	0.961660245963759	3.91602741915697	277.323305355799	0.381802383040773	1.1431660962446	29.5346585027917
48	0.348622908552728	0.422574907917202	284.327527996599	0.323733023733024	1.11716286063866	8.16468602477023
318	0.918015407545349	5.06708414253412	331.265365148005	0.344415606028705	1.17419513489715	42.6469880005906
44	0.674697434225752	0.822249284732916	206.505428252815	0.386935917818271	0.955408907145025	9.12473331800884
43	0.670612274790412	0.509504778855003	267.704838750917	0.342093317698854	1.06331401853887	8.63683876983879
132	0.774098214972522	1.68622760123571	466.417970559352	0.322566789207137	1.26399623339031	17.5374348215293
33	0.856173684715741	0.880449210293363	169.392989935278	0.46441037953643	0.824671946742608	9.112131443419
134	0.928806625791144	3.16601486298343	310.467344210735	0.35749627393463	1.14350354989808	25.1823384681152
58	0.833662775833782	1.15105295270972	288.08105922609	0.37142942134993	1.04029225962406	12.0040428577813
471	0.974125850014395	9.86010568099839	311.30354094662	0.354202507820415	1.19202914421339	77.8059877430199
474	0.966273979755971	7.51520354811614	361.247314579199	0.347723723253426	1.2485466818918	63.9102469264852
161	0.975154898867333	4.21304721441378	267.488711735818	0.357332705480039	1.08481705446507	33.6422511118616
142	0.96640381751236	3.72485899496312	256.827611224578	0.386495551278833	1.05976603121066	31.209658087306
31	0.796317213476748	0.639253225744352	201.020027812715	0.392855889531081	0.896096645591061	8.14163824824002
103	0.913711972829685	2.20512010111273	295.403079406619	0.353727384557834	1.11435921868351	19.910624741414
36	0.594495574170874	0.396269033492784	237.514375888784	0.353262887444128	0.95002082008503	7.54773032843398
1010	0.956672199266022	14.7631715910863	317.693203648202	0.350714911893798	1.19187415478412	123.050842292513
41	0.803091781841684	0.755338412840123	224.228582686688	0.377486689668255	0.984636723776858	9.49024420275864
141	0.794672183642163	2.51031965022535	344.916525593212	0.353214466125412	1.14131464021962	21.0784199223172
111	0.856606469020831	1.59981851564349	430.018189449102	0.313093905519794	1.2669250612852	16.9614674967285
98	0.927841676298572	2.66428950603612	202.677305586503	0.372623458425336	0.943689469042091	24.1214662128276
50	0.89419261286918	1.63465861835963	213.852843716867	0.423959001061251	0.95810125252553	12.8555390018451
66	0.857552028434796	1.28344111495968	260.76751149369	0.372093940263264	1.04647157938928	13.4199855152433
216	0.926372124134953	3.41502249647157	448.739928418822	0.318200857246362	1.30918845395976	29.8538253554319
67	0.666112208683039	1.40095677662811	229.741571053216	0.355403250697368	1.01326932726493	12.4773823975609
193	0.942683173582665	3.89321740724547	268.049440173021	0.361950828456674	1.112827433679	34.9019523772022
108	0.605727113216444	1.21188264105894	399.063750519337	0.311695584507833	1.25188942403895	14.0460294618192
41	0.669744455137545	0.631579332699776	231.267514511369	0.346446678266965	0.986017187882425	8.55445067725039
32	0.749610356214454	0.595579524998372	206.654148239016	0.41100957113341	0.926471340448664	7.97661025378104
80	0.86800797429202	1.41161841860641	331.238123053358	0.354075328636927	1.18416362258436	14.6597769068265
53	0.875349694742592	1.49786097801463	173.291883460341	0.438717737154074	0.894964370359534	13.3835996126702
583	0.872585282380088	9.06783337012054	287.262578027487	0.359419957226537	1.1330747683112	69.9122181182813
116	0.828158525074264	2.05795392764843	384.340411938905	0.35732547363067	1.18839548300153	19.3200762021367
185	0.823886771797577	3.052853032041	301.469908808281	0.34872952826917	1.14320257559437	25.3399699700248
37	0.961128086632494	1.58887970506467	138.99489538971	0.436207881210737	0.598463698559449	13.896962320854
164	0.967894323775741	4.22655778201643	241.601714637981	0.361079079044103	1.0302694229352	34.2405071730326
57	0.928230967645259	1.65109728667191	240.23529334514	0.371736185942623	1.06035474599113	14.6028340761154
123	0.90301601463141	2.6996875560683	288.179648437881	0.374999658607891	1.10805949623198	22.194711269267
47	0.742559592056491	1.19362336682122	177.412279721285	0.434161268270451	0.805465551508202	10.846250023273
70	0.832875278065425	1.31705528963149	248.679231629991	0.351376784224259	1.06971044023028	13.2974968251417
663	0.918077098158011	9.50721471628338	312.578912580859	0.345976555072489	1.18560228006905	72.7192098915755
49	0.993156960526972	2.99472863414695	144.767586916418	0.614870588235294	0.490215295556548	24.82950453873
41	0.91737419923531	1.34629080593551	152.865290293651	0.397038255861785	0.795532860646452	11.9993818843453
33	0.654636000096561	0.526396588187787	192.218885525249	0.405008134419899	0.946465855100474	7.57792735997756
56	0.924797559208159	1.72457306656604	171.459802078118	0.408117134587723	0.884655414496295	15.0244259707798
97	0.927078738751154	2.6411399048604	161.816286755239	0.405060079636351	0.894288392512478	23.5339168990287
34	0.683564381499062	0.413826410630258	230.635244889272	0.37731112595366	0.958524417499854	7.66426506875255
197	0.989891027268778	6.19408682200093	183.692414432257	0.413259767735471	0.897276032097478	51.1961087253198
52	0.943149764574577	2.06633509799067	154.772134486684	0.514404223227753	0.70576843279812	17.7847108878731
101	0.967341048833612	3.334615056733	175.463672188924	0.418487931636721	0.896623904513916	27.7214662126482
160	0.718055338731251	1.89839637758433	327.15561999762	0.341091067317912	1.1849717648418	18.8814999249339
36	0.677349088715711	0.686300888807694	199.837369922666	0.392911825853002	0.95305019901819	8.23701671866822
558	0.923855637030983	9.35083225763367	243.782239215945	0.405037187094875	1.05432181947031	67.1881674242049
260	0.693364381399865	3.90957970875841	230.196297887651	0.373279381483716	1.04451453489332	29.8226589300374
122	0.891000498157463	1.79874557439937	431.792606519344	0.310526098173157	1.24771473436706	18.6589620722408
103	0.858062622317926	2.05227867724033	303.83134528666	0.341592487454018	1.15430583032883	18.0373005169991
83	0.921343474217907	1.92365151964278	252.283939511422	0.343562657680305	1.05057873068694	17.4140553058343
32	0.534488372441778	0.266839907189292	256.098796461621	0.361319829387056	0.976320527179053	6.91015820099883
44	0.737696635915698	0.889527004304703	206.421303887065	0.379083908236157	0.96407024855415	9.58218670805006
34	0.612387246536081	0.457328162317699	224.4750042185	0.381478066998429	0.976611778619166	7.48634371092508
68	0.888558519605393	1.45803244138176	302.486074948986	0.341590492178728	1.05547650490123	14.1594270413664
509	0.953593596391983	8.82787502321896	300.208863117168	0.368483452859221	1.14641902611798	74.2419160276597
116	0.781582504312216	1.91943543745177	319.982875237836	0.351674630732223	1.16503038473142	17.3926541859724
487	0.945921978447739	7.14466908656849	325.084659523677	0.354283079171616	1.19729223176591	63.0958465281179
141	0.878427543352497	2.97634623851365	283.039319806779	0.37465914791422	1.09470543993121	24.5952053059835
123	0.828927622953887	2.19847105422913	348.301005054494	0.341606077458374	1.20426533552133	19.4704862082776
55	0.982701417829016	2.59589311702676	136.807981005878	0.488544891640867	0.600150357545949	21.4533802358366
44	0.829990509887603	1.22150073767132	215.900317771438	0.412530703912373	0.896308139498144	11.2895692705778
36	0.923752058342796	1.39581498569965	219.154480376874	0.459325424972484	0.793813641802535	11.886459962259
49	0.552284789496311	0.445525828654677	309.054547872106	0.353901418458381	1.08009936811793	8.72527182255675
91	0.938703027500292	2.43438652290099	226.506493831175	0.346022327672599	1.0101737911689	20.0626254900249
209	0.967362360744742	4.31479512242466	333.744025915691	0.321534601249195	1.20233904757336	37.3589720901298
68	0.643668984151289	1.02277385499261	309.104220025329	0.376844060325124	1.13310352647726	11.4197894646947
45	0.862994064803815	1.47577790884679	157.244361891633	0.46649829878284	0.810226414857728	12.2705623029484
47	0.684144145789607	0.763056411466071	232.690041826988	0.390842241262409	1.02469673340924	9.46053289685344
104	0.778588665749729	1.26787067012684	414.856197322551	0.298744169432106	1.27988304215124	15.0783015014361
177	0.901022721800296	3.77063219133517	239.320152529572	0.372540157706398	1.03436950705912	32.722929070755
186	0.945234209975526	4.19407471859864	240.322651411584	0.384372189101719	1.0390970708356	34.5490084245119
32	0.517368155254949	0.373513211266293	218.694997546118	0.355849510003543	0.961843023346912	6.92382862906078
65	0.903952813654785	1.80311708972092	265.330904704473	0.386020744235754	1.03824341684385	15.5622087554782
80	0.879317065115856	2.04358044866199	222.242796059087	0.416155436503833	0.943412517477795	18.9811066450635
44	0.880267891797143	1.10684532960578	196.231832585849	0.414788476597081	0.89731631373607	11.0870121995938
102	0.956392485756983	3.08571485034621	297.986245098415	0.367235063538105	1.11770478868326	25.1000610596377
65	0.914239567028226	1.65754734613689	261.21406760302	0.388068808529167	0.997723993788152	15.0562971280958
124	0.823899733880082	2.25503246682386	337.243249105309	0.354169835757362	1.18978766836801	19.3375745981053
31	0.693375245281145	0.428394247709209	240.945739685701	0.341902950413589	0.869026188739264	7.32648751823068
88	0.960010544697664	2.89919240607963	208.838475514627	0.39711261075967	0.956899839272168	24.3440004289723
160	0.92592384280844	3.65015917118276	257.019743759564	0.383560757084458	1.0679535486788	30.5998361333454
52	0.846431076864428	1.08681242228274	242.738959040135	0.351429174958587	1.01536454841211	11.481592964074
195	0.884646410094646	3.63569423975401	291.812985922918	0.354115352856803	1.15673126058664	29.6994163822404
117	0.865726250326411	1.86413400659658	385.41049163164	0.325635992442715	1.25020361457587	18.4943398772441
64	0.894814279883426	1.33890819236974	279.900579586893	0.360338028368719	1.08752985313922	13.6492559566463
400	0.799668562629601	6.13816467790926	290.122931688458	0.373173767399347	1.11847419347676	48.981141281122
48	0.669294982054604	0.652433069084419	278.354953940833	0.355550759703009	1.08100291256401	9.2275435111765
88	0.553243929929959	1.64927565555763	190.94056941634	0.424483396758483	0.938456145367994	13.2504928614908
65	0.804004215538033	0.940197135943325	343.665635934469	0.357323788641104	1.12843075429505	11.9930299431716
69	0.919456523243424	1.78666283141585	204.399558096085	0.396994279347221	0.928155336413026	15.8867397701712
75	0.770993604906901	1.03384722081917	331.396783328843	0.339798861944191	1.15715507844431	12.7201655097072
139	0.915270277313594	2.95527675080765	244.638184987729	0.363499192214362	1.07740017521609	25.5915533116958
52	0.378951159566768	0.287871728097931	320.367441392427	0.318774336734657	1.15224276414224	8.45562377504378
64	0.825508806718659	1.55053494909567	216.177936194062	0.391876712657085	0.914089173890145	13.7205470147646
128	0.905356378521215	2.60194026028011	349.402540489619	0.337330817947983	1.20139523417586	21.3257583357144
46	0.72049848840472	0.61704368182594	280.927922242358	0.330725338863937	1.07880733223068	9.25548316644001
402	0.934949138861714	7.08616504883843	315.313078422372	0.358220973034166	1.17778545795705	53.6786453307884
34	0.819603533247282	0.882540938112698	165.988535521572	0.407353879572866	0.874625689572503	9.07135625480711
67	0.90892796717027	1.52644212435001	258.256912578574	0.377988055929232	0.996688237026642	14.7180927603145
87	0.741795714358079	1.54849105988795	339.957339591249	0.33215592602326	1.17257168093626	14.2955759470845
38	0.746826791906855	0.683080007467402	261.294769171249	0.350644364133208	1.00699980239719	8.64016947141007
42	0.594553053836857	0.733352310034557	230.225959915632	0.386335720618809	0.936948643987016	8.58404694954929
215	0.937452309720729	3.26181077274336	553.902816491818	0.320805319686352	1.3593278517997	28.9980065892627
1396	0.954896024228012	17.588509281894	318.400369195587	0.355644720566013	1.18036917830488	151.287010110482
58	0.862501399734575	1.44976734419987	195.378797158445	0.41161235048846	0.920248764407347	13.491865417749
132	0.922761778688619	3.69649579661358	191.480158297631	0.427433355634048	0.948214257663537	29.6692437911488
34	0.508255924075208	0.296539866385006	270.084763192331	0.341359096653214	1.01648088819785	7.06274400931924
149	0.709364766038207	1.16549029779166	311.619351769168	0.399133125871094	1.11950065972018	19.7215649083769
50	0.771186749899937	1.4379034471999	177.148418014195	0.460534151290454	0.877745870435627	12.062346045063
45	0.809536888300572	1.03998374513939	252.001337590478	0.442736310971605	0.958075682424582	10.6321918708171
73	0.935485312920928	1.94919499394349	248.21807976658	0.396696673064959	0.983845381243864	17.1436710260776
85	0.929536512496624	2.00519686385038	241.223108271478	0.361407762348939	1.05421433190136	17.8301178389063
79	0.929918091523578	2.08613603156095	224.191469261901	0.383086706616118	0.996192525399268	18.0167111911942
38	0.796721428784904	0.708778204815099	193.696605971782	0.390574772475225	0.965534148940354	9.0807045872159
41	0.747319195069064	0.610275431169107	239.314721918881	0.373939861807509	0.963463203440364	8.93913041783127
195	0.911364144918944	3.89254429195303	301.749977107958	0.376232868074659	1.1320165386236	32.2575858075235
32	0.815359732008903	0.713717010536939	159.213676138419	0.446961861667744	0.825901225619811	8.55290148468555
409	0.975786697817598	9.02215285737959	329.009362809708	0.362033919444128	1.18764208143877	68.9087339761016
77	0.768479762420685	0.970284750793125	351.377645097887	0.357452251293082	1.18562229461211	12.6548893070625
68	0.969079037051485	2.31615745692136	182.695644245711	0.441040074476607	0.796241106326492	19.7621672171229
123	0.921312079772118	2.91121590736152	259.507881723078	0.386127726065806	1.0511303109562	24.5436451629285
54	0.850713859999801	1.01496528575188	244.937632340706	0.343291165520988	1.07738011980553	11.5164817894611
36	0.766875305389902	0.559500531968155	207.494762459614	0.35927866229933	0.976635122910935	8.41376586922883
168	0.611717310549999	1.70436524434785	237.968368630575	0.395747634977981	1.02643674095702	21.0004703702926
60	0.719258230533889	0.682633146553349	339.503970857628	0.322112102225569	1.16038047231504	10.5456607821045
243	0.943325142618847	5.21611599900797	381.795104905348	0.37313266734689	1.23253279809505	39.9192932769264
162	0.777329638361785	2.19002349218012	307.286982262108	0.353856924714993	1.17528291575064	20.1147532641079
83	0.900867118029426	2.10525101498405	261.639511795485	0.373766245571519	1.05216529063254	17.9604455422954
45	0.530498452559946	0.390509401372205	313.016458512306	0.341307087630617	1.08733797829231	8.24162283576173
206	0.889947259849234	3.29245349549237	301.528030488126	0.351425117254691	1.16385177200485	29.5553070247949
101	0.918542638357008	2.07751304328478	341.900137472264	0.328067826766421	1.14867577041227	18.7471053971674
79	0.659035997950871	0.842377270144508	362.149888980384	0.333099677217324	1.2183301793677	11.8711647713183
216	0.906341061740888	3.75108825361906	349.085593038026	0.353287648934225	1.22922255646864	30.8755863263668
457	0.769892138935893	5.63167443754366	480.138951634505	0.333376702218697	1.30970935238273	44.1375308999417
130	0.628607136979271	1.95056346591515	347.497434259961	0.355224264074777	1.19667117681727	17.171490266895
138	0.924989305938847	2.51266586173604	403.116678465931	0.327440506720577	1.25771053014052	22.6763994991143
44	0.918014453792816	1.29889631677496	167.484623045059	0.426591365291056	0.839316344372261	12.1572970632532
437	0.900678376672137	6.29331249645802	353.469485090356	0.334477306265542	1.24522856594135	51.8470469811875
248	0.98395087337511	6.33299234285625	275.827808533254	0.367842789555592	1.1082305836448	51.480165384333
81	0.841826488171755	1.48357079949791	290.663347828132	0.335441238537214	1.13055796667539	14.6604355344365
309	0.876372117745532	4.0912454448245	302.610242600549	0.362109849396377	1.15066331635017	37.0924236711828
112	0.957724912067088	2.9922045715982	278.032447068041	0.359115143743028	1.09403868884112	24.8116833376483
70	0.879983834074031	1.38101683370934	271.234626686823	0.318748775054966	1.09484338294646	13.9107173221789
185	0.679704864102741	2.9376278053863	306.024759707692	0.369335974672944	1.15544940799145	21.8220957948578
210	0.834792237162319	3.43970847909845	258.63012948374	0.383695753323604	1.08754441954738	28.8860726857417
113	0.897984538765787	2.20829332610181	302.607397760026	0.323631000101588	1.14271916635825	19.888398261354
68	0.900346908263275	1.69759173626926	247.98756713857	0.383660330356734	0.999313658822935	15.3780809407115
61	0.707064442131452	0.775171891108049	314.091601841771	0.353145082143013	1.09744356463881	10.7015114802421
94	0.852062514575226	2.04122480999692	267.248466974336	0.362372985902398	1.07134699410259	17.4521995752449
35	0.948478370211258	1.51081459923356	137.768515291672	0.460011883541295	0.636984886116581	12.5455767603054
41	0.759877196866917	0.617666737474455	248.03056509523	0.361265974685092	1.02641832031923	8.96786381913484
34	0.737609109868833	0.520360756787001	250.821892955247	0.369674115533624	0.966035564509486	8.02181544498
44	0.896492315810381	1.21952087200493	217.440197529781	0.39826159650567	0.910181487914555	11.5442136764185
103	0.879645399219635	2.47803313675825	288.163806927588	0.4207953251185	1.11857974082444	19.6455564854789
52	0.651936825090837	0.746730349751145	295.24572965248	0.352373104812129	1.07611924958639	9.68428893505203
56	0.89690406503003	1.34384697512563	242.129572283226	0.403487192457781	0.98143988895319	13.3488901096566
70	0.633780442053568	0.708794112562274	352.452110158576	0.330070150506256	1.18991185289416	10.9289324569678
103	0.915577976865786	2.63775715907755	254.102821672099	0.372263221674986	0.984608717680568	22.3437356267664
103	0.716259636207592	1.38363277624701	361.490250714031	0.333934438283049	1.23705135566254	14.7092041337528
122	0.922689647384609	2.69255092958568	310.298029659485	0.326765002536697	1.17151649640213	22.7621539858664
114	0.893668851862582	2.32585819750608	395.652721600788	0.334207887334822	1.22714713373502	19.6154739776928
55	0.937958598091923	1.93279113197079	171.756605824309	0.409275060373572	0.905660807366582	15.7781254198378
37	0.864827610772424	1.09590899464125	173.795857104363	0.418065716581384	0.811607999509167	10.1927410017999
40	0.820972451320934	1.36222837470161	158.143962826898	0.511344828991888	0.687413615434749	11.3593256299633
100	0.944816113747885	2.67177253212937	234.611234312905	0.377738655661217	1.0105725591559	23.154075230034
54	0.737034932852574	0.835135897281692	252.31018566028	0.345096569788772	1.06783130898079	10.3301811226168
95	0.759397695775716	1.86890676011283	317.59194085599	0.374293671093824	1.1171396310875	16.4483281032003
33	0.676057373151355	0.497409283045977	188.822292005362	0.372818313994785	0.92920069862499	7.66129072185202
81	0.886758507049212	1.86252064207168	217.496265474753	0.386345015367675	0.983001470426413	16.6723690769912
36	0.777502047759469	0.689553216116689	204.178932075899	0.395074347044126	0.872428622754832	8.65074580170349
319	0.967677541756782	5.82952084502396	421.642783510105	0.345002350044674	1.2555870618151	48.7141163727549
101	0.447889608257904	1.05554456829877	409.039404437794	0.326262544151817	1.25613214958723	12.7307047320105
31	0.773608753640728	0.681718670762578	183.201021063889	0.457810348219555	0.865996210203151	7.97957151256239
42	0.629314981052075	0.844725064826759	168.591611529761	0.406169985141731	0.899604266328646	9.02892325540386
69	0.934993543184515	2.17024094921807	181.594288443466	0.403493189375542	0.925016800133628	17.8444809164052
59	0.944171180658886	2.12779422274534	174.822606191057	0.437764323884615	0.875930875452201	17.5113185813393
47	0.891454194185648	1.32041243791031	206.813597434176	0.396226713138478	0.941193478217672	12.0960759375307
85	0.88352261238125	1.59117537704895	259.663181249575	0.372409627636035	1.08538879351651	15.8255413743168
50	0.862418303347357	1.32663146774448	180.838522459034	0.390204392294176	0.901326454074831	11.9130172751417
39	0.950887718029906	1.711507292583	144.979799722186	0.498779134295228	0.657685052390795	14.7774282568702
91	0.965488810658952	2.99498505388754	227.639353505478	0.406035503628135	1.00660519978674	22.9124255895412
41	0.637586193616958	0.443667241889985	274.478925639072	0.362914129535197	0.995821367003971	8.21855000605493
127	0.706335486600038	1.43679145958788	479.657389949541	0.350494664521814	1.22311447021895	16.2236369072745
83	0.872407826208876	2.05335440886842	264.701841453953	0.394756479810268	1.03239790047104	17.2107484995121
104	0.955998118075294	3.254224505293	188.802597981078	0.40461649218586	0.925373723929388	26.1216766372778
235	0.987823003651943	6.12238721416464	293.71045457216	0.348472159739765	1.14512051430638	50.2097456549856
40	0.849566256984373	0.862853701048737	215.981417789489	0.381030274287089	0.957852424648967	9.86318485718791
115	0.947329611909691	3.10213293078329	223.67833126234	0.394849060686165	0.980864748378606	25.880713506312
330	0.932962666789265	5.44062443603161	393.368669450428	0.345101526346529	1.24582483374721	45.8797606855395
36	0.852385774122694	0.872436326492958	218.139234275272	0.391371914901327	0.94200783017999	9.5126693692967
62	0.956427405535622	2.04727263246024	165.319264024012	0.53204713838198	0.70554171264635	18.2092309302801
67	0.930423125080602	1.78716056353178	209.466920356254	0.377930236642252	0.99227819965948	16.0907803265225
58	0.632758870025036	0.763841838896669	300.543138506276	0.349406022762424	1.14473583598688	10.1025119341716
102	0.813603824572942	1.38911093084845	361.417257384218	0.312029771537295	1.25150177490612	15.5464446760101
105	0.777868160013086	1.21322868338147	448.714378402283	0.332961303779576	1.24608492309167	14.9762861439387
93	0.849595403277888	1.38960355638245	387.62543970805	0.327042538468962	1.21892997916847	15.3465541998882
63	0.821020844874349	1.03883612135272	281.875192851913	0.358727066101528	1.11863376739839	12.1123011299681
64	0.964387510991432	2.06176497543577	392.410184476378	0.318572498503294	1.10520700516317	17.7188705681248
78	0.967097824996648	2.62041757918046	166.72110910601	0.470684920911165	0.817227645320931	22.1704723254305
74	0.813520440676992	2.11015721800959	282.952178035988	0.397265456724916	1.04196414311133	16.1627679312774
53	0.95358487893835	1.81202544526591	200.917245099202	0.444626937190755	0.868368063864388	15.6001662227575
79	0.852389915149658	1.40056583588826	323.869203692573	0.361621245331653	1.16625574883532	14.5072924220447
32	0.937618891863003	1.28368527125839	157.441681763467	0.470976082740789	0.641586926366231	11.054974265355
78	0.796100683763432	1.93376159577726	228.244762332566	0.401151298357181	1.0047189834353	16.5878066883753
69	0.951314634542983	2.14159368567545	204.493479038369	0.361232953462776	0.947885479726637	17.8852885312353
77	0.858312850679214	1.29492781077076	302.327096788548	0.354504713142972	1.13277499536228	14.268583444396
119	0.930919893836373	2.67152020664916	257.492148434355	0.394103501798172	1.08346916312189	22.4538038354568
64	0.820729447977282	1.07169524633256	294.03986940566	0.320901143921506	1.12056988038976	12.2474629187401
41	0.82789765372339	1.27772766008027	143.133495918191	0.427471431858271	0.749097927604431	11.1439486930306
173	0.599245080137427	3.17935658835489	238.485337190117	0.374037489755908	1.04503339006953	25.6608712587491
54	0.822621818625409	1.40015215902361	242.930245949546	0.407341681158037	0.943893879217544	12.5374533972899
441	0.961468746182829	7.09474934404224	336.81677277856	0.351086292849806	1.21132595570126	62.4376912578182
370	0.986244605279102	9.23494681818199	288.052999081496	0.370058904890037	1.12533437092678	80.8820096573361
739	0.934283892434496	9.81208972912066	315.061146529845	0.349270500523532	1.17169353179849	88.5339266644711
79	0.773582564509763	1.02829027741183	342.448037603346	0.34903994371675	1.17980209920663	12.9091899368749
101	0.961958372950644	2.77655227669656	257.689140458633	0.372947395580107	1.03765454669802	23.1622892473571
193	0.914870242915051	4.06226273634588	265.597367228324	0.377306417009923	1.09587464098725	31.9785758677272
275	0.808436987259631	3.71786246796692	395.582920122444	0.356944859438877	1.25879164746569	30.0406193394221
58	0.75725434259674	0.810536008303075	287.420477631788	0.357490653695587	1.12014022908667	10.9132465676486
40	0.568245744209707	0.366101835915651	262.664063397967	0.357043662926016	1.03072296008366	7.87400787403399
124	0.813794537032309	2.36857637805601	206.342469283514	0.373530536132403	1.02106197017264	21.7354503732186
135	0.97136700558776	3.64253640943338	252.933811959039	0.389879603429299	1.09119821685495	29.5436244168196
103	0.493187809259186	0.59696402322213	528.160345531747	0.320216623632721	1.32783661491211	12.4406888165672
64	0.629645607812117	0.618519813512524	371.260879395202	0.318190536766388	1.18460233359307	10.3687378855581
241	0.922650881806311	4.29700170118612	324.294214014194	0.342125113759903	1.18228145606965	36.324538713572
54	0.732542919567111	0.776964938267448	288.516823349998	0.335166238872461	1.10535464295545	10.2486663634501
103	0.919513172786441	2.77223112206432	215.502110269053	0.405111593493947	0.972558835316481	22.7425488013497
119	0.904298751330456	2.24141254246761	357.71089152548	0.358111204361766	1.15948682788389	20.5764846026937
61	0.698564877077482	1.23441693313037	246.379437277785	0.4048119902139	0.993848342704588	11.7352551923631
32	0.586805493637502	0.430570663152416	223.457359382675	0.363509163873021	0.934467522491143	7.13212436471979
32	0.920790588006516	1.17747641573628	120.753993247097	0.433725490196079	0.616186192882133	10.6770479709642
130	0.812387997084221	2.94248135986464	251.093351933635	0.416330139830997	0.989865986354262	22.982441694117
227	0.911984950880901	3.86109358809401	264.238737823851	0.364781077881617	1.08384119707278	32.8804608720998
188	0.957460888130388	3.99142239033784	351.454336195156	0.340219397029316	1.22597287115145	32.4506872441731
99	0.744272149152799	1.1129195825523	401.562414534938	0.332137575544073	1.25641304821154	14.0939058904318
57	0.527537602145282	1.11321289791942	261.938292452664	0.360284911032668	1.06523865576762	10.1039531474512
445	0.984011580029479	10.796993081469	343.020357857538	0.368251997068284	1.18492753669214	80.0701006149568
288	0.95775020750928	5.31401176316425	337.299518872849	0.352938254507286	1.19804528536281	44.8824059812583
64	0.895159463981024	1.70698571446258	269.650388975216	0.379131809223444	1.04782322091183	14.6556677572872
382	0.942714149996683	5.88776334092577	434.246435833678	0.323782679071465	1.30096824223053	52.2569471141394
176	0.5352014709553	0.646871883561699	864.042880143766	0.276800767104252	1.50839659509226	16.3532234184852
113	0.908581452369271	2.34607042997637	347.49774114994	0.361695405813053	1.16749041174941	20.4402770456011
49	0.763606707179936	0.962715236838933	184.68517625383	0.392871550283315	0.942679034178699	10.4335367576468
31	0.77962864426424	0.609361143285776	201.155557134741	0.386734099447572	0.904143838528517	7.92977786198763
185	0.860038106535951	3.02025910125396	379.792293488936	0.329004000768707	1.25661649882514	25.653226448699
66	0.749798653797147	1.24920164676949	232.260328427123	0.377055282212795	1.05850747609304	12.3435185950083
61	0.751276267231599	1.02878944405533	248.271214989248	0.383903956593032	1.06283332001945	11.4588549572761
137	0.898750855942881	2.46343980293966	342.23337431944	0.336252973461089	1.18665438229879	21.849580788421
83	0.927142129459114	2.22707763928491	183.673320434746	0.45158371040724	0.907673105190602	19.4865696912328
50	0.716451560899599	0.686152306985006	265.351645726111	0.351475785740492	1.08655957837778	9.7142418575518
32	0.861893159999549	0.90313168185084	167.382787713564	0.450052007926771	0.851890636938699	9.20345915640788
31	0.827831041682662	0.793576715130629	218.572059781695	0.419964398787928	0.892672167790556	8.62633974841859
421	0.865513658683437	4.97935065898853	285.775820451503	0.364420282067341	1.13105277958673	43.5568443158965
119	0.716254887573586	1.78974113897125	352.46498114085	0.360335676179602	1.1853722437654	16.6087391642251
35	0.923685002317178	1.35553082575192	149.805256045773	0.476804241510124	0.7927879296904	11.5967191055397
38	0.952478756198884	1.57056819880441	111.372069199306	0.476526610644258	0.622098953025419	13.4593117390221
148	0.897376651360735	3.03360253079354	204.017992613475	0.391340095021309	0.952771224663161	27.5144803986379
35	0.93348662630508	1.39036661550418	150.594238845191	0.497336381023464	0.72030477354337	12.2911694245825
50	0.856544155176434	1.16584756013253	204.241761782182	0.435378844375384	0.964833127351461	11.7429755426154
102	0.801933105449282	1.31293803511866	358.297100631583	0.359854372451978	1.19807403516534	15.3101532595094
34	0.948636174394491	1.44351233359624	178.421818180646	0.490097642295785	0.770503560770811	12.3938755061251
40	0.984397061393109	2.36997054322662	129.425410369405	0.644705882352941	0.493722875281881	20.0446905401768
67	0.905973437320643	1.77700735376147	210.044208872672	0.387816363896654	0.936366037906048	15.613181393819
190	0.879648613005734	3.28595360176003	273.852925567885	0.349773212126153	1.08889047250904	29.316126727084
154	0.973640673004888	3.99289526585332	267.087646716439	0.368058449825499	1.08318059663697	33.4856169212752
44	0.932549769860743	1.60307072694678	122.309794443562	0.461811391223156	0.641137006240611	14.4106235890756
266	0.962546962808721	6.23827515911343	213.286253466605	0.406821384558941	0.999312186263131	55.1074528237576
192	0.93952425891698	4.06189225536194	323.473399779404	0.356317117685627	1.160227317471	32.3540638456995
96	0.859321418058588	1.88558976437815	321.519443507132	0.36588923591186	1.15027381480031	17.0776386335778
52	0.750247091879449	0.715456657158943	318.437444696645	0.362002742885096	1.08905565372937	10.0196440856685
52	0.696252122603929	0.613629245345487	309.926587523364	0.370051305345423	1.06212243125499	9.63211988211974
371	0.926250311794653	5.98300413324959	316.256203008895	0.351105820636554	1.19648232616081	48.474279736196
47	0.964771845403254	2.00801239668876	145.737716540754	0.411320297349709	0.837636010611244	16.8193728791395
59	0.553112347224238	0.879783492941412	225.450021729433	0.390636855700229	0.942630167766851	10.3106494823969
37	0.922121706927225	1.13311359482714	189.841362422497	0.441072688779111	0.762347738030181	11.0466498824865
305	0.981926350539313	7.39913193347494	325.689275777474	0.370861906382492	1.19239007475398	56.8659648083128
179	0.972576045279244	4.40341540241637	329.963573374731	0.342242496256805	1.17495902849564	33.1652760895687
88	0.762401431747177	0.985168072914565	388.946616947591	0.345460298283038	1.17366139301402	13.4468756954842
134	0.887248207850921	2.16914843567297	343.743221533814	0.34618069592293	1.20505110288689	20.4403097836142
277	0.761219235123387	3.12629383109964	511.206229680005	0.335302804575498	1.31738085325361	28.1657422960029
214	0.915402455058593	3.6085486548488	398.969662712088	0.335173222020801	1.29386083164409	30.3387532375347
159	0.964062610020764	4.01657732977961	239.447704866464	0.381542403449885	1.06090137604556	34.1401092295439
119	0.821322297887024	1.40890982425739	471.303613245872	0.316721653226759	1.29585382160594	16.6638582521884
31	0.818731698739236	0.730410284855234	203.004869478563	0.38168005699975	0.914594970093557	8.37073980450659
31	0.750171276987201	0.511671086595887	225.924079599427	0.357672282010517	0.99627631491405	7.69535413686653
43	0.538420457816882	0.506280961244308	225.139813061132	0.35539684480861	1.0668829825446	8.18819710367717
285	0.976547982744016	5.39038293461599	347.22982215095	0.352418152930723	1.20952765498766	45.224074011823
215	0.918623376463641	3.82148674233148	552.977223405472	0.325184228013856	1.33517095579254	29.9818141585909
87	0.529122399966993	0.944888922427357	383.411415097535	0.330456182730288	1.21758348623397	12.064648083749
96	0.664313131265447	2.1398583614138	185.342916129052	0.387346235721111	0.927783966623168	16.8820672999673
277	0.66638181652036	3.40265656149107	359.851745274847	0.36104322949011	1.21479692446762	28.1687571752396
167	0.824606556652407	3.24221733975228	301.637420952496	0.350965661088527	1.11709369012156	26.9459996483208
55	0.906508971648857	1.38603694797444	233.754704232662	0.354341481276466	0.950394373049012	13.3360256111594
98	0.87386231055888	2.10172374550053	208.614267774596	0.391547698489253	0.99528851094328	18.4485323767967
948	0.890853459551243	8.50374639844869	335.086472991101	0.363013699000186	1.21459415879451	81.8048377874446
216	0.968259473756789	5.97353556760136	295.915973365125	0.389159810457985	1.13568100829073	43.4908024858278
44	0.870716442938745	1.10368243406233	203.329604904076	0.420137298100424	0.855511853813452	11.0522178207413
410	0.952630773174402	6.2098908257612	310.151564308909	0.341290833198822	1.17623069421179	54.1689201005225
85	0.905141468631324	1.57276210415998	333.064795353539	0.34061879144567	1.18176117229385	16.0842317043445
92	0.928288173173668	2.40507364506827	270.657005643426	0.356906803965628	0.987597275004586	20.1981268663992
58	0.874319020649862	1.53656188279873	208.143689973354	0.410900633821526	0.871282891726738	13.7241857439884
132	0.802398537244601	1.94780905405485	411.672576992948	0.340775038374616	1.27945742019856	18.2687481222632
130	0.93825591817157	3.03216811408499	311.387137734403	0.360893616583556	1.1558225053461	25.4754156612368
82	0.838900273204972	1.32219239738007	346.62898207903	0.343559050133445	1.15564537271528	14.3065184693442
35	0.757133851046706	0.565251369096692	270.595883325436	0.391310479930601	0.964214052509562	8.2661651089046
41	0.967866350651234	1.91494431341553	145.521712973285	0.52479955544971	0.695000358711966	15.5342139360508
34	0.893193743086805	1.22248536985673	182.200550500356	0.444902281698277	0.714407059364465	10.8879765551988
41	0.928576294076716	1.42135922761909	146.543563424193	0.434655310087836	0.75256338674959	12.5536743795004
37	0.765281097452975	0.661384486660372	202.467807515212	0.382066860008036	0.969994289481463	8.67259423244139
42	0.953392110548515	1.55399279782473	160.962941371466	0.437797888386124	0.708153027198003	13.8365306977081
80	0.837762303593073	1.28489499853528	356.254017800668	0.337135757723993	1.17323980400921	14.1784922669494
68	0.878308990850338	1.53325912227693	235.166396602363	0.371952351458993	1.01441999356468	14.2167665551965
119	0.612470435821635	0.876464080091042	569.899600893099	0.329436855904575	1.33134422756858	14.166304436333
69	0.914105505786302	1.55456512786944	263.925874688473	0.338765337274787	0.989772222946216	15.1106935891802
58	0.897673461681316	1.55452473116914	213.615820853885	0.397457360863276	0.993085496125836	14.015487441436
46	0.8380545496581	0.896171683778127	232.513784684268	0.383191675838735	0.989194233984099	10.4781457566777
103	0.745517626080193	1.58030569839055	281.260278033451	0.372646153410685	1.10205241702054	15.6412198725275
104	0.896892671907498	2.3813055463911	271.555749996564	0.37248170981735	1.08969006779583	19.9482826134335
464	0.654293873461873	4.53313885182915	431.573953060894	0.328924270441299	1.29707044108301	42.7470583017317
71	0.763833138594316	1.09020778405002	302.824898138615	0.362829298326256	1.13051912274216	12.4724463903069
110	0.875967792392594	1.91870023574888	309.908527874714	0.348578497447276	1.13731708581409	18.1549800488229
90	0.978972158987359	3.19672411292456	163.222795275456	0.388142050278385	0.883020303997157	26.1658364285547
187	0.921987819076315	3.6963658324092	358.173680465078	0.346226050548546	1.20691382455886	29.7829344598424
374	0.963750251497576	6.28521914393045	539.856605162721	0.308108814406392	1.36571668413295	49.0527214421722
310	0.973254438567019	9.4337048828505	238.256733470013	0.428275316303141	0.998571304201637	80.0247099316996
60	0.509114279332111	1.59102905177741	165.167543006054	0.400040673140475	0.775303092188502	12.1934334193272
63	0.968157530417514	2.23722844150202	179.943156991274	0.423670814479638	0.773053238978229	18.8286410235626
42	0.730521907583102	0.573006217895879	267.979172448742	0.335603003250062	1.01315093203725	8.87620387279775
37	0.767218059485047	0.735850459944298	212.168749824368	0.392951920893097	0.924348719687763	8.76618884543008
46	0.703634097231748	0.608315510898379	278.405580114087	0.355744059934229	1.07935715091068	9.16051125406218
93	0.817441213790951	1.49758458597764	319.597393883534	0.335619770875567	1.14552103158127	15.2849646986056
32	0.593350584187446	0.338098369937074	256.098796461621	0.363346777294625	0.971309181341815	7.09890881115787
89	0.681604400877141	0.852068410168732	421.260875264661	0.327216420039949	1.26257658672796	12.6663503491092
111	0.609712972901634	1.64393055596062	407.39385472228	0.345963595979494	1.20972032005791	14.9582777660699
158	0.978012405305763	4.51273210948277	258.600095161786	0.351499481733634	1.08450681489926	37.3874236823758
179	0.921715558952994	3.21217673157765	325.961310069114	0.34287528563209	1.16506267181029	28.0439773942382
68	0.842970103510289	1.12400923389153	310.041107104287	0.344400760966311	1.13457076745368	12.836130430355
526	0.983487015935909	10.1523357389836	343.837484878073	0.342155626123254	1.23535570715721	84.5393757373418
39	0.721717275974814	0.497140112284886	244.768859858955	0.336489794445436	1.00780158581564	8.41463942580605
35	0.906050966909031	1.12568126167031	155.760504242443	0.499465240641711	0.646124024751217	10.9732840493271
380	0.939265005188918	7.68857074341758	251.944688586743	0.387051218908456	1.10018269601233	64.4658300518975
33	0.896483613366983	1.03022498784813	159.878930135508	0.482023001508296	0.823339976191007	9.81628236724773
109	0.87471925170158	1.85932091721845	361.139537845207	0.344634965206951	1.20505662391389	17.7270867371974
55	0.646813896691617	0.516832536691659	301.796427592038	0.340556527608779	1.15123657395959	9.66278501244425
398	0.987370277975025	10.5662050551823	267.58044596689	0.386062744027768	1.09036121153934	90.3767089779664
48	0.819681377761562	1.36177922467389	127.675570326297	0.450324611449931	0.722324153383596	12.2276992187849
38	0.820672852856345	0.779836865941916	241.889305616823	0.361161230844489	0.935900828446056	9.22140932437635
53	0.955516887143922	1.99013752170985	165.665302435923	0.428872258962757	0.798758258479389	16.7201074088517
91	0.93834609256295	2.49721048853908	283.178085814205	0.35151045907922	1.09791672619353	20.3066737619597
47	0.82065909312071	1.22574502944283	200.837537393809	0.434600076152016	0.844434024064107	11.073655066493
92	0.772058078841567	1.18944244540314	420.21903831382	0.328907548325024	1.2314493151477	14.0595657916146
94	0.813391457124606	1.55365586020598	324.555516805074	0.349982359153568	1.17001492080565	15.4128800459131
47	0.550308752704592	0.53904475203533	333.142026004004	0.332998351079677	1.09179827362913	8.61639110615504
53	0.65381027626853	0.763511098074617	269.209004130368	0.3531939178998	1.10397730968261	9.81357382562484
47	0.841817299118269	1.03136738391542	266.880239810711	0.308251498104439	1.14665726172168	10.9927003698853
125	0.895575783996902	2.50961121598683	238.199399862946	0.350560772519654	1.1007796450086	21.7657873317688
174	0.667044035989366	1.70539826037084	575.313740195408	0.303603078430097	1.38230195188355	18.4644116769867
36	0.908002809353792	1.32105874595546	187.395802871303	0.446524085970453	0.830859548532599	11.4282786978207
61	0.745576333770317	0.806283411618274	310.902966142136	0.332815250462309	1.14749563954849	10.9794746992316
55	0.911156695665512	1.67275929063121	192.072314038093	0.371802005625535	0.91530856593188	14.1176853183209
32	0.842388004296228	0.790655132342386	154.071237999694	0.429450274381438	0.838162426390444	8.84368838366191
136	0.896922867472172	2.52104304454237	298.626064032091	0.332240909955344	1.15021178260536	22.2458176358108
55	0.931148902316127	1.61746674234781	211.781124866755	0.379446560328913	0.910904297927135	14.4445686861351
49	0.817097027064834	1.22643823530236	220.694041207393	0.452767485597374	0.973352713696767	11.2156214829932
56	0.742535727607781	1.01756759113987	261.855697461218	0.36846038461193	1.01024115958614	10.9671387145634
76	0.88113505668267	1.28632671097036	317.956644579504	0.333489960909694	1.16744501620528	14.3546469371451
84	0.90133028950956	1.6597669979287	301.17190761391	0.329265541412494	1.13552610857769	16.2022067977573
37	0.875586305826774	1.19545467737771	187.072435094102	0.470322418380132	0.858854738456679	10.7952470419809
41	0.955208117295307	1.76228145626852	150.714546459418	0.528586171310629	0.587225307987712	14.6668542484871
256	0.927465950575123	4.70171628589289	224.659404366668	0.398902312960139	1.00594759469305	38.1868950888439
176	0.968158815120058	3.85118680008143	341.097954530229	0.314606418419602	1.21706369841414	31.4421823766077
155	0.93417023863987	3.26836191196326	297.434546655728	0.355435931472482	1.07154240674555	28.2924333264598
75	0.980909386085052	2.76111176242601	201.065954461896	0.394824705191363	0.810819689013514	23.9826412153363
106	0.856992058263219	1.96879667197934	394.953290394672	0.358383585519941	1.20456347236311	17.8818852826835
52	0.658932769028037	1.01746424632488	216.418204075769	0.378008457292345	0.991809282004977	10.3582274144668
85	0.929400628273031	2.64910407075163	184.590695331078	0.449566810871958	0.888676752788962	20.7285025299085
116	0.789025049806254	1.68656489918171	363.13206035096	0.347164738515109	1.19732283627935	16.6538901724585
49	0.735810990122791	0.838973404534385	301.934875981511	0.36302127919775	1.04823371533162	10.0538009710944
35	0.840581586013023	0.813491787219384	204.17164245866	0.405418916007151	0.869007033535794	9.19137859167499
50	0.890165217123088	1.35381437783533	190.472200683116	0.394344447285624	0.926952024705241	12.4877907274818
33	0.883256789660194	1.0649740230142	172.31680296831	0.491807066525465	0.771246625258503	9.96944819176421
91	0.777808627882532	1.16270471754428	355.889159316477	0.331003995613446	1.18899998049644	14.0977321278266
40	0.908138317098741	1.26890318249613	167.735362681984	0.414364598512156	0.812059494584197	11.6195560903573
141	0.973534908499476	4.10881786979555	189.355062397733	0.407614184568254	0.949010759087248	32.9307054113518
138	0.97179634605054	3.74862332206656	291.432065613129	0.364535158509334	1.10038283894428	30.6597374675083
98	0.915764550216352	2.25806264896741	278.072283044028	0.364558897793264	1.05988694170839	19.5815517409623
67	0.920943396263986	1.94809499671435	241.046326404282	0.40387245588484	1.05106252423552	16.0209285983473
110	0.977423147944058	4.1419561945912	241.568381718344	0.424218372708039	0.980979352551237	32.5301084131129
37	0.374755935805748	0.354939897571383	256.368859039253	0.355611444614002	1.02196321609184	7.18419107595681
40	0.75825266118788	0.740646572617575	253.011114875536	0.376828124891253	0.955690658573963	9.02844191365241
561	0.932246063445172	9.10063234834236	316.779917309683	0.372596037442233	1.17359775175927	70.2727408433973
131	0.901812811742228	2.28549886946236	358.082141946075	0.351487400226896	1.18577539708084	20.991747430158
128	0.844255209661858	2.33365863642299	248.322016777533	0.370918254618943	1.06990799756764	20.4821590769341
110	0.804839918302613	2.17736573157966	186.474485341131	0.440319665212061	0.891004852411856	19.0532458026502
49	0.822003946804514	0.899061096715535	238.374047436847	0.376898696974598	0.984450917198536	10.5906885471297
31	0.710414787605232	0.513431964636669	215.621262975243	0.394479927307252	0.866406499527082	7.5148822596733
178	0.96264694544789	3.83206391789941	374.236660017793	0.336913617043679	1.2422110636913	32.2411606464304
75	0.857508533330516	1.73074717720566	234.293016393221	0.377527002307979	1.04529502849494	15.3128108515556
121	0.949223694509972	3.23445163230082	232.34391847158	0.378142302848185	0.995048804377693	27.0287404663053
71	0.844138827913168	1.43224709847959	259.578148577147	0.382776504617937	1.07159101300907	13.9797626732227
222	0.956386656513371	4.55314642940597	318.743888220477	0.356372497107397	1.18396536016398	36.1715472795446
341	0.782038848215092	4.72511353412688	337.228416834341	0.356412303548188	1.19055287800289	36.3506007151359
70	0.77960289416267	1.3158119726906	250.634571158067	0.383336662761736	1.02111010762196	13.0220774519845
46	0.839267641672676	0.875392198079457	250.67465741294	0.353383134265487	0.996545671197378	10.4036760072243
124	0.964315863241253	3.01694930266999	286.415206006155	0.331584843866049	1.07651601279359	25.4713665376242
188	0.846524881390983	2.54673110126581	439.750376193984	0.327447639578967	1.31872135672929	24.0447766884601
702	0.924079667312843	10.0538778720166	274.868885591873	0.373134486259407	1.11898491797016	80.6378683093849
65	0.288858582168539	0.809570322219315	372.954215731783	0.340129655299934	1.14018665805912	9.87561430411479
54	0.962465028246568	2.07383680599998	181.00005944819	0.414313861372685	0.890725527481895	17.1053416381482
178	0.903972218984905	3.46727070618004	277.124169904421	0.359508523490424	1.091206251424	29.1352744173352
78	0.773028238792167	1.34820923692187	268.15266436019	0.361760941138104	1.0711896793638	13.4311357788777
48	0.923651728509951	1.69846965041378	180.160700577546	0.460375957306903	0.826045047357693	13.9249338790676
158	0.931067786303426	3.36668579364183	298.699919924722	0.357088926726936	1.11656714814995	28.0938651578343
81	0.894990800144664	1.75860768998513	333.152483578701	0.351604000133412	1.1518079342784	16.0421909040167
46	0.840355605295918	1.10455621064508	254.450675958833	0.37899592092333	0.961360801486086	10.9716048659421
497	0.950259107102787	7.79251205657282	317.740262608719	0.354079027596235	1.19576477136252	62.019850651331
138	0.602613591405417	1.47999966481559	431.997503254063	0.31190317819929	1.31755010918585	15.9550921583973
32	0.913129420359797	1.54052949711477	142.680057307686	0.665359477124183	0.451705426325737	12.85929796377
117	0.875144233759914	2.11878554992737	346.298588723442	0.334256498057403	1.20190813174819	19.2991991155352
136	0.770700948581043	2.40830589222007	235.046262887457	0.396349388056235	1.02594577708772	23.1644723875517
60	0.646824172277612	1.13315174274677	182.361453212847	0.442894451387316	0.9469944749658	11.0412352838145
99	0.971269515836519	3.26349186697083	276.273361988707	0.384526740765032	1.05995438308623	26.7455633327127
473	0.936839751103754	7.23273205446007	352.783721717769	0.360814563763983	1.19600552403503	61.2896382786486
192	0.695076985671751	3.52786175470848	244.837623948012	0.404582528495155	1.06646870573558	26.0027954217525
79	0.802529592671171	1.44608398138373	297.944236840384	0.352859424912526	1.14589594454986	13.9504066733037
51	0.881586583502748	1.27240225309299	232.602420479544	0.395609558891687	0.950277088220936	12.4891840756317
139	0.980995802435869	4.12587077017637	252.646931519784	0.376413865693443	1.03699186066781	33.1729814192644
54	0.808598959939198	0.984261541475885	242.478457765299	0.33583249670801	1.0161924015135	11.054515226637
47	0.933806390627164	1.62566933524287	164.568391932957	0.429934110678927	0.850419703070434	14.2472973170802
31	0.737009447353259	0.498187676483036	222.479737294184	0.396289882058383	0.913490130728936	7.67630532325257
401	0.97927775555778	8.04047110476092	401.267376032715	0.343986943513929	1.26191558935503	63.9444056467299
69	0.959501047936614	2.55091913277453	187.467294129015	0.450507754037166	0.916932598442814	20.4710936823423
40	0.876144417207528	1.00322867251813	193.93956417754	0.402089828126472	0.912224384786716	10.3298055990237
83	0.873094153395816	1.37155720523701	341.012460172523	0.329417571482743	1.15951206118732	14.7849920876492
99	0.895295790718781	2.04770303216565	306.189057504235	0.363528439487519	1.11812686703687	18.4871282617659
62	0.749804507024596	0.765573829745574	329.888170912986	0.344973736860147	1.15365544350452	11.0036828302692
206	0.886773774070888	3.51242476663431	317.316515899524	0.349417580319087	1.17478585562726	29.2845268217825
1089	0.809224714320907	8.86140465335691	271.047868128426	0.375357968685205	1.12306921702057	80.1068615516138
567	0.87337727869897	8.66926264984317	312.462125646977	0.37307015508373	1.16731754679654	67.935002320722
126	0.979973649226786	4.07414376103644	191.281928943321	0.421852773215394	0.899624962855831	33.1620712761587
55	0.829006450212311	1.04425585374884	279.940985514953	0.350094865388983	0.944934931333179	11.4773228379185
432	0.80258439598323	4.48901633447326	418.067065149544	0.344365372360866	1.25295122940678	41.2756134801479
37	0.909044856113099	1.13104624088411	175.298588993899	0.480777610189375	0.771760828975315	10.9041910275735
191	0.982325460385705	5.85562225812808	251.964014583368	0.405584558525735	1.05153419913299	43.8412935539964
35	0.946018997323883	1.46408520720698	136.432624788507	0.50563978168587	0.583759717523395	12.8388520672031
47	0.904468050088557	1.5104450021108	160.044950862508	0.40422322775264	0.734255712803311	13.5127534147751
54	0.782288360586572	1.04849800897027	257.042520221127	0.380613917084505	1.00834340754178	11.1350006222756
40	0.927499354789373	1.48843101655782	171.869669712342	0.421228532993239	0.878826812221047	13.0112359851596
48	0.851619131855007	1.11260202980967	205.230417782	0.433165048798685	0.953821619705675	11.2451020524053
90	0.938164359009151	2.35931633670822	202.063924047008	0.376248080659845	0.985086275641525	20.3302487542499
38	0.844555646412496	0.817058275524916	197.507873735532	0.391149903218869	0.931684196327186	9.62809604671087
62	0.718063013001539	1.03326203261188	272.255210464327	0.366081537356545	1.05893434477154	11.3836550918578
43	0.821446435990115	1.26326003136734	128.579245528101	0.517979657346173	0.671614754695194	11.8353334003556
48	0.900679547520273	1.35434338436727	210.794503803336	0.380446658770591	0.928410928095542	12.3610208670521
465	0.961928381373912	7.73393086109856	359.160669590843	0.344816034299645	1.23374116770608	69.5100704815272
140	0.95378829391091	3.45042678166202	265.104411437759	0.387888937435452	1.08298881216402	26.6593249300588
60	0.922389533622069	1.7992823484685	194.574628158999	0.414318209612327	0.876328774625064	15.4101260336423
77	0.959273122722989	2.48683988838834	226.73407175912	0.374766486506784	0.994771961074816	20.4675893424867
143	0.960767175282537	4.14422986371683	212.254131178666	0.38027372360101	0.977825693288406	32.9953866887698
44	0.921787956910333	1.80634462318657	152.974509271267	0.53137641644429	0.679537263080353	14.5474651741334
187	0.741501706215325	2.10698959230757	565.125233257557	0.321911911911912	1.34784864563208	20.9022882174825
200	0.978265518260542	5.22899281256608	265.547260456168	0.373475484312346	1.10015549226005	41.4178468583633
53	0.777339858926813	0.954893485686866	266.864355169748	0.36079246667482	1.06993385163779	10.6719993356059
440	0.740683880472676	5.04527563231108	363.918281592017	0.349963149054383	1.21642819229854	40.7427844457761
163	0.960752976980784	3.53169020377207	397.640632112866	0.334290794395417	1.20972631765318	29.5890617421891
138	0.913421495596527	2.74508229013183	309.633197189764	0.350701224537542	1.13379666776638	23.9470161258925
71	0.960516351586932	2.39727110920471	200.542764458813	0.404871349825478	0.888795652226624	19.753945525244
79	0.965388741793427	2.72765066500041	191.432201003921	0.443523060516525	0.885971697317257	22.5363556800243
186	0.834702535394416	3.4113366739416	281.851489714537	0.356619962483155	1.13151080040535	28.0574327459589
618	0.456954800407597	5.26623491335515	399.634776793397	0.338090610759128	1.26559385499084	47.0804316148326
80	0.976911472339275	3.15068946810472	155.631202533487	0.474177597036867	0.780193918947454	23.9705756478908
41	0.755619533317094	0.723176420248453	226.041942127089	0.345199662198273	1.00595137471039	9.02984432599399
50	0.567262756887424	0.85164496915752	276.174145609113	0.387848370922375	0.958988803953886	9.35020479599315
113	0.831222017621723	1.86941185133326	355.691704477687	0.343275725628667	1.16870438682336	17.6378566711545
53	0.888670174482857	1.75790692256694	187.92682920057	0.42795489537571	0.88743686430901	14.4252626905711
81	0.973174853449414	2.77978189087182	183.282631177133	0.390340688550407	0.922187189673198	23.18919166642
51	0.598338882282421	0.76777324042082	235.143567785964	0.370581626847612	1.01871528151124	9.43985213522043
129	0.884960022311551	2.48009673445136	329.728997031394	0.347773131753107	1.14872814249035	21.7714261120164
69	0.718505975545029	0.856162644803452	304.050453480002	0.360321038613595	1.12361273070543	11.5693697237206
49	0.595835718046052	0.434032248149605	278.785208647322	0.326596675144702	1.12832441250703	8.84865138914452
110	0.914691622237091	2.61365362455144	248.39124569711	0.372244439009145	1.07456024987809	22.1425949673013
696	0.848258671573249	6.61530514350567	394.119685765041	0.338259367260505	1.26999134406306	60.9528703850565
61	0.939970168619959	1.88616126359429	185.838595963363	0.45155792945936	0.926454359420017	15.9743038482665
128	0.973441330271356	3.6770959499483	229.534946941645	0.367057153169061	0.981232841897822	30.7348142815619
31	0.898644184932293	0.934627195562564	166.652800195334	0.438735020635473	0.79771974285199	9.59084946499674
72	0.947444225525641	2.16313360551895	186.502757670588	0.453776380614616	0.829988022620103	18.3227274170731
104	0.710110077871142	0.927144508864678	499.791829712391	0.302949750731545	1.32517533929185	13.8868656475838
42	0.863182188406764	1.22071802289881	204.906271206874	0.467106991680047	0.808946282592183	11.1348914433998
65	0.91135593155629	1.51431128299777	253.188909833035	0.411402644377757	1.00576251322354	14.5149813041276
105	0.976228786132531	3.51350687560188	235.628814027536	0.395310592056524	1.02797090636697	27.7675178412758
114	0.758232548145765	2.68410731144967	259.077494661572	0.375513441017759	1.0262430138852	19.9538657240456
44	0.682586112395556	1.11982959542248	159.219947590856	0.458517229376958	0.813463690684074	10.0077218039107
166	0.915544883404513	2.84683155324812	437.851628754947	0.307886647500034	1.29818335245174	25.0921436328111
269	0.989337373902722	8.29477523932472	202.492863535227	0.405589298660892	0.997447281280643	68.4480401231346
122	0.925576781826481	2.27330301842909	334.368975640452	0.328574986453904	1.19439868912375	21.035189004841
132	0.933098107577039	3.23868926451292	240.250745735542	0.375774812070181	1.05470799734249	26.4540297005319
38	0.829397052551191	0.754339590934071	198.496454548147	0.389328416477738	0.944465903007214	9.34714707847144
46	0.979492880671941	2.3096951202815	131.787373061317	0.623529411764706	0.486478953934939	19.0932248247587
193	0.977747273665144	5.40676972933239	223.544642501575	0.391996857794903	1.03620791441036	45.0889859998801
141	0.951208226086466	3.40307879042089	265.546149996647	0.373761226995883	1.09188155978459	27.2375634511998
82	0.964676197133709	2.92094999143689	198.725854609448	0.416168396672598	0.95027853469867	24.9449992066298
49	0.911041271700977	1.77302317554891	130.317249088623	0.592525301371283	0.671445562921492	15.8622017589688
212	0.975924550127587	4.67953397206542	367.762843845815	0.346584608637347	1.21504480876558	38.1705155011329
166	0.626866508565977	2.97814250341638	265.11201320182	0.374182582372378	1.09822769220104	22.2197814499339
217	0.79392418313566	2.79261676630683	377.683731020301	0.354700618383483	1.2369702756395	24.4757992397001
57	0.909332938112648	1.74843833134772	190.41015775224	0.411021876281392	0.9157720789753	14.9146154135829
78	0.777980606404971	0.950970123484976	364.783386077681	0.321007892682101	1.22437125889619	12.7920495459384
105	0.768667277754101	1.67722326519655	357.734571981968	0.321263623526067	1.21094546966186	15.8650916617186
133	0.874505073549008	2.12395851408276	654.091540826943	0.317214025233869	1.42362641005793	19.7750961296574
232	0.900869484267184	4.64951065548291	367.172759141198	0.357737177354141	1.2165094856366	34.7787150362696
103	0.815307518860589	2.52730641361338	189.948966896033	0.465955054190348	0.831444101707437	22.5588937825187
77	0.664015496052495	0.992603241554902	382.772939421711	0.366555692358364	1.164872047947	12.0503605227618
82	0.917181471129651	1.77970420386785	271.611595819043	0.340178787766362	1.10677570129877	16.7057241373062
70	0.770607710404126	1.58990430879436	224.176601229741	0.401623043647667	0.966315003919797	14.2210981325907
611	0.919063770325612	6.8205191751957	454.551290930864	0.33418210276395	1.30940232040685	58.0391786611594
41	0.80106649604023	0.666084794076944	231.587001649203	0.382377400024459	0.995587823538523	9.31257189432236
153	0.908966070978901	2.95472186915418	451.662609948243	0.342630727838873	1.2873765165331	23.7755989057455
136	0.952155449202514	3.14773620373595	276.394110604844	0.374941690874162	1.08872660307852	26.3425063776751
46	0.753847236619015	1.27557218799189	163.864652823503	0.462578510164112	0.750570617794302	10.8679770696089
37	0.713410699279947	0.649677265902335	196.540206879044	0.39127819716055	0.93297486242999	8.42893713849608
41	0.668945717034912	0.933872292204448	190.304869098705	0.424847783767745	0.930551025960307	9.07328118626013
65	0.901979379070802	1.74625014114737	194.560930643929	0.357162870500087	0.975414733264405	15.1371762093006
70	0.854187197365518	1.68526905196057	151.195627920931	0.449010565104921	0.79068901850615	16.7941695462815
262	0.937982533492898	5.16484674679706	465.45175607521	0.371077991914442	1.24178163264435	40.869037027541
49	0.479373175052157	0.650878020894916	215.630022551706	0.422085374252557	0.982998750867057	8.86409923542699
295	0.88641003458898	4.41098934498594	362.792401469849	0.345749339173899	1.21614999056977	37.3457477694584
57	0.634235701053386	0.592871346085842	319.893762751637	0.325437859403704	1.16155059838202	9.77363674195612
117	0.67284582306464	1.17026056618093	448.169367366562	0.327891454207244	1.28299712713243	14.8637221043891
67	0.985158569876536	3.49096525890828	183.427637295459	0.595302579086363	0.727553031149187	27.1179689877942
125	0.862428354289327	1.78073407462399	424.377229338814	0.325065216467931	1.25887902303096	18.3426098419083
1573	0.878828218506072	14.820246473944	369.666066553727	0.340212977637219	1.2526794599718	128.140156848051
46	0.710410145295041	1.04682770900728	217.453558855588	0.408283631135938	0.915177230024425	10.0246029145771
227	0.883182686183316	4.1332729179746	343.073693793948	0.357731012518247	1.14037438244086	37.0936265345952
35	0.791728876200412	0.660221902277177	199.547532441334	0.382922647739518	0.920293751026488	8.55251201678108
91	0.922587714837437	2.00919915483565	270.221256741436	0.373052566481644	1.08219797132725	18.0768304320504
76	0.802724995884443	0.996680019167614	391.742803925256	0.338457671449999	1.19483238221174	12.835345709736
40	0.912534602373109	1.43709639950975	150.621528923852	0.453276642221876	0.754343881577622	12.3014666705261
38	0.970925293886535	2.00410159871045	117.173115773951	0.581807155852032	0.485880963249455	16.5995575614175
34	0.900183228170913	0.980819047645903	203.851121992338	0.392666236783884	0.937875869850694	10.0520051450738
89	0.901236427910833	2.26236365299963	205.622324388579	0.424539428774723	0.980346866801376	19.1802217155845
65	0.790643806206117	1.10610040739746	272.80123271364	0.330516817776366	1.08880373630861	12.0896535345888
139	0.814155551097635	2.46711112866462	282.350115535491	0.352077730968193	1.10468301527957	21.0170735254622
52	0.781098215939808	0.934371973953029	250.834635831741	0.372319227221188	0.983642316956969	10.6964917375581
282	0.509423358851579	2.7784681992697	315.518441151688	0.355026615088535	1.17359043456249	27.8113873303771
65	0.909657786247727	1.46993123109628	268.26694534949	0.350649964767612	1.01863790044643	14.2093642390201
363	0.950069502722201	6.08716463473588	257.859888187051	0.376487728036632	1.0840794610646	54.105374408006
316	0.770562974773537	4.41417672839223	255.045266658664	0.386788815825111	1.03946759377969	36.2775222108372
60	0.961141458474106	2.37757419941303	199.466314150255	0.468752025282434	0.850196685029045	19.4473815402329
580	0.978248963011904	10.8316232991778	373.352795710083	0.357904767396293	1.22442567617437	95.1414624003582
45	0.74400287384857	0.918859055798428	285.539648437648	0.384248501895561	1.03411541655548	9.76319628103174
33	0.816640493950521	0.649269516271471	199.915359650786	0.380314296196649	0.91849083494288	8.49252059798435
73	0.714833596803564	0.983986198387294	371.486849031854	0.339223635400106	1.20951605781981	11.9120866502865
67	0.49504735942455	1.24349168929457	281.356050540218	0.397476152623211	1.06732803516967	11.0926291812442
63	0.879932207470324	1.24129826774521	285.859375627474	0.394475417658809	0.996713063740798	13.2245761189463
139	0.53702480749574	1.86767367952608	441.325390651357	0.354287488455845	1.25876292307305	16.636879920558
59	0.850796444306504	1.16078880230271	269.668040940981	0.335345947110653	1.03981432328699	12.2715093331531
48	0.62580511028886	0.520394061835746	267.971893071034	0.354917867028594	1.06593881244653	8.9699649377996
169	0.958122398788359	4.3498588747649	254.956811517071	0.38893418305183	1.08023107860344	35.0448208618345
97	0.920164613010572	1.94884660708652	286.93119450085	0.357919504483551	1.13716517727874	18.2096975327719
84	0.58622716258713	1.46051435398157	298.055823631983	0.39387328421407	1.08213076192695	13.1965912533584
105	0.877340941592536	2.45873864640406	203.989161676634	0.401789584768308	0.967713406623757	19.770487935069
133	0.883537554132345	2.64258012002726	289.604546496402	0.348397487893286	1.14707667684208	22.494763714368
47	0.782567943738728	1.29899474759684	161.76855790608	0.515624571506924	0.795162971467739	11.7194947210751
160	0.949901951202074	3.36580324278143	334.879677447762	0.330554729837105	1.21454757928811	28.5078094821699
76	0.945474800182627	1.97999102590717	277.17573339558	0.37458006903385	1.03366195196777	17.4230689933244
227	0.956759926967702	4.41185545387806	373.140608290478	0.349086098018673	1.19961918622996	36.4384818628045
125	0.932490183376468	2.95159491830666	281.24564923606	0.38127407761748	1.13965622458033	24.6423351416513
41	0.678793825435332	0.476935994496534	233.37276102678	0.392980692796869	1.0030816390864	8.47887578073628
156	0.916297803532813	3.53430122310444	199.646849943706	0.414351229057111	0.954783016934522	30.4456664453809
36	0.161015297160057	0.283376889829572	241.277220077288	0.393200221876692	0.979396533131005	6.83130051063689
59	0.772124436442229	1.19510160103764	225.943435010293	0.378826122316961	0.983368824554742	11.9608645669564
70	0.836446688663713	1.01960945820805	357.068094680727	0.334799142253503	1.17160907030318	12.7775463486665
121	0.852132495784914	2.16470950822458	245.942317757405	0.445222533635104	1.03852356452375	20.4443261775058
212	0.930942612164728	4.35562032144552	332.251182801637	0.332451738433232	1.18136843427159	36.3121238691912
32	0.89166660000918	0.957027732010898	183.237419951077	0.470337922403004	0.679036402540156	9.53020080408153
391	0.490100246151807	4.46890186160266	425.206303388134	0.347491667784014	1.275901125827	36.9788059107334
39	0.940031243017735	1.61710045045735	151.531039621264	0.442701525054466	0.599701749012091	13.8000306939298
33	0.89275389512439	1.12900349623121	172.88594125726	0.455916048907288	0.759857194794106	10.3694321117622
48	0.79350615012101	1.00726621306689	187.014068394748	0.390922648482854	0.961926534692577	10.5391062223678
54	0.952128435088261	1.95806445174825	179.267319387253	0.407696435122905	0.850920980880213	16.6141989982513
49	0.783195041750925	0.771467374319412	293.755528370129	0.36740539138441	1.04390778836518	10.0518296940141
692	0.938996566461939	9.81972697000187	347.441427324358	0.359416118976862	1.19284107575476	82.9797651157024
107	0.906173061977423	2.04366431305484	291.424985398824	0.323186126665828	1.13896792009522	18.8838315062167
141	0.934059515833218	3.1654142781474	265.135753012195	0.374650586946602	1.12555561933692	26.513365257385
119	0.583402325346989	2.21365538461385	258.771137749665	0.421414181660861	1.05632359048765	17.668904526436
33	0.832689320653158	0.722852232879417	194.161443941642	0.397751268339504	0.864441382741195	8.70304097254539
279	0.92541409222238	4.66567112512139	404.522316630718	0.343861686116691	1.26840465872304	39.7290454362394
178	0.706254731147214	1.51333871093067	455.128653175379	0.31436098489211	1.31892509458511	18.9465874488988
44	0.873956816723187	1.04656329070112	217.524749599228	0.394332794332794	0.954219447566885	10.9698146255059
58	0.779246429696971	0.959679638830657	267.162209366928	0.397169182636311	1.00835582039183	11.2201492844057
74	0.57678405812229	0.745045887971059	447.332727544275	0.335532566456936	1.12678400621957	11.0462241366542
79	0.928896014608187	1.93853035609509	284.696149995607	0.340859300974079	1.12009803733631	17.18039861276
45	0.904612112044108	1.91942540793922	122.511709841018	0.590537429546718	0.637058596033839	15.9161299806878
32	0.76835688410907	0.944687620836063	105.025242957845	0.748571428571429	0.300499492856153	11.7573227504315
35	0.737602035137761	0.550971608785925	238.174093311444	0.342940707866491	0.9798895051117	8.09801195598827
58	0.300718939298089	0.346903614824156	343.502237183055	0.335984629545001	1.1530527693589	8.85275179540799
35	0.742965467018367	0.549801993046256	192.516647162146	0.373641133839045	0.966170083825528	8.15897307277949
91	0.948939686873656	2.60616446065084	234.126550777179	0.383938920293109	0.961768628251883	22.6611636408669
115	0.948146763710099	3.00546881734059	241.578812997494	0.398870782828002	1.01615600197369	24.5666131046221
177	0.834306822801252	3.32229125354833	292.204895330387	0.344290115442412	1.11415958633932	27.1545664481062
37	0.874576195807254	1.18222133124552	146.993169447434	0.434438955539873	0.788941878991719	10.5740059529213
71	0.748500269894399	1.45578493152361	243.974168317761	0.412524613118245	1.02132890549593	13.391583675162
137	0.969921975150592	3.64899732509417	277.095605066099	0.362620435036969	1.05788649448022	31.2184704910375
35	0.82848947145037	0.743726280267557	203.913472049132	0.391332107314349	0.924363142424886	8.93546773251964
39	0.601837894034132	0.664697241466431	256.937223942306	0.394296280269131	0.936621163765307	8.31559466844137
97	0.898168788009697	1.86383955836834	293.5972462531	0.35936710622309	1.1388789041194	17.7061487388228
169	0.921397939298019	3.56831441555862	281.807201076501	0.351596513775321	1.0889685122818	31.619751708832
158	0.900970859751797	2.55586469765989	307.9021123788	0.336141625924908	1.17235721640851	23.6112328711638
62	0.864689150621197	1.11441956934443	248.166826773243	0.349090063927641	1.09434291352259	12.6366365089716
88	0.81550785650621	1.46703359354076	236.276007309731	0.388704235339868	0.964843092235786	15.3894703678456
280	0.911261785417566	4.16934334694158	337.669147449347	0.354529323812471	1.19418523823025	37.8218049430978
35	0.92790698470276	1.21640355460508	175.758305307998	0.421961381658528	0.747298495167956	11.1554513252659
102	0.909576161624075	2.47986953526418	208.854218525823	0.364043304239383	0.980091442629797	23.0373430089615
98	0.898799984197895	1.73976550600954	374.65248353099	0.343522512734027	1.20717644700951	17.2359104849782
55	0.783015893300867	0.809827909976032	319.896088118948	0.350222789704345	1.09711214262013	10.7060198292551
54	0.456180762293201	0.460914625891599	323.80511139464	0.345916567214741	1.15666617214802	8.91531521457445
64	0.790204984546506	1.68089203213716	184.277278152295	0.435092782708882	0.882188027071834	14.415048481653
241	0.873610709127877	4.28639472400943	258.001611200563	0.380298194902657	1.08181461937361	34.2067991241377
63	0.974884891965639	3.01446762057005	146.15840825714	0.579365457384033	0.754446162573399	22.4079393226358
55	0.89937993558278	1.34875539437629	204.823605336675	0.399923494998734	0.961377281595971	13.1750768392809
206	0.341853585850175	1.15760994166042	341.877395005832	0.324811519980761	1.2146727092478	18.2940028104217
83	0.940426897486143	2.18078868862974	219.850252152308	0.404055314338206	0.989593890426978	19.124684830015
197	0.934340125054838	3.51549109110234	346.214464612775	0.329288918762603	1.21868521577515	30.1530159057051
104	0.727042138960552	1.47826740742294	409.025887342134	0.321362434484606	1.2325514930353	14.761428019735
62	0.673351520211073	0.792784801603113	317.506429310111	0.358471553203774	1.0673990437297	10.6515906186414
204	0.754575146049024	3.88657082406672	253.057137923772	0.384037175975518	1.0834016316228	30.0373909884084
166	0.942351929416288	3.81311897436786	264.811784487585	0.357223902768886	1.08504380573885	32.1621422383783
43	0.702434298498697	0.661122582197822	210.734640189878	0.366713880761291	1.01380637218306	8.94157825084601
262	0.924624793813382	4.53860665276576	223.306418909385	0.384878865247899	1.05221352354722	41.3114067747958
58	0.815682553511394	1.11768331563055	283.409657225054	0.356331437221739	1.09828673226172	11.7752839660069
85	0.847848831357731	1.42900634287072	366.913900491277	0.342144727616781	1.18301382120233	14.8500723677727
60	0.615384040737499	0.94532844503775	266.232874133037	0.389179041369279	1.06850066377766	10.6590384405998
960	0.96557377285395	17.1099714393314	302.076640276851	0.365056361901869	1.1648148685064	132.673376440047
57	0.955990465431458	2.32086583829571	144.828579962522	0.510469070571372	0.677758917381474	19.8140203347506
55	0.869947232844072	1.05546617096042	291.531063543058	0.353694258841318	1.01164828584585	11.8903161431522
87	0.41818761392337	0.666327598481566	427.465438431858	0.325794442999824	1.27283527698077	11.290517065988
107	0.800954457186633	1.70482669806432	325.348112836481	0.365152393737985	1.17794480181806	16.6437548842025
54	0.967684319348666	2.43280644418646	192.764041092918	0.486376739317916	0.861782027765915	18.9633381964254
480	0.952339694334168	6.69537864330675	422.205462481108	0.344736513003604	1.29278885066748	56.2975515951752
109	0.963436142203788	2.90679553630828	240.270039654912	0.384369892825775	1.03432791962037	24.7997744597758
63	0.871704849851553	1.38789961001463	277.10676765642	0.375446740858505	1.0099114595863	13.3985411585126
158	0.931795376052517	3.32693326477715	377.655201596477	0.332335338217691	1.23886756466205	28.2337350365647
68	0.853032689652232	1.2850705389342	315.515048351547	0.323387251627869	1.03861461331829	13.3622901444979
45	0.913252157476898	1.48933329705713	171.722001026998	0.399718540719419	0.893496351879533	12.8159878621102
37	0.851400729635623	0.852218441436886	172.33071485023	0.442234970911441	0.88475753195889	9.5776052264845
32	0.808870425683276	0.665473440574055	203.651819387508	0.385412844971668	0.912302697908636	8.35975284849896
81	0.959616302540983	2.7227342534428	182.26833931543	0.442374105567383	0.866140800684971	23.9972816134628
130	0.907563340076386	2.8783829404409	206.516060398326	0.364971469648658	0.97454281823908	25.3278184480195
121	0.937731025806045	2.83022207029586	278.294042149958	0.355838421556479	1.10463765419018	23.611066424518
44	0.946699711045368	1.6198797949345	141.316976045791	0.451661481900453	0.759135754437525	13.6636281458116
78	0.9654792522764	2.33078489006509	194.411285038392	0.452138210387852	0.866655811784882	20.0985776379344
31	0.75532690020044	0.952140133509273	180.371507766881	0.471280276816609	0.647821948532731	8.71297043368021
39	0.944068508776806	1.52784353894386	142.592629422357	0.467938526762056	0.627281646257587	13.1276600143341
197	0.799000398031825	3.45771381760768	213.00530447247	0.39909892978865	1.00728484980491	28.2894545079218
32	0.88167751152801	0.912727777389718	164.612059782552	0.454895542505054	0.82484644276784	9.49260093919274
165	0.849115908909283	2.17593353213327	461.342969071574	0.308960835216115	1.32334708827443	21.6309350029704
91	0.720998779202996	1.3742166997903	318.603354474895	0.431691346562929	1.10694241729819	14.4520539983955
64	0.904723539619712	1.93074508395383	178.253106036664	0.405735599853247	0.92574808132993	16.5978848020246
32	0.903956353684911	1.10122276868452	135.368796443643	0.486475615887381	0.743054623350233	10.3967854378036
89	0.906831914501513	2.17271398907088	178.917452120099	0.396570588980456	0.962883010206864	18.4050811008902
45	0.948103306907621	1.6256921828214	198.699737988854	0.428115069472535	0.878186478857682	13.862429772687
37	0.217519081207452	0.600717969744371	237.187969600319	0.388840704717852	0.986198962123886	7.21027841514215
71	0.699471658033882	1.61911429503426	209.265830842755	0.409040434922788	0.946002951811371	13.5522768780653
33	0.801084198508387	0.631651907188016	208.613113971479	0.386584566466919	0.923374154234322	8.3903042865253
443	0.972768259280916	8.59780374136064	287.71829956419	0.354681038963011	1.1551319234625	66.8095323855257
293	0.823927835398982	4.56827430882219	320.679843008277	0.366040779683985	1.17874225061582	36.1568716255032
83	0.917604126911348	2.24496505308704	252.056577035658	0.383359830418654	1.02131680667952	18.7136795410138
263	0.847460186423911	4.5118792403448	294.04802571838	0.358759064884825	1.13088562962449	37.1488295000795
309	0.921361004828825	4.71783544245711	321.80243954867	0.350000756152311	1.18749822550502	41.9061774856056
55	0.937031625802067	1.53030899568832	199.327092208858	0.403479449919078	0.939233146003789	14.3872626497882
108	0.938347611838476	2.68095259320968	250.339958782754	0.38015548637688	1.04955632995986	22.8760546491096
41	0.712808365352866	0.582797628982358	243.788898474891	0.367452343463373	1.02151363892001	8.68389172064928
37	0.913353994176888	1.51210421973496	137.786402948383	0.520855614973262	0.568843686954162	12.7848670366884
100	0.866194210147471	1.65426044048022	383.942260880466	0.308571592390758	1.25299836423201	16.6375993903655
67	0.945561255586473	2.63396702964433	181.384194357072	0.503717040581839	0.799177767625366	21.1760173843263
44	0.895942031180107	1.44614122658915	162.26680535775	0.481766699182169	0.847980377832183	12.7489909907742
49	0.682454553799981	0.582420878139589	283.612095195797	0.357784184161104	1.09079858587104	9.26186778282514
77	0.856698313202439	1.26711739075655	364.468971509605	0.347641375738261	1.13213987647063	13.9522009810699
48	0.864173761256913	1.55169545422944	193.6955965775	0.50344396647531	0.85232766178009	13.053180819806
121	0.938278647860216	2.80612956358358	259.614854243846	0.362926422566526	1.09699076594567	24.9927769458764
37	0.662103652757351	0.805243875102138	211.680164062202	0.44877460028642	0.895284275183035	8.43470046448581
102	0.949222804047124	2.70978027927366	295.150681256845	0.352272561175582	1.10738948764093	22.2802871023241
38	0.828554290399209	1.42967623040759	124.439232987322	0.556170703575548	0.537867859065494	11.8096643582816
44	0.848408157977002	0.944290732792684	247.654190890777	0.360891201289125	0.978143450752319	10.3914660164396
107	0.771793147617541	1.22980968561659	446.532266076577	0.329189632037412	1.26845372999706	15.1712410006546
49	0.948781638653955	1.92984404369028	138.334223571723	0.473960740909535	0.74760182754044	16.5563921953312
226	0.907108701478385	4.16442881014318	333.664345168214	0.349436052760861	1.19360095299914	35.2191770549452
40	0.912281902636615	1.27129606146103	198.816815019089	0.399022889750706	0.891757722748961	11.6614310524507
129	0.842530490349657	2.61009080449465	455.094396466838	0.386733057291954	1.26062593127723	20.4749822360902
38	0.945103720737027	1.62616172551157	156.515086993126	0.461085972850679	0.720924171510726	13.41095047695
45	0.774992568032171	0.798944560903712	218.612797929733	0.371659827729915	1.03366045211	9.70225054467821
86	0.887918059887664	1.49562667879845	312.252513945486	0.335037299743182	1.16490401033047	15.76441475393
171	0.956293157523628	4.1655680212869	341.887193243972	0.336710768083317	1.19891997139347	32.9151314991827
175	0.925569999687686	3.60645586570107	250.921993825715	0.372155293552223	1.06686381936235	32.1004476991357
97	0.94863069693911	2.49605990611229	286.866811931797	0.382871873804807	1.07196592920856	21.0758632269481
306	0.753713018380082	4.10344381673299	492.396027656416	0.337601303459694	1.31958949561262	32.601377952643
220	0.978755330442578	5.41788891761852	274.048665881312	0.401668640812117	1.07073443569401	43.8590507522781
65	0.956634242339897	2.13899008588559	215.036043897283	0.39985336920631	0.90082430772292	17.9862471519269
71	0.857593916515585	1.25054791555811	293.89253379238	0.346694154757035	1.12698910132764	13.6417084428196
82	0.649404554923638	0.805426492987134	383.706601935821	0.322021990727873	1.23965879609591	12.0355780294602
455	0.954399911023701	8.1883384204534	320.242594656622	0.353802067527558	1.19585235430866	68.5135735348601
46	0.921270762825124	1.48799213072395	210.464362024249	0.441923008981832	0.895875473863828	13.0285259942803
65	0.689681698485976	1.24725035080659	225.77995245807	0.404956296709179	0.950950288675566	12.0075545439388
118	0.955062680960562	2.94429092663881	284.158467014133	0.376843120242842	1.10918764670754	24.6873619468916
81	0.742373000910864	1.11904999803252	320.552340309646	0.338951359075198	1.17297129627466	13.0276541188674
175	0.890270877956987	3.23168116326932	357.39665738823	0.340645221070838	1.22089782239251	26.4835600050425
197	0.939393416095646	4.39396864095078	263.963335611848	0.397468780138177	1.07104573691606	38.0284947989496
63	0.880038886001429	1.26158922819688	273.367275415818	0.371997296141282	1.08206905923265	13.2591228906751
517	0.833986740634481	6.07214146364619	272.988538518013	0.374268733429775	1.11863177284097	52.8253144810587
31	0.538342469315636	0.433548313307773	216.791696792132	0.39805249710373	0.92423236944575	6.95732046489698
31	0.842401678261644	0.906489618209058	157.704920985995	0.471879607504194	0.770627040776258	8.98444636651461
81	0.702921131164744	1.35575677754195	282.086956343198	0.41718744432964	0.992516457039313	13.4260304318119
72	0.770979243750696	0.97480475833196	333.745541457022	0.32552455493632	1.16204850916475	12.3294917959665
44	0.862129047163144	1.43106527032118	191.854283487305	0.496723136204691	0.831825506037651	12.2614781348848
43	0.9450297805757	1.96443402186199	134.800427361729	0.602521008403361	0.577007599049226	15.9948486100729
65	0.874736279366502	1.25503196485535	283.97318624495	0.330291118526413	1.09145476133954	13.3173714112259
37	0.590502167959484	0.526623321357855	273.74245114262	0.361850633677259	1.00457528027823	7.74806874633664
111	0.864435483477243	1.86493545224885	370.815112451087	0.363254065625982	1.16561155095453	17.852203593889
241	0.982113662826178	6.76002422565948	348.605527308891	0.354285424810875	1.18088927862895	50.4972469469153
62	0.673768569939031	0.952465436774252	260.490370976489	0.363818286899804	1.07064965361251	11.0304720495315
197	0.973903205793376	4.67527211141527	280.605682094446	0.348389328847344	1.12271723460495	37.4053538618766
32	0.77060844012364	0.645887078030567	183.430270368219	0.436789711836152	0.872425934254337	8.08178006596825
140	0.741265922383269	1.9675091978332	370.854784226229	0.332521289259934	1.23722018237463	17.8599749060117
31	0.852243658274534	0.778027247218312	171.715407503474	0.41893566791265	0.837590109806721	8.66513276199288
73	0.98399823497295	3.02925633519601	162.661212289738	0.464419093748008	0.74389465384091	23.9264957714151
41	0.446473682252261	0.572966461573592	235.251160316903	0.359299706590119	1.01871643728266	7.95705352582508
31	0.570424246088572	0.389472868469203	206.709907211317	0.378247757722101	0.95048922623664	6.96832637818503
294	0.650600185051307	3.05640217984592	245.254976224314	0.362839728655489	1.0846274531764	30.4181782298722
31	0.88768912843421	0.941482612970898	152.528286329659	0.458401206636501	0.766617671518429	9.39395160271145
63	0.975216304480867	2.39318753559293	165.376309041265	0.45906421488399	0.818295765873792	19.890326575598
112	0.67599617076435	1.76900852355535	308.102637537785	0.371639364310531	1.16988991263488	16.0144561434077
114	0.883096903021823	2.58492963621064	201.62182394784	0.383542068884403	0.97475401171906	21.8880954709397
34	0.855364976901349	0.987131192516608	181.960484399928	0.470414552767494	0.769685147520714	9.59238689583832
149	0.87879876772199	1.99285469977279	462.956405860482	0.320300366118381	1.30954771260114	20.5686134069523
97	0.950853781717568	2.44767881236262	228.548093313193	0.363762425133725	1.04277089770182	21.5242242881722
64	0.567308394955929	0.704841601560083	320.282281335204	0.341677289018918	1.15595394159183	10.2221634602167
68	0.793215873684836	2.21070422931093	185.657023185359	0.474234735954193	0.839991627585629	16.603583429502
39	0.597546029482827	0.512895463568761	211.913329539581	0.378743019037137	0.995228682971747	7.9752953746955
465	0.616884977297702	5.34282550121388	256.770210350508	0.391205124365563	1.08256453255793	42.2460872947713
226	0.760750201466179	2.75777486065471	283.782289129294	0.388230591749009	1.1037967158936	25.7896681449748
85	0.78545958089435	1.59749925852848	281.537307081461	0.37531513754424	1.05506005526688	15.0777035875459
55	0.900490034601463	1.44693320904619	187.912560906463	0.420948434491526	0.917906438352862	13.3444098743593
300	0.418725652528865	1.80147977199482	279.873249205856	0.363000965448497	1.12400646316426	27.9571073909156
265	0.597953126871683	4.15593276871739	220.403456811189	0.402203368607973	1.00586915760537	30.4357094748937
90	0.933734918239503	2.29480929715815	243.946447824394	0.369098538583833	1.05766983072375	19.3894878084931
94	0.878287120703958	1.72760696253759	302.66321810707	0.337067306231787	1.11862959708946	16.7047166534702
76	0.81856698955575	1.19832956189701	327.404659009168	0.332238856729131	1.16528237366815	13.3933318575694
40	0.751945868371936	1.11020489470908	168.041241195043	0.457650993507771	0.769730780273643	9.93328606622356
262	0.959078204506537	5.02799140401871	362.260234009544	0.340995785349926	1.21809420452922	41.5387912999008
90	0.924259285177671	2.15549914244776	231.898837174207	0.373263922474827	1.06957595830724	19.1588990679939
35	0.813245086603143	0.819601141961578	184.630995997717	0.4536547163244	0.80550102997949	8.97850174488962
42	0.922181435444411	1.45746674630164	152.642193318561	0.483151450625499	0.74438486825749	13.045353197547
45	0.951084473835142	1.60765101607899	164.100303410682	0.398766549354785	0.797217854337343	14.0776533260314
32	0.868309065582028	0.841433396853699	172.543755738612	0.40880209573708	0.846771064368527	9.04137790263789
79	0.919381192199553	2.03872335690882	285.025829827145	0.357966077765217	1.05833222702003	17.695979045144
91	0.957348954392898	3.18523052573604	237.024250528359	0.443538624002342	0.968812640013544	25.4346419973359
79	0.950890000153679	2.3623693734795	236.63592308422	0.369120921826804	1.1708225001562	19.2652528669728
530	0.988648477832874	10.9322021783741	308.108735711276	0.35121845324742	1.17564704625578	93.7671693490021
277	0.86944072716595	4.91981759910329	238.011653273654	0.370556563526434	1.04337339539727	40.7698211627535
92	0.878592492817145	1.85219819550222	355.630695566061	0.358247693619723	1.16940950523914	16.6945890486416
35	0.789156158564563	0.78432601180498	205.990103687807	0.445283675600418	0.849752329884589	8.79589744479011
87	0.901537295699711	2.18280362348257	249.059641488257	0.37359742959743	1.04659458408296	18.6138284147374
114	0.683264888963927	2.02461691700345	228.601019401762	0.383660359651408	1.01934563957604	16.7267183342865
66	0.916259555209802	2.17585177897975	181.853805417649	0.428351298939534	0.89065219163692	18.1269719171304
139	0.958139534964933	3.69139241682127	212.352239148302	0.394965919392192	1.0123018610945	31.6323022686983
53	0.873835341412146	1.28009749743079	252.471967769052	0.392702369172957	0.997461341826475	12.3686959005807
146	0.936219531478173	3.39784455723277	291.178180602898	0.366311485726935	1.11120704207421	28.9803932532923
32	0.590803461937418	0.358904670507226	224.869124088557	0.372892283989919	0.97353055766617	7.09242121461913
36	0.609994281331812	0.354352390977756	241.420319612115	0.384271650448121	0.981806377565336	7.57187779441061
178	0.903625606528293	3.18279621201575	327.023329298053	0.335923094510543	1.18409259195575	26.6658093978883
68	0.928427761717739	1.98809485308282	236.997441516295	0.380155371920078	0.975487992027704	17.1918378631154
125	0.875889755164134	2.4939846449274	381.795694403255	0.31269389442137	1.23386179923311	20.8705380191008
41	0.898842070653805	1.31083725624724	169.718510010899	0.438166111962903	0.734531710765798	11.961672353623
181	0.963613435801686	4.24077364780638	320.488262122095	0.37252887542586	1.17751149051747	33.600304139633
76	0.8392211637011	1.68421715900567	308.77507186151	0.378350204262341	1.05498159155352	15.3142654197061
297	0.640821785281333	3.00571532631903	320.005690154996	0.371106616663563	1.16898178204351	28.9584507362433
60	0.602415074594819	1.05731654680221	266.999397643248	0.372908768497004	1.06209044244929	10.5809757662059
36	0.862911239081642	0.900853830031133	190.139219751143	0.427162560459916	0.849292113064999	9.55667650359363
180	0.718525626910079	2.90638097370497	301.01408549231	0.343921368853196	1.16752963410494	22.8789294845492
36	0.922873278470719	1.29010505727017	211.320649278172	0.401531500174034	0.735827222098423	11.3830446873466
73	0.688471328511974	1.09513493280646	316.491088786336	0.359152500917207	1.16643491909895	12.0477130322428
83	0.53794609446151	0.782341310991761	447.59798405412	0.328900512973565	1.23047512591354	11.5751028709192
82	0.714383687063662	1.38984351390248	276.27459585528	0.333001882227888	1.11744298561068	13.4097373443968
566	0.81379719665628	6.83084695517912	296.002646807701	0.377970493447364	1.1480881934601	53.2569881793443
70	0.882573813066741	1.68648546091757	200.256105631547	0.412302913773502	0.937780058357468	15.244308136309
56	0.516026500915913	0.463206673385008	314.375887531144	0.338463409630237	1.14894504122304	9.20329596810457
114	0.753034157144748	2.08220779593998	247.74513059543	0.38227508719312	1.04940222301253	18.5717174137301
124	0.978533057940214	4.35300722854355	163.498218131559	0.419637061429485	0.775980873373039	35.2785642358119
33	0.739724261405343	0.553105741728601	229.933028532153	0.367815335697689	0.938070004091358	7.91201791723063
785	0.876651962762844	7.66000372450809	339.330842447851	0.352952253746806	1.19757351933842	69.6433955663562
51	0.862601840762497	1.32088479140979	230.655559022628	0.390453209910223	0.970438738801754	12.3460762777818
42	0.906130288034767	1.28675150700842	168.715912008811	0.422694875871346	0.856634319533457	11.8932047327144
134	0.79242091143357	2.39310052670042	373.528598697494	0.339873296586565	1.23484783161208	19.3711920024574
138	0.919089220379237	2.75451514725303	286.069360031514	0.364386958158584	1.10261430042558	24.9757378042473
49	0.855103158594028	1.30021312627285	228.054327845861	0.383627879426199	0.884212938828487	12.0829879738404
141	0.963333222106696	3.67907826934525	233.957122795871	0.379225850284674	1.02076934741656	33.1411035581981
134	0.832464462312	1.73042114040177	390.812266562995	0.329550275643724	1.26842333209899	18.5109264974342
163	0.965121632325556	4.39826926772236	238.293493172848	0.395846056757597	1.05626131772033	35.0984485436222
112	0.945556547375037	2.93018051487919	249.959614707512	0.378904482066861	1.0512730435325	23.0401313481427
49	0.893068996003327	1.4257632324995	155.12232768424	0.398808217502819	0.886840233129373	12.7893493096022
243	0.647802335498511	3.33209376309708	330.922642444546	0.355644774009193	1.22049352015499	25.3023737063101
41	0.939244254895004	1.5139482697636	139.985566514251	0.436875926841325	0.663166182075487	13.1822752295931
101	0.829143468399073	1.23073810391766	473.836234843988	0.304939659313061	1.28222552375346	15.2650531409272
261	0.817871605556182	4.65789970680713	240.195261643564	0.388105282139194	1.05734149726564	39.2720942931886
267	0.926126360182733	4.08024339215809	270.918067868497	0.358596439268708	1.1139039197098	35.2087651839204
41	0.960341175499802	1.70003018428579	125.971041463957	0.402312719959779	0.639009538609567	14.4619664462352
97	0.978224610434667	3.58872413387703	226.714084861234	0.390263566734155	0.997484247662014	29.8491242521339
47	0.770876338341239	0.734762458014411	290.531540268272	0.367757657137838	1.01868464849603	9.77484427826593
300	0.838025069632754	4.77061423000122	341.590908363612	0.345565293087294	1.22846744392549	37.5295891044669
1103	0.976950429429432	18.3192799122545	333.502725788197	0.347805635225036	1.21308642310964	145.689747562017
371	0.817956916506874	5.31541982677918	341.03874531604	0.339588771477316	1.18984717539335	47.9589110264058
180	0.9895982669544	5.53505423998186	193.06868692911	0.384550728182442	0.97785767998555	47.4130885265065
198	0.750079698732783	2.57950595972677	399.377409448277	0.320018626353468	1.27856556531278	22.6951012736646
181	0.865611574888525	4.05219662552814	214.90823076318	0.396769858191853	1.01603068422303	32.8390572598036
32	0.930359521431204	1.21760781170973	152.575455068844	0.509019607843137	0.665148666341194	10.8702435151072
242	0.951343849460656	4.78494685216664	307.981945218173	0.362115584008167	1.16508980979475	40.1580233501968
249	0.966890708725589	5.72334830919852	274.256526017821	0.369283241815211	1.0885589139288	46.2685193507517
54	0.900919502242802	1.6039166803034	171.729480302655	0.435481734907847	0.846717489721412	13.9100296560131
72	0.807201451718001	1.46593504043277	322.993803778382	0.373160914337385	1.13779382932157	13.3800030997925
63	0.864705718644123	1.53117753876827	240.915951152002	0.380359667974212	1.01989097459222	13.8861366166759
37	0.958429149511977	1.79590930451886	122.423576708332	0.583479349186483	0.578723264452286	14.7402075443499
61	0.802894639757657	1.11772434222456	275.612239001897	0.351982289797416	1.0481148061796	11.8078914059851
52	0.941963579245622	1.65765681405445	185.039859260823	0.407670006977965	0.89827548668286	15.0092868201281
222	0.963538387302165	4.34087253559859	322.117938105121	0.335770212729683	1.20178878190373	38.2218336372782
74	0.785052785267846	1.35277328191039	329.083916697895	0.340600306093784	1.13860962688643	13.323353859709
1423	0.901926544752047	12.0719576173543	399.111343200205	0.338537155218208	1.28079946534642	100.544478387304
844	0.742803983606459	8.05470765435315	293.286205351145	0.380837474138482	1.14929089591324	65.296051849059
150	0.540108678148738	2.1599313365721	421.057461439207	0.324420915064841	1.29028845531008	17.5667269710308
65	0.923614695928073	1.51734633751758	277.477932384788	0.345488834652921	1.02836405604851	14.7444497527084
34	0.636249016255772	0.630589278475773	194.15715223302	0.406601225121901	0.916004481205967	7.82113543017885
186	0.942760228778879	3.44020531635715	351.519254533773	0.331937024658544	1.2201658711134	30.2615153936755
34	0.8992937029315	1.07714136098638	164.811153708581	0.491185897435897	0.810913366389428	10.3758089711187
112	0.988755970894075	4.32876735733031	166.438411183005	0.427852477388081	0.8107578754331	35.6364637211351
88	0.549654802835036	1.00020608208302	412.469792117277	0.325546515428066	1.25257640374249	12.2200420450118
52	0.905476773062475	1.42673481067889	235.594813605929	0.3866632847025	0.992798712454583	13.0966104687039
117	0.951082408656434	2.81084664542188	298.727469208403	0.368359086622099	1.0701832235657	23.599510179717
275	0.817745443232742	4.45276197339616	302.500018276732	0.356771064383521	1.14992578597589	35.156557178386
233	0.914461657159584	4.20419316497314	332.654342726626	0.344993721234754	1.21269211723795	36.1510540484511
327	0.804108465844741	4.31979717605967	322.06991316706	0.360310242369066	1.19319346038031	35.3353341440192
52	0.846759748089165	1.03373922556188	253.350326706258	0.356037073684133	1.03044368901997	11.3440757948826
103	0.943527134730227	2.62958517426532	301.263869915884	0.344526157562724	1.11462350688692	22.1640869007429
108	0.970830162869665	3.82305301190078	169.2895413386	0.426038934174103	0.854369316820271	33.5709594464109
163	0.892701567649298	3.13714425728979	208.197218641315	0.382423843003989	0.982071015393553	27.0319116638215
167	0.790660485399262	1.77238933143271	656.788523750066	0.307167310896501	1.41619744873588	19.3651055571157
35	0.787146931630034	1.04968352826153	162.899670754374	0.520685197155785	0.761175879740194	9.68825037173015
33	0.89220869577569	0.969965922265777	200.960692092152	0.425414003825162	0.81269121146251	9.7174816210401
79	0.266536332483089	0.985356596082659	356.315105795573	0.346699203494335	1.16635377415711	10.8881450598094
63	0.527451357168084	0.58689285447869	379.247762681879	0.332532384455461	1.18439933261942	9.84648735849637
51	0.790536403443325	1.0584633255189	207.990389046843	0.398078255770563	0.98576169498996	10.9993162014518
137	0.911310920708106	3.06111461229368	298.242925731371	0.347617702721897	1.14558360965479	25.6795484396605
135	0.873448144574276	2.3460462168282	391.960321057372	0.329859350849245	1.24515853926309	20.7782196769207
96	0.900214409039851	1.83909788606235	349.419155717467	0.333707502751621	1.16706032692903	17.3553010523637
32	0.74034934646538	0.525176290611958	219.484861429827	0.342067075238694	0.945629886973026	7.72981241687015
727	0.957614153047988	10.9082996961406	341.447018835958	0.347083968186277	1.19649586946106	95.1746420076432
31	0.817284609216001	0.723278672582558	172.415802164723	0.462728703521542	0.827645012051369	8.30631212669297
792	0.985789700198416	13.6796598691454	301.372712920361	0.367672401754076	1.16310223804716	112.802689448382
96	0.936307156772523	2.47941775136436	253.381655521237	0.375929306758968	1.05395649187858	21.4616494138439
71	0.974673995686903	2.67989733813706	191.660479298139	0.435190513658882	0.816162353162564	21.6032956888928
42	0.881356120845259	1.1980784104897	221.604960590989	0.38400915459739	0.922017740227421	11.1539845369031
45	0.895796248964161	1.12495374136354	202.290889060512	0.383647412509029	0.930777848770422	11.4319714302687
31	0.657170079732408	0.440717872373705	227.832933253722	0.369432488977081	0.903211379379662	7.25392836943466
31	0.730205523442694	0.526700741263533	210.063466880228	0.373928183036342	0.931717554771109	7.58606993829494
34	0.930119470188896	1.20211687741067	153.47095943212	0.415430787699695	0.781425902387352	11.1490082542182
101	0.906769772113172	1.91423629791824	322.481568483365	0.346945181150624	1.15382138227209	18.3375388336808
50	0.833446916652516	1.45172636631638	197.780436815173	0.461087406645216	0.901060586531773	12.3293353997592
219	0.981363708855369	5.93859221461617	308.8365119669	0.385087086055068	1.14420512009243	52.3435945465593
89	0.949547495030232	2.36069512620661	255.565523798807	0.342169771581536	1.06526666084712	20.3880174558313
116	0.839823518808775	1.9520254677677	357.036686361031	0.335482576206558	1.1978624849788	18.1974447004334
186	0.941179579815422	4.28299221075174	236.136829913645	0.393590020134507	1.07144143279025	35.850265211176
96	0.875517309169926	1.79667317714122	345.019269423576	0.349760275939566	1.16748794765101	17.158054000594
239	0.985997930988801	6.79982929816774	269.250808136196	0.388162484187921	1.10374432056239	54.718030802606
45	0.613260402096428	0.550624972490707	266.870665013583	0.369068858546903	1.03902728118616	8.63198339599896
160	0.868013806930768	2.43942686445673	444.012051194629	0.32196213520387	1.29625449638516	22.4405225979008
257	0.928800000940299	4.47305180101541	336.871470402857	0.374193469487587	1.19669545991305	45.5594145458377
65	0.633852656114676	0.737328526131762	361.627982413534	0.334596011836254	1.19356851860904	10.5359187517846
68	0.900303353560116	1.71702543404471	265.373354518766	0.378753640518346	1.04475900106884	15.2123871137661
462	0.634762140136222	4.23752110755845	350.979293993844	0.347404529994876	1.22652499537712	44.8292133131901
368	0.736505452431813	5.01768427417016	292.716093426597	0.356365475432412	1.13533304468304	43.2913993869021
157	0.759679981555192	1.91292308094566	450.508161697494	0.322682125268162	1.29263786653529	18.9090190792756
38	0.708127711350146	0.728664365262402	275.794572374268	0.309482003599651	1.20878646325271	8.59540298642311
226	0.953230107220717	4.34651948285388	296.366329052267	0.354115233742398	1.10516120734953	37.056849979604
150	0.873282676376081	2.70788394859345	256.379996229202	0.362744814022538	1.07371576428588	24.0429835960064
86	0.962573208027036	2.92493584685945	166.125985216943	0.429286306869773	0.869116822853427	24.8605460073215
62	0.699613016529538	0.866806321297663	335.427790748525	0.342556194203253	1.13945011412973	10.8869660405962
45	0.893770872560487	1.17187033110198	221.050313729637	0.386544216561518	0.899509252947644	11.6123873471608
32	0.779998841327571	0.573555672919354	210.063466880228	0.368845731489758	0.924493785193417	7.99719178576728
46	0.797452550350963	0.777566852414286	237.052063286352	0.350191664593287	1.01397276074358	9.90872381135043
88	0.932499333864961	2.08346718689895	265.950377328377	0.348653950916394	1.11893453547115	18.5706966135118
64	0.782019494944478	0.845057375724333	312.985628613595	0.319748772689949	1.13943861680211	11.5340514985606
101	0.919690380666171	2.24341944956197	289.852797260953	0.341603255516605	1.06782491065551	19.6236235399985
99	0.877705791690818	1.85437352039376	316.852654217387	0.347385932399507	1.15780916093165	17.5812249303976
44	0.637306959539851	1.15221880513435	174.345473768909	0.468615667420815	0.7801626620256	10.0068779324388
103	0.927168891931021	3.15653908008475	186.120025071154	0.478207046153044	0.84066193200346	27.948970979977
143	0.360376339325685	0.850701608282232	682.432029417977	0.301170731041835	1.4039073979112	14.2993847299266
140	0.818068462627925	1.53389296643804	350.37921736447	0.337158004669695	1.22654608660683	18.4106529704548
108	0.852568813298184	2.09319984565321	313.909877270536	0.344720217955512	1.1782343721422	18.2344260781956
107	0.861071895287534	1.94202451590975	307.895298247613	0.351362655860926	1.12254847939079	17.7877641886656
235	0.916188949982026	4.05896969725687	282.412955864249	0.36299464100369	1.1095052015475	35.239853380524
50	0.656266835545343	0.474441320706766	303.357583939841	0.334202075378546	1.11315359183339	9.17132456666005
56	0.577539927000369	0.995794669707628	265.219153369517	0.40400717459541	1.05777138459322	10.1485529624394
201	0.969077716822011	4.62796149746385	334.197370383159	0.364311257470693	1.14742237193923	37.2944110065098
52	0.683726846982977	0.619009683111461	294.942346144897	0.332429722919332	1.12506843794483	9.61084852816324
87	0.780302940937609	1.17490951045808	332.274143167731	0.343547970230808	1.19198971134052	13.7821121509908
233	0.914626228272001	4.45186988642726	245.012845059937	0.380641147935266	1.05155796452592	38.5201167212422
208	0.892748528447502	4.08558729181968	315.026197857644	0.370841053415328	1.17474845607836	33.6159492741237
41	0.463010077002837	0.691793273871817	211.840851028003	0.387564338999633	0.956149717505478	8.09125628545853
85	0.794236561588458	1.70846063328771	236.922591312011	0.359084632077333	1.01654205756147	15.5447870577245
187	0.947687939475055	4.09666587056191	214.12751547077	0.397872621903086	1.00749579203853	33.9693913275676
45	0.844839472954009	1.35587073324341	274.595729242385	0.415900076479532	0.990045561773596	11.5455674062026
135	0.968654167379885	4.20203766003624	280.726284754521	0.376796957365678	1.07955360674061	32.8599656889883
77	0.951408699917817	2.37734922835497	211.470473222848	0.376158461125781	0.992302279612288	19.7191322760157
81	0.900889438949973	2.16578014483791	250.655369607984	0.394084825798381	1.00863539023963	17.837445640564
62	0.950346650513414	2.51808367082374	154.219651147316	0.523348416289593	0.777198484281805	19.4842304277684
81	0.868194495923281	1.41825901382354	318.061382919258	0.332745469180939	1.17445224647423	14.8531063202741
61	0.855312910570406	1.28547862153195	269.477945540371	0.342345603522074	1.07052279502637	12.7640090964372
34	0.508255924050456	0.296539866385006	270.084763192331	0.341359096653214	1.01648088819785	7.06274400928833
212	0.696113729519077	3.43036478057637	373.816441283417	0.363875418341035	1.213201180478	25.5777990986039
92	0.977923852902243	3.20275450019349	239.289920472782	0.381614531112379	0.922959938412711	25.9193515444311
305	0.963462032345162	5.62686810600436	337.095567379347	0.346884124296808	1.20801376794863	48.8962736507642
37	0.910606166606516	1.26103739016607	247.641930926475	0.344831773482293	1.06182610648956	11.3372587944495
570	0.986611323175943	10.2950671351136	454.741053504652	0.335667266922836	1.31121316624415	81.3744874334424
115	0.86663496837288	2.05822433751789	323.760685908025	0.357773335629819	1.14499615566712	18.902750862641
64	0.868361323951603	1.22798616105756	285.004120259114	0.335914760914761	1.08641526295521	13.0339936757179
71	0.931926480844431	2.59274175035818	167.54636740169	0.444923779818126	0.783164043140806	21.2099108333769
52	0.931183643545702	1.48094247679343	197.92338711557	0.387137684324385	0.951302589088232	13.6288943516664
74	0.578374555592305	0.853667248379491	368.648158895975	0.330784055826073	1.19640609031945	11.1716718071783
51	0.875819126246877	1.49252426409918	202.838001474829	0.454705372118695	0.862790469508818	13.4425272346393
42	0.767377493570668	0.726102998277247	210.858340008053	0.351153422827631	1.02989591591834	9.23936879477366
59	0.92325779811625	1.78732622088188	200.475074860015	0.39586875192985	0.883632961130763	15.4986958773747
31	0.938331487963526	1.3688017707416	145.298511775298	0.52262443438914	0.738169347523667	11.54983743715
44	0.585777201206733	0.862029824230279	232.235809257785	0.407352804279933	0.964517153651261	9.0365227833578
44	0.970465469531139	1.94853417099901	150.508118754389	0.467815384615385	0.673278505044799	16.4665056673504
95	0.987752002410124	4.06520304309508	179.697234664377	0.469867491111672	0.800428249986037	33.4207941702744
39	0.845300245446071	0.8276622998868	221.981279732561	0.370321226203579	0.908676455635321	9.62216770216664
291	0.964740566506013	5.76234112731618	417.170888702981	0.346589692942634	1.27543731665664	46.1404443048072
144	0.908700886194599	2.55720226417657	343.813618066117	0.334871099866278	1.21654500874002	22.6767257938254
34	0.812657364875715	0.713789001548924	191.280556860525	0.400219410254012	0.922941813858349	8.73101580346981
31	0.920683900210741	1.31422021227872	150.718041764344	0.495299441043386	0.698766517366016	11.0924016656708
127	0.887927796913121	2.92714049146069	253.101553319353	0.40273254009343	1.00417096101041	23.8757873715679
133	0.962039943906956	3.49732687112669	280.413554971676	0.349435370071821	1.08294836997465	29.3712012291224
104	0.807723265404047	2.24723719302424	289.520993867596	0.374893847484586	1.06960458072965	18.5908244352872
117	0.747861776826702	1.8519417373498	369.304862434896	0.356138659995697	1.2223518126265	16.676642108103
345	0.976509105749987	6.97775038602023	322.525271398714	0.343138486517711	1.16879067931263	57.4445182485406
34	0.924895512045109	1.56643643588813	102.653434965671	0.503146374829001	0.554735437620577	13.6020990957055
405	0.942168751586576	6.70191010991979	330.240126881225	0.356808400125092	1.18798147745794	52.9610641044237
34	0.838423518127418	0.767220301559311	177.161957978351	0.432366249667288	0.844716417781942	9.01975680496007
41	0.537373117089638	0.479899416654711	214.118513941246	0.321626971994619	1.05990853711134	7.99919643034011
434	0.974432088180191	9.19950065027861	299.77010716733	0.353826023246769	1.15948244111221	70.7800772389777
51	0.923993135164959	1.54584774567963	198.320097580852	0.429075975096736	0.837269934265106	13.9946936804987
51	0.861133964306172	1.12769751657104	233.505167640557	0.376971688883454	0.991754610595912	11.6953036732696
156	0.910007690530758	3.43830988845178	220.971584300055	0.396924107276122	1.02833368261866	31.2327989967876
121	0.926354148383419	2.73809330387058	350.880947634647	0.362331330700653	1.16175865194601	22.4496925463834
467	0.927838561242793	6.38508881037787	427.334623057773	0.324306337711017	1.28777860355561	53.6105198043951
185	0.961305570921001	4.00368158213625	263.208858842232	0.362280581733115	1.11803373854798	32.832721562741
51	0.889396348541578	1.2777922959769	205.61707811534	0.382266566062348	0.970887698500336	12.4051187246842
55	0.557914991579349	0.773918997005359	302.652472012258	0.347445440092499	1.09793561336671	9.57935061012809
31	0.939201156307597	1.23423574502931	141.648304422139	0.482352941176471	0.626328624926443	10.9807458124407
78	0.949394509633725	2.23697444644972	240.981546207641	0.358952309702488	1.02642774843669	19.131328068162
266	0.951540496002794	4.84310499522153	544.403690068384	0.31813962198087	1.35739472693686	39.2746301520419
119	0.933053701913208	2.64575754934223	284.348640060626	0.322137678482857	1.16575485717764	22.214360605784
71	0.891210451905262	1.76299950646841	221.722948477576	0.439754522107463	0.970435980789567	16.3218224050491
71	0.850174963219612	1.47417592596468	244.817889508313	0.358829322296814	0.997696293340913	14.2320200623639
142	0.738283079722442	2.1076647358911	345.968593819799	0.365717189197376	1.18525219530602	19.07270565222
57	0.967741285012346	2.19021831133048	173.342872472331	0.487884548448419	0.81233572666052	18.0838597749335
144	0.937656976064467	2.97768309860279	340.877101265088	0.338830480345156	1.17054835941553	24.937072829338
122	0.793542519012192	2.19347857801447	362.466355574441	0.333412710779089	1.20753786305728	18.8011183971168
213	0.820043105057124	3.30809163004918	311.369132774268	0.356854730725752	1.17057077949782	28.8583542715667
45	0.67045989361734	0.512532089158928	308.90003167464	0.345483964488489	1.07589262018418	8.82478221697095
67	0.840904639630792	1.62387514834367	210.686666234262	0.441508574019335	0.948211487771192	14.4523220498637
45	0.744474360007009	0.673285005642103	257.531772355366	0.365052956850803	1.03652862755652	9.31883527609789
63	0.816775667335218	1.5082593318548	238.305030485328	0.365896714674995	0.995664044004875	13.436158284908
37	0.938726639395052	1.52011607776262	176.760970628793	0.465924121127741	0.721708979036668	13.0121256275921
331	0.968324599371758	6.98912013154662	377.355756743706	0.340704057313054	1.24698671958936	56.1106117739994
288	0.776873370382511	3.24032800058889	201.993128236605	0.42169674913457	0.967586273731198	43.2012845758469
41	0.893485487360356	1.19645498301894	152.509573234734	0.40392892616709	0.842571278338634	11.1833551591272
31	0.854064590881046	0.906903807046094	169.791110137209	0.445022624434389	0.733108403683752	9.36012303097049
199	0.60545191253094	2.83818668928881	244.264450648972	0.398955268646971	1.0606831677331	22.9272474594217
182	0.98184209992281	4.97959175401038	295.827310452366	0.353588561412091	1.14681885719798	39.0216565356946
132	0.946293128039955	2.75857777463495	321.460646071042	0.337958392904615	1.1552583482016	23.987223332498
36	0.933433502579452	1.286478632763	120.903332917025	0.467075847856279	0.73741162760279	11.964774183335
62	0.888736948873472	1.37488927835858	226.537371569873	0.396951210806093	0.995192686442778	13.8199133052759
42	0.56563448975734	0.490889580471059	225.549941207624	0.318470136117195	1.05474056863527	8.16151898121899
122	0.933458630414419	2.43907181591443	338.839564012599	0.341887355170088	1.18912357781515	21.7328465059663
74	0.958391883225223	2.59353406834356	165.98441606765	0.464331197149935	0.871607495473402	20.1572755731117
87	0.947179492032794	2.27030970827586	239.635214309241	0.379455538979854	1.062703461624	19.2210565439848
548	0.799423853214602	5.55756123538784	483.637778010643	0.324840501077525	1.34425446400563	54.8250759234071
196	0.860078406626192	2.8374121975323	356.650314625263	0.345853775490822	1.21794718931664	26.4987723373129
44	0.972028279083404	1.83529928937172	160.615926893595	0.426704014939309	0.630169789976635	15.7021241984761
189	0.911698580479284	3.31296535459768	296.93962960262	0.374047277814627	1.15262397409204	28.819692845883
31	0.549005059259603	0.607354849447714	220.351372099836	0.398658568070333	0.898833150457101	7.26315683916038
52	0.801825728400649	0.989930918375427	245.04033832162	0.377504088501531	1.00418559085542	10.9244598986084
139	0.960979433376351	3.66488018070424	291.7359735869	0.392167541437272	1.03009366159575	34.0365685022105
64	0.913649519722206	1.63088646837882	194.856942904247	0.427984504455093	0.896472512429634	15.1997977451733
232	0.959873993185464	5.14373727435627	351.009065569027	0.347819996536031	1.21654376057347	41.0631227600485
64	0.961753869061564	2.13054896128264	174.853191079367	0.413268675453549	0.903951574152585	18.1771508302365
118	0.957543079186176	3.44658511295206	212.136756386803	0.411497845931131	0.978449333595875	28.1021392711449
48	0.900297051673315	1.43848008270604	185.532748008132	0.407608909814792	0.865843106200002	12.933627583839
219	0.902250799826682	4.7090414156158	210.822415264336	0.423495000047036	0.983880521429168	36.1802911362226
274	0.694151782831495	3.22144608586899	277.499826268119	0.369138245058591	1.1314757437864	29.8023914546394
157	0.926415209489544	3.12417419769102	383.290350173202	0.323865204673062	1.24912193973415	25.707327824233
74	0.866890514639316	1.97754943996386	297.015403760161	0.389310742251919	1.11138657918406	15.9672281807312
43	0.8945392524107	1.37663684216344	195.624344951817	0.411481682069917	0.849266678729952	12.0522165372318
32	0.951086241498418	1.51708135136571	124.948316207808	0.449688581314879	0.621054468856473	12.9415934381732
33	0.734314033873921	0.856800511668745	140.992383374759	0.439491672282661	0.763597984746252	8.58511157277304
76	0.900217316487865	1.83618397815862	220.070304098591	0.411295324007188	0.944711462287415	16.9308451015897
53	0.901511848811577	1.35550798424629	194.831791823491	0.448726175784999	0.901014590363076	12.8562830608619
521	0.937723605812699	7.58615944427706	317.650489786581	0.347822958000039	1.19232760083581	59.7274039989758
32	0.831961364371725	1.02178283216545	195.439411465092	0.458033858033858	0.775557353723229	9.22818946854838
105	0.92876101801933	2.71980899473741	236.543222290324	0.350876429992337	1.06621808249772	23.037709508202
43	0.906576300601171	1.22772214241368	162.748970430983	0.382094985651757	0.886086828043407	11.8046587751885
330	0.634169672592065	2.65670956950135	429.331377226475	0.343397016727944	1.27602961934281	27.8258884863188
54	0.712446831725736	0.621652466461786	293.383920556217	0.339980782333723	1.14460812704555	9.94038232622544
42	0.794055395930449	1.14047689963476	173.517222994211	0.432106314459256	0.867880167975404	10.5185705361139
131	0.912961855893019	2.94376362189264	294.841869700709	0.364827315365841	1.13687172016942	23.7735138670248
35	0.882981048899126	1.01065961688826	157.832577408312	0.501032377103194	0.768035882696752	9.90468470365354
31	0.855633222722831	0.934486270764	201.429302707165	0.430451265745383	0.851826135406831	9.04049051702815
156	0.975218503089871	4.03299404731357	274.742301233691	0.366800265284428	1.12921770234688	33.406965395209
132	0.74296815800223	1.93683033038799	334.039540876564	0.357130782831717	1.12055970370721	18.5351232925899
39	0.917873921312815	1.21437157082473	183.799045719606	0.475216321346352	0.837053641332888	11.5802465904503
44	0.830752825230507	1.03460857523928	244.233108788098	0.41006773640663	0.945872798097283	10.5468490750926
127	0.849346858771217	2.87786658332481	251.324329967764	0.370608179122489	1.069318574966	23.1285322559076
42	0.912447280582103	1.19933492334055	186.019396393368	0.400242277407632	0.866751786567152	11.6517079176812
43	0.884108303995569	0.958067697389394	214.590290438288	0.381760687643041	0.959327019801503	10.8116899828797
132	0.984250107306215	4.59723232432991	216.07003584395	0.42956739251297	0.897447878803661	39.3392411466899
276	0.984052424393354	6.45682869834017	303.29798781622	0.364629625159486	1.17548290279049	50.7023218972338
393	0.946313875974393	6.29718703645674	338.198197219881	0.355677329969602	1.17999743448319	53.1483900377665
358	0.942497119917181	6.00844998725742	325.363272989193	0.34450268092539	1.2004500175	49.4721066241159
113	0.938590172835373	2.70269378970479	301.51251337283	0.377548633502722	1.12438498117743	22.3173391835774
81	0.898412864319813	2.16042403085364	260.189653688783	0.394928027664601	1.03270444102961	17.9224345406483
50	0.774546675302294	1.01207638940116	270.007985577439	0.38577901830497	0.947264238367796	10.7296346569496
38	0.958444502735166	1.54546629849065	158.120821327355	0.467330316742081	0.680434918274763	13.2279391064498
321	0.941670851665102	5.92227340591547	292.303435541219	0.365922193788875	1.16015245526628	51.4412238083877
51	0.337076641423228	0.320293092633821	298.398066934451	0.329603284897403	1.15775197622609	8.32404326202778
54	0.943098514291076	2.03027399747324	174.720063631882	0.502420546711204	0.8416262447616	15.9843164610966
33	0.860793472554185	0.805291996291516	209.799684836534	0.39881549293314	0.887508663125256	9.10369194017478
295	0.912383606316289	4.21015694028915	478.488305886874	0.334107439823049	1.30603162765048	35.6241281966353
180	0.895194733098251	2.83542982007765	322.727932412765	0.35288498612712	1.17273799782181	26.6655310728818
328	0.922659444542959	4.7410155777133	343.402661047414	0.330279568602382	1.23402236946	41.6118032829667
178	0.964500435598384	4.47963312478825	254.588870463652	0.375463691976803	1.08433831845449	36.1736864965838
100	0.940344358289972	2.5877521419834	227.18204720197	0.374584956735058	0.986719686484581	22.4350232704255
142	0.903857490796748	2.08280971256628	298.111681112736	0.34188562367248	1.15265260899428	21.5142743213086
95	0.857631962827209	1.54926354573456	398.034208109636	0.358311192980311	1.19989213480143	15.7986290724883
86	0.956778498873593	2.23101060755465	276.755292023857	0.335928872625544	0.893978691173746	19.6252932152509
95	0.934519288482009	2.32222017280352	237.665056622335	0.396824519794626	1.00327661320393	20.5996607023008
271	0.62582509366094	3.55413337027755	415.427964903659	0.344688230989907	1.28497954328591	29.3037167482622
123	0.961212914267312	3.28041631755895	262.648207280814	0.384993726644341	1.06565269156813	26.9613684147346
170	0.883322114030664	2.94697681131386	241.572564225983	0.393530163481594	1.06409915263545	26.2776142594371
103	0.927008334324679	2.81568980270156	239.552842599436	0.394458499123814	1.01395069398943	23.6413300439693
36	0.534184097791794	0.420151986259824	269.619645122834	0.351810560713581	1.01072046464401	7.41049054494159
37	0.939610213797481	1.53761929239473	151.772042425921	0.494038571365813	0.651882414089298	12.8926000732245
368	0.769657354785405	4.12135438487133	300.24303049134	0.348031457399832	1.16327235619762	38.5182996158733
209	0.896612438150087	3.34531060922411	278.012862346513	0.360404644115051	1.11315814909931	28.6656151301341
97	0.915494524458926	2.02391878340919	307.185733109843	0.352394547886576	1.14611907866469	18.3507841513434
168	0.976793123286003	4.90369464723288	196.653735163716	0.391149139678551	0.999014807071145	39.0332151836586
32	0.891882585015845	0.912424388207685	164.083059919535	0.500681114551084	0.661755718910541	9.38083151964686
49	0.849739276589498	1.07079477602468	247.362900877032	0.376963442015345	1.02021495877166	11.1907315958973
63	0.929796037171572	1.78428808897477	247.924010179098	0.371900797421159	0.981462532870217	15.7461985176926
71	0.847334787488925	1.80292070407319	167.785899744368	0.439161232157128	0.85029293941532	16.7941259644123
124	0.880389106303938	2.28039497481515	224.687243702147	0.442381726865284	0.998999440941507	22.5870331042764
52	0.834098390772414	1.24800661816043	247.517447286599	0.40439813159014	1.01559399690088	11.7698306310499
278	0.77706233050903	3.6875368372983	404.009765918357	0.30268767908753	1.29456950149262	30.9777132650522
90	0.985256584005682	3.80682557562802	142.591012785875	0.474062516253186	0.719252280404577	31.601417197532
48	0.742392034065639	1.18557153967751	166.835277425418	0.471095279355605	0.833711698909233	10.8806517005686
37	0.758642349260318	0.820255196181473	189.454993490093	0.385575229136437	0.896523178895549	8.87500246463371
191	0.799978075056032	3.51056220053808	272.093387724395	0.386503550799036	1.12024233396278	30.8316275467018
38	0.865324940718932	1.28799264535547	171.564307148287	0.510609832918379	0.716094910101991	11.2666425174096
40	0.922862350546191	1.26248095485878	170.134308672188	0.405268435856671	0.882312198993175	11.7947301175723
41	0.356630363883333	0.719750239328694	214.846569181471	0.38508303778892	0.959375861594194	7.9122284838031
175	0.897149081085537	3.30095416215833	293.678008019543	0.372578595732538	1.092941729107	27.9907539739908
60	0.553548775576609	0.670524111932964	315.996196776021	0.358092837006864	1.11188220737362	9.89584635613901
71	0.965211541965184	2.67897928718175	155.151057326741	0.461384109585138	0.804630541087077	22.5247500232168
121	0.924527097168829	2.30239113079445	386.048150193535	0.349953943868751	1.20443571373763	20.6950021866508
137	0.954585317855444	3.34389972049119	246.136569495111	0.379640088883786	1.04208733244299	28.5899561127927
120	0.811435569695656	2.16209391304451	254.325477464879	0.381823442800194	1.07260125248217	19.5837124809675
50	0.84289948494712	1.11635113280236	252.308097012349	0.358972728384493	1.03557576617264	11.3228273350192
51	0.737540644332184	0.923394193713788	240.127755243286	0.394011452313761	0.979016456047328	10.442346247492
133	0.878232834183906	2.20269277776635	454.572012025676	0.323582919682839	1.31569608957503	20.0891154149117
90	0.884582657168631	2.21294104529994	193.269692603421	0.436418129482221	0.9038732422462	20.2002781875234
99	0.510284480016078	1.53843796927228	282.6368285827	0.370701750417775	1.1167753210173	13.8980291190605
31	0.68731187338719	0.626817361778477	165.406784944736	0.446023127199598	0.845326155686949	7.69153556610529
34	0.923980347600178	1.43905460057239	142.400322638422	0.508256702184596	0.688767137968932	11.949232740214
84	0.884986177272836	1.80841147118554	270.409865643411	0.348325737901862	1.06768726846174	16.4073139894884
96	0.934799788250075	2.23790199469444	322.176427248781	0.369395209172945	1.10820844143213	19.6156065734846
49	0.87161748677724	1.60655867511407	214.150229926202	0.433091122797005	0.881443935325929	12.9958098344
152	0.887136282934721	2.3438934123996	527.472900289117	0.29856977484697	1.40575768032833	21.7991137917118
35	0.903629308578785	1.40568353326966	135.447155630436	0.519559639874982	0.722940269794199	11.6889786406943
64	0.930806006195322	1.96044694829917	167.52285353937	0.409867180851637	0.894612002236551	16.5215594132753
54	0.822396894744098	0.992779316497332	313.673792200477	0.3582313792547	1.03340319260132	11.2875875953652
63	0.676265756580077	1.43721539219922	181.164032006011	0.3882627294392	0.903422845182538	12.454834000068
43	0.783672359853873	0.982980927080028	217.630846577939	0.422120393975598	0.910410143495472	10.0556302142446
63	0.834857947585617	1.01091422239435	333.93087926969	0.396477680072123	0.985789294415497	12.184353049892
37	0.907889135066502	1.04160501113204	190.691991315268	0.407082070654656	0.864717080522311	10.659239758187
34	0.89547982931868	0.999544228205578	156.477936246003	0.508065494238933	0.651201983343298	9.98185403355004
49	0.591094504787241	0.583026791757249	272.739918209667	0.336261383555501	1.10887638821823	8.94888819487579
52	0.699555440149376	1.05140741605092	204.960696362236	0.385803651179675	0.966398304435568	10.4988266467013
58	0.933938891107425	2.03605482478728	176.136231852841	0.412867830887191	0.905359830489472	18.3726636738306
31	0.945922306024679	1.27167199084223	196	0.331005509512297	0.913778458527592	11.206000135942
38	0.954719098128304	1.51172567318556	205.645880766405	0.335307733912949	1.06961718907809	13.3170766611981
