s.area	m.eccentricity	s.radius.sd	h.sva.s2	h.idm.s1	h.sen.s1	m.majoraxis
273	0.646762275947882	3.71687699540896	469.926240353059	0.369320248880159	1.07508729382012	34.6470282375
33	0.775033730161596	0.700690481972168	504.003767601398	0.33180974042102	1.04818161441283	8.30431245018294
64	0.950869559374836	2.49221240836114	394.347046979262	0.417961713433061	0.919746857114675	18.8763561796553
35	0.756781149584025	0.550699446046327	418.703171581189	0.328887428779356	0.998729765418034	8.25132087180758
53	0.877066829713343	1.47686184426876	343.7585776027	0.377438036556003	0.922643998870343	13.629389330676
51	0.91886517433645	1.53700009803136	463.987452717721	0.377528534440646	0.993981225282389	13.4321015309318
80	0.947447771845912	2.94343761254317	292.978982991791	0.46060045408383	0.81440603858248	24.0548505498677
145	0.941446443043342	3.24286694913937	831.624292537967	0.292144724195415	1.31875670402735	26.4578192240538
45	0.742116842489665	0.640854397625495	571.649925672818	0.312826808403596	1.07494125836713	9.32219310370494
31	0.884443934004251	1.00207482586896	259.698661106943	0.378147131088308	0.708144800060921	9.54376969425786
63	0.779073839750695	1.79243590190983	414.350165169669	0.420856018252001	0.941016516288641	14.9321847219275
88	0.869338602677574	2.13853595092325	724.209344855767	0.338324320418805	1.20921938658157	17.0037715207487
119	0.862514102383759	1.99623017042883	747.649344102316	0.29357999292615	1.25590721514796	18.7968603020366
68	0.922655279606622	1.69011338556937	497.609530599647	0.361435028219586	1.01481854737566	15.4619280047911
69	0.946562125929967	1.96687076670489	384.82896213752	0.338229234112975	0.981051763970694	17.0772822482712
86	0.957256077855596	2.8290490569034	403.401613866729	0.40023092573065	0.975694552594832	23.8676204676321
62	0.844472568753665	1.61223254905418	368.778833772649	0.421610960754183	0.870979165314867	14.1076822555183
63	0.946546691223128	2.11872811300963	378.295169991057	0.409297718822124	0.833891262831382	17.7712586338639
49	0.72798364276316	0.785687858691548	468.30063570596	0.313577740263537	1.07728339352282	9.81612619826573
41	0.924302349679433	1.46871603245088	351.481369455751	0.411594664626339	0.892774516097567	12.8586578700623
50	0.755118376769887	1.10203600234979	413.529406148795	0.392842954886298	0.923321763402864	10.9596231191714
53	0.583124264388232	0.991753308110987	432.257504254504	0.362107409320933	0.967955457624549	10.0296752158883
79	0.961153125192656	2.7432738343916	425.381492739436	0.392261665562891	1.02362351960048	22.1064450505784
53	0.952439158023387	2.0158418151789	304.003673293345	0.415674125016685	0.883779941096866	17.1196030724435
64	0.846816621420273	1.28544031659347	461.581072930084	0.361981995989813	1.06939559725888	13.1772141824866
45	0.97638822739779	2.3004933070327	216.806804784904	0.541759406465289	0.617695606243443	18.5697672627433
40	0.5732776337178	0.630228778831438	444.792327471218	0.371216527953764	1.01671241784761	8.17984551618331
39	0.746410192030948	0.713396163845486	492.293008482298	0.352795922295458	0.979872452110675	8.85290369597308
65	0.924825634514757	1.95036241378258	413.593150841167	0.380538044038762	0.959146246161	16.8635677691024
267	0.979176386564449	6.93103901252022	472.841550407282	0.350624476009415	1.08110413130397	54.5533624504889
50	0.860353563622353	1.13718170339363	435.772359713021	0.372240997205129	1.00766355049739	11.4930589271064
142	0.976405809023193	4.29028882426062	411.578344638313	0.400688745697013	1.00449710017366	35.446313802212
84	0.947331481457032	2.34515422631133	565.518932648011	0.372857432032468	0.976629268434354	20.2653394031465
33	0.642683464807402	0.713445261342137	424.34510720756	0.397215155089976	0.903736689766474	7.83702213623135
49	0.991487637756146	2.93313311729254	198.604973051864	0.677757833735063	0.459644247974413	24.4158738687118
32	0.942854540982671	1.32822284114806	277.807233359341	0.48054407348525	0.693413377798345	11.4388637393394
113	0.958011884297172	3.30237996224576	475.034250462881	0.388987420339431	1.04696200258301	27.1241998494194
208	0.937367774375628	4.50842558931102	580.399490909603	0.332124734454837	1.108129429952	37.1796649389988
145	0.888690397225284	2.73740551739448	547.918146496548	0.327942771561693	1.15150077042965	24.0176705764752
91	0.980647498539756	3.62072313232354	357.281318798164	0.467937633652043	0.89706501652135	29.2899855975392
38	0.560895959842856	0.417923088489251	470.686206374257	0.339107497749134	1.01568281051742	7.73644737278332
86	0.966376359795201	2.85672373266044	411.31915564332	0.407595951350961	0.971037270513549	22.5105804259285
61	0.960480374430449	2.05366633895972	343.412079566428	0.402451573491122	0.918894562264127	17.5714154248711
147	0.955948224755736	3.58914322539171	520.295772676917	0.354542475289995	1.08409036031839	31.2441553079705
205	0.979479325197043	5.04671333798498	529.423280556604	0.354413833842163	1.12169286636388	41.3005127564232
130	0.966626253503072	3.7880462991203	491.64701901181	0.363533881033091	1.02521941827298	32.8955404527416
34	0.860779818160614	1.05208224168628	296.314980958953	0.397630618443232	0.790360961447342	9.95554728254266
127	0.978600880475469	3.86260651341226	495.096990965896	0.37520915673454	1.0425692198036	30.5301779008644
47	0.821441904113243	1.06396795004151	397.39676200128	0.362206238149291	0.976281678928037	10.9059972285045
159	0.536180285260508	2.7553200271215	439.042772459095	0.384049159103618	1.02058660781183	22.279025515148
42	0.88633982940415	1.19736186564926	400.009268634586	0.372615337822924	0.95786982830261	11.1582815725295
62	0.882301531988346	1.62364464441904	391.010760551022	0.377263104001806	1.00840941454636	14.6007779723592
150	0.960529237662652	3.66291872380338	502.462172043966	0.369226159447275	1.04373295330944	31.7678739024919
179	0.977089811412914	5.11237364506641	474.105995601837	0.352763703933493	1.04200558378974	42.5210248787562
94	0.905259751690438	2.65783984208944	332.893188217756	0.433558386249704	0.877714799017361	23.3658605185532
68	0.965468655334413	2.51342786966581	235.18237623679	0.43120737937101	0.616373009142395	21.4956246319585
54	0.869259697573336	1.29394025381115	423.314586646244	0.372368576448276	0.989635094075077	12.3318632194661
40	0.845259584327621	0.968704730113783	435.587281474413	0.368900452020316	0.963055109188756	10.0262726606401
43	0.725217305052065	0.844216094101187	441.044186126158	0.347285085046921	1.02429348288563	9.30970659340604
42	0.508522813253411	0.532665049858368	552.701985781936	0.348583460305125	1.06079540576184	8.02815815538894
120	0.900295987382797	2.50031377484657	528.703505277313	0.342850031756076	1.12477320056075	22.2169028163813
76	0.967830624629941	2.70736852957205	350.825549246846	0.374650934500476	0.920495639002023	21.8205354185687
148	0.901971673513761	3.2988347818334	416.671238333545	0.364624331464133	1.02528907332609	27.9824817042517
78	0.97286779990248	2.89016074715951	331.219899351147	0.415185669424498	0.811858001015863	23.234128127155
52	0.980778111481352	2.41707588737753	289.110741275951	0.453839212821725	0.685670250573456	20.0952755698825
220	0.988159836987343	6.04274455672608	551.427210237155	0.319445027848887	1.11844063657848	49.650783018113
41	0.779432065386522	1.33015974982583	285.14722432999	0.513021846992435	0.789658544202435	11.8131603245229
42	0.86182260173318	1.31282050840102	342.603670112546	0.404103060748615	0.920113640003465	11.5470839475324
34	0.932808471247307	1.45451000295601	296.279210613481	0.522127484951014	0.768226930852681	12.4414775461873
49	0.94363467180909	1.8147120727396	308.697936077122	0.38924945793001	0.91025257127483	15.0053968885395
96	0.942503852339697	2.47010040435726	584.368884848583	0.350198181599456	1.1280200250444	20.7452317459573
31	0.380522503520749	0.470462107514166	393.648338708231	0.360330405836612	0.955440649901385	6.69195320383701
76	0.953808446343147	2.16397631038148	472.873768128764	0.32762637829432	0.94831904008203	18.7775565853676
152	0.994724495934136	6.0790318255373	420.758216056948	0.431349070137153	0.867097981687684	47.8200305379579
34	0.819494015410911	0.837164476090911	328.148856700705	0.412116864375688	0.883895637954756	9.00214032584059
121	0.980855671788599	4.00919723140868	435.34650758856	0.393980012505724	1.02732339176682	30.9743657679257
76	0.57348388729894	1.0677035521621	353.214370472565	0.365492254201006	0.940940456604997	11.893487251474
582	0.966485633495545	11.5488946019339	523.799641506716	0.355502525547736	1.12776185754615	88.8179383144615
71	0.834830597613548	1.80337485029826	332.772248489538	0.465273725235969	0.865453349165472	16.4870936333904
38	0.855586383343913	1.33118604403772	265.212143405423	0.526329442222894	0.78913269927676	11.5280970813048
41	0.495322347767622	0.40551353565073	505.958657362085	0.336944247249125	1.06887993939803	7.8236913462846
108	0.744388534793656	2.0358874530194	545.397164926324	0.360453183388343	1.0970647456694	17.1190481429777
57	0.906416068522715	1.66914035688252	317.898824352715	0.400867029979456	0.876889560553306	14.7184155769791
32	0.925315096209473	1.25803866126265	217.133588354729	0.51676710910637	0.578950060080186	11.7322300520053
91	0.941448719216942	2.77899442869044	362.717236411448	0.421738490444373	0.891969745052954	23.595678873302
69	0.956344070219391	2.31893605717703	402.949541426083	0.435208312160664	0.858353411634904	18.792036877334
79	0.934980065591666	2.51209345208317	333.252145754763	0.42563075504252	0.821998118025331	22.657677856074
73	0.846844378966029	1.4690870910938	573.405130000361	0.334245182444518	1.13984403887047	14.2514231935684
47	0.913384625641242	1.33891040355116	362.171973087456	0.432982722541546	0.898650657334962	12.4603192619635
82	0.949331890288756	2.14766769910289	419.497417118028	0.351031470407534	1.03114912050979	19.0972326241445
76	0.620500900545068	1.42036944887685	526.735795678991	0.396137088248334	1.08595340499607	12.8036233572206
56	0.773808746238225	1.1073792058696	479.242421248576	0.411855049735251	0.982621517606648	11.4259852802334
34	0.92824400387472	1.29476777802198	251.207837187621	0.390633687986629	0.782795418390983	11.2773359342689
82	0.942374723217002	2.5301208262983	392.474483589995	0.395495718494284	0.895963396841307	21.3287584187086
50	0.908498983317024	1.42767170016432	372.083237349106	0.367613163911586	0.921956276358159	12.859345498495
34	0.815173150940145	0.822283857676669	366.691643588263	0.422130075059603	0.869932719140879	8.81933131126408
56	0.880671010073586	1.36178007314131	413.196178298577	0.380076910714739	0.968475274526316	12.9138698148075
50	0.817407052475091	0.87361731058357	505.73784931224	0.312136416940369	1.01903374027249	10.6153532860734
41	0.969852493705961	1.90428283253818	236.552329426166	0.481902725213501	0.569244366151814	16.1705701223709
88	0.756122302511685	2.07626649747712	299.152039897664	0.41847165762112	0.84952048213207	17.3133607851613
69	0.928873617372364	1.73071158004967	481.283298904331	0.358933715708465	1.06284828219656	15.8814566204627
96	0.889127961947706	2.62331315768246	356.648495593113	0.370874395205475	0.886129914188887	23.4120383517753
42	0.890234557811329	1.30460937736776	370.071195459807	0.389174904267473	0.911788078793378	11.7065876813102
76	0.866857912160766	1.80735716836989	433.823814552139	0.342854816818667	1.05865695577908	15.286348623649
88	0.828229446314004	2.05670432468508	410.03136697867	0.387732469397369	0.989907570646425	17.0917301002904
66	0.825268799826197	1.15494445924101	546.293629325497	0.360100452364874	1.06718636967615	12.7058245758573
40	0.861319616066915	1.40255625153574	281.237101076332	0.453822106253132	0.808920518361183	11.8794910545152
191	0.98245898089729	5.98304276664228	420.570221491443	0.408016731987921	0.98743606915483	47.1098074371928
31	0.862700349538756	0.847244225824268	296.313031029232	0.389237461816647	0.880485220797217	9.01818037009392
78	0.663243699959091	1.5826557472956	439.709127165607	0.357924755261775	1.03767790470672	13.676877739219
203	0.908939009148471	4.56868766843781	295.255484307105	0.420116453491455	0.870781956225732	43.2974605720729
110	0.889567688142407	2.70308104673452	469.326035947995	0.368889126556693	0.951569868571831	22.1702529688106
78	0.963774973754048	2.47898567144795	406.864686365441	0.406801066544969	0.985367453618805	20.1646146961131
33	0.746699737455629	0.703325762153843	327.587760918549	0.440247866469819	0.915716690342992	8.22768045436829
74	0.885238460737464	1.53443918903751	525.056660702532	0.349332193783095	1.10508365611498	14.8181149293275
119	0.958577614691029	3.26710252484858	659.447317396617	0.334732587872692	1.17240908476063	26.6840901224882
121	0.945097983787852	3.05156360747409	473.828977726122	0.364573425345011	1.0272034373516	26.3395954120155
55	0.934594907995983	1.53767892355173	375.766182829284	0.433140792344523	0.969773601155926	14.5294199694201
33	0.895055440178968	1.01197439190693	323.18188264353	0.435290667662185	0.842835457354076	9.97800964352572
34	0.467859694848687	0.267916010361099	466.239515453835	0.360531523435397	0.99791555209954	6.96406992326975
44	0.565951398861636	0.621657582083303	480.46890993343	0.36235522625018	1.06300468241113	8.542338928515
89	0.646684085108311	1.75257488272602	401.715173531284	0.382421539447473	1.03447104457706	14.3863597568611
189	0.952315399665944	4.74857229499484	432.53192164325	0.368844859537088	1.02208645498555	41.6021417752055
73	0.950273053272282	2.45131751955846	322.931586382062	0.48272937449408	0.815931451416088	22.8552466011523
63	0.919706162690666	1.87658713763982	317.667735011478	0.403305665345715	0.824192209218062	16.6230713610891
102	0.949163807232491	2.93172348426308	466.316751602985	0.354102069157037	1.03923453965675	24.5321929801375
41	0.758847503576548	1.21027552369551	297.173279836935	0.424406016876605	0.855065607983514	10.3718727074158
129	0.924204526730551	2.99425699013339	540.203403992601	0.345380698635656	1.120626381911	24.7532164084806
82	0.791970951989082	1.96481161117278	374.2997820413	0.381060843585951	0.964935161622508	16.6928424943994
83	0.798513898902369	1.3336115855748	607.540508695686	0.343328829839601	1.10723254203819	14.024015898692
84	0.94200131850344	2.50077650393	363.1061425761	0.384779645622641	0.966053182096099	21.0444944181645
52	0.857351010766853	1.24811988690618	421.94916888771	0.357548717103595	1.02125221039579	12.1067623435196
42	0.78647292970577	1.48145823556753	266.154712579776	0.485888281102638	0.664921905775121	11.8762367837698
78	0.97043246713073	2.99498722376594	291.741273895863	0.47373183277116	0.754981157105924	28.9952225220685
83	0.878684292698046	1.98515102790509	401.619859430617	0.410648998604954	0.964424055018795	17.5025699802285
31	0.864353966749317	0.727231092936268	337.627139970255	0.403899006226372	0.916069482754873	8.82751414350084
165	0.947297487251233	4.0845441152697	499.837629497836	0.369008935968985	1.04087737815825	33.6779476902494
182	0.99451479038678	7.08969550121164	373.336920954003	0.432208545981143	0.953898042469214	55.1325221200407
34	0.786657213710574	0.656100905706897	365.901353288311	0.387493925497133	0.963135920297337	8.46171814714434
73	0.88716584443368	1.98545398476179	375.399906760141	0.385634302779672	0.900571310899051	18.135036922315
41	0.978594897009031	2.05919965605856	254.154689411656	0.507894941535641	0.679897810341702	17.5260485316388
47	0.84697172240617	1.32799326467486	346.756260761349	0.411023566308188	0.900618029591784	12.015015462025
62	0.954384935434717	2.21451282136382	320.201327249604	0.434639963758163	0.867682845092146	20.273454787136
152	0.953291610081651	3.69714189806048	519.851530852801	0.327989145929165	1.09963324724013	29.999035953348
171	0.958495099733619	3.61097764566714	668.57402821004	0.329038314036039	1.19443396024272	30.6798243423778
62	0.847201507830897	1.22975835705085	515.961414947128	0.362607018496258	1.09092486372506	12.6576182285813
37	0.767000248399768	0.737405400831068	360.746250482145	0.365469151042845	0.919595918255636	8.84132641232276
101	0.983744307220236	3.94870701444168	321.15249779332	0.376731529792548	0.915506873290305	31.6651267746308
185	0.97810031809039	5.35380304665789	436.899293232237	0.351729229111261	1.06361634440389	45.6238612275047
48	0.77034778528281	0.938276688226831	545.06396211256	0.352959816466738	1.04348886448962	10.1850302150984
141	0.96764711906413	3.91968067349405	525.757760162361	0.343115664967929	1.08573400191278	33.383071249254
89	0.943742171339458	2.56715905963488	458.255628379583	0.358916648138699	1.00766724287605	21.209981283386
65	0.881793960352745	1.35351364963121	594.229091408867	0.325714937748102	1.06241925806826	13.637173607468
59	0.850779897664929	1.3027929346699	443.565231255432	0.356021386806249	0.962360279502235	12.7775022748519
40	0.742963752167304	0.593820467950978	430.970361194069	0.332124939875206	0.988574746842329	8.7625059254368
131	0.678593348014965	1.30789395252991	1011.21223347635	0.28730800442538	1.34431058879008	15.8886951566932
46	0.723700043201587	0.917917906238541	418.401825950655	0.391962786500115	0.980209077561105	9.88394899421061
73	0.666518358423715	0.744652295154557	781.724993142346	0.284497716405894	1.24151607470122	11.3187502592187
54	0.695033815487131	0.764796529898246	498.922355986993	0.324960210233678	1.09685244296246	10.0846426974468
51	0.849442039026931	1.02155238363056	469.500730436503	0.343477560192675	1.04516188018503	11.2369049940409
36	0.675259962368616	0.786275594038348	418.163634540539	0.429418370880713	0.837072640974427	8.4353104919295
45	0.801004377149387	0.923717150307398	430.405462393422	0.399110298813374	0.99176183807896	10.2680011757411
120	0.863816691205148	2.44993868074319	599.824440554908	0.363858985299711	1.15817914588788	20.2717298519647
39	0.928235521371313	1.42418372457166	337.707799864135	0.450658030363913	0.783808802895915	12.545408453745
127	0.991391004859101	5.16870936040837	325.448764597541	0.452175107850473	0.876578060528287	43.2392067978577
48	0.846339914586301	0.921534797571288	482.545840926921	0.348207641515384	1.01884353312648	10.791386785138
93	0.95138520293816	2.65552892620341	473.021279584163	0.374451398322936	0.989763189996951	22.8501898834525
76	0.665254614800916	1.61346711979924	386.177253585227	0.358223089990702	0.952025273673995	13.8303231177408
65	0.691963607706588	0.90126838834289	517.546148709796	0.323658433971807	1.10879685400807	11.0413067238957
47	0.206758391690082	0.892613104775552	364.695965940705	0.38261096462316	0.957633450435262	8.63613658480226
51	0.928650424406514	1.44973370506765	394.891851431291	0.412376315271908	0.867555921067468	13.4317462453347
43	0.861686428449707	1.01913248657494	397.343671542318	0.369664764643244	0.959602835808074	10.6077574936163
123	0.957368128922855	3.70280859990108	298.943716297432	0.415743854714443	0.855167874431616	31.0214674901345
42	0.801298665742705	0.723329094858552	433.7598073372	0.360186262616899	0.998758029575341	9.49353152764307
38	0.943692313031898	1.50647526737845	280.293737293192	0.396875246287011	0.773993519305667	12.9694145810873
210	0.995138332917668	7.43642386864862	454.575200784588	0.402834254670718	1.01671433470708	61.8041953626178
86	0.941936916952571	1.94049033340902	575.090209268991	0.315155628781197	1.03056663131527	18.1914937688333
38	0.882032391551777	1.4266462795222	245.73601439384	0.506378273893979	0.722216898397409	12.5898506075245
54	0.877593886553581	1.15439355588492	502.672312862472	0.322475520089354	1.02091374605848	12.0817712535527
46	0.854863202080438	1.03387303397793	410.006050591795	0.380400759133932	0.962867768576698	10.9703892789672
119	0.978132993097504	4.13837896242075	400.508178206973	0.438412873258008	0.93877005627244	35.1000882433098
38	0.627191735256227	0.663400444061776	403.487514434693	0.400233558449975	0.977618891735731	8.31662660165935
34	0.902090311796882	1.07565215537051	316.31794612355	0.409189139273173	0.807578725932355	10.1932581405917
109	0.756309475212761	2.01217353545437	725.862402258229	0.341261705754912	1.21484066671586	16.9221930043266
236	0.988322753442467	6.9827698703017	479.882104480055	0.363217815857701	1.06990464837455	56.9201979887484
191	0.946780650837805	4.96720966736368	324.779890170946	0.409207662851656	0.883093580916548	39.5462238819839
85	0.977914069994384	3.27796576617396	326.736412033241	0.44186886575931	0.852340683994824	27.976867916549
321	0.992327643708636	10.0371889820924	476.473264432681	0.383969151541248	1.06296905410605	73.766878913011
86	0.70074486265704	0.954043822824163	781.299111311044	0.291644896054867	1.29313744866588	12.7690553780254
53	0.88503953813536	1.73925831973493	335.928495054263	0.480963677820595	0.852966012562959	14.8327583038847
53	0.76036996905952	1.02348757182569	466.504552575926	0.354758363665107	1.05598837978447	10.8934721351635
297	0.928952892246508	4.90929746922653	700.063598999826	0.321119168949707	1.25001004759738	44.2845424646796
104	0.918990457701103	2.56591347102747	364.045060756474	0.362407247470894	1.00238818675531	21.3407102884564
194	0.984777278631949	5.78219472348597	422.429000198143	0.350392785342756	1.01172177855049	49.2890858987774
49	0.577621688893661	0.505871849151791	601.097728850721	0.331402742290167	1.10500856347963	8.86961239161957
94	0.960462480280195	2.57752986974372	515.514416951379	0.326679004709722	0.992049926107545	21.8259874564368
88	0.901660607515315	2.31656387045649	441.267369733635	0.446169009313916	1.00444048452808	19.7979048942705
99	0.962060088516907	2.89860472114088	396.130362794222	0.394122225683504	1.00501199267104	23.8275238467468
42	0.836895580348314	0.96873926643584	380.300572818825	0.352987647349645	0.996393035449612	10.2293762553758
87	0.89511632623071	2.19743089619476	473.996775587957	0.350279822103164	1.04038379216511	18.075584559246
49	0.910955802880199	1.24854942399296	418.253167216437	0.34920025925123	0.970003786737986	12.3443492358303
60	0.936566240108374	1.99340551576904	313.858259261325	0.456781629824453	0.839001087893036	17.2378183494993
107	0.933162621913991	3.02368889555464	381.370266892996	0.403926735694534	0.981059468153813	24.0479942067295
115	0.959375291112556	3.81631435678842	503.462361244177	0.370111474521446	1.03136442776856	30.0119420068814
60	0.657508182032404	1.29894390217647	420.916896130156	0.416473561347732	1.01824521107069	11.2188062553496
77	0.832828561224903	1.78333028834531	462.388772489486	0.393673034915503	1.02423853618903	16.1180823999652
156	0.980011146010887	5.1270958738546	347.150686784814	0.423024165422701	0.894831479877663	39.7080285081225
37	0.88697048397809	1.0741116380081	355.361989512039	0.439008204731575	0.858108363993891	10.2937469791468
49	0.791616534197251	1.46029161166667	325.677537615754	0.522411362881951	0.771886545468743	12.205162004493
33	0.834348731209208	0.82545818534423	569.854207985906	0.333389564230233	1.0845257790592	8.96847241433321
200	0.98597813674884	5.60223326430891	499.720000351332	0.367418597566203	1.06361078229991	46.500016508772
64	0.924065758564744	1.67221151083239	474.241836743966	0.35297643477708	0.994400243005791	15.2017206427046
43	0.928900754537565	1.73710847800442	241.342520740174	0.518660815889131	0.735839584891562	15.5979966460674
63	0.969947272785098	2.41626706947146	311.019095098476	0.505021976994295	0.643183667858043	19.5411321396376
91	0.96267446733278	2.58378214968033	475.334801171694	0.382421357243897	1.01587316616514	21.2341075280819
31	0.891108451275992	1.04054562886748	234.771052960442	0.447822670540723	0.714533456549731	9.92857962220558
43	0.969747458198077	1.91590697404104	308.769111559333	0.492733276262688	0.782592025349967	15.9383999761549
46	0.494747784976838	0.829771206840392	468.768231920666	0.377489804623234	0.976767364803688	8.78750104505082
135	0.982703425123856	4.03329047687837	428.309042484179	0.354133748097574	1.01260224966679	34.5351907959494
70	0.975266112550183	2.63968244108038	356.928908481143	0.441695092572222	0.890864350251547	21.7453888071388
80	0.95814063908856	2.80413296147671	270.982456384527	0.494322818746348	0.741085570731113	22.6648245194764
103	0.955226347810312	2.80486888966391	483.296536071786	0.343442831180295	1.13804085046527	23.1144384292657
75	0.956110108518303	2.51275177410822	348.876239718178	0.403308914167842	0.907693877993556	19.881893264972
31	0.853344179940299	0.810643720861749	393.639992490234	0.401739403237251	0.869567543544935	8.80931929050471
56	0.956676648249311	2.28814117690935	278.742332451205	0.51756371414529	0.748062154991659	18.5248420817629
100	0.957800255958391	2.85510037676738	456.99761634498	0.40222551996378	1.04236525234639	23.404194131374
50	0.901242378181299	1.47120761817331	367.073892983466	0.421533666956339	0.86781945528828	13.1532134717072
31	0.904861625262232	1.06869866290193	238.881063923953	0.424792669092872	0.767045242053579	10.3961599777108
32	0.934857394608482	1.24216344122466	315.788632724672	0.441896357692789	0.683270669980183	11.2043090774917
40	0.561327284435451	0.587876387161296	449.922764034745	0.34101067069809	0.95744891020908	8.13957805023649
147	0.969727659577765	3.84449951296996	498.173117245887	0.326644839856081	1.12593107307253	32.199677625531
260	0.973921943466632	6.45484108071173	462.796928698371	0.352491841034322	1.05678937877415	53.2144973859516
87	0.935447512607788	2.10042162622707	427.77623494311	0.384166717555299	1.02917628593334	19.3427682402419
47	0.709975295800469	0.716335608264431	414.633264649025	0.351121033665402	1.04914192011498	9.47817092535938
68	0.739942227322955	2.10568291037922	261.315703359558	0.495432297530539	0.77346582140087	15.7734439981252
43	0.860857031584502	1.05789629755217	417.662168300051	0.342912917733578	1.01562523109503	10.6476697462053
155	0.949532139140048	3.67319967454979	428.797077908431	0.374256614475453	1.02960865667818	32.6674683278816
80	0.790148637313024	1.09735836690985	762.259613611439	0.286793304411669	1.20955014272162	13.2456045651347
35	0.876188880170962	1.02592291304448	348.239779261327	0.420042054970667	0.807995005560531	9.90053945003041
34	0.868156333456792	0.885988145409997	397.145058169574	0.3962028163728	0.918792343765442	9.48970318326449
132	0.626762822643551	2.3217671268724	478.950528588648	0.405654532753514	1.01313853627203	18.221768543606
78	0.985757324611302	3.17388045882499	328.207560537147	0.487884436160298	0.67496205294554	26.4919955241544
91	0.906047556623993	2.47563560406247	378.975893438186	0.403066312082755	0.94363250862691	21.1213530475317
164	0.978996400213434	4.35238875023087	512.481118291733	0.358854239157252	1.12315164785162	37.0009455405305
43	0.92194699322773	1.47575840957562	281.34111052214	0.419998382560052	0.781953721125221	13.1502476288902
93	0.844512875678313	2.783613142088	343.481007666699	0.405116808609691	0.861833455499198	22.9681747212492
98	0.877602117969546	2.14706328530029	447.115644819062	0.374513249695173	1.03700463553654	19.0046046812587
44	0.745310648626749	0.653872303688165	510.918226877741	0.339734212122709	1.0674176673953	9.2292181680701
110	0.946961303954736	2.94511732343735	455.182512007871	0.377183310202535	1.0358538254802	23.6731447410755
90	0.916505833964254	2.249096121659	534.616854555782	0.340707127676815	1.10063259364387	19.3917184641393
73	0.593359368919556	0.942963813990864	693.248637447478	0.299876353147575	1.18312023114139	11.3260756726975
48	0.910319151383163	1.36597443099256	356.693662008655	0.411024373409547	0.932977412341998	12.8628654921908
86	0.952748158569985	2.83999378614986	328.811323401035	0.445763717429236	0.864586348766144	25.0542920400672
79	0.96904287479813	2.83271491440737	435.188531529345	0.397014222952536	1.01238791649246	22.6802367182395
72	0.956715232938377	2.91695199494776	262.975958469811	0.442392506959981	0.731383083554026	24.6578044609029
35	0.824170443194714	0.827968095149118	370.291584438718	0.433644053879348	0.841951283620865	9.02048557713535
113	0.903311347696205	2.93886242374578	456.747856033093	0.394534124481901	1.00949693325112	24.1877934335553
74	0.559305164012952	1.31341702341172	443.331348133252	0.358574765031006	1.04419495807419	11.3367311628645
61	0.595049187850094	1.23656407820695	330.148124925436	0.44311464049169	0.906214477869362	11.3501753252897
73	0.970426816700096	2.9374229073602	299.390583011646	0.47190903594422	0.85114697944573	22.3161435062825
37	0.562540608595034	0.449055667184961	490.138721658677	0.362969494625464	0.975125506915381	7.67080568574555
45	0.948495297335413	1.72629685487607	305.429602323195	0.423183498264076	0.847606462624806	14.1612195216455
60	0.710629223502062	0.819733029007985	612.008209105118	0.329242808002441	1.09155914693448	10.6830758937775
70	0.838748074823249	1.10235454342656	635.744055081335	0.325175480251069	1.16823276652289	12.9541916586137
255	0.842174457471796	4.39867516190759	449.520944352342	0.391520070657311	1.06006975650837	38.8218093418789
52	0.860653769804958	1.05175476243002	517.974994051594	0.362992441890577	1.01387287554313	11.5126364593674
58	0.705572611989876	0.855065848053958	503.180010385323	0.344374220767555	1.05211157659161	10.7213651293624
43	0.871806451373883	1.30954362491402	342.142435876243	0.478415687827452	0.79158646045522	11.5809164620586
55	0.541269364283077	1.16535988696731	412.42855239483	0.386203867121397	0.982028330309315	10.4221717627384
89	0.787911328962654	1.60451348165346	529.908350071403	0.366813650051848	1.11389696879009	15.2463066346504
41	0.897008530934336	1.12697905317533	364.982927553472	0.373006863152746	0.912774815530825	11.0540524474939
83	0.866227098550555	2.02113266642306	451.857018015277	0.379083104147279	1.03902180111028	17.214715802239
135	0.866643705381388	3.64073686723113	421.396824302118	0.405614635208505	0.942585114413581	28.287622818104
41	0.615897376436311	0.735980851996607	424.546701018338	0.345227793125871	0.990401606141215	8.54268625093405
34	0.893413623554667	1.33504474297936	232.612096117449	0.512975418857772	0.619155572303687	11.5945535688463
93	0.973849041009539	3.06382838487407	391.699324534788	0.396350024431541	0.936569817899859	25.6378547931694
39	0.455618231843666	0.762141444746095	386.658844850147	0.377059042522016	0.953747714204106	8.0457070559946
65	0.901271165028758	2.21477964728222	319.443884976985	0.502566058087289	0.817435004828804	18.366830137715
59	0.89284186619545	1.32962823960131	476.964480855659	0.334816465666003	1.00626582959768	13.1795580717945
209	0.971494791911364	4.7419450974571	612.931485729329	0.325369606983688	1.22183678739436	39.821292708221
73	0.623470346229217	0.906807993933494	678.754469143156	0.299583839403389	1.17115646210734	11.4503845863695
40	0.94690656940362	1.70830692772833	289.162692820248	0.429403734411543	0.768595794850206	13.9120011783501
42	0.701215237944074	0.854990681768695	365.52642444636	0.405325807755569	0.936663516272577	9.28919452946655
36	0.813805215269312	0.789778798089607	442.946451634532	0.382080280025076	0.969281646391727	9.07058673035064
109	0.954996873105066	3.10823769733913	374.262491038305	0.370669160528923	0.997365290088112	25.5246712365203
38	0.943378150349713	1.51788895733633	245.70024948973	0.412985474161945	0.778550014428849	12.740344218766
33	0.857202672487174	0.861003152974991	375.393160601169	0.399547536527524	0.870984454188057	9.17181036003138
43	0.791118256399857	1.03912976654349	300.022025028137	0.395574566264701	0.890879517818004	10.180423696839
50	0.878820833826785	1.58069064514353	237.927161311045	0.469224333604809	0.736225910823418	13.9553353438938
45	0.876413382756594	1.0796679820185	415.518168702138	0.366540769764452	1.00446957508132	11.1340529411971
84	0.96940938757945	2.77636601199524	401.69478532068	0.415393013893565	0.956306507113967	23.4112546295112
75	0.697972991264311	1.69282785875699	371.583280742225	0.380403157275467	0.953536267340617	14.1153126189734
43	0.945469229151904	1.63427010272695	333.572917905589	0.416997203012383	0.808675213765345	14.2417863442658
32	0.820269489517839	0.734723218752522	381.484343608623	0.402501463627872	0.847093979849603	8.51330141095499
44	0.830707482080299	0.914600474814714	394.127684912516	0.345282788502007	0.98977656863921	10.1803618523101
71	0.936551485833553	2.53673354645104	345.706639854162	0.480003048494097	0.842117287904402	21.2481800563322
35	0.953947886084262	1.61904616720238	244.27488361791	0.447102334532675	0.639757649550181	13.8110357399021
33	0.708937006873083	0.626868814487453	473.571237758031	0.372740488518312	0.89864038006421	7.93057990498903
50	0.963108067422818	2.19715431329956	249.724375868727	0.537023799562499	0.612663801271832	18.2269359502469
104	0.940078197155429	2.62336427832942	391.185709785764	0.377272537242787	1.01488904529235	22.6190241279437
67	0.886047379205933	2.02836002571303	357.255120407909	0.403920836967507	0.927170773194051	16.7364366121537
85	0.784944871004302	1.1857756964684	697.764440572384	0.306155402510192	1.18965979945385	13.7822493758011
46	0.868357574452937	1.25476555369763	370.408073067739	0.390690577250118	0.904619386577041	11.5321899791239
169	0.983506470471335	4.77450288252325	523.47609288106	0.350013002872511	1.0761485885164	39.7495812135373
65	0.930994664998583	1.91527755744543	372.808625389903	0.412588390788718	0.886576768993179	16.7828939229133
81	0.894146301438312	2.08977462549893	353.626625038872	0.442672919274226	0.883583178532172	18.24719792449
67	0.884112209449412	1.61012115772026	488.059676587858	0.368618301295187	1.06701824248762	14.5108814003078
76	0.912568676615135	1.79271045226854	492.808532970967	0.319199096090536	1.1277203264813	16.3730214834656
159	0.965066658605442	4.11022426724986	526.26668994132	0.365135953744275	1.09833059216541	36.3549846891987
58	0.917386857186389	1.73915648165862	466.187887274276	0.409943581372248	0.984650764743924	14.7374415485499
186	0.736870679199379	3.26877580792028	413.844979128207	0.371540069429136	0.96944279782802	26.5058327801877
193	0.894407048157722	3.45856552378378	429.634535841281	0.405997650049129	0.95169745364362	38.5369519270986
111	0.928778341496365	3.34161055114999	335.472062377355	0.479452807118412	0.869387915374197	30.4413155703168
35	0.771717048720003	0.704079470410782	391.27963107496	0.385282946970178	0.953966693318061	8.55619977272329
65	0.926953553435383	1.75982280387249	449.652433665303	0.377803789184104	0.996023873567769	15.5774673099438
121	0.921553433057265	2.68627103346121	514.399314242679	0.35875361471688	1.10607085115443	23.1127727805466
63	0.883265746309499	1.67577674038775	521.592586601076	0.440098425669671	1.02395846369046	15.0158194776745
37	0.911151077801927	1.07428891997563	336.415591583209	0.429003568768275	0.891021405086497	10.8154134519723
99	0.828044266402922	1.94414796930323	438.018938473969	0.377440685200032	0.994448523550503	17.0657446882875
72	0.892656622508907	1.80141531688577	593.766963058249	0.33412611975581	1.09292346522123	15.6967309974854
48	0.801908797517595	0.913083141989511	475.017885082913	0.326503994454625	1.02056335492901	10.3925101108682
179	0.549364488644573	3.68704260134818	396.570313375489	0.385720052866499	0.99945874031897	26.4870809887766
82	0.739942196778553	1.93733659184217	320.482752551518	0.409840393738339	0.876608955843657	16.4625597506869
69	0.971111533979389	2.79956564212818	433.122710750183	0.393200019160016	0.923852770107475	23.0878999189302
36	0.805183102390844	0.6538264667379	477.935283241609	0.374115421357889	0.980747238687697	8.81472434338352
53	0.875534032091446	1.23841788087367	467.954372891002	0.334832882345078	1.00132981520338	12.2640513121482
35	0.907542084728207	1.3836908246303	295.853462105198	0.484158161957023	0.64473495609881	12.5413440448976
46	0.907288630376578	1.3239915463714	373.959193554165	0.408202273820638	0.90877947435045	12.1652500082519
35	0.917519332242912	1.14767826992201	307.040813670027	0.417117173622707	0.804587789846373	11.028029757397
286	0.925367095686551	6.22850096741886	452.031854422091	0.373632424233391	1.04288541400466	52.8739420751439
107	0.932114855457365	2.6444546608352	675.206813162011	0.355203968784397	1.18850117844546	21.3421721860009
75	0.884470975058538	1.95417375983301	387.998706961821	0.375230995999341	0.984963590390848	16.3624834569614
113	0.972156942099773	3.79687462282921	313.786499664514	0.409483009691422	0.918697562328539	32.2835207532593
191	0.980160774714303	5.79020709040055	499.075686526023	0.371823750410016	1.06030518142837	46.6661819822045
57	0.938964621329145	1.6097284108655	369.959660250919	0.362042422670295	0.900217078164808	14.7043807963311
31	0.774844159610471	0.636893524372345	369.090370143763	0.41013746678905	0.899957755586052	8.05030464786814
119	0.879791496978761	2.7264410523572	511.875890900234	0.388064860930812	1.06372628157165	22.800399923175
54	0.896369404202288	1.58794356169159	395.294900040981	0.383955268431596	0.898181904957978	14.3134079129147
59	0.919899101596928	1.84434940305746	383.554415167189	0.397730609566478	0.885054366161292	16.0418684453037
52	0.757311395256057	1.36963764608124	322.079752930124	0.417649220670094	0.867505350981899	11.7209414202458
54	0.802266189581587	1.40434938123315	412.332074717822	0.39995600299761	0.971330663527466	12.297595222596
93	0.78563233630943	1.87699526073282	358.740648379883	0.409771899236638	0.929555629275906	18.3868049274702
90	0.944572268153067	2.72321347139746	435.034186181537	0.402370384335529	0.979404313016925	23.2129007445282
57	0.86453674930104	1.54398413635241	381.896643013137	0.404960493684588	0.969900883479629	13.8465514420868
99	0.923375255443385	2.33555986333937	498.20574574585	0.420661165984872	1.03506261139438	22.7456826631268
36	0.678769049485426	0.485931915325219	471.819123920512	0.346502916758297	1.0009428931816	7.96352951059373
46	0.777235227249764	1.23230552394923	359.717718952818	0.430158348053085	0.785678473199776	11.384137667062
49	0.813439624180896	0.864508485906054	475.229366677884	0.379231053176534	1.0414115833379	10.5516524851909
42	0.943117103093714	1.45022623397601	330.762583233184	0.399681167081547	0.874641559976382	12.9787234312057
115	0.938789899087161	2.91309276588465	436.273704989036	0.402412572378139	1.00360213468868	25.9849000656399
36	0.389961007607609	1.02142402727736	463.529361869068	0.416367328306758	0.658572357026964	8.34470624396796
35	0.496655578040226	0.633277240017723	408.822803756495	0.377836952092332	0.952635299439493	7.55099083532751
47	0.922412625177734	1.51232975656228	316.490721112797	0.366556313934817	0.924137809362354	13.1631614311322
103	0.917984859564291	2.6662509435372	406.926769858956	0.406535919322796	0.965991434536354	26.0918966522462
428	0.860087857785151	6.66619927067091	464.520133725728	0.379287855411881	1.03811366881752	58.0926062213668
59	0.560616413059332	1.12842278155659	479.050152066352	0.411139989155371	1.00149756514895	10.6074949398795
86	0.76187471174477	1.96260105350088	372.506135206506	0.4207373136687	0.951502191877515	16.7474494395972
61	0.824023875453519	1.45612570861943	467.719684735843	0.381040710019922	1.0314987317021	13.2719913200686
68	0.958602166727974	2.39205485087353	448.835620315874	0.401671671600925	0.900608369479126	19.3100270465372
62	0.909667915405137	2.05777825299952	357.671155728694	0.484297709486123	0.932289891974977	16.740161512108
85	0.911574852618124	1.82964572517161	438.411829736066	0.350593891903556	1.01978680840592	17.2210680319771
120	0.974199619593128	4.18017376221837	331.05278719276	0.441954781280178	0.854762107134413	34.122330620218
96	0.95394108883055	2.78234294225931	435.872750365541	0.355669796802652	1.02392431631571	23.370953620986
81	0.968961704623243	2.52101096025386	412.855986581478	0.413541721782417	0.903414574256255	20.9838446843468
61	0.904946681391069	1.53449220006825	410.177819337077	0.327176276864112	1.00178598694438	14.1487516820989
81	0.98523670517507	3.23134142386425	360.435776785952	0.445500684193495	0.823071325812136	27.1883120201767
192	0.973003888577455	4.45827774768919	490.327498657224	0.333709564840161	1.12396562326965	36.6763428254376
39	0.892352190057872	1.48862191244824	300.976643600305	0.465339135771988	0.805027664138336	12.4441932671114
128	0.935778008053184	3.60486850904269	530.219435990025	0.41240012804623	1.02312446696956	29.464623135158
41	0.726316225655004	0.885229856931114	436.303197629456	0.412434042167044	0.948393125577427	9.29023809501933
91	0.809224094783775	2.13468430478849	669.445342632269	0.374495149749537	1.16455118352103	16.4796551569325
112	0.970281150044678	3.39058688378711	386.322763470441	0.415565002789952	0.909388158375447	29.0444754351072
56	0.824455829387294	1.3001084814439	467.264267798518	0.387733128257179	0.999458790511274	12.2384507167406
32	0.643288481803128	0.531979413540776	418.163634540539	0.381707999346299	0.902851051244772	7.48800686017508
62	0.95602011888318	2.08968894459269	372.484012317696	0.376177313146882	0.949026693368729	17.4331819394198
150	0.878037573264604	3.48039312651039	324.229464625224	0.411658941347523	0.878868565362245	28.6242512141681
39	0.687732510789072	0.558350692350457	484.771031344277	0.345766511545902	1.00944909342696	8.38165841351739
34	0.584032693442248	0.664930107464293	483.364386736905	0.399424732148002	0.916468079029565	7.72744136575706
68	0.84229766175131	1.62631836165912	417.885324512899	0.346691871071203	1.05018119426432	14.5983364733476
44	0.218673650376587	1.12729973277873	404.523642468342	0.362664165572919	0.801797792942376	8.91556189749328
77	0.945147621498605	2.51337836294968	345.574930848785	0.358556370175061	0.903806869091194	20.2373136518416
100	0.929916311164624	2.64653094872729	467.742966027419	0.377456307499885	1.04143225739695	21.7633671693053
108	0.759002494329481	1.96765839892408	596.433491037193	0.364319102878342	1.10193797725435	17.1774124541713
71	0.958102262399928	2.49834614153833	379.114361551793	0.395629729057906	0.937486732971282	20.3450550674127
46	0.794284149601772	0.792179612597197	459.398656971513	0.344031372329596	1.01686241368175	9.92946846452618
78	0.897802962455785	1.66097665018785	522.490726062768	0.334462826457087	1.07432059700856	15.8187102323714
41	0.830315573950235	1.13583344846144	365.028519293559	0.395244673403014	0.9243434954352	10.7520003926678
56	0.752267339468003	0.73963123866092	570.321010256838	0.327723395617226	1.13974410566038	10.5097648361745
32	0.915222892387922	1.1920003254913	261.762463419197	0.491357132533603	0.679073297902557	10.9832634028441
81	0.947967081757102	2.47788747816777	369.320390885698	0.378358751883842	0.94858692247779	20.6732873645845
38	0.830572174690756	0.756905039029379	446.98942215291	0.333244820550857	0.953622088318423	9.25548523754895
51	0.906740666343489	1.30162812287415	406.348379232036	0.404518322482473	0.9739135291774	12.8182713405333
48	0.974921552721772	2.1854702218571	230.861999854322	0.48698752228164	0.663853841030979	17.9538485409542
36	0.943321831317409	1.30617508908452	418.086713271857	0.4239574416045	0.62652756358547	11.8589008064018
130	0.991464601858986	4.90761928561596	444.768533478591	0.384764705597564	0.913303774265438	40.1162831968303
83	0.909030420943608	2.09993258621649	438.001894855217	0.341973273446487	1.04605240193549	18.1468974034239
72	0.96193985548257	2.83614059405741	263.364668387186	0.397653115300174	0.699041061400484	22.7061543801536
47	0.854033699543709	1.11043941804011	443.027333337907	0.391170288048494	1.03408410160041	11.2301359607139
32	0.565843392784197	0.501525936330427	454.495220077599	0.374401034367507	0.949197172342816	7.20629921904513
89	0.912680562609777	2.3896414836592	382.65634840437	0.406864303622045	0.964591783096747	20.908082285136
130	0.979239559645378	4.40741627975223	357.470135001474	0.412981484353794	0.940889542132973	36.1608037942382
92	0.977666085374267	3.13136588136371	388.221108079469	0.432513789866051	0.858923338127063	25.5569599175921
103	0.945728366959724	2.86352842644971	472.860167010031	0.381978584603637	1.06747217240593	24.1872785782276
58	0.934176224484295	2.03637351676689	280.416078283707	0.394301659857803	0.867253732839968	17.0320866003636
70	0.911647823974907	1.84264030021991	405.789001080538	0.330949836312821	0.981804192609683	16.2224890620545
58	0.859181057997349	1.98058868745944	286.767691310763	0.510828138283843	0.784669576403138	16.0847576431425
50	0.976249239676523	2.22625477745882	244.330846103495	0.45110753157812	0.731115875758884	17.9997950428698
40	0.774237668795987	0.983681256176913	366.055711451859	0.41615568520455	0.90346908534946	9.77777511221933
58	0.959003991972355	2.18388985650967	309.058097327686	0.479041100054361	0.869335151947142	17.6674764744949
32	0.785250140914061	0.91663016591531	355.626878119259	0.399809568431133	0.920984064226378	8.64443607528383
50	0.916214339718429	1.35514480673137	351.459361787926	0.408913479258567	0.934259438847828	12.9413688299423
96	0.945937439901824	2.7345322899402	383.450358071058	0.410911471088467	0.966036679680093	22.6586550912453
49	0.704497201915263	1.17561404716888	424.665511605287	0.388658297349557	0.96854295620552	10.711534517044
67	0.954952080485725	2.2230517437734	408.390899887627	0.428597042310411	0.942843323172331	18.289069165805
126	0.97178407831352	3.35411702234496	503.195935579711	0.341812507665322	1.06753591380789	27.9170171407272
97	0.73789926468145	1.84523258047083	434.753111863333	0.366406826866605	1.00377366258006	17.5507363615851
50	0.866495275712984	0.987976988803116	466.153355308501	0.33905399836279	1.01677882596928	11.3004054845197
120	0.941314856284628	2.82162913265373	548.003046700874	0.343873805971167	1.0900428827418	24.4680629536228
84	0.802981535029357	1.2570638380899	668.688246100649	0.294007940606415	1.221978135693	13.8808831755363
180	0.932638931186197	3.56000084025084	654.166879770018	0.320886319346354	1.19221123311711	30.5289652957384
43	0.922202367530798	1.4949957015737	359.734823085689	0.415760889347575	0.899183987913094	12.5598125873731
170	0.779602074706262	3.00885684757037	339.298464729437	0.454590209238501	0.889691080054257	29.0330323044486
134	0.968825624490322	3.94096739136729	499.708296609872	0.36005819162894	1.07210122662825	30.8502116323789
125	0.938624843438873	3.01836970692894	680.925461479017	0.325099887577914	1.2016790673504	25.0796480504983
33	0.925034376463554	1.17486553314369	363.874991359747	0.435348239353246	0.719495377616334	11.0244565157527
53	0.627124877365407	0.944920921220446	546.385908970751	0.339342733326934	1.04291629093035	9.91314350750108
86	0.915302459371509	2.47576411563027	396.318933053548	0.421286320786169	0.901963982625743	20.6154532116349
142	0.88500452578928	2.66357601956976	550.905093447229	0.339410898667075	1.15477959643152	22.4433054912919
55	0.8739034117896	1.49707458326273	405.406084067634	0.374733718851366	0.906462054925334	13.3280096817748
55	0.888551248194597	1.48869155272041	406.452741827864	0.358616369657977	0.866985621045092	13.7200892252706
114	0.924607575898577	3.37569427073757	425.688204639524	0.426969306642991	0.892694793440393	26.0256851276704
51	0.865196599310476	1.18899249782319	464.580129244243	0.342634612174878	1.02637543203758	11.7456202125013
37	0.940172131398645	1.36238846219157	315.829784815693	0.478549359570447	0.711184345505626	12.0751718239089
53	0.415351184001898	0.534432836355998	570.209923891531	0.33358455576398	1.11792134676618	8.85162003343473
79	0.923355873073621	2.5738066206832	451.347029965343	0.445792036893676	0.999469157431557	20.1968105092586
65	0.932365018290541	1.87859817884425	430.830152838105	0.371324771051679	0.974009581627039	16.2415196462013
63	0.72775641795701	0.696188499700217	684.840929036799	0.317717327533573	1.16268081456566	10.8930541685904
42	0.490480163525717	0.510668390470208	572.286362148503	0.348414925252627	1.02191108792571	7.96074555314678
52	0.796901636945009	1.42206657501124	373.866877011776	0.395303234126764	0.854357209670432	12.5955007683842
34	0.839183808879506	0.803914335187899	387.708978723032	0.379736595158843	0.877789755418005	9.0767148051118
129	0.977957706953494	4.57948176084539	449.756723998268	0.412829658525498	1.02877022378214	38.3028385188942
112	0.966031616639186	3.6005311036686	293.723119652293	0.402704947752386	0.89308273339628	30.1588607911052
64	0.957677394225226	2.2327343901009	335.358903392146	0.429803207134923	0.8397262395374	18.3039354876009
78	0.929113900423415	2.33062161373445	411.086406314699	0.392056998721395	0.960116158277024	19.737942347854
96	0.957331654969477	3.11590618594181	291.893546710447	0.415939948502398	0.82115630145572	28.233773433622
102	0.94517712993728	2.92106371314518	407.934802032981	0.379803627979909	1.02551207372413	24.6629696868898
34	0.528744022004152	0.653159065513143	399.317306036699	0.399764093814596	0.909676707561271	7.58854385362546
53	0.955971014516827	2.02768637230655	332.546814949694	0.463696113107878	0.874267651893697	16.8171535441416
42	0.93023137503674	1.46054517294076	299.808369381604	0.434843088600204	0.807729214218486	12.6524054120421
189	0.987731842257928	6.73225595239698	290.828391317598	0.428654028625537	0.853256204535464	55.6907235078871
96	0.960703015819416	2.93713829372638	365.630803667678	0.371923926816323	0.917187562785524	24.8693224348242
38	0.851255822838411	0.875740056108867	311.95959512079	0.418897892891701	0.915494351329132	9.94024110127569
39	0.938445235425829	1.39912727951531	306.8129869628	0.420350576821165	0.862919559369313	12.3769019316374
112	0.920939963898334	2.92196703592059	553.024606017275	0.355997948417586	1.08366350161895	24.2999932447051
65	0.909401730367708	2.19594589917292	278.82128552236	0.506846753288412	0.739353418241312	18.9447838723688
126	0.787016160616141	2.54720060431594	330.971084531124	0.437316392872136	0.875378125044811	27.0426378367809
48	0.953090234218656	1.8800477789906	267.84698527893	0.487377722097075	0.753537813237881	17.9013765838909
127	0.935852051536468	3.32180562792434	674.654731746624	0.344036017195858	1.21515272304417	26.6115323140936
88	0.77478269630183	1.57025084850238	557.505468679571	0.326934897007243	1.15090440501239	14.8861734548385
31	0.815607008793194	0.738709484361507	344.091031469468	0.436143081572946	0.885221170172685	8.39641085876849
161	0.981675290540945	4.85513354138986	513.787033824846	0.363504951066928	1.11548681605647	40.2184722641523
59	0.665905184561176	1.21072748753045	379.5821948063	0.469872992434345	0.85041365742249	11.6110779772368
53	0.942756903563503	1.87522688972792	245.971269313767	0.396982969743151	0.779236020236893	16.6889877739362
230	0.692516943336804	2.91014365250249	597.456361507039	0.3868112619438	1.14883165716228	28.768560583669
94	0.854289824624011	1.3443787962934	687.612754674871	0.326887918933757	1.22119993878056	15.3970983341836
39	0.701433662880927	0.550763582458045	483.363891939467	0.365493334002529	0.997688062655015	8.45338834667757
40	0.928841887409107	1.45559759749037	281.321838721469	0.449461197324974	0.772060637421589	12.8706483745685
191	0.974845574686372	5.65684086300506	421.771560501386	0.390608344587921	1.03298274979434	47.5282969086178
36	0.66283403721802	0.551929235248931	487.526173674084	0.34052678360156	0.989726979208189	7.93426232287714
76	0.868284483186137	1.65772488929367	472.648455774615	0.343840860204886	1.04528948706646	15.282916627761
75	0.630254707727138	0.881142194486344	646.922866444579	0.349709555225619	1.18493647206857	11.6354806291953
100	0.886833199406904	2.91674708160147	336.725600882282	0.439684627614039	0.860650045093417	22.0277638601822
62	0.950449487021782	2.04494348759194	317.293476278228	0.386845952225921	0.80648452627987	18.0384408373055
94	0.660277023401684	2.07194643120823	404.62827715936	0.384740535632025	0.996146176739769	16.6372846804065
38	0.488007159038089	0.420714982436051	526.112271644897	0.350895958744122	1.04515431193946	7.53340982834963
149	0.986402137279183	5.30356187983867	364.76911544799	0.394285758889901	0.898900288241461	43.2119714055347
63	0.94863934572557	1.97701990129572	373.648425371765	0.41708865760695	0.945379277762271	16.9342302547807
53	0.954335806987284	1.96365316175317	344.694175855689	0.412973281068372	0.92951470230465	16.0676833033445
37	0.665600553732178	1.12679128197327	329.971469103301	0.523102834925782	0.63264012649839	9.67188658359432
32	0.909472057047833	0.996708896421525	337.627139970255	0.391049603607148	0.856454794531467	10.2185540900596
96	0.976418507870323	3.33024105365954	324.601786629725	0.395578928796436	0.919010261582175	26.3254608346644
143	0.973149603405428	3.77262439273163	559.7707889326	0.329726912639425	1.12557689830332	30.495269365441
265	0.988305083752601	7.67539900111403	469.026933198617	0.372851703089225	1.05995017516616	62.1373528701185
40	0.876194853346081	1.22593209536586	280.451025637812	0.403930515966715	0.86492743509861	11.116454113974
33	0.431229035286022	0.514883863241205	343.470759519716	0.386116316675858	0.967001850857674	7.05994285867552
163	0.969503707588016	4.08570257317618	671.630254873849	0.329341602565722	1.21248378982823	33.5077417803272
47	0.841980022017945	1.06297685533998	429.56334361626	0.381974012085842	0.960542146708752	10.9093426058511
77	0.902493724014502	2.10361003516023	462.795981149128	0.333096343038225	1.04116245022697	18.0093300858868
38	0.911347470363777	1.24553179560853	349.859952983781	0.504546316418955	0.706231408860696	11.4119200326641
53	0.911891251940241	1.57374727457272	383.81160436537	0.415563848607327	0.895364716787071	14.1777064868114
43	0.821470397272216	1.2246516372032	261.918404660864	0.446001727899261	0.851566028538075	10.9981702709866
52	0.921197146445021	1.75505651270334	325.407857472683	0.42586834905174	0.865655414754558	14.9418450399398
60	0.947212059401285	1.94010906397411	356.41377147392	0.331007550883312	0.95670564287117	16.3372895983467
57	0.935874533882685	1.98298799921621	342.68069947193	0.418401005402612	0.897687507706497	17.7698002003371
43	0.902540465617396	1.34336638831052	293.39341860941	0.412055999114822	0.838963304321486	12.3168301126694
41	0.880577216780079	1.49881634714443	227.962598757602	0.561237180943063	0.717086128208591	13.1825176579576
48	0.491417631065215	0.571668117966757	555.190063520288	0.336262298092279	1.00935656593337	8.59206613101253
90	0.96779396491413	2.91074901340019	388.458915334042	0.331251233968625	0.96960966429486	23.847888608678
114	0.915115491015311	2.60986944584338	465.509890952475	0.389876548000075	1.04100008825019	22.256692925612
66	0.969732708730681	2.66535393262793	352.838227034449	0.498613588854369	0.860738510779864	22.2519326154761
185	0.915334426267545	3.24590456829468	492.49565197702	0.360264612851665	1.11156237227262	31.306594670762
47	0.590584332444506	0.547859164829087	523.785630590191	0.361899459301452	1.07724144088181	8.73344872613799
34	0.508255924067598	0.296539866385006	521.060055419747	0.317967815735391	1.01553595769981	7.0627440093213
81	0.870159667162796	2.27235335586888	453.974484847387	0.393858704625483	0.943956663659087	17.6975901249332
80	0.867062287935866	1.95928987615836	424.759475583149	0.37241530935992	1.0214898009156	16.4604834852681
111	0.945233911669028	2.67405727308459	518.494129899207	0.336264786884419	1.0384725727208	23.1012499999705
37	0.84733242152241	0.841098693430146	386.589365419923	0.366710109174241	0.936231077060565	9.43556501385316
59	0.737327517086444	0.772838561619321	503.927799572167	0.340249194596397	1.12441643788771	10.7268398903814
147	0.980052002885482	4.2682575174929	468.995891487337	0.393918922963375	1.0333934772892	35.1528082691993
268	0.90737658715521	5.2782296603586	389.589148741604	0.409645736357917	0.976522809499361	45.2612931122693
71	0.946423489975996	1.96291104469627	409.578745348508	0.400360998837869	0.976418984739323	17.4033312686909
209	0.842376625867139	2.82440616463796	348.951786099927	0.402006296731764	0.921591254551903	36.8025490585341
240	0.975285751574825	6.41809115091967	494.87699678391	0.370555945976647	1.02584714678152	51.4701089394426
77	0.794331281185934	1.35926653650408	583.756959596365	0.346789257730224	1.08218658600997	13.6231117411523
154	0.988882171116129	5.21073013942305	402.626097821478	0.38654581621083	0.949348491737931	42.5004816872151
137	0.933856865805267	3.33683254652593	362.838866090794	0.455205671830244	0.878823444130196	30.3895337769572
52	0.806409744792507	0.849086445695624	582.934200167175	0.365765490944573	1.02304139820923	10.6325613965133
42	0.850152559457855	1.05569808547232	370.506636427476	0.446747966858261	0.933420424563891	10.4222929574788
52	0.711268545811568	0.65175169171277	555.351693612456	0.344112232497872	1.10296237538767	9.88543587807125
71	0.535992665627047	1.23059543570412	635.932583866365	0.344200457918415	1.12201070856272	11.3573389973271
46	0.701639345240298	0.674230030560274	443.916431472375	0.359813806659698	1.02380411437531	9.27068381941627
232	0.944312530245642	5.1407871213634	369.471493147335	0.391177770207248	0.973835373891353	44.0673563641111
56	0.743074117712035	0.998768298356103	509.678925249859	0.379831564246126	1.00530785718509	11.0420472186313
74	0.794561444183995	1.31180610539479	666.549895108993	0.325339640832338	1.14576028376053	13.3996067218598
185	0.963963743366146	4.74320320917591	425.75801591697	0.3564273776716	1.02292309357951	42.7703454434528
44	0.534739101866714	0.497965915306717	543.73908343374	0.323062724149369	1.0650902504424	8.29278668535358
37	0.823826837179207	0.823427083147491	373.170194082366	0.353815633342811	0.950811823980399	9.20531742867643
65	0.748072474983427	1.12593192963418	479.316168758915	0.358846584595593	1.10043173814221	11.9839144931268
166	0.919300614252938	3.31432708383466	578.610019521907	0.319409631441085	1.17271286167846	28.9532782494182
79	0.955811367871369	2.68338262796212	314.014000672283	0.421269782628385	0.872318697250001	22.4141858920475
50	0.664966686281543	0.515720738392011	527.456758055891	0.306142237001198	1.13584058236226	9.23806591460047
140	0.91746233762674	3.13971770397168	527.153724045718	0.374169119851325	1.10141165915709	26.4994300004394
65	0.780606889597217	1.32609213603203	399.496720994546	0.403563225227214	0.960426675688637	12.9355253847772
41	0.926684413215551	1.27210357402218	341.281490557165	0.417559207453132	0.890805721528907	11.8987757946651
280	0.981799430431972	6.68698431697566	490.640216444337	0.352508847432558	1.09557934575292	57.5843117485083
58	0.918843062760424	1.84704801135555	293.600929452097	0.487811821827167	0.787197673830676	16.4583588073013
122	0.970109159355948	3.82952365760574	325.043776606072	0.376273509954003	0.906010598625193	31.7306081979351
32	0.817658297268394	0.916754336135675	340.504630262087	0.425851194495696	0.8060013316243	9.00641403256104
46	0.889844192373954	1.27159354970548	417.878309121178	0.382704852847409	0.967356590496363	11.8246453949794
79	0.870171483158666	1.57828612448969	542.91655577442	0.324569435257877	1.16160079554546	15.277880799981
81	0.51643388025553	1.53779582532205	332.764453353382	0.374508823389742	0.963736865215021	12.8469109031373
117	0.970459459452656	3.39998156890073	463.005507515838	0.344215736545891	1.04412954884157	29.0823672043107
48	0.82853128330099	1.08589028244011	434.849647859137	0.349265572704248	0.985686247304966	11.0362153270793
89	0.974852955650122	3.11263583888197	354.562684112812	0.432464085059241	0.848037455802361	25.6189130659787
46	0.977655269820251	2.14909677748775	236.635105592715	0.467457772376716	0.710173908629687	18.1247830276759
88	0.901821989453238	1.76513402468346	586.421683510877	0.327196088871125	1.10925258211952	16.8438576336468
74	0.946410681350847	2.54405332237061	259.347698697069	0.433100418223758	0.829482680065974	21.5033267676863
41	0.755136617917823	0.699297705020903	432.618481004237	0.350048391683973	0.942280014927628	9.03859479098041
54	0.804734962730429	1.16720421231995	470.435336326936	0.361926060235791	1.01148880803975	11.4571705435237
47	0.639755506533849	0.480568264565469	664.936983459684	0.327755359818487	1.09477315001426	8.89438945033341
37	0.933221246373536	1.52855209438302	308.288396335763	0.483473273409059	0.821906306601358	12.7032687333636
80	0.833179473247739	1.46641897513017	558.197689564192	0.336343681990543	1.13168264893161	14.5700877105301
51	0.912212927343925	1.42356134231465	424.259660401355	0.366501505962934	0.952778886738755	12.9470372561059
62	0.96899215713042	2.41948312708876	333.927233160861	0.417887547826359	0.905100306603239	19.5498594771754
37	0.872618211306138	0.923376711187708	372.925873872543	0.353557692072563	0.924488681123592	9.88934200948932
42	0.78523518968092	0.812641530751665	457.798130245469	0.361394153410436	0.975999635330536	9.57562558374693
51	0.687242924682453	0.8600810023181	563.13081356709	0.363205422258148	1.08044847657085	9.95952549748616
57	0.825225171372756	1.23559296088016	388.162748235976	0.382764901296517	1.00703132148926	12.2809328629278
42	0.902925757159319	1.21202992433254	436.816640238007	0.402283705894573	0.91146631324961	11.6294380939379
186	0.98492838816129	6.25591139902189	307.740925574187	0.441463966875732	0.878112661683471	50.2888905979673
116	0.97536348754115	3.67698060581352	447.543926681503	0.379714838027467	0.997237070443526	29.8793517837232
67	0.92561905632791	1.84611184508495	462.900354052953	0.396632814527363	1.02807948860422	16.2456508474782
123	0.909233139573174	3.1041506654201	506.503521308954	0.370535133442034	1.07787834756418	24.6476799015971
44	0.811412486033461	0.736166174262616	475.967470036241	0.334593262283363	1.01686503555625	9.81738607967395
63	0.936071782225652	2.05910310254543	380.63737538305	0.424990134511056	0.92456864209634	16.9607995323021
62	0.633029946208581	1.85040626945619	266.010406379099	0.465187610481728	0.730240506385865	14.0780317782259
174	0.977639689463475	4.87604826595929	437.040419680033	0.36419881385321	1.04782241391445	41.9633263896262
36	0.850525858911515	1.03090237280954	311.168637009534	0.392854242736596	0.831223160668443	9.82216692158404
31	0.773000822984391	0.541916888685987	404.913452662262	0.363962332091179	0.958081471380372	7.87504662475249
134	0.704570192610218	2.38010898118279	388.699968601756	0.429526503533331	0.989311425267933	23.7506680588589
81	0.511245285260998	1.22213158191397	569.237187433309	0.321171743378397	1.1733038522205	12.0143531798743
123	0.929337797602392	3.01832905587662	549.930757586321	0.37013978421439	1.11286426108122	23.9585873353118
69	0.939444604235038	2.2473115592103	398.25843872348	0.405826861069384	0.932911584907418	19.5460063339686
45	0.794272552179987	0.880816301541099	454.553774432379	0.36066641412409	0.968889631079953	9.98843239787929
74	0.948005343995349	2.31208321073238	392.387872922184	0.373787036618816	0.962303922234593	19.9446699525264
34	0.836447470741965	0.778751987602012	403.094461684784	0.329884545200539	0.916810111494732	9.01594800865561
41	0.735563504458348	0.630245876434902	482.19169086394	0.342432285641766	1.05100705558695	8.86130257483222
42	0.889129245522895	1.29517382847986	278.142008243818	0.378594523585036	0.8703176717751	11.4383879430702
64	0.812811015386887	1.1021193220989	553.762069889092	0.318687338269398	1.08598560740613	12.1581091389798
38	0.791358092207755	1.10661649812467	406.524080223794	0.425578797699652	0.947872692740166	9.92547100975346
76	0.889748190704526	1.67868769188873	519.513569365172	0.396739124015308	1.03335130454322	15.837651196545
32	0.765261736182242	0.626263363124934	325.524295570104	0.385639463707575	0.881108641723482	8.05074094157734
171	0.959188014153605	4.56456156138818	423.70836151292	0.367352242711948	1.00869273408334	39.7311708746119
59	0.96074757494388	2.13475099942652	360.034132136419	0.415643073143073	0.86179175687301	17.9090215653011
45	0.732304147004351	0.682493626087661	543.311412370566	0.315464397777328	1.0408107879809	9.28124263791021
71	0.423680900218974	1.30018536764258	629.790796942735	0.354687612786609	1.12985650164277	11.3510243034394
63	0.902838580283078	1.65807426566871	440.890684592726	0.382112731913921	1.00710923585709	14.6315373683184
84	0.858437298037733	1.98259344854088	386.4592952092	0.40282927845969	0.964709521198184	17.8014912634148
63	0.901245187135209	1.83967285741864	515.569958873799	0.380856823578819	1.07030305327816	14.7897333584349
44	0.883634007282117	1.3312235494369	411.425280357274	0.423734451251061	0.930439646683579	12.0349205144851
71	0.926811423352972	1.78679166707965	497.057734448408	0.318807749939385	1.00918953733077	16.3020783273181
105	0.721988971084699	1.38080682336871	706.458122768676	0.328646406284981	1.25253039059984	14.6969129820008
80	0.838032087274973	1.65938589135734	485.146891002948	0.359171559271366	1.05328711129998	15.1353221773359
64	0.968777805804995	2.32257800546185	354.747705079218	0.445481265853104	0.77212089117228	18.9176237578205
71	0.887494430107365	1.65081527849365	414.839526104143	0.370838761937293	0.98162298980037	15.2987427597861
43	0.794713271766639	0.819895179470274	492.599476288259	0.342631698034552	1.00837472401122	9.67410887396606
62	0.735057842334391	1.00806802841691	551.920334311833	0.329670112568247	1.14853999897315	11.3865174435369
44	0.52223817239812	0.554679836442528	530.513203555892	0.337247066310755	1.06868455774608	8.32820928879528
56	0.936523220186261	1.64512996479532	381.704606837161	0.362168131244003	0.94574148040371	14.6911993326245
68	0.974288036080067	2.58537911608396	234.08848626731	0.445745832636589	0.756759404777474	22.0274124321946
305	0.982778799609308	7.57751749922952	446.769624996024	0.386736097372924	1.06406964282334	63.3295247331128
95	0.962552614847285	3.11664725342012	439.186716500645	0.385224582448205	1.02869134733511	24.733482640373
47	0.764130646083798	1.24440838901134	422.830434387787	0.436836801866786	0.924618595958967	11.0058526105019
49	0.657081761677621	0.567710268048438	583.94993191428	0.350401498337708	1.08766356591152	9.25922611110273
39	0.701500107164272	0.916055268935063	388.691270922837	0.402596628540901	0.856532475959009	9.23908991133393
74	0.92667910959371	2.17082930656627	377.164851981188	0.414724344744532	0.919510308941495	17.9674829707966
76	0.858203590805645	1.7449891422608	426.184770468307	0.356910116591102	1.02856260174091	15.6630423687397
56	0.551038768779776	1.10374385062179	479.493666595593	0.374576989912147	0.962722240989492	10.2886900457293
61	0.980409732325155	2.6125194468862	251.461328847203	0.467919146036793	0.696925564400561	21.2475840867863
114	0.861571810425334	2.57537463453383	582.276141230526	0.351981477266662	1.13975253543491	20.6070070398989
35	0.675130675493274	0.908970308328361	304.611048635654	0.415647441141444	0.871405404696784	8.44912231291349
49	0.730034291087692	1.13689374946456	322.789085489969	0.394270977593712	0.86331358785709	10.4062579930159
32	0.909275904950171	1.26957007227394	201.26847685834	0.566770739555998	0.519991592430109	11.0299883659605
38	0.949669407924318	1.56985900875165	283.566233952086	0.462621988504341	0.781942981970279	12.9299860979854
44	0.871181570114787	1.47245879009068	295.728807336449	0.445307570013452	0.836078598938207	12.4347114937942
35	0.819917503391672	0.743059254659503	392.319301156553	0.376443938601758	0.884081616989579	8.90769435537876
72	0.873789857337412	1.86666444530355	474.409583222154	0.349489867963017	0.967840252943448	16.2498803766542
41	0.819090998423465	0.793882846364848	444.352771112068	0.352109064985966	0.999272461289002	9.67690340112668
36	0.723682894667074	0.587632890855538	467.088842975186	0.329168375848433	0.939488816922085	8.18954654126706
72	0.797874750231679	1.06018764806663	640.164026702013	0.3201019587149	1.10597713061042	12.6759770433331
41	0.556363450999733	0.624103338325917	466.548436048421	0.363186734119302	1.0397182187571	8.16625471102762
76	0.983341367904554	3.31108829816971	252.542163730209	0.526658995310158	0.722363054170522	27.6961068579994
47	0.89712864098059	1.20689959420385	441.551045614361	0.397447001492319	0.918654034039497	11.8360124924479
84	0.816156664433861	1.80313123026628	310.862847786869	0.430621964834489	0.796321089117484	17.8663251467475
142	0.838891447576674	2.83799019099224	579.472029146006	0.367278546618575	1.13048329568158	23.0930655238985
32	0.92222051188682	1.19406404522812	262.834955781694	0.404614321187211	0.805970487409381	10.4993929593975
146	0.971409466056999	4.03210496790606	375.876239563657	0.397188702689589	0.941502393292245	32.9947697155827
125	0.962453820108545	3.52183980875328	494.687060923419	0.357575157159553	1.10539557906125	28.9024272513967
97	0.966385660577555	3.12097305166083	477.441402337704	0.396156312090152	0.987693187116602	24.7589094583889
112	0.787249560729483	1.67868490458447	610.287318538818	0.334967986940825	1.19652683404414	16.7786768146415
33	0.723097003128102	0.580100535680408	394.793514605961	0.350585887630364	0.938675311919189	7.90721912333635
35	0.912882603443366	1.3503051010322	318.053472984899	0.454650238473768	0.681816875041264	11.7728833718398
146	0.966591798259957	4.15449476685885	392.698116643569	0.369678457480288	0.897950831678937	35.3536653722642
56	0.964002435577939	2.27078828900792	279.010391234571	0.464752293396795	0.69564555211764	19.2551780741702
98	0.973827573023762	3.31752958197158	454.487050804326	0.402832179492151	0.932795292461135	26.4481955366338
55	0.877092032712394	1.56557633949538	470.336746766008	0.351803471745396	1.00326719792114	13.377497364567
35	0.8768702164289	0.977205134196039	458.74412976257	0.348351049172151	0.893859625836738	9.85487178074778
53	0.888668886023787	1.14232003175956	454.678057410234	0.35453802953455	1.01999632427671	12.1889683742751
282	0.986673714602398	7.95735385130696	406.030071068018	0.394701336731723	0.997694398262097	68.0601916398583
55	0.977203070433424	2.29600672641201	442.88221649278	0.311173999294516	0.982699483782799	18.8007797841242
41	0.734483867386156	1.12968242229887	375.090634050601	0.391476153137053	0.831356616773383	10.1799643107176
89	0.624085833128837	1.80969088028038	312.908639087083	0.439639651912563	0.879180939484588	15.8849635684299
78	0.823269136141335	1.64923281280589	407.036888522433	0.362806848099372	0.965742443246063	15.4287977978525
34	0.410385235485332	0.579582167908312	391.034302741968	0.412159397715782	0.946055198099272	7.18787388586983
36	0.870617224311873	0.866170893065223	379.93290360868	0.36895117433256	0.957344562956851	9.64098121910129
49	0.955823771003094	1.79679698317538	274.973194290671	0.435603250309133	0.71673077258575	15.8750747934053
35	0.829414525556165	0.765275938279728	417.717424477755	0.370916714486062	0.970706367177549	9.02711673585846
120	0.91068159141245	2.93299798726743	393.085779595788	0.444738979217969	0.912369271245706	25.4908618198582
68	0.71314042000363	1.74649011850736	422.381835449048	0.403988482764474	0.895742874890082	14.0370220391254
37	0.9459925208478	1.67044107225772	287.855599205714	0.445785655733239	0.703819188249125	13.5591572644441
37	0.776589527626893	0.707944402062073	418.60501447955	0.368562622940846	0.924827309653292	8.81526472207426
74	0.577701555143372	0.8262108367539	666.854179369107	0.302151856817977	1.24773011943815	11.1843601900211
53	0.568954690091803	1.14686231373966	475.81191248376	0.3837707533222	0.994538253156013	10.0910963306262
37	0.421501478422337	0.863870938037196	359.04334732699	0.440027089327866	0.878188356280547	7.88326032742497
54	0.775342843536695	0.792727829124248	511.57911425555	0.316571049850622	1.14699685673518	10.5634927956742
68	0.551255710083687	1.23238726749502	474.834000118252	0.384567973365892	1.07293356816409	11.5085987030011
126	0.976256432541944	3.91235262694443	456.714365560846	0.383007171142972	1.00543512850359	32.4354720940796
44	0.775193424563833	1.17721573369975	327.478263441441	0.415954162590192	0.830859792537135	10.847544983357
50	0.816178769014131	1.26441847715165	277.670077899133	0.46971155544685	0.801055180265024	12.0972331024563
107	0.957687489472942	3.20773842905932	376.903473515114	0.365904886503591	0.997541070795934	26.4837164316244
74	0.882160368401957	1.6505069084407	498.446325016275	0.375090994428117	1.08484515510803	15.2453709855556
36	0.686762236162725	0.445908701906703	476.76933897578	0.354402402115768	1.01288397590646	7.94782639548537
40	0.90341771801906	1.16304645076865	373.229476860575	0.372453730521162	0.93766958561432	11.111010558224
46	0.777341496952972	0.954227169287607	452.478115111672	0.40275303338718	0.933424190699934	10.1493121852302
70	0.904248795539654	1.81389093851674	434.674345208226	0.365553124083704	0.983442696328799	16.2744257367535
150	0.969158480592373	4.45158532041093	391.20635170756	0.363439322539192	0.944239831958203	36.3478680421135
55	0.89812906852486	1.62891369867476	359.842722763927	0.417266037696454	0.872121552000404	14.4085157889022
57	0.80569698350434	1.50464715865365	262.363167851549	0.429592394030576	0.791880124226213	13.888593912112
199	0.965223464485176	5.64908524334379	409.686487449612	0.397954100436868	0.965335429621132	47.186428478556
35	0.813586282067267	0.748841861127625	414.728825293029	0.38871599087381	0.901855019259392	8.89298285118133
45	0.881257290702301	1.07337162939179	403.296162098761	0.373998408896544	1.00402506587625	11.2079349183953
43	0.817891564735448	0.918215801766043	425.875151564221	0.346664287420199	0.952909860295292	10.2205604123506
97	0.967192354728298	3.7402455704491	263.238756300083	0.532971074674323	0.637531823131812	29.0786349362378
58	0.680442925017678	1.14205500082239	530.48533634813	0.370007362943237	1.07529158305249	10.945627602876
55	0.912111327280584	1.58481452239899	402.66388871939	0.362129490709118	0.957425231083011	14.2170233051289
78	0.934323757846098	2.32807213706311	418.790059727895	0.366346149259652	0.960158189417708	20.0197280661002
118	0.900727823284697	2.43873926704144	618.047699529987	0.343630388921637	1.19572314285008	21.0232909922283
40	0.7412598692471	0.585764378641573	429.733180782683	0.342812294568048	0.997741244569189	8.75171370218805
44	0.84067183072097	1.64668034170261	312.008016553342	0.518641804462238	0.678336842015511	13.3449044173544
36	0.922985308216051	1.3868209827829	275.481250912809	0.49062189066895	0.74398194975012	12.3843560254418
48	0.466705138189468	0.736851607011973	545.046363050502	0.348720768445302	1.08113838521145	8.69894959961523
135	0.981054475432198	4.24301230542787	486.376873642402	0.356308420327488	1.04308322906848	33.1757204118827
103	0.968929108203617	3.43057121251474	370.175794478663	0.408229723176068	0.947710261572459	28.101458203332
79	0.896679012108409	2.0453363202551	352.202023122113	0.438942362102881	0.857472235419194	17.7835887243999
78	0.26168232885436	1.44278210444639	449.349887563782	0.372897169780138	1.05758761508019	11.731934159423
67	0.926780911777027	2.02903395718569	352.671398165142	0.370825902254674	0.916796941232751	17.3604043776215
37	0.724185836836703	0.846350183764804	360.661371661742	0.444288107277854	0.839022051262465	8.90781314521536
54	0.888080399951952	1.66491709612731	275.328425251809	0.444974109125912	0.782785934579865	16.6420884678617
58	0.773260003577296	0.95576979441241	612.370568897479	0.341309253389598	1.15289621725919	11.0956502941762
139	0.923228099497529	3.50519342672025	385.893085879395	0.397566995314485	0.971512998316951	27.7475294987441
97	0.950527623753017	2.83114483741606	524.315562119153	0.350069256289168	1.07798386541991	23.9168231943072
109	0.776982399897355	1.39079316887362	454.509111199297	0.382036962756116	1.0325023020933	16.0169075347946
71	0.961246558331705	2.44891064347873	262.342507588619	0.378015053309171	0.762724087569721	20.4521386272482
63	0.967089401473127	2.43615803849908	320.218697922597	0.412740534159972	0.8245036670914	20.8846910937425
120	0.931349210312094	3.15432566074061	346.93815763077	0.385009035098447	0.919866600050355	27.4618531492222
40	0.858270078923046	1.12453720497472	335.644027918661	0.411058840111682	0.854620812259333	10.8380523819318
62	0.920682498148146	1.68446623592389	430.147026934788	0.38107706003124	1.00050206965416	15.3143997861173
40	0.912105685133388	1.37612895939619	332.197889111713	0.37665327052751	0.796379766708169	12.0465999296126
154	0.516494845985595	3.23230575857974	380.938115204591	0.41729253391994	0.975261654282828	22.6269492736214
41	0.84816674635975	0.937570579902324	386.903750949481	0.408778414058184	0.938736067130216	10.0812628986045
108	0.913723947268874	2.1747702512201	619.630145081837	0.335704063375683	1.15062584807803	19.9861421106976
37	0.803633686084934	0.696363028798694	480.171561803492	0.319439804467366	0.960160261939913	8.83977993372617
80	0.844487157139404	1.75892190094138	438.672752265399	0.338557343200846	1.04023663599222	15.9183444176555
121	0.95566652245835	3.81180040295235	412.191738700837	0.384198880706253	0.979315399408803	31.1444065448092
33	0.634029941069711	0.684314705900473	406.151313631845	0.418968010662016	0.963657325595931	7.83691389729648
36	0.757140591980275	0.609336951864015	451.652527835632	0.34005898866731	0.994156157584907	8.40034920415374
31	0.827991421676124	0.864098237157258	304.253885184517	0.432580816110228	0.723680168141447	8.72357489859628
80	0.860035602292155	2.10404768016487	361.354872573591	0.421852757246129	0.895828313049181	17.6677729915732
126	0.926550161911898	3.07273126064444	501.435614887089	0.341224520618245	1.11779943010488	25.959102434291
43	0.895177778845348	1.59371248268047	237.404296804097	0.538370083638626	0.590123719046231	13.981972676825
159	0.860855483018421	3.07593288802822	541.166175952107	0.364058023463196	1.16193901058222	25.1832388340077
36	0.735738554489695	0.964607421169347	239.488852385589	0.553823272988358	0.549511067534054	10.4982041752202
65	0.70274877706817	0.877863564446136	596.107046843757	0.301697995021673	1.18447468668837	11.1609235061945
61	0.853021986051512	1.36174936779051	427.746503204538	0.385018758775194	0.975730071345275	13.3595727939989
54	0.593451913263549	0.788329601596447	481.348666868173	0.372414165569795	1.07761873761779	9.71311004693548
38	0.92311437559885	1.49958562989461	285.512612076678	0.409502987150046	0.761215595090331	12.5928580879738
63	0.714905096454834	0.837206945698412	630.812538107465	0.31442178155717	1.16885917073471	10.9802306636081
58	0.850263129267353	1.34899294697771	481.152148336087	0.349360695470397	1.05670956523221	12.6267061044055
131	0.80982082146401	2.0027182361371	507.168593224122	0.345125932529089	1.10122019519268	18.5717449258349
32	0.948092291303759	1.3303256943909	206.040108279458	0.40572694306997	0.661779384615558	11.7581457754168
87	0.818355167729987	1.67793145447541	635.134118794982	0.351485176160292	1.14330954069996	15.625672730647
31	0.827579844806771	0.762705313638796	313.37930175081	0.377258539430485	0.867164064747414	8.57197103855452
92	0.903285124683281	2.40691591221949	446.3090545747	0.343926060206548	1.00458947660544	20.4208564329187
226	0.963440401439843	5.51473321370085	433.847730233049	0.370738809331349	1.03538818825659	44.0815746402118
47	0.895558075317022	1.164435958321	419.85854268803	0.38110235019907	0.99480285974476	11.9816068388371
125	0.902417665274025	2.59281297458175	535.273768153235	0.33115976573885	1.09786701188657	22.5216097185513
171	0.965272544053791	4.62330653079271	440.640366457258	0.379957728964596	1.00703750425629	41.4726378321955
60	0.642713995189989	0.684947372235159	651.2411781396	0.298617586276943	1.14676027686035	10.1382834999566
166	0.981403659069331	5.3373345523709	327.142780123512	0.38251497361667	0.917859187687871	44.2064388527673
123	0.95390244776071	2.98325098096282	533.252135403615	0.362050879050367	1.08716774185218	25.43604326158
52	0.968406252775149	2.29062572321755	313.970332191511	0.463860979928667	0.739873548410882	20.2933751760543
67	0.862147810485038	1.51409124014624	395.953607695128	0.359426023872542	0.988232946426448	14.141268874753
139	0.907031853077251	3.54311148075776	363.57148087679	0.405212706789958	0.945138543310017	29.0689491129471
133	0.791140824483112	3.35576377015496	351.930901356858	0.432526347846578	0.901193558116804	26.7517198242582
101	0.916897746587551	2.89372995978377	389.821281982487	0.419898135857963	0.927077142131232	25.5194060515391
113	0.952147861722701	2.89894461370904	401.419332706512	0.392360527059357	0.969399250932666	25.0997498085459
57	0.748869417433942	0.841595318701385	488.029645753323	0.335155560338211	1.10496009859008	10.7784933226506
32	0.681743637969666	0.736549997928562	349.775669468366	0.407482198298138	0.902861679453853	7.85344527034307
61	0.942885689243219	2.04077871063867	348.224333142004	0.457291946079727	0.8675128511219	16.7824687431018
66	0.898330375809456	1.48912098894094	556.6363763017	0.329394712215331	0.937483923993267	14.3619472353294
78	0.726110697818961	1.1316726151373	610.037130117445	0.338032091915665	1.17116837732073	12.6788680951379
115	0.864663375708612	2.29442276929074	275.760918178002	0.453458837619526	0.847696501407068	24.0757292170006
60	0.936125744376659	2.04574840652458	348.235467614752	0.455826249441744	0.880430357424186	17.6515897875468
51	0.719463266310248	0.964452083389698	459.00130428716	0.381302371016862	1.01120664935719	10.2277550802045
104	0.962456706345087	2.86506035031774	495.009107817379	0.333601070241441	1.04911963851371	23.8034908693462
39	0.424957933936801	0.493223159668639	459.46790219408	0.369782466378267	1.02674356441812	7.58170504738722
78	0.800394311018857	1.10361633704903	582.096697815723	0.34565073768804	1.1738212961153	13.2777662424655
88	0.911444059170493	2.34099095510865	442.901855919916	0.358103956374333	0.991138274588584	19.9933010500794
83	0.964598131414431	2.67686403842815	372.464486703457	0.373466610596498	0.958247303161629	21.786350510554
73	0.952455935375469	2.4258978722264	285.206234456438	0.409989355871709	0.885065482683366	20.8039441431337
210	0.988850234996122	7.02492328950513	401.671667993512	0.397191535598753	0.990600951778288	57.2787548630569
50	0.782748478675204	1.00821559095824	458.648638543235	0.402488214631011	1.04376777273842	10.6702996867822
41	0.938061211275713	1.33382246845724	272.025653529462	0.405269244413629	0.761248987801959	12.4643890117165
195	0.956956617846421	4.63108239379744	463.482687825699	0.375559130498421	1.05843475250895	39.9436398066902
151	0.970923516935632	4.31946582549327	404.674334702969	0.401418858309576	1.01373631564492	39.8806159077057
61	0.585034373952875	0.437655583297063	719.866347645532	0.293305475683986	1.21341929669602	9.79390946166712
83	0.914826666771119	2.1759108323088	419.830155327799	0.34500777887733	1.01594852467943	18.183883511064
78	0.931997929342653	2.22442207041626	426.426307097399	0.364267471446671	0.978964461700913	18.4647595565401
74	0.790365256174827	1.15424381675003	696.161657150886	0.326591363719315	1.18897895412108	12.8937495229648
77	0.667763401979234	1.66496219066727	468.241213000052	0.384920741898504	1.04209624827578	13.9555200962104
41	0.8717781765918	1.36158961331801	270.129637370211	0.436722171087496	0.660357525823557	12.7505165025954
75	0.826714238610171	1.72241395583528	393.86949363608	0.398712889825859	0.929848279860309	15.7736404907358
33	0.822908607442737	0.755549954254331	398.773614432733	0.369562716592846	0.918254696530733	8.65346049918743
64	0.70590804764978	0.978243392895543	487.921849151747	0.333513271381446	1.11946147908514	11.4317872841547
52	0.723734943090822	0.925561524270865	428.389632236533	0.350294105141588	1.00848915646527	10.2595962627459
32	0.787112614731147	0.593194133533251	430.356297812301	0.342760408432934	0.938140118075612	8.08980641200259
39	0.776594318165658	0.714946344185075	424.835678131274	0.328220841523567	1.00213790875181	8.97308959263061
306	0.926428575388238	6.87206020433067	419.728348907271	0.411202534327749	1.0074710133831	59.7922441678794
55	0.924394078122104	1.7586920964137	372.927365223873	0.354594476001885	0.856530263234798	15.1280783647955
207	0.978535907184975	6.4536014968129	406.384077972362	0.402612758187594	0.946624639244678	54.2564125377591
58	0.951975013700064	2.09951197391677	327.687964892294	0.469229079695364	0.803977440995361	18.0804015058355
180	0.986417948030087	4.83977887897909	535.191528101986	0.346031595781349	1.10460723435302	39.7420072892841
62	0.41535807201574	0.892267010910926	522.292325658577	0.353786720752066	1.0372679830577	9.93141851250139
109	0.887569797042057	2.79457020278321	366.656431495378	0.438199434115572	0.94637452266444	22.955548349556
97	0.964932218830871	2.83936571996868	446.693439771732	0.355382096824762	1.00421638244932	24.3251848167906
81	0.564665032946723	1.88763365679037	287.901013692545	0.463372430431254	0.784102578923016	15.0769714806149
69	0.648597653284234	1.39017091062673	448.422231424405	0.382087757963885	1.02706949385799	12.4115771350649
58	0.781793023590788	0.805073284950582	618.636979644734	0.315418869195236	1.11105675979976	10.9509466651442
51	0.977846541804164	2.22210668694821	286.755149833238	0.533735846176397	0.705546522319861	19.2617780615435
103	0.984840302703677	4.14185273322443	346.293896025436	0.489594347610106	0.88170390588077	31.4328956846026
199	0.976497824610153	5.0054117083078	523.544450513973	0.339001748317865	1.11702316127564	42.436964791893
125	0.960697542517274	3.9840028916184	382.795087491163	0.397699100480655	0.961798494209923	33.6959424613926
92	0.912161991422673	2.02514185811411	453.560057847663	0.34694958341358	1.05157557345956	18.4570139399227
91	0.913459628818062	2.50544010216961	377.370638685378	0.391153476267185	0.981375388786796	19.8427101957413
45	0.835574569045244	0.980632327452018	370.733649244859	0.40524000601226	0.984550576203382	10.6478335756805
40	0.821080186336444	1.23411517636203	339.091304908637	0.4638653122022	0.85638387465615	10.9579180585919
56	0.97513780775359	2.78903164008287	231.506726994342	0.64509766862708	0.521666412547814	21.7645965945809
39	0.896625244784485	1.40626096216869	300.585204408128	0.476233614302427	0.616482883652175	13.282621273788
157	0.865903916232084	3.17359035578772	319.04838051736	0.420543341842581	0.875502281710454	33.9109658201393
90	0.969129078090423	2.58764113521722	431.195701586705	0.34804430973798	0.975265544448332	22.1728452647756
252	0.966729748946065	6.1215850331629	352.927552017653	0.393275176710307	0.934180356269798	49.1503246277521
33	0.840348674287864	0.891539475129192	301.482757724693	0.411834889903001	0.863287143498523	9.27779374422076
53	0.934375922375605	1.51771803329123	468.28501939429	0.343624128326161	0.951505238965469	13.8310412633088
42	0.870816090692003	1.51584953640419	269.299826381922	0.537119019471961	0.686346448422831	12.787181296424
74	0.813092864642508	1.86465123039462	334.768306670194	0.408593555648648	0.915331540954725	16.3556958391053
49	0.90311300195954	1.63914623530803	341.879673121849	0.398078800250746	0.818411777579586	14.2289165297336
75	0.939366033235909	2.37680334491679	433.599998024111	0.37368070517219	1.00558736903864	19.4894602498539
87	0.820837154248297	1.94761729696364	407.926335245974	0.376558851476823	1.02185851316269	16.6588977272933
185	0.950574929174279	3.77970975155365	532.985575464174	0.34289837951244	1.13689294437106	35.6974279361222
153	0.699679048984836	1.66262479764778	514.574874403665	0.327562207007298	1.15017013767678	18.4143134824181
96	0.942893046941454	2.33863983470651	474.110641780408	0.398585538141776	1.01858841919648	20.612980170173
35	0.869649419739191	1.05237046400973	338.916927307005	0.380087268219764	0.853251882212918	9.90495108385123
54	0.901035523689599	1.6831978421431	382.835517429374	0.409487835256873	0.858013589211086	15.2006308271645
49	0.610312742284508	0.968138811847572	397.651835340129	0.395548181510727	0.966644807053209	9.70684614761387
239	0.927178613395476	5.08658387563495	421.819962243874	0.395208336950616	1.00312956244234	42.8840494221011
55	0.451489758357342	0.688687108132661	534.585256696264	0.34525663486926	1.11577937898146	9.16206344605902
49	0.608061148700723	0.668128515307932	496.483512629497	0.333338150693637	1.05034367947249	9.14509183873375
44	0.841636067686311	0.902711149925571	411.8264427517	0.36114808937621	1.00279883059712	10.3835998520932
61	0.911850599354467	1.79557382052466	425.92217863209	0.372174377794779	0.922248164132745	15.3012818591626
127	0.872088971179569	2.82902930317982	372.753249190236	0.389086336291722	0.9379393320179	22.8842294077937
93	0.835766744576959	1.91438965025022	440.896935264323	0.395491593118156	1.08737096814472	16.8541960927625
41	0.937820396835457	1.41392526833446	279.410618349102	0.392408896994938	0.851626260110411	12.6761167986471
68	0.703518767669303	1.14742825827528	603.92490181993	0.296108639234757	1.13152370741242	11.7861381202015
57	0.879863364079351	1.49796243086808	326.026646096446	0.453890668949492	0.872133001401249	13.4925471331322
48	0.81747846363382	0.85461327918329	550.723862327393	0.336654929140771	0.999107525964611	10.3799917961652
68	0.333588263124295	1.0438226596881	489.054451846742	0.343599016862676	1.10463136806435	10.3555991269077
41	0.764988157120431	0.997694682273388	307.536037095987	0.427539317598141	0.869382525262008	9.93717885943895
45	0.909677729507807	1.44606673334657	337.377535795945	0.392287150553404	0.866557052382255	12.7966620915977
33	0.843065461448121	1.10356918611091	298.60538648183	0.504379128270531	0.758416446775009	10.1049243098298
177	0.888228185709767	3.03321073068773	579.934497756526	0.391883682445503	1.14298477670371	29.0178938887877
314	0.988950919608048	8.81007109490794	434.940310881866	0.412201444796088	1.02211843944247	74.5378764070265
191	0.825059629733622	4.63583707246637	375.175707168904	0.406998312737194	0.916705483257537	34.2877425553358
57	0.892646317170066	1.45199429131446	388.959395487861	0.395576575448257	0.987683028015278	13.3865039727184
36	0.813120058181672	0.779833664738686	424.108693663962	0.352348530210139	0.94310689877347	8.98661853983753
151	0.977150747439769	4.12991602708872	506.006868633264	0.349552948713462	1.11835665819526	34.0220438978886
32	0.921408352341328	1.31889357260671	296.279210613481	0.496212547389018	0.763476772140087	11.3046779328629
191	0.944617487487023	5.41705027436771	320.978062965646	0.444112952362443	0.862236673326082	44.097919409004
33	0.792975894758143	0.70138547347457	418.846783985868	0.3616040711528	0.909746643634342	8.5133238444443
139	0.970265546648774	3.70365397223951	543.201446259411	0.3554428374073	1.08348095566324	30.7997027214528
64	0.972217258722796	2.55762243589746	295.795114177483	0.474369073496208	0.824908826856924	22.2444799435012
74	0.955590197204683	2.42098791409318	383.206074733372	0.408552396892862	0.94728493086969	20.2574736569731
54	0.956596549300275	2.04058649813519	277.895022594543	0.436218385208396	0.783052744926597	17.3251549180297
146	0.775225745467764	1.9361477577589	763.645720556574	0.289803639310897	1.29981354353659	18.9171346350524
32	0.703342228126214	0.469502634108011	480.47460484461	0.341840715580898	0.844697710757669	7.52754964846868
79	0.877121637456185	1.64331331517525	489.302257769024	0.350981134956778	1.07952971774668	15.497444680069
37	0.954795025148869	1.46601794938247	252.085253725519	0.43332729701508	0.804118475560409	13.1511744824298
51	0.892758066649541	1.60071380760044	321.0961457466	0.442314413986681	0.870551651192916	13.905860187904
66	0.702653915244599	1.61681184655499	510.901207679959	0.465233286520748	0.90643750039666	13.436193173411
117	0.799457160837158	1.99387963449505	440.313716822258	0.401259584019642	0.902203281704766	18.7610596739187
94	0.902079894870062	2.06028648675521	494.05096238544	0.350360693289524	1.08544139652762	18.2921582313562
197	0.944403726341037	4.38067972322041	421.193940399807	0.375053809489904	1.03289058600887	39.1238899925162
67	0.933525805141229	1.81194589443128	398.040016958592	0.415049716738548	0.976779967071003	16.5230843587805
68	0.96341894698915	2.65866146446145	296.429489339143	0.527182070377117	0.772180907420573	23.6499914819289
139	0.931808327793292	3.32417868660332	577.362103296766	0.350886762317674	1.10521689196078	26.1095877970222
99	0.973047043522824	3.36916830934884	402.047947604119	0.370374732173104	0.942597732064153	27.7998707686867
99	0.958379989638311	3.32656075514628	353.962030047246	0.43217323390472	0.908106774883118	27.0754225528937
61	0.837388531487856	1.3977779211916	418.580974481999	0.386177825546549	1.00584270526839	13.1503989294544
48	0.91488669559031	1.59257779929041	288.116574661349	0.429049383831993	0.76237775753202	14.3544248833286
82	0.779623168052331	1.76627332633506	340.630713956383	0.434080440020641	0.862242473130709	15.9720341380097
242	0.983113124897209	5.86731292487316	617.659098957623	0.329321340669391	1.18496208208199	47.1150327757071
52	0.958233916601622	2.28681692078352	401.186583084077	0.451555647224731	0.899730278987158	17.9982722747138
59	0.792433637017166	1.02908368891908	536.352301655138	0.333135642461324	1.12855739619538	11.4974550479777
80	0.85778807239702	2.28043436252783	429.036611561173	0.454477678975649	0.970418920041943	19.0519472566404
90	0.807742283399679	1.86909479900738	458.204624550576	0.376974789063742	1.04563707049606	16.4090213032186
103	0.978073816360284	3.60938223042147	380.560202815208	0.396993109754204	0.968861077464707	29.3094443814869
35	0.852560364852598	0.867433944921695	378.735150120804	0.390755813443337	0.867715208583266	9.40933915296006
81	0.928300112681721	2.2205825546335	362.622922251548	0.398785970166171	0.957578944377102	19.8024058709184
36	0.701220586490437	0.579477826567198	448.308122374694	0.358682688748686	0.994983152650952	8.1339481355029
133	0.800838299212772	3.35108981416352	301.181846582273	0.446901427553894	0.769131696747906	26.8376214437813
56	0.967192990221332	2.34152978428364	342.816154100216	0.413386326767484	0.810041464042463	18.9176602215964
59	0.973029112047319	2.67651008750362	238.874651183973	0.502102768695443	0.65844483694192	22.4633017615036
56	0.945510006658887	1.76280656762107	341.04687459984	0.403672581347	0.926162834769997	15.4848226288163
68	0.949510408769337	2.41239090336632	291.811511972196	0.437039441745324	0.808346887113753	22.1481311501367
77	0.957557528405988	2.51316611607934	353.308100845322	0.38559032612708	0.933979075728473	20.2793456861011
59	0.867288148028306	1.52364626779992	372.005720627734	0.407054012838868	0.924610585887315	13.744358478687
98	0.956152901897582	2.92361687529689	396.947876650925	0.381790339178408	1.01504300405215	24.900743829392
93	0.750916025706928	1.03621860350217	796.04129458391	0.299302818246029	1.26750558688907	13.6949859343708
72	0.94733812357412	2.42456364862442	347.38093331411	0.425855505076465	0.873109472804464	20.5988736962731
158	0.987073244627756	5.6843382575698	471.409524147103	0.367832782777463	0.921738822484885	44.5397635720039
111	0.894711692606324	2.09015467847818	575.619798866009	0.319572277264618	1.0926861923843	19.4778777607206
63	0.840739231488327	1.64594131069144	365.49890074807	0.419099688992124	0.91882794772568	14.3729413923424
34	0.250762681925434	0.939747766820974	330.916952049793	0.478809333193809	0.836314988372908	7.44810500227617
66	0.858997161033593	1.40720458804495	564.024126231311	0.353877571764119	1.11090246012386	13.651079283609
126	0.966741360536833	4.12208704095951	409.600289792903	0.410224022953012	0.957684475749855	36.6766092733203
103	0.951366309668211	2.57303882955489	555.005605722911	0.335020336628415	1.11531133265074	21.6088870899261
135	0.836955267643133	2.71875177030866	371.843351969446	0.449384667846563	0.860501426328772	25.5274583048568
48	0.761540087369577	1.25561161237954	385.829299102974	0.45873185167547	0.868900420386868	11.1474822666143
52	0.929758529645513	1.76996366600995	320.074760622778	0.466031049778615	0.831547092674897	15.9722289723242
34	0.90950053905837	1.12678510785742	265.53256039992	0.485584872202519	0.787142274035579	10.8051668247
43	0.908306567068228	1.2444678182049	486.767687827979	0.373643069232077	0.907320133534358	11.6598321472781
50	0.79221162716415	1.05873179171924	467.715528104053	0.360597946669127	1.02501679806898	10.9315426261703
65	0.885532630403308	1.84165614586782	412.089734476266	0.40815582027389	0.975067610520623	16.0985655092674
72	0.723383752894015	1.10801263964861	537.458424306483	0.337042703041434	1.15080426950586	12.1654835665932
35	0.895722509928841	1.1327028070884	346.01382118651	0.419027890239602	0.867594428306136	10.4094342133066
45	0.86353962089931	1.42160770393129	267.508787485576	0.399971582926231	0.86444105962089	12.2777343632876
175	0.991745399905074	5.65105453035249	437.13536323693	0.36957639281886	0.988989781831904	45.7754429458415
100	0.919990079334269	2.56715141316804	273.289523638866	0.424271634161963	0.810617691805144	22.7592504696669
43	0.784452339268567	0.649737244346739	492.480781920319	0.317517171072408	1.00066898949663	9.35112485041275
101	0.986380892229742	4.13647872453411	339.59177215054	0.472095599154423	0.837603622603704	32.4073599177165
47	0.832073702275355	0.846469546733162	514.994008679581	0.324829438571747	1.0396509917247	10.3639931818877
33	0.777863109903427	0.659499951123826	330.428938601799	0.454037731516723	0.843544796068169	8.33382687016925
64	0.942333970451085	1.96792406611069	375.432400771625	0.383942162244001	0.961725873693446	16.9378232067768
83	0.913615174595686	1.71701724647315	550.093459093501	0.345576124349945	1.11905866744332	16.6950101505974
90	0.936841686862904	2.63517849745481	393.329631694046	0.365033340362552	0.953498351113154	22.1371201822142
51	0.949392790252144	1.98259839715598	310.828257668099	0.453259835596878	0.831002272114313	16.3637345534546
95	0.675411450489113	1.66474405284333	570.393402503413	0.335649833899475	1.10201349163001	14.8292867857685
147	0.896372728764389	3.05768643602286	464.101545709265	0.35196841274766	1.11354005170766	25.1553990810619
131	0.610288725006156	2.42887504797487	333.59286249247	0.449566334231541	0.84981927929371	21.3273287525177
59	0.732173335073021	1.3499289024113	502.145551338289	0.402356657161687	0.956415606128271	12.1113094679038
59	0.805313467181184	1.82055582554559	317.850488401577	0.42583360618851	0.891015797613179	15.0157974879826
72	0.756396025598379	1.48360789265892	462.585222284657	0.354117358636353	1.05311478660426	13.1470541728199
68	0.562139455602682	1.16197149366205	461.988673280381	0.318676478045201	1.05967072222858	10.9610992059736
150	0.954803039173284	3.8787144532986	399.52062094455	0.380486826058271	0.924537509891376	34.4602318160495
74	0.923637777133662	2.24726059050346	430.948522682135	0.376031831332769	0.95540107000791	18.751983971646
113	0.917440881079691	2.90149192817131	394.190189049623	0.376248900333925	0.939633305371926	25.9475062123415
81	0.94378047807851	2.17770959768993	414.046111236083	0.364988559481729	0.978738937422463	19.1142444715416
50	0.642888671548761	0.56094216326759	373.181711247438	0.429419997586088	0.889226099701418	9.52652770826931
31	0.891161621874559	1.0543208954168	292.903822895465	0.436029760161087	0.854783858502424	9.96644555040873
122	0.881644658750545	2.94208221922746	374.868079148961	0.411762953955191	0.963876380153212	26.1518687602489
156	0.917133488011185	3.1683202496693	507.761979823444	0.348971071010827	1.06445703427112	27.6238528949014
298	0.983607073559061	7.59481549312183	528.328737466119	0.324712864246667	1.12181791256242	60.9328148832629
178	0.946288512448191	3.61135361912497	583.068476417032	0.331850065340715	1.17002664304361	31.4135794379858
31	0.524511040032238	0.283596097451679	474.008952880595	0.339192751397642	0.963056021435612	6.79679502678951
108	0.821767335885792	1.79448539621215	778.587939875498	0.309477143204884	1.26600665635223	16.6831717562091
59	0.966642490735964	2.54281829292674	392.785647358317	0.486545508016096	0.725860122401407	20.2128086981367
36	0.881015566624396	1.36492799629525	224.212787757007	0.474429252782194	0.678282148217952	11.7727460166438
54	0.796888880218581	1.29359546143444	337.924571465646	0.440821480983246	0.854394296894133	11.9748121209365
84	0.945228225926351	2.24865694567804	503.618497958847	0.373878447479595	1.04761732138504	18.9257128404407
85	0.880358349677805	2.41300350684228	304.093862787543	0.414038357170887	0.794362766389373	21.9996437932501
66	0.74386437374646	1.75766499395185	401.42138879936	0.380486987594591	0.932330095724988	14.1182415638575
69	0.927214099807207	2.0397583493438	331.51024661826	0.395631151016112	0.923963947758008	17.393620682195
57	0.717647240789423	1.68107591569346	282.365606470034	0.48675267775012	0.743675850487378	13.8170410461802
71	0.865721811277903	1.70942771013595	432.693785011484	0.351964972287784	1.03405054854429	15.2484874106595
69	0.910079157456265	2.07084006141507	534.662630717366	0.409415358053182	1.0897757553022	16.2301466730086
41	0.932984299364454	1.81312507226162	329.180446702292	0.565030279147926	0.683673096327282	14.8505906041136
58	0.925317790109253	1.84766628336289	321.256034073085	0.365248562364775	0.888919796531747	15.7736950577885
54	0.945534054890582	1.96677206870507	290.65486540234	0.412912892007915	0.762055222410082	16.6011243479082
54	0.846318359869763	1.06952396647093	465.379517001983	0.322542488003486	1.04098365010075	11.6512868170669
116	0.97425563579186	4.08711396713457	343.826651411161	0.460598414800336	0.866300920062853	32.8960268897297
43	0.815971188329585	1.26448734429271	271.315109289719	0.474123258206303	0.63035154876721	11.8328329622832
55	0.916983482481347	1.80334531789831	303.080802267778	0.451784272210357	0.880340522427067	14.9529593687
80	0.466222229709623	1.78709900947881	308.353877365475	0.521970888935732	0.779730461810836	15.1039183796446
52	0.898529155999125	1.59720747084213	421.455475413607	0.374595481071095	0.950315049635672	13.6575188146959
32	0.789870305142499	0.845799080749178	398.634741061875	0.420791018900891	0.933289874868326	8.63510753576791
120	0.943676572887765	2.82392279086595	474.479514635902	0.34233966545903	1.08370414246513	24.0700720230044
77	0.959432472954458	2.67456033583292	364.640081057355	0.391507008895818	0.919162332680494	22.3435047401356
74	0.929832583409114	1.93540858480178	506.567457096788	0.369891368737105	1.02582584025795	17.2399151678328
49	0.883829383130492	1.20068083675196	453.323751554922	0.363030466179677	0.937219112090039	11.8376055283506
45	0.903418646285063	1.36133432937909	297.667011517812	0.389543805979276	0.836644730986572	12.3898444398681
73	0.877078296294617	1.65325126784599	557.213806914309	0.354544190976061	1.02053720097573	15.5277409751478
146	0.813844627783736	2.68773508584062	437.899821780875	0.369635129382618	1.04625037616656	24.2026525205775
69	0.917333288224225	1.92073246867436	382.117979253932	0.408317527585686	0.991231825785617	16.8895943378814
116	0.954861555829681	3.08517034697219	622.915296721379	0.333710300848456	1.15632270127598	24.9295597100021
53	0.738448784348259	0.873075118463308	492.110191460243	0.351881074799261	1.02709698184327	10.485314791019
44	0.674401849342033	0.509155580729408	582.217578534606	0.297503540449362	1.08720727771988	8.7476573420859
136	0.935895903787596	3.36705874092375	383.244140302887	0.393146082354956	0.975700010562318	30.7509507386257
34	0.856015508447614	1.19839081268369	202.961535064905	0.464658711717535	0.586589179068552	11.3496543823305
208	0.909573248756903	4.31349921837121	358.257261525924	0.400335728699411	0.966639308529359	38.5331273590042
44	0.317761421464743	0.35569943053968	508.614412994053	0.33181020732232	1.07266802427509	7.71925011047397
56	0.894167065026328	1.65411903130557	329.122022507758	0.403969240879307	0.940766520315418	14.2141923136444
123	0.935703454917337	2.54071847886053	724.193326319712	0.295521370518564	1.20503552956311	22.1482895881647
66	0.846824183624585	1.17867411253515	512.441139912732	0.335823873664519	1.07559212145404	13.014304047913
31	0.887350886613556	0.940798293886751	275.481250912809	0.428391830744772	0.809338212182009	9.57692842901307
245	0.856150457166849	3.8513623492114	488.472632413941	0.375713954361735	1.07297890691984	34.8122872538942
81	0.885268289394595	1.54981054211707	592.183561005348	0.329001115630399	1.15040803141009	15.5894574364832
102	0.782600366194956	2.10966333394579	501.651201183679	0.373611711286217	1.084991974012	18.2573101449563
72	0.941333638926773	2.46186258694604	350.000327491111	0.422418829801142	0.864876663861495	20.6984384062521
42	0.918486873816241	1.41708258900549	304.220692889785	0.398058166322155	0.86431818093084	12.3955613276156
102	0.968702015967096	3.26343857626278	352.418958877908	0.397714585771476	0.949116977280468	26.8679226874692
85	0.831891389136047	1.87495460754439	382.92664329116	0.366511285709791	0.957323161093798	16.5499260202074
61	0.69324167645201	1.07699335117203	552.593326342613	0.341463080809354	1.08691241480123	11.2389235311886
115	0.903139552160226	2.39894586248475	386.479561126956	0.397877565885709	0.922543186144359	21.1974852562717
133	0.745593975580001	2.7621753383474	392.959584358354	0.434832169495786	0.970245206612556	21.3833175978002
87	0.734928632558838	2.07654234531306	399.708711880772	0.36834300309096	0.993620998009568	17.3086190180221
116	0.816277257282173	2.67131302363353	481.874804705731	0.374731739464881	1.05213521965098	20.5201067140534
81	0.916616266663991	1.77081689801024	520.88380456332	0.323509407662923	1.17164343601413	16.6030797581668
117	0.985568311547015	4.68899674213527	363.762776438826	0.447078439014163	0.896882288396887	36.8972284944515
86	0.866375744938098	1.96971170612585	576.79457743329	0.393125647274196	1.06512809406852	17.1202842407637
48	0.866530061810378	1.09552959179437	435.109873476219	0.370880788980218	1.03051005748275	11.3615463926453
50	0.75112943127866	1.13979927730293	383.568259563408	0.38077310937915	0.939623125563368	11.0564482703
81	0.951361082631048	2.42584674641614	365.949774950146	0.357000189051839	0.966996215073252	20.5032130299821
45	0.767446789251551	0.865530014344325	443.4788037473	0.356933940317385	0.970695190953405	9.83390993838077
105	0.960691752551167	2.75365183078822	541.638049239433	0.370543742093703	1.04130978376455	23.0859659342836
54	0.824026609015114	1.17272031050032	510.872519439956	0.375721379868586	1.04892887206024	11.8167368208053
58	0.470186453005072	0.46598010455296	622.596427044992	0.305167402728378	1.20386880953054	9.22655860752398
120	0.923386535203625	2.75368860756075	434.418725018472	0.354267127669378	1.01680947032701	24.7188689799233
141	0.908737653525613	2.75749452478182	531.438580011799	0.31531163469069	1.13247460794767	23.8050013653841
32	0.607981442817747	0.366087969681776	429.816772812108	0.347900357347029	0.988258636865242	7.15584682042702
51	0.959409949872189	1.93913859155469	361.727765399908	0.479830981433544	0.844577608858135	16.1263190115086
55	0.898187510568812	1.6071471929259	349.435000095592	0.374791595807106	0.955518857040597	13.6988723280358
49	0.91686768294366	1.77977105444979	306.203427739678	0.443296493649435	0.792861453154503	14.8636351528996
66	0.738467828032691	1.11186014934544	541.531072329476	0.358153448601232	1.10002925396043	11.959035180428
127	0.95807721923488	3.43417182102751	558.041485873804	0.373520554542205	1.09034928103095	28.5353877717788
101	0.970382310896241	3.20764044858034	425.760206103099	0.363196547066502	0.993183003496472	26.3650789695385
32	0.833335612693374	0.966783752023607	344.27016446745	0.445448194950457	0.840069700631987	9.25633678026899
138	0.975523149901145	4.00563047350421	529.440875067455	0.340729918182708	1.06910489127768	33.4064025046665
90	0.972769668544377	3.31749570967462	351.423222194007	0.415819636476408	0.941336999070512	28.0617557662543
53	0.527260908803747	0.651289344445314	641.124381471528	0.337553576181678	1.1577065178985	9.26731363426056
56	0.94080882130098	1.93091478385412	355.21175918267	0.382347393904065	0.895838584378996	16.3152127987224
48	0.765688159327847	1.0681820236425	392.127005547634	0.407810991732231	0.932446064113618	10.7035787029861
31	0.8809961485969	0.860151063661636	379.845775491577	0.490305560893796	0.664021553105419	9.07369984266618
114	0.922779321652442	2.56637515706086	513.046762085056	0.334334282061475	1.14672070473337	22.6807939801754
41	0.849189167050225	0.962185082124401	404.025347073497	0.359612562995726	0.968121968714519	10.2105628734251
63	0.944648063662066	2.19570754166025	259.86090040279	0.54032392147271	0.669743615775418	19.4901994379457
51	0.935086731562407	1.63946271583391	359.046830147684	0.434461341520165	0.919099421004508	14.0466565281953
269	0.99184816911897	8.21830994103539	485.406900613584	0.344594331957143	1.08103912763423	66.5393710815883
58	0.922820837199135	1.73640704450567	384.947097535644	0.421929499097994	0.93482946665871	15.2645831117869
59	0.857884578106225	1.68555399434865	408.219294827814	0.406644924805613	0.973336638834027	14.1316820417334
46	0.708332265019594	0.696729184420101	471.130549268004	0.342893243094104	1.05508885152821	9.30634352943547
40	0.702853194833674	0.446146886754765	462.49525646047	0.350433026364848	0.997322263533698	8.4683689019843
141	0.972893070291188	3.90093305643977	479.144093829152	0.345400684211853	1.09550625882608	32.756730204407
103	0.961715773247742	3.29703415153316	411.875773335363	0.418107994762227	0.993343332260496	25.9389176992837
86	0.938019852210717	2.42471866641642	394.752323807621	0.396672737898246	0.948108331473312	20.3041925455809
57	0.839908332496112	1.30104030331523	499.441171966249	0.354575290543727	1.02183728790988	12.4905201893866
37	0.957669555837036	1.50608021419398	262.786207127577	0.454650617003558	0.683510587461362	13.3018721010776
68	0.784337649040826	1.54768055979788	392.026009146501	0.421752264221639	0.902315927204613	14.4362346253455
145	0.962496865045314	4.10943736982988	488.187051626013	0.366635193364595	1.00229408187833	35.1259642456811
99	0.902257513837625	2.1057683244393	568.182702616487	0.355784385560928	1.11717077331754	18.0278879280326
51	0.913980098692364	1.80930517237554	274.477969013601	0.476384948296713	0.807195755700408	16.7578792006233
70	0.924538982654296	2.07898589465456	444.835948545075	0.33674390370947	0.98020544729722	17.0811663495299
63	0.844047341878027	1.47064814111802	452.375327784446	0.353939121817785	1.00321317705153	13.6658568108484
52	0.837819546355314	1.27157759544429	406.768109921931	0.385886402691089	0.971716771968253	12.2735156211709
187	0.936222733852357	4.17187342735202	486.761860588375	0.353776481525119	1.05853790876404	36.2151325083831
35	0.955417632324798	1.60589802202696	306.32509248394	0.49217973391348	0.627144950187675	13.5798814719559
210	0.984366792040164	5.80164852335784	601.943353908957	0.320545142343477	1.2008415727102	50.2581137056738
57	0.838776882351614	1.10458494312456	553.601779742052	0.385166504654127	1.06154721828706	11.8580469483444
103	0.696826719996686	2.09875190753785	485.549678072674	0.386932218555431	1.09128740513067	16.7062263660483
107	0.915877483491483	3.14543862463569	270.607829938047	0.452324076600095	0.849695725982199	26.5168097823809
39	0.847280836549963	1.21667805339899	243.75445308928	0.446550690962456	0.832886737690229	10.9230502780271
214	0.990736185091738	6.17323766153579	462.77183764888	0.351008779533313	1.03362151093916	49.9111203993554
35	0.868833454032141	0.940962449835147	334.424107000003	0.38297336478947	0.893500934939711	9.73906184583628
49	0.690082218847779	0.923047889307888	479.002277804803	0.396051696710913	0.97985389681148	9.84656364978631
69	0.903498171677066	1.53841616675456	513.64488914972	0.345422649194252	1.0990611840816	14.9320892478018
212	0.978303253228428	6.05876552803571	390.314073919062	0.394741779822789	0.981963157657844	52.5323033212244
201	0.981671373545446	5.89850298348488	436.802320577907	0.377712105395598	1.03908794706355	49.0226687491629
63	0.923301843570928	1.9424077909112	273.018749085527	0.417026779765449	0.798219032809982	17.930752125725
49	0.879428048833259	1.10650068322743	443.524584435273	0.394338471620675	1.01604162425396	11.6592959033378
69	0.969816985688733	2.55013320823971	328.336548928712	0.430960316419739	0.884253812888704	21.1508815249349
143	0.909167364079049	3.59068651245151	354.35855927986	0.425908801959067	0.946396245024487	30.5839294428001
68	0.933262272211443	2.14992606883321	398.572849252886	0.403732335568283	0.876255279358778	18.1558793334709
111	0.797068935301936	2.48777660314076	418.867961545436	0.431609437863294	0.988967672232655	19.9279812584565
37	0.499027242654527	0.444412545670499	511.535222457368	0.378289609601045	0.976241034333037	7.52166806833001
51	0.862093904136568	1.07482737918114	460.916062821676	0.399953634368512	1.00886935932141	11.5996562267977
40	0.893713125514412	1.46874473514308	377.462591328555	0.470803076526447	0.683658069514293	12.5773611168211
112	0.881024833816418	2.00321762595157	497.368697413707	0.362684769400211	1.12513034461417	19.1958830630162
31	0.714566884611688	0.479291304333485	396.036463764143	0.351993932050395	0.997688119862782	7.55054953629489
43	0.473867500875384	0.58587127431369	474.92185464669	0.342670868074478	1.05327761658118	8.21425456662682
39	0.848764814537338	0.836722032240504	442.324943678488	0.330178670890292	0.962119726138493	9.64079946650346
66	0.679783546276678	0.650015059819811	667.300051544043	0.292856796056685	1.21486386892579	10.814784250083
35	0.734698543867119	0.597428650841182	389.621200431874	0.361607913185835	0.969557807306993	8.17307050556361
68	0.859052707255925	1.28405990569813	550.906125969556	0.331749353575538	1.12512190399944	13.4176626028146
60	0.64261233794718	0.949620320734898	502.741688528627	0.344282961042296	1.05744160843568	10.6517617091677
45	0.741260755289233	0.756911018665193	529.877256335164	0.323081376803041	1.04235548721792	9.45621675291541
94	0.886602445752681	2.47413369325494	365.01789088426	0.403587320670999	0.860666617290641	20.9617599895191
45	0.92528008667787	1.6147485057891	268.104755828036	0.466621315886022	0.799365898085623	13.9498807674375
66	0.887295634576375	1.56861281596551	411.511273187051	0.380914407569302	1.00402314423768	14.3872859539855
37	0.807591671196361	0.79998326409555	404.452530578386	0.352242110423603	0.935331556720842	9.1029950328542
442	0.976804196962902	9.22653357324752	532.934440854489	0.35599018175812	1.10866468898357	81.2777807360254
83	0.797110833609088	1.56557538176106	507.589973756819	0.338131441672331	1.13982123657532	14.1864535017007
59	0.857641197231821	1.64087333504751	418.724092119075	0.422174083421716	0.996773293992186	13.7003977122059
187	0.879757088376093	3.50171032145652	461.260909390879	0.371714627957686	1.05348698671953	31.4026702858867
52	0.562595601602903	1.11287451121344	387.520539245199	0.402210626170637	0.968358467567334	10.0580167185832
33	0.862111501760259	1.0124631004708	274.33891647807	0.434055146896198	0.812924502631496	9.71787149111591
127	0.749981746329355	2.28887447270026	530.032342179205	0.36113828846752	1.10224228365048	18.6223459191395
37	0.554001934664792	0.533081589561787	406.479756632857	0.340807422312736	0.980512396834126	7.72371820440015
54	0.900503468211048	1.45626739785152	399.244265266827	0.401313161368385	0.944939326784326	13.9222273909107
71	0.827920606111336	1.45480133199049	471.992580174998	0.375928357801112	1.0954008587878	13.9256200405434
56	0.771768539666669	0.744771398770471	627.125038103341	0.282822034261273	1.12199190638459	10.617482816993
87	0.939920614783742	2.669947478713	370.158187058749	0.398070252466552	0.933833915396406	22.5252280203933
46	0.878458921458706	1.28198218689245	372.907220948724	0.434514199424685	0.829063430113379	11.9426807839852
102	0.920711080301154	2.48589418546477	388.458825578188	0.398476298345539	0.94465932414851	21.0794728288594
379	0.928209173834466	7.52825012410882	464.867983442577	0.38356308415232	1.0804753111133	68.4180521458586
71	0.919062257337345	1.73688919838513	480.195249408414	0.367377462000131	0.962407601564229	16.0008706603801
56	0.808386979981172	1.7664113904083	301.582963854724	0.514286752816165	0.687111862156496	17.0842942395111
118	0.850340451633919	1.59382255832716	839.814030734183	0.314485717686324	1.26649073416182	17.3609295323203
99	0.932635424817015	2.38582294015229	519.870799728234	0.351345741078394	1.07015224262747	20.6318151022328
138	0.973418463988773	4.18689030129513	342.894785630907	0.383328442930257	0.954411295735506	36.4812149337824
39	0.887200552041685	1.27725646909664	348.239779261327	0.411113456871971	0.848903782470549	11.2829008432936
34	0.875090900874698	1.17795086429243	273.218028478243	0.4564577473401	0.78135642460694	10.5817997265605
237	0.977484904464771	6.74092999401283	472.487501058199	0.389349186801689	1.06099620336753	56.2027597163723
47	0.782617999481318	0.872214392395959	469.795847730004	0.332078498274131	0.97910360694803	10.1548086252975
67	0.806482483866711	1.31600924680503	580.332737976976	0.338776546107966	1.1601472673229	12.7177296453055
37	0.457385128245755	0.318099050085026	481.893798931849	0.339685775649596	1.03985180003544	7.28148269792841
104	0.910396915684487	2.47012921550428	523.316126730978	0.342961517254655	1.1047997369088	20.5304566399878
42	0.889472940509825	1.30018530455407	361.877622660583	0.425601915664699	0.918924223427662	11.5567753278587
59	0.817922699236281	1.34902681638536	438.336194524832	0.371730475882697	1.03216851686794	12.6643632582631
48	0.854950139467078	1.43319451616196	406.002821284865	0.435617659408417	0.866307942032004	12.7559146066485
211	0.985286299008499	5.5540044902674	481.929422406819	0.370554428649281	1.0641529983411	46.9702035933832
36	0.814082678770406	1.0485940412084	341.323329562272	0.473904688733626	0.783918492982967	9.67249443036242
78	0.895317615660666	2.38327155583314	264.962291874431	0.430766295707472	0.686997646146147	21.0484278578614
36	0.830189982995359	0.998940344062058	357.863374114736	0.386660511246202	0.953189357628068	9.57743051010921
160	0.973090547993587	4.23575061596823	486.146552860851	0.364207907209962	1.03621735915754	35.1036749533631
62	0.922340537377021	1.95434328065322	451.492309894547	0.440222068443015	0.956815421486398	15.963991292688
99	0.905882356778257	2.25735292398753	408.669160078626	0.375805762591145	1.00103115967618	20.181033019926
124	0.839694964478063	3.09201537614141	373.73060007235	0.395629613333911	0.932118096158861	25.0121194226624
134	0.941014110839762	3.07059111425989	554.500418484522	0.349693535788734	1.17874603943441	27.4423375644501
57	0.921397170884083	1.66222005369041	464.457133038928	0.358286976314236	0.959289275281222	14.4391137571861
57	0.674876234969922	0.833264492698732	569.587618880791	0.329849779341005	1.04857036007705	10.2671480799816
37	0.430247317650716	0.548239563814741	460.639662218189	0.325764971059978	0.978556096573067	7.44361056838061
42	0.940602240352324	1.45162170855026	301.298483075841	0.417577870893956	0.852423386390669	13.0412426990766
63	0.714018446522064	1.31850929484883	421.645105841146	0.394255337112735	1.04059266202367	12.1013961244913
38	0.955425703666259	1.61605716507292	296.478752850424	0.419097468509233	0.769743467663967	13.6778659223079
139	0.98237532695592	4.12107390109558	442.527476885448	0.378156300973628	1.04194249274665	33.5795688612517
41	0.820211787662383	0.803749226109912	486.076130418369	0.316440013254934	0.989379833225117	9.670259625308
33	0.904403203694092	1.07064063099657	230.331527817066	0.386855606930701	0.793359654984728	10.1948847205164
66	0.861261630664361	1.65690832371075	473.812526780376	0.33804845081142	1.05201543834077	14.2739890062775
101	0.706018196974497	1.53628013148439	687.541300203739	0.320843254187984	1.22144968307187	15.1703429856148
33	0.898564861993298	1.24337342262702	271.28473465071	0.486888716186629	0.772841597887379	10.756751011498
93	0.913694368499382	2.15977854475036	332.431135193435	0.432044630297707	0.936335008485496	19.7807566068221
46	0.879714275634929	1.18806332202342	390.03733772057	0.381335968996163	0.949099060175819	11.4603513975287
96	0.665644693999372	2.04730058096464	413.618828499187	0.424563170051592	1.01078421435444	16.4241845591215
70	0.729626992486559	0.915683010507428	769.411964904778	0.309352504067448	1.10791571268521	11.81585924181
92	0.916765729680278	2.55377348464709	336.955333710674	0.446035909921736	0.891418565113563	23.5294830742932
146	0.827924996066997	2.47353873227575	522.012834381494	0.389874798511814	1.06220293736955	24.7560396044555
31	0.770628689164189	0.582927569883172	441.313655306695	0.344539034265512	0.906866991295794	7.86930150226031
38	0.872345647087824	1.14105279061137	330.233829521782	0.419670112967255	0.880748509741169	10.5330546852043
37	0.848708709377617	1.13087620648076	345.266072071424	0.460392124971319	0.914534955890964	10.3846879987811
59	0.856960162619576	1.30971200263508	508.606103278676	0.365376067243411	0.95619572335553	12.9795388573884
88	0.909804361435491	2.49222207262707	321.712584377438	0.441688624324026	0.870117061709958	24.2535194235313
61	0.948431872505768	2.05698133549442	399.733927146435	0.438112082711655	0.963804738114638	16.6852265896554
43	0.927739082473142	1.5279829007867	317.340644912361	0.372129686247333	0.841501583354996	13.2618533258287
40	0.94610344635917	1.46721923694794	298.124876758817	0.418531653825772	0.701709406330318	12.8467627150088
85	0.949743350837594	2.46884610425575	501.674825541671	0.359876454757373	1.07017347000897	20.4185641438825
60	0.924316692087604	1.76538609836871	398.959801436631	0.345402590681435	0.952005962270267	15.3372184367518
104	0.963116380119342	3.27894601183793	450.809740940861	0.399336490763182	1.05238650000709	26.3225537679698
145	0.98662079608995	5.02029088637191	457.412757451248	0.388495945993234	0.961646311627666	38.6224206195966
110	0.938150718472289	2.96141986824082	389.359694706171	0.374771587273889	1.01446181527203	25.9768013088402
53	0.60353595539967	0.854546989869198	473.411908605542	0.362159449623452	1.06963734808836	9.69635013105431
68	0.908818041683235	2.10510517594664	452.986936758952	0.380816392655954	0.991471600636196	17.1773988995053
73	0.794936877492278	1.83955362152127	292.986411030453	0.525026040239022	0.658534556477688	16.7926859125198
39	0.506389318800647	0.717217442627864	464.159028831873	0.373329594907787	0.92951721488313	8.05940342960216
157	0.931311112472916	3.49749617646282	744.813359589406	0.348092258075755	1.1873614789265	28.1820043997093
53	0.90815623288595	1.61899632463041	448.963310272769	0.367167917720421	0.956604415399472	13.9808213373065
65	0.705473266590239	0.935025615329449	583.247607949921	0.315250819061657	1.16137706329783	11.2940852734007
52	0.813015530323195	0.940291540442839	507.902968070781	0.327875229143522	1.05488284490507	10.8268298032034
34	0.762845388584844	0.970044610621376	448.882973641157	0.436665425684047	0.837320310322813	9.06166821316414
39	0.922924297250866	1.36099978849806	308.242854808576	0.460207026677615	0.787761508839553	12.1661034177868
112	0.758009586918308	2.03669147594741	580.645725324352	0.354420227864991	1.17323178474298	18.3007147372902
221	0.98567416133147	5.97164021637643	628.364014767172	0.328532831200082	1.1654937736866	46.7108723119829
195	0.931207164432915	4.06363822788405	449.442924788171	0.350968998944369	1.06894166423917	35.8960857110308
60	0.524914901684616	1.41701552580457	424.427402650694	0.37720269570212	0.953231837817623	11.2642157421902
69	0.874575595875597	1.77485344950461	478.176666530571	0.366859573401898	1.07899847009164	15.1015047540775
53	0.852413945239579	1.53761979418858	368.610756021661	0.386359329936566	0.948647720247306	13.1400487690401
108	0.908140679025908	2.4189982461413	556.534282226872	0.336799349742263	1.15442914383868	21.3730746695148
55	0.699323545101155	1.70442336948526	277.872688068345	0.49072960743549	0.741239297672109	12.9642574141621
122	0.882913963971503	2.57905535293207	436.019539477597	0.352826255315094	1.07006800592674	21.7944860230036
31	0.958398146234993	1.50740930278947	265.732935660755	0.498350795870286	0.62673548834297	12.528681577413
128	0.980566932530157	4.0493274877231	386.500774019243	0.358512050633376	0.980480701396861	34.64031499358
66	0.639033301894496	1.46104499059841	411.779329865461	0.363556340123523	0.966729954586385	12.6753841006852
43	0.716819858757222	1.19082719771812	332.302001391596	0.44000556241543	0.847199600433436	10.455840090191
144	0.745465572482512	3.1203025631118	446.257226952357	0.392833621682544	1.01910258835	25.1361014264953
55	0.949494828795217	2.21416970084945	338.350512345504	0.430352495620386	0.668170031787631	18.4102949340063
41	0.941628968908796	1.49934709832946	343.647225159387	0.406586418351124	0.717196340194822	13.1744543711162
67	0.850444239539194	1.87217119997074	364.231136806665	0.359011753809161	0.854055810109972	16.0674772149431
111	0.890069658032845	2.9086537067256	289.226227513808	0.429579189940636	0.832155520444142	24.650453395622
218	0.804309409992931	3.6956323214359	441.790656262769	0.362475150727343	1.06833332487042	30.0734179157366
41	0.792419320546198	1.37987899917817	272.377879514202	0.45984741441755	0.818801294862245	11.3456642057903
162	0.962929933721874	3.89642554076223	462.002589214787	0.368018985325858	1.02033407956122	32.8310107936963
64	0.720305831399489	0.956752800418224	579.887909511771	0.335212349819049	1.07373064514321	11.4212841986925
109	0.709242614657705	1.94085743456468	467.26845064772	0.389420284916279	1.04593313989232	16.9243797579414
130	0.96893758121691	3.81893800170027	459.062654778078	0.382968543314855	1.03789140492879	29.7588381585386
103	0.956313747150096	2.79019702082568	494.902748419728	0.379144264992185	1.07639183262673	22.7793721072346
34	0.88630517931757	0.977763542538759	289.002935152535	0.391644221597163	0.851999404229221	9.86662655373798
94	0.929720637815851	2.35465924733453	585.658765757181	0.36435376225261	1.1200255999816	19.5780481554494
174	0.955453656670195	4.85048289628595	397.34566949943	0.441901523997319	0.907010272800333	38.1761543228128
90	0.96044527672959	2.60539976145977	452.87669156582	0.379150611992408	1.00350693469043	22.1542182349762
62	0.95959660807567	2.12532878761678	361.739646835854	0.423522451083732	0.848621133358078	17.5169691139449
126	0.933361670146319	2.62558648250047	619.092589856136	0.32309177937024	1.15453973377146	23.2167355857984
72	0.884883725192955	2.12871823513774	334.306504251509	0.445567014143864	0.89605466000226	17.4880457390424
268	0.982365685015404	7.18982953508822	492.969240837366	0.381913564943917	1.07198340486299	60.6871036223687
87	0.883347404802672	1.90507461815351	416.249220926972	0.407918667646385	0.9937172568527	17.7336433344087
37	0.834016385021656	0.832099607552615	379.06022906349	0.395260541234716	0.949681706238994	9.47132016652959
118	0.931928063785886	2.9245148730852	431.398021923469	0.413903141320215	1.01735961482798	25.0064497518035
52	0.604231262392223	0.803297097782023	525.438444466047	0.361259361493116	1.08747344105291	9.52188595888538
99	0.882205772620074	1.78808943924408	642.003480700134	0.298424127812937	1.19551144919788	16.964492557346
39	0.876530145215379	0.934101369514678	363.726408968853	0.386657471329596	0.978649529301445	10.2510174580374
37	0.881423840672301	0.97345541263837	344.443057384213	0.360558586129178	0.907090598684081	10.1087810953536
41	0.720092508804397	0.706456554121199	409.318678002131	0.359977480436591	0.984637585479648	8.7944228946975
87	0.879031459498319	1.98723739802708	492.498207057925	0.382762718948228	1.01787249124248	17.539319537477
174	0.866565944493312	2.88023330068206	410.956933631469	0.389708078730181	0.957344639944052	30.8028096863845
118	0.818663341784571	2.99807983766627	356.807030456388	0.476255237879341	0.930996514195499	24.2261965801068
42	0.813140695380748	0.964343309040795	396.066620051111	0.38497914644821	0.962037154763507	10.0610272108717
43	0.915187077341655	1.37979610798654	307.585594260963	0.424585042576434	0.879209322445878	12.6251416668335
31	0.659437870613719	0.484142684035469	437.182801380762	0.362704987776412	0.95595566865704	7.35690280248108
77	0.638041209681544	0.945126348304896	614.127962432545	0.309012124441612	1.21786995152855	11.7117157324545
139	0.95039889409848	3.11045667787755	500.662275274004	0.342893844158694	1.12061618150223	25.5917609504828
59	0.771321262357673	1.50863325205694	421.807972306696	0.456180255878159	0.955996981761359	12.9030771737986
55	0.66451291065819	1.36208882431918	373.026773113608	0.411535199990485	0.896614531687508	11.4488224126833
100	0.813630523610058	2.05835319894221	451.241375132543	0.405410980401912	1.03476896382665	19.0446186023308
44	0.909740078525355	1.27000634722446	407.819377856067	0.382119728862914	0.948735563746026	11.9206004914976
62	0.891203310480608	1.49653360464824	454.982944144891	0.378194263496038	1.05017928086786	13.9181598642458
102	0.975067330233724	3.236173517602	356.171520396264	0.35665676163811	0.958069913078303	26.0350683131247
121	0.959431994611565	3.31079429011847	421.237083210327	0.36782047010456	0.95592663101597	29.3053667071163
68	0.829076364422053	1.62894127299892	346.399928920186	0.416101800547502	0.853710113776373	15.0243270776477
115	0.890199318458212	2.53011006873915	437.150627147463	0.345677863512882	1.03949674893435	22.7653840156134
34	0.933016625470592	1.32529687487896	210.349772310941	0.416954007174596	0.785607366570577	11.3718147231769
146	0.957869029270053	4.23012403924697	395.055716640752	0.375400721093279	0.965776009192386	36.9352024852892
38	0.962420466297647	1.71528599425533	307.198711609674	0.543056477379721	0.648481120312071	14.4224284147718
50	0.748452522209462	1.52837512413403	231.955254276103	0.563535300005888	0.581766338758578	12.5896760146711
36	0.899696799084588	1.08348719945438	298.610749904398	0.394939301292242	0.858605548002839	10.673921953116
150	0.968150049919225	4.33201330751933	358.012386258684	0.389276526212977	0.969764809371186	33.3036788724329
75	0.931866028056966	2.2877317309968	376.695066354499	0.38856665118932	0.95482857001757	20.0856016011532
39	0.770113327605139	1.08478964601807	228.587438636296	0.491550373903315	0.660443555174666	10.8358998588276
47	0.568196178966432	0.593526068151045	533.098068960657	0.340973411361949	1.06780037161843	8.74106286825229
153	0.922966194265668	3.0519868354831	621.544726882933	0.335107357174032	1.18810822153042	26.3829572314726
88	0.958264279518429	2.89506820943452	333.393767381257	0.412991611126475	0.917150084129753	25.1638692568624
245	0.848107861372642	4.53011262823022	454.454122865341	0.392414158281661	1.06138190374604	36.6873829379591
79	0.923954132586009	2.14372829815915	432.372257820615	0.31964862489417	1.05395686663586	17.8663848373009
38	0.837371286765917	0.820468303255044	452.641066271458	0.370880655735749	0.948115543508439	9.49196693029705
59	0.791135282057833	1.05273109412606	574.227003368905	0.356426793950833	1.08106507859407	11.5692181194536
103	0.944721650171088	2.6258521325817	488.964409924319	0.362715656211477	1.08752749271307	22.0130036519201
31	0.714898986017143	0.637268222857977	351.12110083881	0.411476254535078	0.882604337386342	7.80658240683684
114	0.875664460708543	2.56993941347549	440.90103232236	0.38595696149848	1.04829898322829	23.0679219042744
35	0.589011507355084	0.781134766163268	424.744573263298	0.417980715666128	0.840202376646312	8.00591351453591
40	0.706046650973586	0.863727670282483	415.229719703908	0.395141937391916	0.952078181279144	8.89125287494492
100	0.774313140995964	2.27633397631248	324.217605513766	0.423538904703727	0.893530517604341	19.1832663359896
34	0.961283581441445	1.47424989498086	401.52740062771	0.416296544222241	0.633493418637159	12.5829371471958
38	0.88729543438404	1.02717132502592	381.752062683569	0.433368448735445	0.847118055877946	10.4509341638843
85	0.959903555113436	2.6832374735583	465.901766109792	0.384525989387425	1.04501779220466	21.5519724071262
165	0.971785595707467	4.79479373221951	359.398394692287	0.414144839591794	0.944942078092411	37.4101667282753
63	0.960039084578703	2.38225556193433	336.740923708306	0.372956164019994	0.864610267141705	19.6457499299325
99	0.928837503012778	2.8592085592465	373.929881107111	0.400625604360363	0.945248785330254	23.2922139057544
83	0.894147837238104	1.76108351921192	582.242454058028	0.313388334952447	1.11539750632513	16.3791793616051
90	0.954891465216132	2.93559201794102	579.762223637398	0.373822695654474	1.10935923297172	22.2248534713792
59	0.645563699807663	1.11545740556297	567.886796005129	0.388341085803771	1.08531650151817	11.0572421171967
77	0.962320365941412	2.65104515610372	396.758297175326	0.358780546432058	0.959427774164534	22.0847314722083
54	0.966530189525521	2.07455062978911	347.158038422015	0.437764741713786	0.819457626231215	17.0627256093903
177	0.899688307924461	3.20977888551678	573.699154911183	0.370249189989089	1.14939637718238	27.0256660180173
42	0.902110846050267	1.30227818562921	281.860379398599	0.429720125157715	0.809964184510093	11.9440984702901
90	0.918049086975662	2.48246681569774	411.67356787399	0.364691163619838	0.983747329625874	20.5578685511536
45	0.951461242172138	1.63643757590188	296.967616062794	0.382550616482505	0.797876207860859	14.2463402002998
100	0.915634951755673	2.07541380400338	613.760205761412	0.3472421965564	1.11853475258246	18.7633228986891
61	0.879858352404599	1.63024511315851	417.807411720085	0.346115762707608	0.947736941021111	14.5888174350472
72	0.934978129336306	1.91239037254121	425.304346093913	0.314637048631648	1.02266398628572	16.8599375223075
114	0.978958259155642	3.62401674500301	427.470961000933	0.319055013298474	1.03296844000105	29.430549882636
44	0.874084701450043	1.36572491041444	430.118851232452	0.426515702531852	0.911269735284906	11.9864395459308
41	0.951138390302804	1.80090190423126	246.841930793391	0.541545997507842	0.522947929922778	15.5253025675612
110	0.959050897441273	3.65966864394633	315.188123263161	0.451756976590813	0.89278596876672	30.4155712738461
130	0.95666612075794	3.51790869583455	418.170710315931	0.39796790597393	1.02115852821852	32.5100532248306
60	0.844659688454142	2.08777393116996	270.748743106185	0.548970908884826	0.749040833931242	16.9863882732232
98	0.939911662417792	2.76782068112667	383.455307883643	0.370137246018799	0.904534376733564	22.9216397719385
105	0.9324628421513	2.63791255562692	403.913261516327	0.420814127650637	0.996517515523101	26.6027724025175
50	0.850090221974402	1.04572904197604	398.145477254318	0.34516613087411	1.00709025633305	11.2677943398829
57	0.646760708801173	0.972837104910414	497.26853239367	0.335730125357178	1.07409734565206	10.4978434292864
65	0.794930069461124	1.43302356118355	457.359068646755	0.38556062873353	1.05209751536443	13.0932499489931
71	0.955656440702744	2.45395815738194	415.44608973358	0.36534445112604	0.890688341470203	20.3443073530495
92	0.931007974951655	2.5621001706849	441.4668731583	0.416696081021687	1.01946805395115	20.6887838831894
37	0.532091281618698	0.427082099881212	500.652851431002	0.341490550663699	1.05859924761246	7.52575546777596
67	0.37218230426045	0.722324505429552	600.209045957504	0.30362083827078	1.15111141824297	9.98561394621908
96	0.902836071068243	2.15152570136457	604.543936976882	0.319577750666717	1.15529556280084	18.6961347474674
96	0.93186522893285	2.52284158754106	448.663257155225	0.389461608466933	1.03775385421249	21.5055818623247
87	0.721620704388355	2.03696716355627	469.372774347038	0.382571333252159	1.01411777415829	16.3931176789893
56	0.856628126042421	1.39496448999795	463.198838510354	0.367488110277439	1.00516269065701	12.6954292950118
84	0.905784596758765	1.92700268885333	519.814515567912	0.368145704743871	1.08101728519855	17.1691767772263
70	0.91879248938562	2.17875658727383	375.115642042823	0.426548796603539	0.913745654157794	17.6503509435106
32	0.849957930969085	0.915639932807538	350.989441644207	0.440770374812121	0.833834769443752	9.19630772409965
77	0.865746545906711	1.55840172170811	579.574386315478	0.33684178742131	1.04781029153673	14.9885603524127
53	0.802099647876252	0.830634280864089	562.813523398811	0.34772551934149	1.06694863000925	10.7581923301369
41	0.893305955022607	1.148091290433	377.817434580195	0.428026644364405	0.876405533760209	11.0220932846855
92	0.923474134915175	2.24821340258277	503.077221772555	0.334195125834847	1.05800055368654	19.3778502276785
114	0.893915342229586	2.75137095940917	360.336945859408	0.373663465092106	0.978133367876607	21.9650077745453
108	0.947181800674293	2.5628071870279	576.938260969186	0.323586016000537	1.09498872471201	21.8213805544778
60	0.822410746369005	1.0389543389371	544.20413840485	0.349203837637289	1.10128640248083	11.8672003605995
36	0.953292395773594	1.64971426630333	320.493628442379	0.488056643666104	0.668823667747683	13.9269078832134
71	0.693752639423487	0.966487071375767	589.092865467118	0.340333823287467	1.16988563304157	11.8070266850351
59	0.889884606506925	1.34976176084707	444.169813202286	0.336954380617284	0.973359292714956	13.3511795529571
88	0.928804690179224	2.84582598387022	341.119279262812	0.440491155617269	0.861301402783538	24.878028371015
41	0.799873346420344	0.789632994268053	388.25235963805	0.371514636711538	0.965387888089572	9.53041200359581
62	0.52417141893888	1.21815832098126	410.602931756478	0.416650767794061	1.03283226482552	11.0257098269338
71	0.893009376732017	2.07775315022236	448.053801659901	0.405493422529008	0.967112379886479	17.1315830987671
118	0.846226768348226	2.93182176158291	361.008821884333	0.431744559752506	0.906905769411323	25.2828609792916
132	0.924897565803239	3.13180543524942	475.57943033642	0.368399841616833	1.05275399068979	25.8925924677564
60	0.89231963593994	1.34781018847833	473.001479541697	0.382121590902079	1.02627158703739	13.4193645660716
118	0.914921456569275	2.84877371755336	389.326737682848	0.409558283192639	0.938173514176177	25.4627825414041
48	0.535059174851836	1.0977565498583	418.237809799352	0.409971581555292	0.892487362309693	9.71836181320936
166	0.982763670135535	5.97045229700919	374.03306080277	0.42238277685193	0.877441050582996	44.2561882284084
118	0.905080355735555	2.77430189913557	417.604935785199	0.410261648876791	0.962205307577947	23.3737874904214
92	0.860600080177516	1.87539009320552	493.41298210437	0.362783878426788	1.06718700019681	17.0969220007236
42	0.860487761359298	0.958982429170569	444.425880771672	0.358605162167272	0.953630861627925	10.3806603287052
42	0.817330647810838	0.735038150845882	462.754094055432	0.371475380161242	0.99456134228747	9.64928838871059
139	0.983885961237587	4.46006838946906	532.430298048419	0.351423899701848	1.03101612584423	36.1731203859742
98	0.888615153118373	2.36799167702112	436.442541118876	0.386901645895654	1.00175269957675	20.4685792965451
41	0.774355070047014	0.777579677452308	487.823069479467	0.368305599961569	1.03298163434924	9.46049780200495
229	0.970134827426022	5.68959036686043	463.090285476877	0.390391752071722	1.07952915410463	47.349387610336
45	0.873468585148218	1.43552462090737	268.906065115598	0.417940151080423	0.807619997011108	12.7320752815431
276	0.990656251085848	7.38967437162089	491.913341772629	0.359516852496213	1.057190175143	61.1996071184701
142	0.934755542578765	3.38162895758426	382.114070149989	0.398180860178109	0.967177290650481	29.2910290933082
73	0.910164380585666	2.16798349214123	414.628153090055	0.359718787127276	1.03416085719201	17.6512228803754
83	0.947183018466917	2.27960245974779	444.71451994881	0.382989399959904	0.992694912850791	19.5604279540316
182	0.978169111454946	5.23866974926143	389.647656332335	0.387729064748829	0.990806197914038	45.2346387504011
45	0.843344656821274	1.00338319869197	411.54496117391	0.353841544792827	0.960720897698275	10.6729053690868
84	0.96830551200376	2.9612756098535	371.643073982154	0.424949286785958	0.839171765381362	24.9627176209729
58	0.958199548049836	2.16754198865813	324.350591647222	0.415305391873439	0.810558990146085	18.5958671274277
119	0.970773047398951	3.49822149402498	405.519450818165	0.380495577751666	1.00364737311774	28.4066594338786
53	0.970397865681927	2.14579228741102	323.790597288819	0.461027703242236	0.795393293804123	18.0029782908375
158	0.900623976460556	3.1347793965578	557.301557496712	0.325379990230228	1.16386652684496	26.0400235507759
60	0.884266894540412	1.60609520595599	292.359196384696	0.432107765966998	0.809464621469279	16.6330821373289
98	0.661360327219375	1.68157081497345	529.647474381492	0.3419784345298	1.1351984934879	14.7529554013846
328	0.903480852260245	4.92565014915347	473.998040901626	0.384264169793521	1.05129315715725	42.6660647586185
88	0.850943084898509	2.12885173798513	446.800039071134	0.394466330775245	1.03900169466799	17.6472652198481
64	0.929100561164264	2.00739842625308	399.75912449162	0.409755238271232	0.97428494280739	16.9675316113887
40	0.921597257103382	1.31026236571741	275.282369911964	0.365393297799408	0.800580193993158	11.8269365350242
44	0.931614427155462	1.53265290308055	281.676171772315	0.425607373861195	0.840865236960739	13.136525511894
41	0.553091139994485	0.491278956373603	431.628567914263	0.349143078108735	1.03276332961089	8.06049869870217
55	0.87840194023665	1.60579966050767	319.125393498242	0.389036477036477	0.858111145660617	14.0233133905762
70	0.923083994738703	1.87586554774065	492.590963283762	0.379860808893992	0.986515493709123	16.1723573300746
46	0.88860545234573	1.43037729600967	377.170622599482	0.395965349848378	0.932415968595092	12.4181754984237
111	0.797407142586671	2.28813666962135	342.143535821063	0.422481988622762	0.968579580148423	19.5686412302238
128	0.854222650183842	3.20923071505345	380.988600747871	0.423413254310963	0.89237227386347	29.0388205339628
51	0.936562526050599	1.72249951104232	284.327980527664	0.482208781711348	0.818327640204044	15.1620146006706
34	0.843420361927327	1.17559707592907	272.847040439354	0.465107612356189	0.589131386653604	10.6806484843027
82	0.705845637913506	0.987587668305843	824.014378747828	0.286861026040617	1.25171079297395	12.5411853608121
45	0.886663807567553	1.18374358943408	387.95455897462	0.384533617079774	0.910997896611672	11.4952136484831
35	0.667287413930541	0.570568535454425	378.633660828388	0.357083026308007	0.961603216992313	7.91970123682086
95	0.865811387852464	1.42024525457689	708.744296824998	0.318312305453254	1.25549053120148	15.8780635430061
49	0.878578200844881	1.07835178626951	476.888128886096	0.353573960259757	1.00839611335363	11.5347242722287
62	0.904395842727483	2.00462879796361	273.640696330501	0.362096297023973	0.82249101075631	16.6475743355838
44	0.654110706149275	0.643881672825991	440.13847353034	0.353692758506716	1.06533552627689	8.90766737645616
126	0.959020712759961	3.43711651406568	454.994948010069	0.349922812946486	1.05438648230147	27.9437323562512
63	0.911001081153182	1.90138318006692	340.601241405218	0.363302826508637	0.932354359741167	16.9814567750406
234	0.937709316172417	4.61548154790807	618.546805409189	0.320393947758256	1.20911237673528	36.9209594622931
152	0.877051182700989	2.89703773626186	444.719453825713	0.346677895480405	1.0235374737263	25.7852921255091
45	0.914339239622563	1.48187367920337	382.559392632467	0.421902493935843	0.841564038759948	13.0904056171889
145	0.958002508482474	3.43935903512382	489.043229400085	0.348427157991918	1.10967602096799	28.1687605189075
57	0.83650748953182	1.19188824784412	474.980160463345	0.374319355002282	0.986939669627816	12.2710887566597
33	0.876576712780557	1.03711813253975	293.596708349535	0.47174043113322	0.647865197515316	9.89285624068594
44	0.896397310672698	1.38110530399234	396.859774903728	0.410627647692495	0.949383059328432	12.1361301044257
67	0.774840378267932	1.46090043219297	412.236895595396	0.375856610921449	1.01308777921085	13.1421083828646
89	0.953507596639354	2.83962093365932	383.377257988328	0.417836609282077	0.972346757924975	22.8644382142439
55	0.8715801820495	1.61526709731008	458.908878459767	0.405167990074733	0.958816514734636	13.980393938246
88	0.760489159664527	1.8135547375976	408.272579638395	0.394976788076887	0.974438254701473	15.5665871930108
33	0.872466469940891	0.926930255604123	376.044051507343	0.388141840935959	0.803766182790192	9.58729097443516
42	0.932635405992573	1.51862627400878	314.779144046919	0.457051496327514	0.810461780330265	13.3240765205477
149	0.926661017055022	3.24068395563289	658.320327727534	0.321064265683715	1.22542138685912	26.7952372151492
45	0.896285061867157	1.27762018497733	331.183412556286	0.399736882089823	0.8489960703043	12.0900725502926
177	0.888869037128249	3.07009491019803	577.121587788064	0.336058181118123	1.19014036254641	25.845961855848
148	0.91035512166095	3.30775324300943	467.945593429875	0.40593928524323	1.03390488832372	28.4435841312007
137	0.953673702986504	3.72866683754689	396.332404594698	0.443390197307262	0.964312267796591	34.9160823961436
106	0.96438875459834	3.05423992466048	485.852769049226	0.325331764671793	1.08032318348521	24.9372990777441
55	0.911831010113291	1.49908585527935	462.210522783198	0.353439846103756	0.974946501787108	13.8035701581859
157	0.939308175266896	3.96178353393457	440.808011676885	0.438251342075706	0.933049860479324	33.2007813817928
41	0.639549471477658	0.57528341278354	517.217437324683	0.336547871994499	1.0014833594622	8.44112121001321
52	0.951061337291872	1.83382971345319	408.317914108003	0.410822502563512	0.937709519405696	15.2753371840288
70	0.805234881557355	1.05381697945046	604.573745820647	0.328362574020112	1.21608131657224	12.5394598953399
56	0.84806558515598	1.02317046982772	490.712119205886	0.352344160620012	1.10751734395863	11.7380677883072
79	0.929760340430552	2.09449216908206	532.769688073623	0.340461569828904	1.09672771570443	18.5347421157233
202	0.962050459919795	4.74715753608938	425.439660685397	0.37135334793385	1.02107405556136	40.1378342347944
89	0.9530940839309	2.82254795993868	456.706654363321	0.403562270981748	0.98045393825309	24.9738582896883
105	0.937933985262136	2.77111655617468	446.693024204678	0.365293769419991	1.0376175645937	23.0560364960647
44	0.843648167316763	1.07194824617626	348.166214797372	0.421136204753413	0.924566610668977	10.7587125481715
115	0.917149677994485	2.73908797926434	544.704888848642	0.375979003531277	1.131004677931	21.9486469208462
68	0.899130964029097	2.12904839063311	298.309081322888	0.421747233546884	0.864697304934089	17.4682921507065
34	0.756439666117689	0.640112400060289	452.033496699413	0.363219046412565	0.887405888855219	8.23340155085705
106	0.967360474078152	3.2124259175515	465.545193260652	0.360358039571813	1.01353498176938	27.9598108746845
43	0.480411418560091	0.894074489076679	409.672014873165	0.411472115049052	0.954716061231793	8.79697105289487
91	0.874891500046872	2.28205235144707	354.795807513801	0.38812047616267	0.938049002933079	19.2696535199212
95	0.925726102835274	2.39503460720303	447.19883274784	0.329404399864122	1.12100953035874	19.8084476014119
50	0.851468384017828	0.973235163722989	439.223391259971	0.366728423345794	1.027602450863	11.2230504957754
75	0.936283579310667	2.2386656207396	525.262271299508	0.393282297213431	0.979101761067438	18.7604877743781
44	0.893439006334892	1.13950631104405	491.426634209957	0.380783552663036	0.958156889340354	11.5092735809924
43	0.928205542911461	1.45120001099535	378.48777585569	0.430844225063771	0.780513627855024	12.8649062727511
113	0.947752461795743	3.31193387107202	398.279607595208	0.362284872297426	1.01959260668005	27.4863150176656
105	0.474164611000295	2.61613351776355	340.185435310586	0.431337862593034	0.916893186885752	18.3220108597348
32	0.806873555784423	0.75016179821673	336.61536714212	0.40631100068871	0.869862849990087	8.40229889078631
46	0.759274723557541	0.856192322271961	443.534993777923	0.345111002713201	1.02626911509652	9.88115478638727
35	0.861829434098228	1.24664678429654	236.812019985967	0.424231584525702	0.707449793484131	10.8011748963859
42	0.55576927513464	0.511865686538883	454.146035056841	0.332370078639806	1.06901116502244	8.14334661175705
96	0.88166808013683	1.92372684753625	424.616197873245	0.373354570378307	1.01066139751145	17.7669232852046
40	0.883074187301162	1.03314787231452	346.422749741939	0.33944070668174	0.910676153116501	10.6339869453003
38	0.811773248298564	1.04323525315664	301.863260217021	0.365411619274894	0.824139480465673	9.85822385717268
105	0.819910103510314	1.67082356239882	716.653821008339	0.311549121260399	1.16990650024966	16.5510018554175
35	0.964722313494532	1.65670313523597	264.542569548465	0.512675899881782	0.645039050648132	13.9640314473385
75	0.956220745703362	2.58777517658282	328.556094708704	0.454396743542338	0.848617510314978	21.8189022322993
50	0.893740159081078	1.10244814484255	497.649580972666	0.368140783588543	0.98550899212227	11.9711855625315
61	0.966794761231263	2.72443696941498	246.165656975976	0.548441671416144	0.507408932584287	23.3377895405911
246	0.951691916901296	5.33160957843406	734.064127065498	0.336613153271611	1.23289183856929	42.0968632999214
131	0.938266030939599	2.94557275527025	389.888099912611	0.388816143014274	0.997617328036913	26.0137725028213
43	0.945169999996952	1.84210852045459	217.60012614642	0.466372671313848	0.739459257812884	14.823092924923
37	0.882693256455082	1.02894872021078	384.642962331693	0.427312600603538	0.9094858734391	10.1511090415194
54	0.712047885120168	0.721295867049609	523.746764296191	0.304042453757983	1.14010084675604	10.0608769571167
47	0.865668168545749	1.06198118132163	447.872731486294	0.334505670787584	0.958238527887276	11.1104632846463
46	0.594100608644987	0.997076527457584	464.997234166973	0.390229528456969	1.0323430362042	9.31617929765741
106	0.868136629277853	2.56189016767811	373.2854960531	0.420012840342826	0.924636467516821	21.1845673023369
145	0.929355283390447	3.27392102501992	657.811756037276	0.31920723879063	1.21323508823998	27.4889902431467
160	0.953806728336219	3.93974823651346	427.081483551412	0.366159449799459	1.03677608098989	34.1718355972717
39	0.685369225955456	0.478180064533262	513.516265213938	0.358745906464701	0.97080819028281	8.26035336360612
42	0.787171549622412	0.703242640999044	489.892566354848	0.334697898731763	1.04546636515329	9.34881390807895
85	0.703125404802963	1.47212257453983	571.205480277309	0.336695546118458	1.15053491552968	13.8405391030501
144	0.864990086451986	3.56683290083076	368.154139145186	0.410929309199175	0.953962769263597	34.2075740596688
85	0.828655510911732	1.11095095597586	766.174703291985	0.281285985153108	1.23493295914332	13.9921740265089
43	0.55270006961719	0.756354697218714	456.773120002527	0.379213020285884	0.983103678715901	8.69475576091518
56	0.606405919226694	0.966777619947075	458.000497785409	0.354115828411381	1.03210696028772	10.230441681491
185	0.964156279118889	5.04435007624551	492.877090571801	0.36423977472162	1.06621850460061	40.7265184554334
87	0.9130127689316	2.21655472768384	479.044264964428	0.35892501556002	1.00052178418118	18.5058776292046
48	0.577270083425631	0.879941117179054	462.757682365521	0.389372862273047	0.988462461592578	9.35098796629501
102	0.939949356777773	2.8553294261896	446.61189604617	0.342087535050607	1.03976628594442	23.9077492352917
95	0.791491263249987	1.77444161860115	560.219833789923	0.351630592279142	1.16398235735018	15.8765261568856
149	0.978892011279062	4.55839154342328	437.178585407066	0.354832889709277	1.01718878552868	37.3907709418729
121	0.870745260500392	2.4473776649073	682.906006180759	0.325189992370822	1.19148567119066	20.5984244831414
65	0.969360825632057	2.38201374927299	406.353320023586	0.398795046981838	0.843487944233428	19.916936199106
95	0.954391772380211	2.62963905118715	480.243275837234	0.359748072264225	1.06281221191863	22.4078567505218
117	0.887687361994239	2.61437514404185	492.120556722848	0.374798423543631	1.06898917849774	23.7217763429748
87	0.869242522942746	1.7635420996172	463.992472226217	0.345494713437325	1.10105626682061	16.5409188706872
111	0.935636281356479	2.73333762016484	476.948887229196	0.341054049218711	1.06080263803206	23.7559690663497
32	0.710623461861594	0.556985235279317	392.162327399804	0.386878239364836	0.962863505982045	7.71225948098643
257	0.985600207444639	7.86671158205775	356.411427620656	0.401126778742718	0.948771996114641	67.7100916544188
56	0.73361972557015	0.71691664552197	589.844259886881	0.331805800155872	1.15445904076989	10.3101291558416
96	0.910248478330067	1.86620537112726	557.653272684046	0.326982056868285	1.11443688682962	17.9115920088822
32	0.800152035605605	0.757000712255536	391.16358590884	0.392776157058485	0.910625995085756	8.60111773141571
192	0.966927574342004	4.52445898963231	567.825649291625	0.333493146592417	1.1492186034106	38.4888781426018
44	0.880760763351052	1.19708026024819	329.57318912865	0.47510208724983	0.877580521647502	11.5457184607356
33	0.921483216848077	1.21980040149297	210.106807630553	0.388590867907756	0.670075503751734	10.8891572376786
85	0.885944804944462	1.58114999908843	615.71893462937	0.344475353594621	1.079183150889	15.9077103647027
34	0.840881674695445	0.975599723815138	416.027107572727	0.449730478469974	0.847174769821429	9.61116020403254
35	0.831308456563804	0.851653015878936	375.359139459719	0.413557096851215	0.907909627508229	9.2204932799765
120	0.982158908970995	4.33955294989503	383.641657668084	0.421006376498746	0.929908970549421	34.6155573588791
235	0.950506609487664	5.00252555558029	530.486411062051	0.371621788649671	1.08432742010895	42.2431673873494
169	0.985783467100329	4.86312712024997	553.596283905479	0.328744164937756	1.10773772180236	40.1201952330437
48	0.802334202746998	0.976338116587484	439.459349541285	0.406429651508173	0.986750038106427	10.7465415131393
122	0.905022540797911	2.17005943354664	524.473820673071	0.327152852205061	1.08216227226946	20.3565501219726
47	0.624634981542378	0.517634152654378	535.667360765192	0.300391731932467	1.0968680221751	8.82919536161248
264	0.968725052478249	6.17230094934896	404.565854479934	0.385809768488745	1.00326770938174	53.1082742220751
91	0.95666385389935	2.51509948988459	515.355156908047	0.33290052301389	1.02229216125155	21.0981160079459
31	0.944773317627616	1.3183273878794	303.440775291305	0.395038266720893	0.670018152834981	11.4144428447919
68	0.761203907707208	1.24747093736275	452.036956411627	0.352990500709295	1.06322957045237	12.6702663132265
101	0.938407508539255	2.72231110428516	418.587782179223	0.397681814553942	1.01194706555652	22.8605018096832
108	0.924837258543246	2.56361950703652	513.819796748016	0.328431996775182	1.13473019559752	21.0749139157439
184	0.684729075309491	2.99277332875814	378.680704237302	0.409822646861975	0.944642148596122	30.8841247637631
60	0.427937513991039	0.486773791714428	671.13333801424	0.291927167905852	1.21843394497559	9.29174572026699
153	0.958642132313748	3.9421399541957	594.949202269953	0.35919613011507	1.18108622488173	31.6279121437233
123	0.976200947548247	3.84627463526165	372.888321890299	0.38339408071829	0.910663530279872	31.3627623603265
97	0.869610547379663	2.57964856837932	423.373253757567	0.446157355218105	0.989807263400136	20.0952192701585
37	0.816033735956037	1.25270021986527	255.938725060063	0.509558811299988	0.719944584091914	10.7364527245397
241	0.900277036905465	4.7510912754623	437.180032812988	0.382681619100881	1.00737709354907	36.997431797841
144	0.924313999108144	3.25112185876644	419.511305209693	0.358732217975271	1.03389489520138	29.9046167618239
134	0.954266813301101	3.61302097680617	392.02457328746	0.39493066318152	0.968034082168372	32.2818863875331
43	0.912453307455539	1.22636565581428	316.679219917403	0.414109850801027	0.924422429094399	12.118265516213
107	0.905953953629331	2.31055361503799	498.305713200175	0.330100559495712	1.09543767539317	20.7293291785694
108	0.863046242773455	2.36133945814196	396.126347924595	0.39098012103856	0.939210792714413	21.8593744355113
43	0.5714975766271	1.21346746084212	369.922991263093	0.444248258835451	0.903471339289422	9.82626116966633
52	0.704440141646218	0.993712323832522	517.458213297366	0.352441528475752	1.05955958797355	10.2299840238063
42	0.808775752519912	0.92152218782091	345.832574274175	0.348249566750284	0.986946834502752	9.99651293624725
47	0.926223930878326	1.43815827883248	307.114671069257	0.425379224103333	0.815184764209139	13.0811336156816
98	0.959853484937136	3.11617883376187	394.762536983076	0.391290516201493	1.02540355500666	25.8244257942201
88	0.939063988756401	2.80838189819674	468.238005625091	0.443172558330057	1.01030470046357	23.3956020834927
44	0.987880521847604	2.48414599331387	210.89276713858	0.523152874236466	0.528274741818966	20.7944420635162
43	0.749492920363322	0.77724668861353	435.145065611786	0.338080805745232	1.04256072012952	9.33570285892692
53	0.921626079983407	1.45858442387714	366.060196120902	0.411523547606761	0.940743550293468	13.6562123841902
43	0.772494443386183	0.661036989231367	526.541009751025	0.34466381092493	1.06921831085647	9.28224308183627
55	0.720428357392774	0.925093114834289	517.983341803742	0.320111763975614	1.08194362514779	10.5431399438333
40	0.904361721004236	1.43602256389956	329.35585187742	0.408071848938722	0.697542520324793	12.5041344499535
65	0.89244234211516	1.48326726704364	520.206893885889	0.364767530409756	1.05947351700881	14.083464099056
146	0.944841942764401	4.05673410937065	465.940256245605	0.386411980154834	1.04349541707984	34.5452062168912
138	0.953838744691917	3.47644251279785	597.644771520477	0.363752558579035	1.16885211140263	27.6112888635963
54	0.972529701552546	2.56682075304195	289.669234958786	0.503884868118396	0.818393226974309	21.4476492244039
116	0.969338062640692	3.75182377667032	502.896569827654	0.394213640580212	0.942446848028306	29.4275573636411
37	0.832603199754942	1.0298146474837	406.456912224294	0.452288532876768	0.876616240674607	9.99862831504771
66	0.927499746585011	1.87587288196379	380.296706072972	0.344333641384836	0.97013828565356	16.4322897891321
60	0.871005357185376	1.71366040152791	392.875490403166	0.39031653645249	0.884826459345197	15.080540922669
142	0.962077160117637	3.64935334803843	514.58298301723	0.352427753871867	0.999902332082447	30.6021342914386
44	0.672740042727811	0.92702424372691	371.615177096403	0.371064908591622	0.937647020910889	9.45146523131078
113	0.948700612189106	3.30661650824833	448.382226314346	0.369731733826062	1.03631155024098	27.6748655354732
77	0.771793027489971	1.67741344705632	292.44559844584	0.489795479560185	0.788287148090324	15.4066954846924
81	0.96172420969184	2.38516437198473	424.620637646302	0.404702316882758	0.931663239999058	20.2627014444839
43	0.774346438356036	0.884419535111232	457.239927119384	0.369884873166189	0.94873561394252	9.78473761693511
70	0.89608149644196	1.72382834832568	415.508300270412	0.350170541551314	1.02273826313803	15.5613042378935
95	0.746864592664637	1.32449236776216	594.078337630813	0.330790984970955	1.21274758177038	14.4970463564571
87	0.794553502835414	1.67560687385883	518.03664267276	0.389098970798929	1.05446368934458	15.2169461824406
55	0.828202968437154	1.27516699191096	405.874881352643	0.357268428781225	0.960033566783113	12.0378724903961
73	0.838652262164139	1.36469216802248	426.701692213512	0.374664455066177	1.04731995153696	13.9434497287193
42	0.703945948199709	1.05958774883545	359.237478578475	0.41314098947875	0.88768797415555	9.58797306156234
43	0.766768091163024	1.04399142300387	383.962823640581	0.350488502017647	0.979222422226767	10.06651541041
53	0.899971283548418	1.69875158699523	419.428649633839	0.379787971615805	0.937484524937398	14.2083681168616
33	0.911654218841122	1.2341630490786	364.27046559786	0.452467542714222	0.828404160240992	10.6914679682856
40	0.959325685042318	1.6913864210607	296.234487975439	0.440147268011045	0.699221677365543	14.1647498615483
61	0.967455005087483	2.64159877620893	301.810425341902	0.407663402804303	0.821169557831928	21.1204021504018
106	0.619264803365265	1.84959913904396	286.20160287306	0.48437257926442	0.7767798226317	18.0518460582469
58	0.961465797546842	2.05992492991423	349.490638661871	0.413723370429253	0.689025598769101	17.4496664650063
54	0.74189570449466	1.23411980386246	390.649677769327	0.426382947933854	0.964154958241604	11.4455864596404
53	0.87642129882711	1.13652925021637	447.901301504936	0.351068776548371	0.973888151106041	11.9970514807637
49	0.86822927654045	1.27770069842179	355.630916823809	0.394047922240749	0.96241109987637	11.8265902155094
68	0.923084607456267	1.87321288806383	406.980398461405	0.393176314028328	0.992524996707823	16.5867108888123
80	0.912307067129853	1.79199900647703	555.365747438714	0.372929972409226	1.07101584598996	16.9302353081299
81	0.764226325871387	2.35251442721926	397.484479534553	0.436112264780665	1.0378544749858	18.7407112023038
48	0.923404912699867	1.66040013331153	337.037552058746	0.42220566397037	0.855315122233454	14.3467526173133
44	0.970099720450236	1.89459518291146	269.674278100493	0.485579891997004	0.659931252637625	15.7817628403911
34	0.982021779870754	1.84842531819812	196	0.576134349359502	0.484718098364122	15.3298153800377
35	0.768083214985926	0.603665939209104	459.984047659322	0.36350453645221	0.902940633951667	8.34721569840455
66	0.893352298530141	1.72856915246606	444.619727247249	0.357612300004907	1.03323542227334	15.1806219094433
60	0.957718010335698	1.9826338213662	383.013242400282	0.392402441510045	0.968908918389266	17.0547787859262
47	0.949994081464828	1.81393342281572	305.679400987534	0.447854875012486	0.800262020735062	15.5438110536222
69	0.902844994376754	2.00790468303584	285.812464474875	0.399394442137113	0.824625687021427	18.4610050338606
32	0.861792795002111	1.11148834373363	303.977821646712	0.507854945290504	0.758605318157806	10.01005835114
53	0.919762666572764	1.51101580171049	433.205092508654	0.409763036623924	0.859622540515478	13.9196189280157
51	0.876116425439321	1.23888721794107	430.562959617143	0.390580237602641	1.0028139560762	12.1464108584273
56	0.612251575079197	1.3394092853595	528.927133382175	0.378395350974978	0.965373178188913	11.0920836477156
57	0.844010099829034	1.21441061297931	548.911545357689	0.375107526190493	1.07162364530223	12.338771254315
34	0.939780309590668	1.34013142892658	325.358715328966	0.534837465751108	0.685100935636187	11.8318646171489
49	0.801432736107948	0.987463413674801	461.943504007188	0.401778354031635	1.0289467202152	10.7767258895929
37	0.788914114070867	0.684616527938123	548.116805977893	0.336662196956775	0.882583240164591	8.80770012982197
43	0.810713727206775	0.869795966025569	446.891266687713	0.359447096850587	1.05544659601223	9.9148675611112
40	0.927785865783858	1.2272196695795	374.009528107909	0.407176563363176	0.914649279724096	11.9388838917045
33	0.664102547041655	0.623955766978881	427.938920238529	0.382988107245987	0.970730016232895	7.77484886836032
44	0.689728374226188	0.565555952499265	664.267706822422	0.309802994587409	1.10484955182663	8.8614532292972
40	0.412204970988562	0.477146997313815	608.657411507337	0.409457531770593	0.867819165454559	7.63028661653874
31	0.842110333033862	0.806709695755826	352.390518975649	0.4576200972097	0.887657007029146	8.89906875263831
34	0.904869378074611	1.04510119513993	368.994656797009	0.355448825268933	1.05037334412345	10.1648811486573
