s.area	m.eccentricity	s.radius.sd	h.sva.s2	h.idm.s1	h.sen.s1	m.majoraxis
68	0.952970785997722	2.40529402590482	263.604953175214	0.394898923493864	0.924535022257423	20.7525748275745
393	0.840118253322066	5.59724863715177	431.024293985026	0.34590538237597	1.21822759254585	45.3740655500093
98	0.891543016485697	2.21513776267704	302.574706353531	0.428412717953037	1.01716254486295	20.1222168643998
41	0.892898724619289	1.01762869703591	296.947266020266	0.377091216827687	1.00511943665414	10.8245686235782
96	0.758178323073525	2.34423346933529	331.974294084366	0.396593891087524	1.01163070744014	18.4551543534839
150	0.758052063107186	2.45397901532363	376.667699549507	0.337546281352935	1.14764106264334	22.3562149141778
49	0.788214412185915	1.22015646559516	310.1185305122	0.408329931044863	1.02108629165755	11.369022457737
73	0.864575217942139	1.49202121709659	424.53709726852	0.348069814059584	1.12945914286104	14.3229582043444
87	0.958296557090145	2.6487991719542	411.44374566234	0.336124805702811	1.17522562183064	22.124054947687
406	0.989417723447009	10.0106175493455	369.691420661575	0.37463275810392	1.16171356662522	77.5735492162111
59	0.896350227489805	1.75933556987186	305.306925216966	0.376848640495699	0.971904953017236	14.6989813066325
57	0.907806868621212	1.39465105797464	430.325632979194	0.317514338828831	1.13657605559755	13.5128091546203
31	0.803057774386357	0.847658982867653	307.990440360538	0.377454768307379	0.989936129213468	8.57879564658237
48	0.906139213152576	1.46453636680279	318.154528416001	0.352523385610607	0.970050380233872	13.0086073808731
200	0.958963989574151	4.74190951312811	469.540635498295	0.345251665658632	1.23801197877181	35.7190799213816
34	0.818346359952834	0.737719030578189	282.1226535048	0.415281024969606	0.91948689832494	8.81940766297568
215	0.92155126160578	4.21895802193771	363.132051868823	0.356361008409343	1.10166358629965	34.3877902284904
460	0.769719517028404	5.63865921713136	349.807713056418	0.364927363439826	1.10216532737898	46.0722599454737
290	0.860746633625818	5.70334627507204	393.821604141928	0.368854981796158	1.15588059141782	43.6417417271159
197	0.866460322826604	3.94398483720778	399.453252464233	0.35201098063078	1.11906699766723	32.9699112527211
33	0.556738916013744	0.516906373787518	321.443399564416	0.38294911311718	0.98574821346876	7.28219406711198
39	0.922894292195284	1.30667724972752	590.916177789322	0.255309586795655	1.24883998819226	11.7295177761375
550	0.961357610099521	9.42965657662203	511.285895279528	0.340759775110808	1.26146524318762	74.1708177485981
54	0.735330145572147	0.722395715560523	404.114884910282	0.355567630136714	1.13858185559246	10.2490916126699
220	0.620841626689433	3.31070350047006	424.398252714093	0.328840653919563	1.18023152758819	25.2341869706563
389	0.871141165970226	5.05328341925218	465.328862020458	0.350603627401573	1.22322368882945	44.2338877109709
114	0.876097477875586	2.38033258560673	405.796279229387	0.362248631771384	1.14238891120973	20.6143275855611
97	0.942080834766464	2.35917551358573	423.314272711407	0.33887396049896	1.1726321796282	20.1638790356016
64	0.845935658133083	1.28176481568907	393.986637549421	0.328580235113645	1.13218261051556	12.9459659397414
324	0.986582137769263	8.40024600009849	347.003937513978	0.388378908910878	1.10272579622453	67.4279068997631
150	0.920730355644078	2.90669771943368	344.264477139301	0.390613825363825	1.07141773086379	27.0681539568816
31	0.852499730627696	0.907628792792653	197.866064086068	0.450258434436933	0.841733749595839	9.1666954598982
50	0.873324714905264	1.11724421965483	338.887146014267	0.348935814218692	0.969541514963915	11.605725078551
164	0.940660156978138	3.52896237820207	436.26663598625	0.34405225182315	1.16656162111524	29.7254269365321
174	0.918240446036141	3.86855023048933	313.082792910245	0.379346449780394	1.03148431245542	32.8356538708214
61	0.875285372504549	1.22098570436584	379.019142696864	0.349011774287699	1.08754484114262	12.951242551587
44	0.954888032460608	1.56636706669041	246.322932195764	0.421470236176118	0.868049473070193	14.0356262334378
66	0.871637180840913	1.38802604114029	346.722682455017	0.368526843585667	1.0196521670145	13.9274748461254
83	0.858447556890821	1.77980820579767	373.610268887493	0.361985386305099	1.06127631953135	16.2181142453406
263	0.881328705067978	4.67944714806815	408.710507899374	0.354393038932414	1.15926488446483	39.1741182045527
188	0.948674670809735	3.83696666917465	491.763811879436	0.321594547142886	1.1838913008116	32.841688210396
31	0.861466869205119	1.08127350957296	204.743419759922	0.446058512234983	0.816200871107336	9.56492233850972
48	0.600086525222187	0.521621329472416	364.417494678181	0.325647819765467	1.07493495405158	8.85395376944031
421	0.818107263525962	5.12535368219525	413.093442963973	0.354610837959778	1.17098911239721	44.0787751942928
66	0.980574113071223	2.83701062278772	239.830003552046	0.434742709309113	0.867431732611202	22.8917631703142
57	0.993700662171461	3.35708546893455	149.068382762571	0.640820512820513	0.506443439337808	26.2592582212834
141	0.923197452102926	3.47763919752594	422.136131606931	0.378633518481547	1.11893723730958	26.2918262018628
550	0.959547978308919	8.77662883955473	345.551997012714	0.380084753172237	1.08902684681154	81.0329989642799
72	0.876196264741952	1.41409257566718	435.850961513167	0.327311188668655	1.13752637709059	14.1134375767119
59	0.816287126386697	0.927204121524517	504.953552651305	0.313001763075293	1.14768223145443	11.4568599109219
363	0.964691063166501	6.99446539322085	350.586801067925	0.369092962050254	1.07845694166624	57.7566613135037
99	0.772163515885169	2.13820924755067	286.044630883989	0.39830496225699	0.991747732760046	18.0128105477248
93	0.736743609756423	1.20619980119692	397.352177064154	0.318291311673665	1.15697113301263	13.9200817248259
758	0.543916299515656	8.29656820706829	402.953824464724	0.347044090474639	1.16961211052327	61.4459010510526
84	0.940676970905319	2.18282946949042	350.313577386069	0.36370386676269	1.0854279124371	18.775727707549
192	0.925128430609148	3.15580686371731	438.548827914903	0.325425531324454	1.18611041818611	28.3568977929429
356	0.933072946437259	6.35519358734815	374.423359825305	0.343263639505748	1.13921700314471	52.7272805854222
115	0.649343817238047	1.32692877523962	681.516485248034	0.303638165384678	1.36522465723366	14.6142196735594
102	0.95388256318945	2.57944134010358	383.188923894033	0.352041178740721	1.04934774255646	21.8978393956776
34	0.811624004448436	0.676438871191813	306.26925777555	0.368083198077487	0.939572551491213	8.62264551142656
32	0.869071266678663	0.836143375864796	240.769598445359	0.403468993206165	0.895520221265622	9.16474832151604
778	0.820159819229198	10.4560597844358	473.159966191755	0.339631563035847	1.24407456730019	74.9703618026205
32	0.77269124658126	0.592583673813877	282.703110115961	0.398880299685253	0.984814131519346	8.12948361554044
709	0.968863084006367	9.64130394513291	507.542352570541	0.344695927931222	1.24795315205751	85.4327161700002
92	0.878033244497878	2.05037077738478	350.965065946281	0.351517720598972	1.09213923072244	17.8663526424548
322	0.926811927220504	5.59604771164612	414.410477996003	0.346064079423213	1.14863588726644	51.3322919170711
31	0.886351135598154	0.952287567388015	221.037595432774	0.384069680540269	0.815296660358191	9.39352757396643
40	0.822068560958816	0.809867739062885	322.03535007111	0.375092793260585	0.979406121361466	9.60438157299733
71	0.96576497905915	2.5281849798113	218.901586070325	0.466583040700688	0.837777470548498	21.2525940823421
502	0.84801256679991	5.46148306933853	341.124007272437	0.376537598529387	1.10087354207821	52.3314961397064
51	0.938347552180254	1.66081884051909	292.028881099033	0.384584203529175	0.911496804225616	14.4511729073407
36	0.476455517897191	0.469842292382571	334.754709505466	0.35241677876972	1.0024393957697	7.35791098136012
293	0.977103292547388	6.50804520490336	486.994330050212	0.336169223150901	1.2470680583133	57.3576986369671
129	0.895852131823607	2.54247464529438	475.471657323511	0.316941329624122	1.21374679527213	22.1301997300063
91	0.831486662685332	1.98477032092014	300.57906431168	0.401300569722477	1.01939294050241	17.8388171534637
65	0.896318333432453	1.60781563231198	339.94914589549	0.362508634395044	1.0470713705484	14.6012513142077
265	0.888188903745978	4.60047877918034	354.347234597125	0.359768467681781	1.13077759546842	41.7699734509607
83	0.769190211112061	1.77976311380291	405.853715771261	0.371863445790194	1.13132477295019	14.9737140647317
545	0.952217750404988	9.09410985106624	313.153864631257	0.391125176605808	1.05169920107235	76.4522754327333
113	0.842494024230817	2.26316776269358	385.95428710453	0.362756054807705	1.11789873227631	19.6540978041831
129	0.292538440513403	2.42547988380841	433.233504593584	0.365523263195592	1.16314318949838	17.2104461577711
119	0.812029489942088	1.53539454745213	652.403510560122	0.311655758841768	1.30971859698203	16.8959965307527
141	0.920915919596298	2.80263271295426	478.947605788934	0.33246822284797	1.25519122441742	23.6902857507092
52	0.927689570618154	1.77536744778033	269.346517119181	0.423370413266607	0.91266970387488	15.1140976868004
66	0.949812943637193	2.16429359685545	242.818989616704	0.420165714749291	0.87067191962208	17.8311118724626
233	0.950916666720655	4.30758320583168	427.092939298981	0.382355419804038	1.16664348622148	40.4177520776901
58	0.744769153314592	1.4418248429454	222.325814454488	0.475777472500677	0.82471456088219	13.7442559292313
67	0.330280769567252	0.436752295044176	534.935037117609	0.322896103091302	1.25504174733769	9.60012778013197
53	0.943207565644022	1.63110510514068	285.504909546598	0.418487495413966	0.947392109658317	14.6933608064126
782	0.957271546450427	11.2206462982597	448.268366695887	0.355857281209815	1.21316345516386	95.5881316938939
112	0.951247954122132	3.53535172238492	457.90156845678	0.402350668512975	1.15797602232378	26.4779341352286
188	0.983059247181567	5.47172877152834	365.528015027859	0.378586543999487	1.10365467983867	43.8437813839187
68	0.710836661270087	1.32634512917669	362.792129378844	0.363986293986294	1.07238145231769	12.4676825349692
797	0.980933671873032	15.8995567331502	328.313370037176	0.380335143655047	1.07903189797583	129.298111992428
220	0.940478228157396	4.54776386341821	363.0967114669	0.392646576354693	1.10235990989791	39.9460857757296
40	0.879144576943431	0.981803614110696	276.929555492772	0.402156508559594	0.944682793424117	10.494631537862
101	0.879127847395514	1.87464596131807	409.433324155735	0.316171360436066	1.15847038010823	17.6836655777002
67	0.683184181846395	0.869711758383221	410.404353310729	0.299578023445872	1.16792832347311	11.207141573616
124	0.921468194085164	2.50507770224704	446.639292146717	0.332296845340323	1.16495858224913	22.1217741237281
41	0.755671636815839	0.687254329247736	393.355868497966	0.346572554668895	1.00256071417293	9.02566624144028
1346	0.875605898333737	13.8469645444654	475.354950925714	0.335713369417817	1.24410398842989	130.315944769824
1004	0.978407658984306	14.98740653895	419.792359840094	0.368393299463695	1.18960988504099	124.757452498723
38	0.906833947676734	1.14819964395326	249.43291130851	0.378212626006744	0.844407062168427	11.2091726480576
148	0.964729115220188	4.16016861162327	378.943400581442	0.346168930815744	1.07379882312116	33.6536503829322
469	0.925271841206361	6.68451769631755	322.898339311479	0.377318508966656	1.08333159056501	58.1614007292501
56	0.678000709995949	0.69981388088594	432.811637863989	0.379323250852663	0.978472670800068	10.025278481436
34	0.952024497112278	1.44031090041662	233.54612109034	0.434042553191489	0.642237329895403	12.421656069109
74	0.835895033545014	1.17338174919704	441.328755002424	0.335704855181979	1.09085055333872	13.3856351106571
69	0.977257651159185	3.01500064319722	168.33182443215	0.464453441295547	0.621247738592529	26.4100525054021
81	0.864300694684495	1.57962365143709	379.972598076787	0.379422143316667	1.11980945270707	15.3566372622477
371	0.839362610942586	6.15086253775092	337.679720651085	0.387317168320368	1.1048060497456	44.3028000636671
117	0.881088527320722	2.84737994273356	278.039527002663	0.424565381348621	0.991942890839737	23.4176479345592
71	0.887037585555595	1.85983069654955	436.299825639613	0.328153748070141	1.2286459366356	15.2341534524047
32	0.662462327010278	0.530833397063321	362.759676544127	0.369080551139375	0.885430630487467	7.47251435728596
740	0.971800601108737	12.6833649175175	430.265774488168	0.341443815580286	1.2071512058223	108.451178915263
185	0.969201350349952	5.39758726773873	265.369034783116	0.421239313004019	0.947335283216589	46.4553917959663
93	0.391144773070326	1.36189101067616	439.21677980108	0.336431804628777	1.18803300835853	12.5537515885157
919	0.952518553039932	12.2571888226396	384.137968123289	0.362693793097271	1.16536951336174	103.183893836759
244	0.495897503276215	1.47023693140741	386.760624367209	0.341564909347715	1.18002103116627	23.4578466032674
96	0.940091767592076	2.90147054081081	304.845194891226	0.430007701231867	0.977472792726024	22.3173905300778
88	0.74420410204536	1.38472005100108	428.205200501148	0.37282358585526	1.15960646789632	14.0283132063611
379	0.829054441605405	6.19496639331328	353.152338588727	0.369074618377344	1.11201988448603	49.0220041447604
324	0.898109847367628	4.72411425582354	488.504830639961	0.329570581166911	1.27859264430152	44.4177461347385
76	0.775731046594784	1.2286512490563	456.705587421129	0.336857097208141	1.16684511105178	13.220150361679
42	0.905372650987302	1.17390387773176	232.086426633896	0.396587124053544	0.922481485255744	11.5198818621544
66	0.840651773805585	1.10443436978497	479.47749498082	0.307756219230911	1.17325053773173	12.647050630576
103	0.986711281812702	3.75415442995855	319.064882666399	0.409342022913321	1.00304535668374	31.3497315326579
309	0.629570654351796	4.16720887328909	335.700954757408	0.37475803382732	1.04547889970277	34.8048717957652
458	0.976848875436512	9.04630924517591	531.154104984506	0.343912094707488	1.26381848955175	74.8265523537018
69	0.943613582317228	2.27401626614947	287.360722671611	0.388871432819021	0.962171244673016	18.8266850879941
43	0.946227563195921	1.56487672441852	252.128574405594	0.442949932738168	0.85955719746617	13.3502165012065
98	0.973924677912409	3.40905182973066	335.990333872445	0.36167224742731	0.966860666903281	26.8765753814474
618	0.966536856838562	10.3771447728379	365.455848294438	0.363707486615999	1.12387102061144	89.0587883723107
255	0.969132223629445	6.73129508017	276.811945875651	0.42178730400026	0.947944744818195	54.6905781372588
204	0.862627209799769	3.07058711184125	406.838443642439	0.340293524401528	1.1740192757052	27.8908480426456
100	0.963976818902922	2.88780321667688	393.595532686403	0.334104025361944	1.11378110322009	23.5385779171385
81	0.485455942526831	0.818416896696704	572.828625620371	0.3156222829164	1.2618922735217	11.3310259298861
142	0.95607762931257	3.65639569160784	401.494768211064	0.343612116553293	1.15312428565374	29.8324350645692
349	0.898620432260909	4.35512375818533	472.476675717306	0.342070334824232	1.22766916893653	41.6904905448466
51	0.857552752878278	1.20084146916209	292.616806433126	0.4093269327521	0.96867892961138	12.0180052638279
174	0.977850095241901	4.79433796193406	360.10212425401	0.370312781241074	1.11763456688067	40.1738641054573
166	0.943920880721365	4.16295616910682	340.433008083614	0.369008820269005	1.09048276455578	38.051435932496
162	0.926812201179346	3.4418631878361	528.036181133786	0.359159974454092	1.26258528751978	28.1930766427943
32	0.808802742456781	0.679056534825337	319.854605028882	0.364809999806904	0.904172918519892	8.39475344366624
115	0.760815348450212	1.29866723226825	603.500453780353	0.291597541451229	1.33430828856905	15.6105412653647
118	0.940305049680792	2.44716401966455	431.756097375653	0.33409423377991	1.18699837224486	22.1919904663847
285	0.941883373760288	5.25572738636325	448.614623929761	0.349137714314185	1.18009765726939	45.5958191924518
238	0.921737559031015	4.17712580682964	330.544468677935	0.360887498559131	1.08026721404369	36.3846481171255
53	0.875598645525183	1.38400794264855	293.269575515435	0.419089469389136	0.941979290439729	12.8723877329315
262	0.7106311562184	3.61434226799176	507.873459611047	0.342700127216342	1.27313068833268	28.3100967433251
381	0.638096976409455	3.50950861471432	313.487128360552	0.385069495860571	1.05238308092982	36.9625115998971
196	0.878485911201341	3.09414984240974	557.413056191409	0.3265893759692	1.30563543314534	27.478793574303
99	0.88657780612029	1.73320241735041	445.674783934671	0.305425402366579	1.18846775838779	17.1420467883749
326	0.969433552710679	6.94052705202246	400.351077073737	0.369372584660081	1.15233115748164	55.077510278862
90	0.968579904488266	3.03367590364673	276.389121427232	0.3780350603121	0.997210108736722	24.7745665456376
74	0.469969924030364	0.594891679219377	567.444599598608	0.32000727799867	1.23604751895893	10.4925712414693
68	0.782564859085759	0.936931034101801	441.227616388705	0.330786593260875	1.17420154370316	12.054835497742
68	0.748269996475737	1.258155414034	368.146115385974	0.346943799315716	1.06373645237069	12.427692924023
134	0.781666430077516	2.52476004797192	326.804763277947	0.381240408083822	1.04619246762686	21.9774852924585
462	0.610487525469242	3.90772977970943	444.624744595831	0.340271947088199	1.23862216776894	39.8549540769981
43	0.885686570348547	1.06759392716077	303.767880901855	0.369565707212766	0.992713097244897	11.0021866619425
197	0.729387165421193	2.72718489518137	427.815812485555	0.340405749241794	1.18336088583508	22.9865358258541
130	0.837913682418776	2.3125633458147	508.189123821384	0.339139020043997	1.24484308486719	19.7916426988253
112	0.89191751536989	2.44133782029461	386.468230285393	0.367579864186199	1.12585716752477	20.9399103104742
102	0.919904963449516	2.54903825634025	342.086758011212	0.427553210612034	1.037546902675	22.366072247311
92	0.882282743673087	1.98705812086891	337.322165734062	0.379852182037056	1.04786470174403	17.8615948586558
62	0.642304031863622	0.597828658341757	473.140722839461	0.323056657174304	1.18436053259116	10.2769351621058
137	0.889703203492444	2.49376237819034	449.954762027498	0.320940972198891	1.20355625123277	22.0697609789406
52	0.940630717841034	1.68238980214741	273.35248840304	0.382409258058537	0.945707000313835	14.781396539999
446	0.953808691515036	9.10488311141123	433.715855422616	0.33868620950656	1.19138714562983	74.5606391811263
180	0.92784030344212	4.40727731764187	410.401717906295	0.360651649953121	1.13589317580512	35.7645364305901
46	0.85917899071837	1.06531497858803	292.104251582173	0.382359210909335	1.00306170108449	11.0326862943495
41	0.665201906237788	0.668043333098069	353.936712447073	0.333164637898311	1.01857540731343	8.58773949937065
187	0.912465393498417	3.95794982864065	318.999754969644	0.416249255004553	0.974172194951149	39.9536306383666
53	0.811045097530544	1.50017508120718	247.457098347617	0.448863255314868	0.855207324238028	12.9083825806739
34	0.687040095385766	0.438504455185497	346.501817990628	0.350827790895664	0.952834411738274	7.69447234038446
143	0.936305999318543	2.99740423495953	423.395260585157	0.339602764421048	1.18594455289074	25.7223345613704
238	0.539703283647528	2.7044267503758	422.042116425618	0.330270131123853	1.19257314998315	23.6987033531719
339	0.935676801777804	6.34208377233467	407.265473052569	0.337021312312276	1.17256445014213	51.8298922584441
97	0.838364049615672	1.54700871369098	447.333242514916	0.340365345522876	1.2078322773227	15.7852207919817
141	0.86730128525987	3.52392478547215	308.204844944513	0.385454317629604	1.04601432853	27.8101857131767
119	0.923332078637692	3.88429694358621	244.052706133604	0.473709198313951	0.888108744792929	30.5641168880173
123	0.958296685613642	3.2933367618588	305.871340134554	0.363855509045118	1.03240862153872	26.7508769786809
312	0.80901783961551	4.96605393242106	355.227867805285	0.376152143818026	1.11754418480673	41.3360371194368
615	0.644297054556132	6.83489176390354	373.0468734755	0.357258660587996	1.14738771741108	55.9432829550855
196	0.967314065637648	4.32899232301172	490.218027226169	0.33498407937791	1.26914169617812	34.2043277063329
31	0.75558980304162	0.734706813722715	307.697340760774	0.415432296699265	0.941456339469894	8.08445675270632
76	0.709484737384414	0.952005065779335	463.98749020449	0.294981185307983	1.22528131234578	12.1677291724752
133	0.887687442741338	2.53320180805872	542.732323339729	0.308677360251287	1.27730026136353	21.8069192608659
274	0.826512320799816	3.71504057916017	388.00522325893	0.350528430164037	1.16787992354788	32.902395447008
57	0.96255139552948	2.37632161946438	168.298597577337	0.473173076923077	0.666224941441632	20.5419329138029
75	0.871138669186323	1.39326736239979	452.531629722498	0.333416453155015	1.16036156643775	14.3333617278826
215	0.944521677987745	4.49038332322967	361.913634839884	0.385148594653239	1.10898734539577	38.0395850483696
1085	0.954511487873697	14.3296389084627	362.3603294254	0.366564015587051	1.13206342313428	111.286973383667
110	0.853361245968836	2.24508556727798	252.862358465212	0.482076276015449	0.895058129478738	23.2048348729494
167	0.503938589751075	1.66211558232941	599.548264247754	0.316600641389228	1.32773698712926	17.2318600417004
79	0.8133796399343	1.44548176281879	396.8680854334	0.338553135899237	1.10565009401492	14.0044645102227
250	0.911494350439138	4.67357134892995	489.637205209995	0.336921732418739	1.25380737497915	39.7229055741075
70	0.879624634876962	1.38024539604152	415.167004049172	0.342795215332142	1.0605074948752	14.1041012338134
226	0.875227289060203	3.62979181018145	350.157183638803	0.359272700614917	1.11249545602322	35.6742500099077
141	0.939760301666948	3.32039736281178	384.911373981225	0.353050728352637	1.09602632649853	30.9083250400679
74	0.519241137978363	0.812305557491307	514.009585703684	0.319435091199797	1.20738927938145	10.9380179151829
2494	0.980367647739295	27.7343301437049	352.642887514147	0.37418070754796	1.11992901329521	238.605264041621
44	0.925265012067899	1.35252321018771	250.172853664534	0.386728298059567	0.93581972417151	12.404972450961
73	0.795895776507595	1.1098359179415	423.157872409087	0.33042747209619	1.15043949247606	12.9072420674706
79	0.819382772240962	1.19874233866222	486.104281283964	0.307999469271329	1.17688411676405	13.6820458433109
152	0.870708814232401	3.13999777091169	311.545855471785	0.373539776201541	1.06057735342774	28.6899723530554
129	0.926713498179306	2.86754572102572	288.460078238163	0.418779731848094	1.00933304112891	26.0558549399888
146	0.886372695248141	2.82677965663604	361.085356446946	0.347066385857986	1.09790145778353	26.8473990708219
75	0.829777148087529	1.70906605648817	356.473195182681	0.380528248401551	1.01887855727401	14.8586946169031
426	0.985098492984623	9.97729577320574	425.588110621553	0.363764376257735	1.19290661797214	70.3041275407094
144	0.891883297419446	2.57842997341077	581.786443869798	0.313076247570752	1.30332025071034	22.2263111403859
139	0.894421768014696	2.38171861195889	603.71793639019	0.315911750394854	1.29116627871791	21.412737851105
1028	0.949968078999724	11.6046626600385	395.423783283352	0.365120633288202	1.17342656534496	97.2703729930458
42	0.664130910488778	0.547732448215841	590.957221577566	0.286944133767663	1.18654746527767	8.51888658049984
271	0.958425083345936	5.30483184952125	437.405376264045	0.32118096456558	1.20003962201296	43.5533869361517
65	0.822813935349507	1.02659827157629	479.469040084198	0.342350147535539	1.11950917309964	12.2242533111347
36	0.742032842874433	0.603707751446485	290.177967053306	0.408622439534474	0.965793094025356	8.43856129808422
112	0.893733824610381	2.34560304085737	317.603966464622	0.430723464913141	0.984313391955093	21.8172175693212
118	0.961772217890408	3.16739621237619	387.320811552838	0.349617079626223	1.13436191649841	26.237140940354
212	0.969163629323829	4.87599313007879	433.63716134435	0.351239800382854	1.18687169562805	40.105943353592
52	0.949365896200012	1.72475392545696	256.178078983191	0.426517083120857	0.925075005932236	15.0674848546401
117	0.930584464447324	2.88289640643949	387.853893669187	0.365211654997893	1.12651813416683	23.6927776264086
501	0.953813955534168	8.40691075499045	391.602918214997	0.342251732759271	1.16532207190217	70.1684299420336
288	0.936547230841301	5.52608511069794	313.186414581446	0.370547478462955	1.03076828366585	43.1540876987297
138	0.945907794832545	4.04193508873905	326.113613174902	0.397378269547724	1.0712760366921	31.3363788843731
416	0.929045862051688	6.88112789854448	400.726073772852	0.349663058837812	1.17587751985546	53.897535080193
52	0.846756882162141	1.06162279066993	338.886428185221	0.353300900503196	1.04933729165692	11.4607447731956
41	0.472710947386361	0.644459536251623	371.851355319382	0.375491216827687	0.989448599143015	8.10925889657197
223	0.976697755132832	6.17382898928068	328.556196461857	0.412794222205987	1.04940020151262	53.8687369858178
496	0.937023678292088	7.19273736104891	374.468997107021	0.375951909047121	1.12237017543703	65.4316489413121
73	0.912524058311197	1.54393345788496	427.855616877197	0.318335955636994	1.09897365285363	15.3260016882315
120	0.833496437639943	2.22306824897301	462.239518528169	0.342106824804542	1.12581465775283	19.5338301814132
92	0.916585804538076	2.32298219687029	314.880556600039	0.352535677153224	1.03814009929886	19.8242855766483
236	0.98590616380754	6.85141091719361	330.616185998396	0.373342076298732	1.05895238948006	55.5692521245772
33	0.597031297780321	0.508749240548416	305.604594920329	0.375391806285924	0.995478696846403	7.36507031804246
46	0.516502035228624	0.479535607113894	368.119211680253	0.359436675875032	1.06486205604791	8.41771774410018
96	0.617490856217185	1.17608599781857	576.781294795935	0.338643951178311	1.239558530016	13.4011967709848
586	0.996121308939371	18.0412261616577	361.84340963083	0.371301136653799	1.12189714525624	138.250108550464
42	0.869554121023487	0.982989740814661	289.846226960595	0.398180602995924	0.980412497753708	10.5255304052863
355	0.957169196609453	6.6276570321556	423.838941055871	0.344333093412573	1.20661107014636	55.4887754879517
168	0.971337478914159	4.3476075796696	349.897208939207	0.376375400261719	1.07153988230173	35.8022645618675
328	0.953904441855958	6.57845754113214	320.177623220227	0.377929396385279	1.06786797219488	55.5148365215885
113	0.512176586946861	0.879865896071082	807.648933611383	0.307177860813947	1.33920772338503	13.301779819505
69	0.901605001289579	1.48101899866004	347.15190521772	0.365413205794764	1.05302939672335	14.6825220397839
1422	0.980765703615806	20.0251997819547	405.457482628154	0.357088183065926	1.18388599641412	177.917950503155
114	0.714897297870124	2.07933166298204	481.428978432978	0.340298929089341	1.19567578202867	17.0917567831343
161	0.963150873642471	3.68471292978483	450.560826266751	0.33671704709767	1.2282724784671	30.4709345083425
123	0.968036807046647	3.28136513305756	383.964276442915	0.362829492247124	1.13398938157495	26.4364824677667
150	0.93300094166676	3.07495247963832	355.955412910041	0.349467246614245	1.10573984181748	27.0540606760577
112	0.903733950829374	2.76781116979531	376.286384537091	0.358114188371024	1.09835314693425	22.8496590740488
113	0.889453477254479	2.46660705455253	405.951805389063	0.347545875376155	1.06693523502181	21.579680301984
97	0.837795861832884	1.3979976536736	523.975417311755	0.332792144608001	1.24133141435903	15.5478501170118
153	0.902139306843242	2.57419356112566	507.935016875665	0.340217977632478	1.24049866358052	23.4966558618357
324	0.954102277851145	6.19866463016901	414.695521535591	0.348656421432363	1.17638979496047	51.7389281631538
50	0.73944300264494	0.899897160194725	308.083131096716	0.336787732704241	1.02336657438123	10.348530803389
114	0.966253282212919	3.16598289256993	391.023888984626	0.369313061419323	1.11133911809049	25.0864047544735
126	0.696278737350561	2.10213974262286	291.759961847595	0.417470998683392	0.961489379892756	19.7615700534864
627	0.977593250051594	10.2895319549131	483.143620757122	0.330010172787905	1.26416639926638	86.2756624684816
547	0.980708060309324	12.1783236438546	450.306299517299	0.346924152925374	1.22158011826881	97.4290041261588
79	0.973781547064287	2.77090653002254	274.166526465166	0.387806920641145	0.952901862531961	22.8201254662534
33	0.791661007390178	0.734771675814624	275.231237611708	0.372519386132832	0.937838982019131	8.44247821625514
64	0.970081707105687	2.45657685770943	256.222529846654	0.42986199959406	0.898119417310007	19.6729296270704
40	0.908426198147186	1.13386261669581	247.405200036673	0.407084912967266	0.905913630700984	11.2314165116466
295	0.975517440786357	6.23090398844498	433.900164882299	0.330644122767509	1.2000300688865	51.8947698484258
224	0.970176470764807	5.82527540827576	287.109752228222	0.444249378991275	1.00305167081903	53.97022652847
684	0.905100976814781	7.54857097805857	462.246984301422	0.339592495245467	1.22682527439376	71.8467842329298
46	0.845452997652105	1.32941916694448	232.090224704578	0.408229224699813	0.820254063549368	11.7626778107335
183	0.938711102704339	3.93114444691402	288.171956488953	0.370460023862086	1.04517938721697	32.3745568064189
119	0.329867548871626	2.04380360478855	421.982527304885	0.343633727163139	1.11320009692628	16.0798631688308
55	0.701721078694597	0.955182091168814	405.797173009798	0.368376927911812	1.10505667213985	10.4601008360187
52	0.836793163128862	1.21358920575785	312.449705127423	0.353929648149597	1.06371867639506	11.6720335136458
186	0.844597994684245	3.3046577955733	390.651017979386	0.339668005445524	1.12666462514167	29.2827179613205
74	0.878138136950045	1.49540173680277	400.071389317291	0.379447393094452	1.12321375889857	14.6242252377981
87	0.94814122821239	2.71710875981327	322.807047842762	0.366904272491422	1.02839587957335	22.0742325224259
278	0.731854581644136	2.71046228917334	472.641799644302	0.330860314028719	1.20722229651249	28.987718662736
69	0.731227515802699	0.957461690646221	389.284952169534	0.345089580530757	1.17976048758696	11.7979148650917
126	0.88488256234042	2.13655599765878	591.489277025168	0.298810625655046	1.28069324768651	19.5982489932763
141	0.607992150241074	2.07410310638519	440.735152614254	0.327325487155996	1.20422030890324	17.2971528503615
286	0.965159797626354	6.19594376946196	360.60119039308	0.375783273245385	1.13270359252121	53.5170246442827
42	0.870300413216951	1.23881140922558	251.187995441121	0.491692380462434	0.741689059214716	11.6712257305851
75	0.816376964909011	1.72895703592211	226.047509284137	0.394525319446974	0.888314474626447	16.5943663449795
108	0.959366857061612	3.30432252398017	296.405165340993	0.406295339116034	0.997078169863017	30.0930202181614
83	0.835300583552728	1.6755867052581	374.234557090041	0.337732701571711	1.09331740944812	15.651340769841
148	0.825428018385737	2.35824611830357	343.461535490365	0.373565125828336	1.07821662958888	23.5920522035845
159	0.951506070517902	3.60694888297697	459.333179311085	0.330987435313089	1.20456240280149	29.3441995086791
888	0.841868220830441	10.8879811977851	357.988838813121	0.358835316214716	1.12143245452751	82.6610179372797
37	0.773134549597312	1.09561389867185	255.392590466349	0.466537238596062	0.83660722045761	9.94646810189954
242	0.993726927256766	7.43592064375725	345.816794260918	0.35954050845574	1.10962921155965	58.7819249372526
64	0.945967873543248	2.06279944724268	345.502489222332	0.381490581490582	0.975728328652653	17.0059213478802
70	0.945470813700873	2.01778634138117	359.163812584501	0.363147211268653	1.00204888471465	17.5032327380307
50	0.477019130771073	0.40602714543647	414.479903470285	0.329464510743283	1.14564560429171	8.56088335523935
94	0.980807449375437	3.51227539456239	255.667634573869	0.43674867319423	0.928743171207309	28.5283242356058
99	0.731871965791968	1.33592187726227	442.087828103696	0.347318365772664	1.18787061240637	14.5106360374054
90	0.925296745002311	2.51632307090628	446.298319851072	0.352121787958892	1.13605425393162	20.155520635243
119	0.934974547788354	3.55512445443907	411.42617940091	0.402991225551779	1.10757114017202	25.9749717163768
50	0.879965122141573	1.23615002525033	279.017895405449	0.342522401543275	0.978965416443925	12.1555589200903
42	0.639714506867428	0.526608982414942	362.83620234061	0.346153080647917	1.0872711603968	8.4494248456911
52	0.831710591421635	1.53293948373144	219.895287091602	0.457234356528474	0.786360671985801	13.6307566330814
387	0.720718701586246	4.3513850415705	301.978241384306	0.404118010527747	1.02934618329075	37.1601186534364
70	0.484668592721438	0.657355271857942	539.094860927367	0.323312091162079	1.22364142677857	10.384864764454
72	0.879625311619995	1.81827613286988	362.696829203979	0.394852445205386	1.04765206110575	15.9294604877607
531	0.980891330865583	10.1536248325623	426.892985075992	0.352170825949081	1.19398698540462	82.0329480210788
54	0.909999864842346	1.74136555975338	280.378052062244	0.46151171160851	0.907382234101471	14.954634388113
97	0.889217836551586	2.3649457899625	403.520402069122	0.365963431251838	1.09009896259306	19.3176899043371
127	0.759439375047018	2.03886133698291	536.054817327395	0.351278960116429	1.26881310353011	17.8699764067501
122	0.957763172921487	3.42743178756118	278.168983555052	0.429105924188719	0.959628840767994	30.3831724812566
83	0.776568880370062	1.35932308904879	445.51176726068	0.329607453342962	1.16129253781137	13.844504616251
1381	0.980173625318634	20.8078947511078	433.253975835835	0.345245984475149	1.21538691383269	190.305417839119
107	0.769116430941976	2.50286100073302	316.33696341132	0.408045054528083	1.00233782217529	19.4571200522426
57	0.915734195869299	1.43022401852154	342.653017284318	0.389955685514178	1.00742216685817	13.9144458697255
40	0.899889685887982	1.20206786368789	227.611756860259	0.381070189576977	0.884178073925852	11.3268672207518
178	0.941750118993065	4.7020451077308	359.643825513557	0.361776745836398	1.13837996222736	36.3007669809407
63	0.888787366333668	1.75520788825676	324.07039074517	0.388104972358366	1.02808819032369	14.9106511934435
145	0.950361282763496	3.260484654699	382.243477487381	0.356596406207573	1.14415594499957	28.488472620061
116	0.943367418041932	3.29188307887817	422.108776929523	0.378446294649792	1.15311066795746	25.1286338252013
137	0.8447629979899	2.36685485287789	441.264916511714	0.337023175430415	1.21932440699965	20.4242687331961
78	0.930815080003682	2.25180323853779	309.583023773999	0.389323187291102	0.992842951837469	18.7020381064396
99	0.970831771928224	3.61408465111376	233.73558458925	0.410440547731929	0.933195218028634	28.2390198902537
127	0.902214954381879	2.66935731834018	453.129535228577	0.354402297847475	1.19246716195504	22.4401907963275
117	0.9619231664417	3.07598707597956	375.446004679592	0.356063438527835	1.11117083507987	25.6699176173095
44	0.509105695090138	0.37191510049149	391.820638275127	0.33159831583361	1.0876600205188	8.0973706192655
84	0.896673242909667	2.26671201018694	259.583112429756	0.423007051659205	0.904022753126821	20.6226542097687
145	0.832977131062253	2.78794235701567	356.302747594564	0.396467027071197	1.07924340299571	22.3852529499556
244	0.941277896332292	4.79040422709494	436.783389524612	0.356782838152244	1.2018604917688	39.4309338396746
595	0.671051997492036	5.57680568513452	360.362656442317	0.387751652648596	1.11296688235556	50.9318760041605
78	0.970950000229614	2.66570919268408	256.731464444134	0.409296869781299	0.950920398151154	21.6053995714899
42	0.827613181101901	0.840438099842112	293.204364207946	0.390328933288492	0.997183103761388	9.96874203014908
118	0.909585491342751	2.92505924184247	370.969663584157	0.369039159783426	1.12082806930971	23.1740055155785
313	0.913221791762587	4.86342804174547	497.6549018777	0.338280416475143	1.24063146751667	38.4759563331267
228	0.959324764845618	5.74842329251655	336.514982639748	0.389990668454857	1.06522527878276	46.0127589848066
41	0.817424826875174	0.853701232622297	297.736386878998	0.380888510985778	1.01046961849164	9.70535933110289
63	0.926224345773285	1.92109705770395	276.437729394558	0.396711424651061	0.928688829701591	16.5942491792161
107	0.973302010828481	3.59634877609865	283.181598141596	0.409726862650268	0.981538755627316	30.0477419044152
99	0.818098428285287	1.76972630327871	402.698095923291	0.343423328096631	1.16187125575008	15.9962656696712
146	0.955596225261805	3.44947148689419	401.208080179398	0.332354007783965	1.1742976722191	28.8953812287408
478	0.959811181126355	8.04475626241248	436.453838944703	0.340728300439943	1.20423029684882	68.5908702439327
85	0.860652670912319	2.0470626796128	382.267026320787	0.309346183176886	1.12621760540542	17.2711606256868
154	0.631798306610192	2.03687955527858	629.452915701166	0.346601881837625	1.33255202823052	18.3037237585262
332	0.9832428801016	7.52891285653793	393.74686899382	0.360334964822422	1.15740523231642	65.5420035255691
125	0.907521163761729	2.48147249884344	452.422075580681	0.315916987483286	1.17745945034726	21.2893681357378
108	0.905499268880782	2.08054630016066	470.400739984671	0.338489323158545	1.17073361292447	19.2852186861928
31	0.834692150342195	0.771972571550943	273.677673259604	0.443349054346497	0.815860336963087	8.49726195275618
82	0.81233074804121	1.14399384878489	498.569164203411	0.312548728006006	1.2133573042971	13.6374400419999
246	0.975661726779529	5.93449006232002	438.091230981808	0.353617930670842	1.18224313489189	47.1704562496654
136	0.826279311982961	1.97883275652368	389.527347982541	0.337473172211807	1.12959405102682	19.5710680277511
152	0.86796345323403	2.79181628624227	413.758845624322	0.337776730247319	1.14575174990386	24.2857993358018
157	0.611542266005191	2.52731198311108	311.13080324323	0.403852634945752	1.04706905191467	20.1474046755842
364	0.395739789798335	4.81686192370386	403.897668281508	0.3556533835963	1.14170174836624	34.6071641712113
98	0.930079124425862	2.87786008138575	317.979938394602	0.378618575566741	1.00204731930912	23.9618620936227
39	0.850359338365524	1.14570184252036	215.636672551086	0.423376684657268	0.880729685875661	10.505249748351
32	0.7852956054968	0.974306854057572	206.318104894672	0.464131374243734	0.70740824074138	8.9445551919604
512	0.958438643011788	8.2264052632099	410.521243112882	0.343925736966333	1.18348857925785	65.8599261917431
91	0.811078053089979	1.39062809034126	428.381282481052	0.341056133056133	1.18509348830714	14.9345125056856
714	0.96887398682052	11.3013003316364	426.286170952226	0.348737443634064	1.19279983886604	97.662788582615
527	0.976775514840598	9.27701519654585	425.913180653347	0.353405370862158	1.20349450605159	78.8842531077314
81	0.404909569731075	1.32130549262666	294.645637384219	0.423214259013259	0.981101511495386	12.2174707225688
265	0.970045161747079	5.44546242038339	508.215920193315	0.314567213890975	1.24111671809962	44.4655162074268
45	0.601037338360461	0.446255498417928	434.101182897546	0.324174663541179	1.07401811761574	8.50652122688224
775	0.88913818294146	10.3098623558834	409.93012569559	0.369414928834345	1.19064539676354	83.198251097591
58	0.90242479853983	1.75226417619234	251.506126648167	0.350977909213203	0.949318389384136	14.6330407871281
693	0.906327413213298	7.86895112323413	443.334812420968	0.351560755168258	1.19079549881879	81.9427590538736
77	0.921633325441636	1.90842725186849	338.700044903797	0.343935849654268	1.02944196328443	16.932965459235
84	0.854240042344897	1.7074557768906	260.658156702881	0.372536317188315	0.926232948089478	16.1968329622084
199	0.947627530087884	4.14029998424181	398.791214094843	0.352647821275272	1.14680873013497	36.1094513341737
103	0.890228790062262	2.0970365542892	391.65324745085	0.376760926548311	1.1201935544982	19.1974275732784
51	0.64049203834506	0.641590136882415	430.552491112197	0.3379769848206	1.12214205927909	9.34602490367578
172	0.918898830760881	3.18494593248848	407.334907483054	0.342096038931739	1.16710566662646	26.3724583777934
151	0.936541052344157	3.54204903027075	309.255282414708	0.389040317743151	1.04294984324798	31.7387475544723
37	0.962655862942587	1.7600312479372	160.000254288103	0.716129032258065	0.383394051941979	15.2253193280818
51	0.855943189470175	1.34508239054443	258.124697673432	0.418002259225169	0.918294329738993	12.5446775522684
35	0.768225032709319	0.69452268339255	275.280548211105	0.416583704583704	0.974477726075632	8.55720611453188
52	0.878705234208608	1.11375894300971	353.666772810637	0.35030272298565	1.02830453191415	11.8556419992988
735	0.79051008406084	8.35595548830087	391.719418710262	0.359104163464082	1.16057056100395	67.4694872687963
61	0.942954956139354	1.69623406919925	275.44654706631	0.395928960634843	0.912478874032895	15.5331924848302
96	0.94977363834157	2.57098550797726	346.465408256349	0.354529186901104	1.06330478855821	21.2456240272829
50	0.971585055626931	2.54981637288183	177.180414297205	0.620673076923077	0.543353394785554	22.4282334444394
67	0.531182463724871	0.999905170292353	508.782962317928	0.339111512621949	1.11969563761983	10.7605290521608
38	0.893996808274075	1.44761284794062	200.069541411909	0.5357629122335	0.73467207928546	13.5748664501874
33	0.633223195807204	0.548649700749046	296.172771099744	0.402716729103284	0.940746568653129	7.59743391273191
130	0.837188105150429	1.74219297852704	626.282344721372	0.297911487360017	1.27841626874408	18.1751838791886
140	0.958572152011834	3.30863720301227	387.237321015784	0.382320063560892	1.0874310198319	28.6649408838078
275	0.883931648347388	3.70883333812666	482.259467361392	0.337651937457333	1.23659869626276	33.1356458319948
281	0.779624124559803	3.90830167085489	336.706403254222	0.373262173125109	1.08182806141218	31.8222760150544
85	0.554843807541575	1.25275169280643	391.977423962001	0.32441754847827	1.1687998825039	12.0716589999121
201	0.952172324108506	5.56542221137482	288.076257757681	0.412748806063286	1.02071269462256	43.5301163708259
107	0.694897826917866	1.33963013149203	562.904305259928	0.313916427300817	1.29747485605495	14.622166656349
524	0.988112316438663	13.5020546454004	334.731676789583	0.383509357563488	1.09637083213096	99.8360932683925
128	0.729698538369596	1.10250431249419	459.989428708492	0.311941294256285	1.1880439164456	16.0210553425343
49	0.522305265596486	1.13540613494421	281.605307957016	0.4050739963345	0.91936459343043	9.85645651794016
528	0.910523027699718	7.37870321797275	294.21293821488	0.379495017965606	1.0376333276786	58.1748853208144
37	0.85711344364928	0.95123601052737	255.543309348985	0.376253882842118	0.92542719459562	9.87699629796903
298	0.973896223542413	6.86634068229868	441.987341775392	0.343623906918024	1.19203481627567	57.4034013821559
259	0.800769914707476	3.45506026660994	315.920954772776	0.395282188801678	1.06343418315817	33.8717488128971
255	0.979821119456891	6.3246521706097	464.610641230796	0.361137777104773	1.21439792604927	49.6528753779125
600	0.96609446941196	9.71385618214848	472.161880095574	0.351182345748482	1.23899012728412	85.8240390322293
246	0.96078284425073	5.41717793170905	322.773381556969	0.387889898432416	1.02309679511918	45.5839721015542
384	0.944085635008449	6.46353926846333	404.198321540912	0.363718886047474	1.17421206870832	56.0371047932679
323	0.886168513259092	5.07642499617262	341.392655367061	0.362819519472664	1.10325469279497	46.5032964014978
261	0.924050354000334	4.3921255633478	326.666089357346	0.371708336837692	1.06769781504248	40.7185798683352
36	0.597742566191143	0.409721813161034	361.773317123645	0.356599118379723	0.946227501045676	7.57251470570895
136	0.943861799916996	3.80255151752552	315.16341618892	0.359439562471026	1.00374736425147	31.248651800714
99	0.815989349098883	1.52765175767591	448.941436481705	0.353218594497367	1.1647009230591	15.8925026617726
75	0.459965910601953	0.519637673354532	588.842946887756	0.291612571847866	1.29316165168757	10.4991532008239
125	0.813758548202807	1.8081631046227	355.403366867652	0.323648397561441	1.10784322719718	18.4197256195047
249	0.94257868988816	5.43206743873399	350.747329445939	0.360596451655275	1.10378942708136	44.4141090232389
33	0.904169693380745	1.2697565092419	179.628201892568	0.461872909698997	0.691721580439643	11.088671385386
260	0.977482437662921	5.88807869161175	480.694188218197	0.317958484849241	1.25128312893251	44.7126961422393
112	0.925231090521126	2.31738179739097	460.387128448216	0.363236500533798	1.09841182686308	21.1548410490086
91	0.958119317850659	2.75407486798305	342.163773324841	0.365628796217032	1.01770979754084	22.5772766956687
82	0.928946952357782	2.40677995300588	282.863307184671	0.384185335950042	0.973494138876223	20.7222659318614
488	0.975591716211205	8.64106277857731	400.137277856907	0.351349160689314	1.18021799555284	76.0787394649104
290	0.954358706232311	6.130896790081	406.362663105582	0.355156834325511	1.14919108881807	51.4923634407289
65	0.842151126777923	1.19076784840596	380.263858452378	0.359731581613935	1.11575085639545	12.8890392022517
43	0.913345786084824	1.71696342071839	181.134381876555	0.507301173402868	0.6816096795383	13.6576460164544
107	0.803233581630093	1.68982710279878	587.828369837438	0.334564847716343	1.21235229128235	16.4635058711668
244	0.950215595340096	5.37066651361005	449.703540233291	0.350210226556976	1.19771494969745	43.0874451306459
50	0.87597620878441	1.33240169577994	285.771445819094	0.404476033547241	0.939365934633103	12.4522718687042
110	0.753266872207554	1.49206708550598	459.257788585249	0.319929095926538	1.22167337028742	15.7489221414578
471	0.949040310507978	9.04028737947437	341.782326681266	0.368464748284109	1.11108259872724	72.2147140023629
223	0.830152208560457	3.02369430618488	346.439283242504	0.366799102817202	1.12330739324734	28.806388559282
147	0.926217772372119	2.53632859259699	484.44784009979	0.319081238528726	1.24577252586772	23.3385777806054
706	0.964002988358743	10.7199087101224	356.355061049412	0.409143703675265	1.10625499764549	90.9264764682465
697	0.941651028264797	11.2214380376671	386.266564106433	0.343340798377563	1.15705878907495	111.995866341531
367	0.991114216123471	8.96587551648308	481.255557522051	0.33928400983983	1.24558178690734	68.1450776213513
282	0.705533183263494	3.27063036663816	413.422454630556	0.324026444873869	1.20355154893586	31.4647054337178
110	0.644751558954659	1.76705917362892	572.530296271839	0.332653027314153	1.26937908567214	14.962316899793
444	0.905135006578681	7.01851864271687	502.922167380334	0.337273028357366	1.27138000168387	55.9069887028318
792	0.484670266644182	7.04337098063672	351.785038748803	0.360719907308686	1.1305166576542	58.0485778627834
347	0.910887972884081	5.83741414917645	390.601796153726	0.383087265298437	1.15380457464127	45.4473671521018
97	0.937426725644132	2.39039864294292	357.094770888131	0.353005863481338	1.02107611655426	20.9309478954998
302	0.945595029989468	5.81107052448921	402.194389759678	0.394137775073604	1.13245844880096	49.5817596777619
128	0.912147941910157	3.02664199048875	312.074370153702	0.37540431698667	1.04869829334783	25.8211324341554
76	0.976874762462026	2.97372153475903	235.052276778933	0.449526807111946	0.865717532138357	23.0195549320669
163	0.956452957165464	3.91014958649595	485.501200334258	0.321106261961482	1.23045559091603	31.63308743314
129	0.846208657529613	1.97437409919123	502.722446828842	0.311017451189418	1.26250375844447	19.1777124043506
98	0.657991122807652	1.99882311429614	294.486071725562	0.360312022778086	1.06298657242063	16.5457189502465
62	0.432725115320677	0.672804045301043	432.259192486493	0.354176711544213	1.17653510401015	9.72925978721161
100	0.93682495386497	2.50592736291294	370.281924058603	0.362204893651047	1.09145030739426	21.2738179997194
110	0.91621146409132	2.10799756712322	484.450624793101	0.331888723509958	1.22444212226164	19.5871763248524
35	0.859535749770975	1.0221494290252	183.093158769863	0.430188822306469	0.775593000097328	9.94493491729069
64	0.655778570809405	0.601600666860116	505.506660343303	0.31201817800042	1.23676296823596	10.4400670639615
158	0.753229990853457	2.54269262325092	390.734253657911	0.350014075462521	1.13616586090306	20.4029201156043
77	0.900795365048012	2.05142656910229	248.748248376356	0.416199537812114	0.959060200644098	18.0025153988104
193	0.814895934758096	1.92144958005429	857.564828023855	0.256622413734239	1.44760489995781	21.5431262245348
36	0.936908057988974	1.27447325581134	228.573052147832	0.439005340181811	0.837885158471465	11.6320596963579
39	0.88638298865502	1.10343589107442	296.855671876046	0.408980023868462	0.927185792687927	10.7965716225311
130	0.877923285762371	2.77683038244178	483.696819861651	0.354536372029001	1.20602187758235	22.0995710307714
45	0.897685107434735	1.12983017503771	268.466208058963	0.38904746966128	0.930755685152559	11.57577065459
322	0.959367159610786	6.77744962384735	400.783998303836	0.337412143125795	1.15955597309024	51.6799472058414
511	0.553841538674802	5.79705160043716	359.786134553644	0.36973796587242	1.12933649307716	44.6984803410375
354	0.961189727277946	6.7264057166751	435.527587657235	0.328218645518745	1.2146584897735	56.4122152065873
201	0.973191568621374	4.70775439608452	494.118524644339	0.322997664762371	1.24222304739092	38.9336001708783
96	0.909539969217003	2.96442538333494	222.070775941819	0.447942021294755	0.835953608582019	27.0356983838774
108	0.896687847701016	2.81501020166501	207.074323761467	0.460988672496025	0.792622848168816	24.2353747404313
83	0.760838912627549	1.57980672995604	318.003479656511	0.377028007248034	1.03460358859407	14.4775334197187
33	0.726645760476211	0.755698360492876	296.351642601224	0.446943765032	0.938061364910149	8.3156874978826
113	0.940396578144657	2.82272827114354	375.177346701347	0.343621339609768	1.10279593537456	24.215414852989
1488	0.967225845408438	17.3760760115949	423.091812623791	0.348967245722054	1.20223271145357	147.728519542415
32	0.789398748240192	0.754720836349462	262.31101214508	0.441800951813467	0.800629639208369	8.3819904382356
116	0.944102407300126	2.82066914728607	364.986432328594	0.33890748973164	1.12120750528932	24.1132668934125
78	0.735094293702302	0.95722034634942	469.687660826056	0.339850706954779	1.20159644221537	12.5278647465949
56	0.893845609485673	1.47233082149133	341.626083678841	0.336820544320544	1.03698185924339	13.3246370632228
77	0.792562751414852	1.16441461616818	418.591146973631	0.342923891576045	1.16224821018112	13.2092654238591
173	0.82240050704997	2.84644149469417	334.890839356655	0.368510390407924	1.10352685439165	25.4739123689885
58	0.864642873036912	1.18213689633717	370.652858629041	0.393728428841551	1.05616012976321	12.5495672828452
703	0.986959358762977	13.1272974070206	460.254146181324	0.333040884173016	1.2517980566495	114.006012817578
94	0.54456426878534	0.722093052261936	641.324213964539	0.306370398679222	1.30260421857997	12.1676630657793
117	0.963493631090871	3.40287477707543	303.636161335579	0.383232781768587	1.03639728062345	27.8502364514654
61	0.906462119269914	1.6449037638519	305.247649550604	0.405982996571232	1.02262384939183	14.5296962821542
38	0.541326102310178	0.483648477435708	340.613344320161	0.35257860018041	1.02465377017021	7.7362307201317
201	0.888550711491528	3.12266287795684	427.008043065559	0.346195138444273	1.16603316624851	29.3343834018546
321	0.708880405122862	4.80002893724211	374.911559171547	0.368880200256524	1.13517845627361	34.5023656502997
1116	0.992807021770015	22.2028784178007	374.861403739589	0.367474356363533	1.14005037750832	194.990749990865
134	0.932744469226609	2.87957450300873	459.376713446543	0.326033120351242	1.18765036559019	24.95176476638
50	0.926656994783525	1.55382716619472	231.680258295652	0.394367886376	0.771473485046293	13.9199586878971
131	0.911905644725576	3.72809428337216	279.577374558842	0.436095827062425	0.947423091221056	31.2771823118312
161	0.934857758688889	3.18699396255177	462.657996699761	0.318574143754514	1.2343970594905	27.2824015975583
45	0.876193551346223	1.13445010369202	271.049484472325	0.372489937504966	0.946739595661049	11.1960621851108
52	0.919274368401128	1.63910904932496	259.501329759645	0.458626911833743	0.879269876914123	14.6002787104767
130	0.822365163032711	2.37322684890079	403.100138307685	0.356562819187254	1.17869896224386	20.0049734553309
123	0.822479351902959	2.6115291217534	244.869613595437	0.442552740668421	0.812114429355916	22.4345807857324
128	0.970129678086254	3.53983069394177	378.026775652569	0.344386104910862	1.17228091911314	28.0547987047297
308	0.788906893963971	4.25415667221792	311.7372778245	0.387415819362796	1.05517555874798	36.1805047624644
128	0.924392916398357	2.73908935562413	391.294933494089	0.339859422625945	1.15627823031157	22.8373428768489
964	0.96139387426696	14.6057554505429	351.306342593769	0.382098615693092	1.11691191968676	131.06537122789
208	0.483128445398171	3.00599511140856	399.456353239932	0.334425842846896	1.15265111036162	23.0979497179338
129	0.963669835971734	3.59618167134274	377.893821514022	0.361612742248371	1.07983617959213	28.5439176158618
107	0.788964526413743	1.93929688210265	479.473934757019	0.315737847140562	1.21121307392137	17.2013226872449
81	0.746293972668477	0.965818096550811	481.928692876906	0.301001435824965	1.22068926560537	12.6895137125292
252	0.78678724875809	4.03784896726309	342.71728864033	0.392442393520211	1.03583567598605	32.6622682663931
224	0.745554132639559	3.98489548739725	352.254896938883	0.340861742274149	1.09194671541999	31.1801703589676
34	0.878012858957696	1.10546336096368	249.088258829842	0.458406811789165	0.895972592123472	10.2011260197707
119	0.747141630704497	1.9736538595673	319.963860373996	0.375038574177893	1.07232191469867	17.860819171602
149	0.938729658771448	2.90960090651057	563.891836568142	0.30365320743888	1.30838901764085	25.0232632618522
106	0.942038781570959	3.06691363372621	296.599227108892	0.402153856498978	0.983066226873024	24.6695200179329
269	0.932088936782577	5.01660655908724	389.780598550178	0.369311525551142	1.13505856063803	43.0929586083266
105	0.691502519757304	1.85202846596316	387.669732278452	0.326394561385074	1.10236452831559	15.6983201437488
173	0.987126426827909	5.79011886171689	276.260146707865	0.386360586831175	0.985945889758351	45.2872918468161
107	0.860067094988899	1.76072226599235	479.226774433431	0.323858138681668	1.24739733725382	17.4243044107721
65	0.86302574496704	1.19630921276333	415.768812861118	0.33380671686554	1.12235154255542	12.976229117666
72	0.840619635896774	1.32557890586964	410.626727426651	0.324590262476603	1.15137985199061	13.5546401661814
48	0.930033739657956	1.45912965387447	261.585011571381	0.394199720082073	0.922440488272548	13.583602568636
63	0.745675089544822	1.126337061327	520.838907866025	0.359082008922163	1.252257616197	11.7317829016386
411	0.82658209999412	7.26958304820874	435.36371963068	0.355394086373896	1.21075273924159	55.8352009362744
57	0.672036878720681	0.809248147405607	399.749611884758	0.341618378165693	1.16817072589772	10.2240199247895
220	0.889913060052576	3.88426476438079	458.195902540435	0.377952299750052	1.19428301455629	31.9391570705072
403	0.933264665373791	6.74507059224105	371.609403374839	0.358178842583111	1.15290909468	59.1768651843828
362	0.935048071773313	6.19282564237878	407.772027969345	0.368007947873437	1.14073778816086	54.6495479920004
174	0.962153878092921	5.43600976705873	247.543172386893	0.467072481690754	0.900614195406683	44.0979353430037
164	0.965890213810537	4.44751099921535	323.32184627719	0.386117026684978	1.05842832061736	37.5980396633679
398	0.972747536664262	7.33963667550074	480.255511121484	0.328375813558572	1.25787293648226	63.7561954839987
269	0.94021393254303	5.4273451301815	334.076325937913	0.372246317133195	1.08861946793605	50.0558693038408
616	0.670231096631394	6.7825124285767	375.13736111649	0.366170458243747	1.1596321351311	55.1570127750268
87	0.788922203030439	1.85306101953564	351.990327986373	0.363012523736505	1.11885085114952	16.0943274881493
253	0.865503741655231	3.70165495030293	385.209094050063	0.362238848705915	1.13608245790803	33.2298341161238
155	0.957589326874655	3.93240345117067	359.831680999119	0.339851378256084	1.10468649517435	31.5399640949172
40	0.798638888180821	0.670405018354088	318.353925086841	0.33319026222252	0.944333336925088	9.16423910455134
43	0.785021204393166	0.760615873817164	362.158435230164	0.362167795108972	1.00358203834224	9.57548163183201
149	0.898337833492281	2.58255059094334	569.069025959851	0.316946802488049	1.29816299251088	22.6863736532943
258	0.87709334207872	4.1660760152127	403.108871404975	0.335540089571653	1.18880263388594	33.6484597617213
32	0.916999554787965	1.30322571042168	202.162269820788	0.430709540187399	0.817005163717259	11.1217735666964
75	0.891881007321961	1.70727442351876	425.80550022846	0.344155172615021	1.15343840722057	15.3307579237005
94	0.692661500370428	1.82743786265143	367.42193601649	0.36708812555326	1.10042313461198	15.6133629747503
47	0.824812236827696	1.03635973431066	270.660348053827	0.36907525172231	0.997002220906473	10.8699831975609
77	0.900933493050403	1.83121172938622	403.363008801871	0.336182916820762	1.09277437238395	15.9627217859462
105	0.790216156527346	1.20604220317806	618.084940472477	0.298091044825438	1.34413214001411	15.0444109458262
93	0.700633769234524	1.77158225978909	397.720657596954	0.369939246984391	1.13271127115758	15.0228589748441
728	0.937600004316455	9.23203678873356	367.603104381916	0.377507531459675	1.13328516824776	79.4300442427305
244	0.763399430873948	2.84858084671259	396.773797263052	0.365692263166225	1.1473288658322	30.2853653649531
146	0.92808390115329	3.24276946408302	416.629359758316	0.319881526191687	1.17340628140265	25.8196324057089
52	0.880007257076183	1.53459708923683	301.725202510996	0.394924076949393	0.940725847338583	13.27398182125
985	0.749909643834251	10.3006177754336	349.366184946799	0.363985414515264	1.12290322078008	81.6982631072053
207	0.915880498683871	3.7993379028211	350.696143887641	0.345093961536746	1.11966789138345	34.2630973531341
43	0.837880737143545	0.935147992665709	288.35561952808	0.393596897647189	0.955077633134723	10.3719285146035
170	0.739306917362201	2.81591117298717	382.878840959562	0.358255224533997	1.13039383357457	23.6877227667013
110	0.818403252895326	1.98336236651985	508.906892266596	0.317740956609735	1.24764538739581	17.858113019951
385	0.765478499788739	4.72904837198279	355.426233801844	0.375267777957125	1.10722017704267	46.9583654440173
193	0.979579586728668	5.14284983086219	325.546879691348	0.371408718467542	1.05335350142858	42.9758101486452
183	0.965210055587405	4.6120969031297	381.549055608211	0.353104330878959	1.09523360678312	39.4131076682042
71	0.900946216275176	1.79591431463916	314.033809474057	0.369639924632116	1.04796061972155	15.8523119860831
86	0.969257118647643	3.02365386339223	252.936157469922	0.420000065099595	0.93785529101064	24.4899026064478
73	0.751976962536627	0.957966085290125	477.168733475163	0.342159716277363	1.19307556301586	12.2798533533019
42	0.869341358477931	1.11460945577208	280.021314788999	0.394795000611471	0.918051513149232	10.9795870648832
45	0.836699748918404	0.951731793075974	328.400021186825	0.36108285346137	0.987280840505944	10.4974981460397
4469	0.94519978227429	31.1108385006718	389.168629916468	0.358991521996365	1.16060472103745	283.487488618213
90	0.86144267477849	1.91647939481848	408.609746270624	0.358657431598608	1.15093495584587	16.8994318957512
178	0.893903336945948	3.59609893482616	346.07668020341	0.397434725181712	1.05540194667737	32.4150827101966
271	0.970289513915447	7.22117458194143	298.892433625267	0.397258711750191	1.03362831202969	49.8545787040248
141	0.944966566027837	3.32185869203693	356.032631056026	0.347434158081089	1.11183379443987	27.4057497432341
72	0.899627216428245	1.65879222576935	326.373715736363	0.360955908056377	1.06087105801167	15.6943637418355
166	0.773162643227647	2.36444068379512	542.528540269547	0.33309938113929	1.28163865179486	21.4604805851725
239	0.829068652815711	2.81681888282939	603.33151454266	0.328863345651899	1.32874858063713	25.7789210420929
278	0.908141589873769	5.10866784094687	426.9014015408	0.368935030207486	1.16559754282372	43.6296266188708
47	0.857443219325157	1.25334259256891	221.131759688253	0.379414972714205	0.892125143815643	11.8841158076557
89	0.786251701483872	1.33751244102653	396.544936936679	0.331408028406	1.13331231834854	14.3428795069641
1078	0.958868013506781	16.2243965085715	429.186076156892	0.35534524279035	1.19008071503899	132.674321053266
164	0.847534908576379	3.19501775297818	315.228208829713	0.344660016276836	1.05158186723586	29.9180629225724
101	0.947284790060282	2.97693485382726	308.239975514267	0.436591168797988	1.01730280238292	24.1963452661967
84	0.948217087559436	2.2567711984768	341.92180478685	0.382186967814711	1.06847634406648	19.2062194165644
165	0.623634933043145	2.28114967324747	316.493491495239	0.379155606729413	1.05636007425297	21.2064392767531
49	0.607196275010187	0.448808543144768	490.371719375886	0.325017810066209	1.11131169824663	8.88150248696953
294	0.903694958583069	3.95245247497262	620.402233412875	0.300169649818087	1.34189849353714	34.7649146526632
66	0.671672509429153	0.957816500297862	401.092613441708	0.347138481289268	1.13673352703583	11.2728089435695
47	0.448733033488486	0.350431201180549	380.205013561492	0.343175714145718	1.07945332812367	8.23691051339975
149	0.886701067458078	2.76634954786345	389.330835593254	0.348931351341449	1.11594994779122	25.416815897388
78	0.825198764287504	1.40345765381136	395.816286893429	0.362661430804089	1.10822736395609	14.1521751257107
391	0.971397867204718	8.22518017092768	339.830406462279	0.37268419135996	1.1146008596971	70.9185039117002
199	0.789332987982445	3.34596841632758	454.170188602533	0.375111555276997	1.18439638190716	26.8236778768658
38	0.778722431746391	0.993462708958243	295.914907716358	0.437565810977576	0.895403694810126	9.68693699562248
60	0.949402666870909	1.89511900219953	273.986289641332	0.386557337819659	0.966049733071231	16.4225586986032
635	0.97433556444658	11.5915501253262	319.746994584347	0.414720961189469	1.04080379234543	91.1042303832159
154	0.952739174876841	3.57992747682484	503.731037338455	0.334722302329071	1.24023913924958	30.5002463904874
36	0.763260763797815	0.715448300542677	281.178776450371	0.374225447166624	0.892561280600628	8.6467135985524
177	0.981789658440834	5.34019572535942	331.656788863113	0.38832514277154	1.06024097475842	39.7781658862882
117	0.931420171481183	2.65587941361151	542.96365863695	0.363656789859439	1.22947512397845	22.0061110060686
35	0.912578159268581	1.08421395032936	261.978111391844	0.410569071905451	0.888079694381941	10.5974024760514
36	0.623517515739223	0.418246727971385	331.627989423881	0.380932366878313	1.0241299160641	7.70204152604927
139	0.769211946350623	1.91206353528246	582.104063383218	0.325801680463665	1.31794315842998	18.3348844200828
105	0.77616344450128	1.86663096186546	371.840963683629	0.375828478348492	1.07141229294925	16.7271886014964
156	0.810231374096322	2.72854580865055	420.440004506277	0.376088231349142	1.11806040369487	24.1729961328495
86	0.825467233941754	1.47521552867342	396.628914211257	0.343068222715282	1.1351045872525	14.8806874513266
39	0.863107996353425	1.18574870630402	197.577414764178	0.409643008095021	0.827832593383778	10.6962644717499
59	0.791182520508907	0.918471379717324	398.384916426379	0.339112195040745	1.08196264862415	11.279952137745
373	0.975481124910497	6.98130620848858	542.233007717138	0.320365760966512	1.29857698547204	57.4456484013306
445	0.783790121065061	5.97913843594448	396.897328694055	0.337467961696002	1.16115806555415	47.9986525983772
636	0.627856193391304	7.30597215466695	417.966252913888	0.342026799441712	1.18778549953471	54.9454291975267
130	0.904855521950556	2.79384687762419	395.155058348561	0.365377592861948	1.10450066544502	23.1963404890656
45	0.926098296961025	1.56527358124657	228.678172010964	0.440284525763016	0.880777409627139	13.1981108352247
402	0.886479008155077	5.14567181087607	360.766846511361	0.370157703806427	1.11343579289434	54.8119576720468
107	0.830634973598133	2.19001883169552	384.016207850728	0.365554561215461	1.02655038332911	18.7581474193303
45	0.793514807878539	0.771543918905528	395.748293438585	0.319355423232805	1.04239609747057	9.73314073476121
149	0.856467503726387	2.63734896581195	463.572263145717	0.343689325099185	1.20555375780483	22.7283643157278
104	0.894615407034848	2.19634443846451	403.813325425763	0.335764897299424	1.1401457364941	19.2323138850913
106	0.903735213893309	2.38369492212167	422.770166881359	0.368082269894856	1.15934295151922	19.9562223592911
31	0.765833515608266	0.842900868904202	246.997480310622	0.447773752844747	0.781139259902936	8.51806395959487
125	0.938036200687401	3.55420288799526	256.888553360882	0.417013373456743	0.924553091531297	28.7370894089909
135	0.943363032283838	2.94431264927647	411.818375163761	0.33315588593461	1.15949789037067	25.1484993353023
55	0.904139767789065	1.54278788606969	267.703744914054	0.396365386243562	0.955641970932538	13.7793848650369
97	0.870980380187834	2.0334275755635	375.305300902094	0.371779490591744	1.1395572366041	18.0120415397806
155	0.863086391183622	1.84723213963291	704.074103143008	0.305858638295613	1.36297374156971	20.171062925551
128	0.954977960910532	3.21252200325385	447.643705016406	0.345638368670365	1.20601225665332	25.6350910881318
258	0.907686023754814	4.18950268472533	460.182050616087	0.322680910548558	1.22158802522629	39.6357841970573
74	0.572082795174512	0.696741601469944	557.957204649521	0.330792894453025	1.12040951445068	10.9965733066986
199	0.923771750119658	3.34512770470987	609.986144160518	0.326738774438043	1.31512972151965	28.4437175017486
526	0.970687968814591	8.88098559626013	368.317280211998	0.366143245401377	1.11336136707312	75.1686398433185
164	0.967956340921224	4.0625973857269	389.941171929075	0.364072375584825	1.14631365857511	32.857775329817
114	0.923524920658402	2.46458825823448	431.305367627887	0.344112435839892	1.1788813641478	21.725557228636
66	0.895644888863312	1.52339844303539	336.964805731349	0.370514870566022	1.02015311718987	14.633475125358
101	0.574714136209351	1.30512862770786	471.824687635347	0.321402399217027	1.25948244001737	13.5501287288647
50	0.673494767012133	0.50083391298428	470.31656075991	0.318049855031952	1.1230009588409	9.27656024583359
54	0.910215655973963	1.49821157207836	269.913060754092	0.405403413547126	0.972361037825013	13.4780045990961
1693	0.748209744158574	14.3934819095327	460.570892106237	0.351510593012657	1.22935236726433	113.682441989846
166	0.992454816432383	6.43520925273384	286.664465914049	0.419660458778106	0.967505271115951	48.8309088422475
33	0.956210486446689	1.36970653974497	180.972582320484	0.486683209263854	0.669327443818433	12.1085808916637
377	0.713037262384035	4.98335073688147	396.845163826626	0.365200972528484	1.13723849926974	46.817606415366
101	0.831159612455893	1.39211625493184	560.488884322969	0.285359391303664	1.23710979468113	15.5908682925903
130	0.860876557503518	2.79220858009082	431.736494685581	0.363125392851828	1.16042838581124	22.9404863911476
131	0.948306800856846	3.11505530536396	340.099889655307	0.369618385436333	1.03633391559605	26.7507250984213
66	0.7879974390415	1.12004418691628	377.926397683091	0.356169444438035	1.0590434221927	12.3865622631848
85	0.805313627606152	1.43400439248561	388.312612367892	0.347399432712526	1.16136228796254	14.6874026093409
105	0.863182155718686	1.72160229011965	589.906007692359	0.293628366959338	1.31132505077418	17.0210442643316
58	0.72467158709484	0.73577274256246	416.619871684795	0.345886750329804	1.12030272660322	10.5879111574915
115	0.938414018596855	2.94552402597651	446.273023809481	0.398440520434538	1.09486387364548	24.5555345997583
32	0.700859641617561	0.589385969788767	299.824173643231	0.393322581631405	0.951126283311516	7.69850964290522
107	0.684189100627796	1.7555560842312	447.911894026186	0.350433564172348	1.19097272784561	15.3503601892418
78	0.915972137871666	1.87736139258858	374.457477096279	0.349625006726183	1.09360784959765	16.479617210447
379	0.896559253536897	5.65948968454291	386.247625819037	0.356842713827533	1.1608504337392	46.9306768293361
39	0.905335719285967	1.29538117860289	251.783280820197	0.512630420370359	0.802442848328709	11.6571733030681
61	0.778281297081427	1.55928261220143	376.526311857147	0.38977948006734	1.10531298588431	12.6003653973509
157	0.933632743053289	3.63682820928328	456.768866863126	0.35547820965982	1.20197993258827	29.525641357053
380	0.981763829228588	7.72432527592388	363.131854686208	0.361344527175975	1.15078010732742	66.5871379381245
152	0.586442466021527	2.03353409970921	532.106458925932	0.318021012911905	1.23072228829761	17.4278872981607
330	0.947794965277158	6.27665468312814	377.87606318766	0.35706138842158	1.1492365578405	48.7853642168972
31	0.698960781221248	0.579568311576527	267.344589576261	0.407646367595217	0.915899334761077	7.6335875574147
331	0.884710803127408	5.29674241899469	372.657719054549	0.358199643937784	1.14418313984051	45.8180548718985
147	0.710180872264223	2.84204488919263	337.280304637229	0.395068669016781	1.03522754548271	22.2131658886725
92	0.8693199366416	1.95387526293324	379.169856215624	0.355403601667619	1.13281929512613	17.2675497857098
130	0.825680765866897	2.43701003746321	391.569167430362	0.330773496847368	1.15329726875273	20.285324766618
71	0.943294262644268	2.05836625510073	320.304479789715	0.373466058980765	1.03161528803776	17.4151319687469
85	0.914450118273565	2.22818687027313	328.161602263438	0.372168495908619	1.07115567966908	18.4149893885448
387	0.781505974323644	4.68316950045254	334.399818349422	0.403864425212019	1.04499596763543	42.3634133574074
76	0.841737893008227	1.73685231266978	275.396132320921	0.402667242906796	0.936539749643174	17.1859336691439
859	0.929544747069351	12.8603033049956	352.821996115832	0.381376637935937	1.1133032211474	107.155589908763
96	0.884854528721124	1.77285566870657	434.30224528703	0.3605881578927	1.17167931952732	17.0771464253453
59	0.858327360140269	1.05817605227435	414.0960270657	0.336676608973823	1.10943434096862	12.2272064992138
43	0.921727095067052	1.34231421130973	251.086294733302	0.422190811246899	0.906604906212688	12.2296874896121
56	0.738861976276451	1.35660731775094	234.299801655136	0.391788050333125	0.85091147966182	11.7755267147146
368	0.779533175162552	4.96720006388852	454.33178396507	0.335044529666927	1.20639503327583	41.4156426784736
69	0.84704387454054	1.67942597704461	226.191633963708	0.422306469365293	0.890759054520347	15.6104777583743
35	0.666066680564263	0.919876031682952	237.789691703457	0.503525069071288	0.818388615554648	8.87519419734841
126	0.980446361810313	4.21259982888622	270.696711389964	0.413970459714585	0.943295215637472	36.1330465640716
42	0.91961674637079	1.36722917475822	274.136415084989	0.443904649627003	0.908222114263906	12.1597766374908
142	0.838978859755678	1.93693591782069	658.077385560163	0.308010991796158	1.34601897562391	19.7240359154028
51	0.917783929250031	1.52178745784472	305.17904843669	0.383430534899226	0.920285024332736	13.5788085226166
188	0.961561635945704	3.91242326095115	424.390430273042	0.344286026201298	1.18466334543641	33.1693283866665
98	0.761083178935332	1.60225470425659	446.924587670556	0.33142201024554	1.19321360250437	15.5073821479001
58	0.924273102724328	1.72982821501679	333.285063387619	0.408998904848211	1.00689779119048	15.0461910896375
299	0.919791452489861	5.59997785249946	404.006538233318	0.358768778454893	1.1571302622057	50.1712929101311
298	0.801005055839684	5.68765196135917	285.776466739329	0.418639989791551	1.01360869331036	43.6633743437335
118	0.656039467623366	1.83790204485528	432.323450666338	0.323379617162001	1.14817359076668	16.1967179555861
419	0.887207751292287	5.98111818268299	364.931212485102	0.363483184902227	1.1084807837713	50.2659361919693
1309	0.970815483402786	18.0164163507091	394.395587985404	0.359147102171023	1.17344316947986	150.482738076899
227	0.861826293023951	3.16855625493248	667.208856666103	0.309561753193467	1.36211705313596	27.7614394642768
183	0.950543837472415	3.89044744014137	450.755450637347	0.342397502264029	1.20741454101926	32.5813675357188
146	0.925196420839701	3.47675548872669	333.083064847048	0.373326642765652	1.06445945659449	30.190626383378
416	0.936609740020187	5.7893124137122	547.983198685993	0.315134352931249	1.28379650991071	52.4049012538496
106	0.881830272051947	2.26099829524024	325.764588547443	0.376450708916291	0.996085862516978	20.3669609634908
563	0.775590798438719	7.13760854456005	356.42992199871	0.374211347419017	1.13492624950752	54.7424072167506
413	0.989161428223924	9.26955203969303	412.249791629523	0.363738268665553	1.19896766157079	79.5498944267656
80	0.803734810183819	1.06864472039266	488.348869488281	0.31600329550794	1.18590269253083	13.3403813063503
33	0.891373367564749	1.05658839050988	257.604367665818	0.424973513642244	0.851492886419508	9.94829903956878
44	0.849966244595882	1.13094283526924	302.455580783387	0.345306421188774	0.909485678751847	11.1246394054626
78	0.945754327595209	2.32146591059232	283.021545445622	0.41300802058972	0.948093037103839	20.4052241560625
241	0.845105984623767	3.59587393529259	336.186770040894	0.376599319670133	1.07769808985747	34.1601112891991
35	0.517134536373709	0.709623300789259	270.488186615969	0.435182278365669	0.928178605497108	7.71329347415522
71	0.920536308713559	1.74371452888482	339.406174550973	0.345465878548231	1.02404483009832	15.869600910694
231	0.971663351612529	5.64515343302524	419.956755113252	0.323538200963806	1.19058050464561	43.8316792625444
160	0.881779724770281	3.5076224345941	413.419012709999	0.346402325384837	1.15027955985802	26.6384400044636
164	0.754094669420298	2.47705868359768	548.967848608972	0.328908721802839	1.26454049183287	20.7692414353582
31	0.763877146641259	0.640724658042	282.026146927981	0.405544471426824	0.955407828476287	8.02127999366174
43	0.659387557898829	1.01960176741467	244.251263164086	0.436073112543701	0.881786950174212	9.76392661488393
60	0.889220707305636	1.36792303374351	351.258599526009	0.342491716326025	1.02889506040502	13.2813472138699
79	0.832355054138241	1.49556028002727	397.048912048696	0.330138715929514	1.144922234747	14.5570283494977
77	0.636341764236636	0.791420939963738	491.626781162265	0.319809966216216	1.23416686827007	11.6245670503343
35	0.895203606097246	1.09184703213258	255.912175799936	0.419632062192616	0.803498108638684	10.4263218642409
208	0.920727744488248	3.53802004756956	532.457527612773	0.339269941496237	1.28474121139132	29.5203571091468
53	0.673011685039145	1.01466304008373	380.847921185765	0.369540084174231	1.02597940242445	10.482024482025
41	0.671550689454695	0.605806005782887	378.7207520957	0.338182785241609	1.02603774771692	8.61265957285673
61	0.934711359746006	1.9414400390393	252.814933897428	0.488060771453687	0.855438608623301	16.8334240080613
66	0.976684349717166	2.5271911589187	224.905727496472	0.424458348828097	0.830154201617466	20.7288312194366
42	0.952570000462134	1.50659130055452	251.502697101822	0.389452121805063	0.804542252869875	13.3111612107306
130	0.823424292231169	2.3398774467126	420.657318244994	0.352922396180315	1.12995908943524	19.710048722346
117	0.942189498979646	3.36693344191713	391.646022991622	0.369222069813485	1.10182427196874	26.4431530006739
134	0.940029195187342	3.05530081392717	488.158815215874	0.346617693128571	1.25331728213673	25.8105017051039
479	0.855759301871482	6.07390510963954	394.401441939584	0.353083028471264	1.13683610227219	54.3284322222705
66	0.924046978375281	1.65545890535612	352.295714765446	0.349288748347572	1.02116355244765	15.3246472065749
128	0.739164345955135	1.24151783528721	747.712590491621	0.302821901025399	1.37446671922577	15.9800228211922
123	0.81822778910127	1.52643357184927	621.017751993432	0.295332211867073	1.33611167847057	17.1041964226961
215	0.937019302764363	3.86199969206075	550.265339725608	0.324688818511131	1.29005874036982	32.4978343013101
280	0.974420344963729	6.29695544520559	396.303600432239	0.357335083940328	1.15602969540843	50.1447874067225
274	0.969182336544839	6.1106828783202	381.528791424161	0.361622990217835	1.1250021328786	51.6694406327996
602	0.91093592570489	7.76833044912297	572.178929369512	0.33843749787788	1.31254649543424	60.4690995188419
177	0.806862632862241	3.75211721085944	301.523821254385	0.406252935617641	1.02142138629312	30.993543127702
159	0.838995285088254	2.81382907949118	396.641731022982	0.363707859249773	1.14112012986942	23.7068393016426
206	0.951432485168697	4.18772002061496	484.2220023893	0.355399898546435	1.20699584928831	35.0655571749049
130	0.872996940062661	2.30961352182208	482.570536647624	0.347602667453187	1.1908060739977	20.7728685420581
270	0.955429149447539	5.17529627621268	441.734523377127	0.326848666028067	1.22292914154455	44.6353611034032
188	0.973068635087082	4.11087907683636	508.986704380714	0.309605589538997	1.20566969154226	33.852995379225
130	0.734076387806572	1.84973858191716	595.105130986481	0.29643165511014	1.28486659508336	17.4283579681135
977	0.928913949582792	10.7123368673842	349.483210656914	0.371049980668015	1.11960451019016	90.3521476062745
428	0.979533280766429	10.2672740446613	408.657559016172	0.351364704083649	1.15549848168408	81.2776318458502
1244	0.783054050001649	11.4591591162294	407.971577182904	0.362232498718066	1.17753221041099	90.7472282621301
96	0.952654091903611	2.43316206953844	372.622767936043	0.355956534459885	1.07982053891654	20.5651748770232
41	0.740214629475917	0.758269976584731	346.577924716707	0.37037653037653	0.986078589844644	9.04166827764172
176	0.946121955950624	3.50223861391964	526.11683294914	0.326142682465966	1.2619560497549	29.3665598078529
95	0.910223375383971	1.97356389489145	467.055926985449	0.368751582280994	1.13444670437629	18.306870501372
425	0.85707688007922	4.74568114653785	557.784964025272	0.303643726428937	1.30491956868377	40.5445018057917
97	0.932212041000826	2.45524690028736	379.070295029577	0.376597016597017	1.05659796360036	21.0798406275819
336	0.949864035346792	5.75146068069021	434.526181293966	0.365114255014366	1.17602149453978	46.4622484696889
81	0.8548150705333	1.80353318037451	291.780504958328	0.36513502921099	0.996889430324156	16.3569112351576
330	0.763439029294476	4.1071229702457	403.613344491632	0.361666910159523	1.1652147221478	37.7600323794339
31	0.804520137424649	0.670742419320539	277.425399467774	0.360819690436059	0.916973231841135	8.19308609623707
968	0.981076608631258	16.486736856822	368.941997433111	0.378787904363712	1.13820677313586	136.67499670703
297	0.943099544479275	5.00905053921844	467.618160378323	0.371487456905764	1.20054218844997	48.8355387585366
90	0.857188313628301	1.97272889944846	292.79317852391	0.365905117140411	1.02113956517604	17.7184663667221
80	0.897540475807059	1.97354855611648	489.568819157177	0.389522314816432	1.12102102003592	17.35608814758
230	0.984639987530098	6.23026740558195	385.801657279388	0.33942621736817	1.12130035258584	52.2317379926518
77	0.924704110621978	2.06482202488125	329.835946396953	0.393973278962295	1.05647662859538	17.9566081764604
116	0.880591320870439	2.23951266928341	367.642015829643	0.372946048462142	1.11611406504107	20.3048411313883
339	0.926826452341231	5.75572217350074	382.767727777459	0.361822331942737	1.15043948135873	45.1886511091234
357	0.928585379953663	5.14788536646003	419.354785244124	0.355406474831711	1.18255033056869	46.1318630778029
36	0.915751024158414	1.10525294997194	245.116570973216	0.424116881291153	0.867166073565148	10.7759958113048
200	0.893941321875761	4.0207674652957	363.059167981682	0.358005808787087	1.11955369804803	32.96536741761
92	0.910027742384565	1.83047494366295	429.487803902582	0.322364882849312	1.16281555965027	17.5352257769453
58	0.893550150327408	1.24749177192242	331.305554201134	0.346361984339727	1.07711248843778	12.9142440484777
1839	0.95491951935534	18.6962462544047	412.113345835439	0.36148052071999	1.18664261720108	153.393348792493
92	0.907201962542439	1.97510314381417	424.243958220575	0.326593007594755	1.17434805996667	17.7134634561885
59	0.74922527769901	0.89210760820074	386.29485658793	0.346492581786699	1.10849877094935	11.0291723705816
90	0.966025365475358	2.62006190949953	315.456725465241	0.370031214550484	1.04649550394981	22.6975496816686
218	0.795788424249484	4.21876682869793	613.433478480423	0.339007049231022	1.30409439322556	28.8935936847625
113	0.909014279814928	2.70075510532974	428.641916412221	0.377288682347506	1.15358293631624	21.9800628996979
74	0.961561892773786	2.37306600837488	272.035085209897	0.395035743271037	0.955232367263664	19.6033203268945
173	0.981371665677546	5.04232644082441	386.964031963833	0.359625152922201	1.14581359354152	40.2764408770447
56	0.931366065013651	1.54543060273864	295.2614154257	0.417139383102872	0.93770914656949	14.4949424870196
61	0.859124268782168	1.32870058187498	365.838839360531	0.39038076374644	1.04396753386994	12.9610504453764
38	0.934454404706374	1.3498651459052	258.381029555555	0.409787986258575	0.801373693597772	12.2434388308456
42	0.79796086804014	0.935585434415707	284.869214033032	0.40060800459133	0.984236489261626	9.84648406899853
50	0.685496526556192	0.631745447978329	363.382150120573	0.329292147094589	1.11785397844129	9.49411516550882
53	0.88092375651303	1.88971997853794	223.378549159274	0.449832105195427	0.765938423541653	15.2993683778454
1060	0.807583364408213	8.68747920421369	401.004709957831	0.360203690585587	1.175830290518	79.0716089866964
201	0.902881795163483	4.34425794362555	346.528266702425	0.373529103171764	1.09032683256979	34.578624376586
694	0.846674437225148	6.80643169403642	381.426410522399	0.371538732883864	1.13608153512428	67.501230723892
88	0.901454583020186	2.08766025027157	323.101229142267	0.363289768613942	1.02315370244785	18.3848326631638
355	0.971571845609669	7.19304293834412	421.827588929211	0.343342827484566	1.1798218038109	58.8980137266723
72	0.91298907409999	1.93330398935073	390.057104849558	0.365565088280818	1.06892858487649	16.226032504614
297	0.939931586818163	6.45402148909226	366.211961102278	0.370588463235214	1.09564901822695	63.0932071123902
96	0.85338362739934	1.45915192069059	532.527121739227	0.29034316678077	1.23552894267987	15.811645618356
770	0.96351555455091	10.5853698824486	493.334740481032	0.336435365923169	1.25244378955822	89.8384666417863
136	0.94420393972164	2.74111566936627	482.093235516035	0.327140771397737	1.2223873022763	24.0821368675152
253	0.971463696087595	5.32855206017624	428.873306388447	0.360166961518711	1.21094834167422	44.7609169957843
71	0.832146372766029	1.20799245677543	418.215869135028	0.353280500815998	1.11358747943078	13.398320814675
101	0.956894117155695	2.76957674372657	288.882631951681	0.384319915597806	1.00179335704333	23.8603206818091
174	0.909395622980144	4.2591691381331	348.43490985587	0.380597131067719	1.04307874147707	33.5468517105921
132	0.969654707462332	3.57995466181981	348.60008267315	0.342725044048573	1.04484261410573	28.7215969279214
60	0.50397626318525	0.882979475255207	366.216556439291	0.355268416847204	1.11581989831632	9.99768609403215
129	0.549348905237516	1.90079951227324	323.46859475878	0.381136062905062	1.00609283426457	17.2633871428633
1315	0.836578698806608	10.4409469688462	450.803309949507	0.331279922118606	1.22982458305312	89.1116714162249
248	0.980553493885524	6.82220939846327	387.871557990969	0.373904356108582	1.14235303678629	51.3658053358577
112	0.915248163270414	2.12763273034988	443.88939039803	0.350380119848355	1.18678109477643	19.8710864832484
33	0.706599614136802	0.562789335741135	397.464770694975	0.384043739337857	0.878825675663753	7.8110672119586
57	0.773862907024316	0.920507260633173	374.621541463663	0.353993970362257	1.10597672521612	10.957308509202
154	0.770845027077962	2.27377587862909	311.002502437001	0.369395768919407	1.06643730365391	22.0473930831562
103	0.809452407878673	2.03228875182411	418.666894094101	0.334525313995024	1.13450414044757	17.5300205088241
41	0.933212289733858	1.70079252376216	189.227362855888	0.458831908831909	0.667024779156286	14.6015401471135
97	0.699432202802519	1.93386153046507	268.040707023402	0.406225107337985	0.984320843247788	18.1619441875486
747	0.883493459267611	9.32326696053778	335.003702226846	0.361247137704074	1.10580200365636	84.1361446768124
89	0.811208026153598	1.99539107745878	325.254553763334	0.367121210816323	1.05566208968141	16.9527544999731
62	0.926514392531632	1.81729150389188	292.847150954236	0.3880378305386	0.986301480704526	15.4326288178778
147	0.705561148504482	1.74149036102649	352.35482658033	0.373310047425248	1.09407062730299	18.6722964065594
40	0.592023288929777	0.3244762242516	358.271397209906	0.324306504306504	1.02484686001178	7.90591359489107
49	0.930198742886924	1.52509137457009	282.364729431011	0.410983881619176	0.898744976642675	13.4935570571165
642	0.816844220130441	8.02716029671971	427.257518363474	0.352012621956442	1.20102531526991	62.1164293840374
78	0.971845068468409	2.9077164807911	243.538623512025	0.464360906253489	0.852508302078636	25.0457399160728
161	0.901358824007481	2.48855925809168	620.174585734596	0.312908315392446	1.30396644582744	23.2273983041062
278	0.930758567303708	5.33192021220366	394.460722477311	0.350636299464319	1.15030661911541	44.8603350913745
282	0.954453505272956	5.58865206585526	536.753469770734	0.326413536430837	1.28652032322301	45.5142150063907
487	0.902684249027832	5.82833551204894	513.304360800234	0.330724818336346	1.26002166077431	55.9859643536949
86	0.77009861335967	1.40907965962761	464.808230362552	0.361980574800336	1.19910846926321	14.1617819722871
396	0.971374614669756	6.8079763628968	445.272601045526	0.337279301404383	1.20315719067289	62.1281954413824
39	0.897104102937927	1.32207085628609	271.985436463153	0.418131019338724	0.860115342987007	11.4838683728751
187	0.956164694769603	4.31974408784615	390.041365149193	0.332845898320791	1.12090056283144	35.5139896174363
225	0.924731383060484	3.80403975182828	464.755138038103	0.329159812482166	1.23048290134033	32.8732395903775
47	0.776764164208927	1.21419849637536	288.172990479914	0.45624407803436	0.907298693010171	11.265618142836
240	0.94800014897904	5.27278391194364	366.500104662062	0.379732545045045	1.09546269192009	46.6305252446779
466	0.833113381293504	5.05075266114722	363.926431555517	0.368821022501896	1.12030902932732	56.4677170474707
55	0.95474653373218	1.99542610921575	210.32895042992	0.412689250336309	0.815488192387822	17.0045182960018
124	0.812477232786455	1.87587958299387	488.220373462436	0.34978096174702	1.23646193566882	18.4765648785971
62	0.751915915494926	1.45240865256701	323.738491064612	0.403211993161931	0.996206365873703	12.8333432582677
927	0.948367619036384	10.944732191957	351.486541061348	0.362144304451308	1.1058120633111	96.0780774509466
93	0.866374119816494	1.5959695960394	458.569059105211	0.31527385174444	1.18777009696805	16.2324220090047
190	0.803680434496469	3.31538046585165	315.134498916853	0.349964586204456	1.05926214714748	27.8335429470171
797	0.949311638071879	13.6054663228862	416.917449437108	0.355392582324545	1.19860058633639	94.0293549896184
450	0.784009825940222	5.68846586115136	482.508326921892	0.325277891563738	1.23280520795159	45.7931244682235
56	0.98399432945354	2.86185169407335	185.129444954211	0.541922384462314	0.651306146737264	24.6177953357516
171	0.671689829573751	3.00081805730205	406.274452460424	0.376098436765463	1.16882916384223	22.9796125073168
99	0.627726531212908	1.57721543819626	350.844571406764	0.378523147069207	1.05984195884323	14.7264386442821
117	0.437440832753972	1.76791496135114	599.445795007906	0.360583299624024	1.24090565826942	14.8899704608438
39	0.827259315428239	1.0875293999104	307.295069404105	0.419947048739618	0.847048392790704	10.3122239505735
57	0.76729366032449	1.25119167915315	304.941497970798	0.391490340177071	1.00318178483331	11.8312201903549
79	0.893317615004485	1.54324634202948	472.330975188464	0.317751404031947	1.17582515054797	15.168618869283
302	0.699618669903647	4.50184321097629	370.344194799585	0.361111243712735	1.14286668854471	34.2899374674516
46	0.562337537677622	0.511254447247099	404.11085306333	0.347268275609047	1.08752953120449	8.54778746089223
37	0.723258541107799	0.555997037239958	336.215547689407	0.348739575488802	1.00998356659195	8.30885116113331
126	0.899640843165025	2.59300707185684	367.356869808287	0.389644722753966	1.05582180053867	23.4732308310647
164	0.836306247591219	2.13100933950558	696.047320256265	0.321247323736968	1.37010365467038	21.07404302664
194	0.919735577370051	3.99436779130103	327.579039665681	0.357382338830303	1.08256222229029	34.9121696579171
143	0.956059396167576	3.58882625642397	327.054258330908	0.370351357479385	1.06931977613025	32.4933418143668
36	0.897910232148208	1.12215115242569	234.158466651641	0.423891355678686	0.850669380373583	10.618727888494
44	0.882576758268231	1.28853441249308	233.499733821236	0.435129302640615	0.875397630731725	11.7995874421256
59	0.918329799346991	1.48705400754992	331.227746317763	0.369013869247864	1.00964263695401	14.0197093183122
637	0.920847083082186	7.97648770015506	406.517542540744	0.340004270829346	1.17100404346989	68.4220217517358
400	0.895619088308829	5.96015572196289	370.166346416321	0.373129016215986	1.11620379176299	49.2050117022454
117	0.77021621207231	1.57193741869177	535.241564435334	0.332459287121541	1.22423422157795	16.2249380747253
199	0.92998896610107	3.74182581205158	553.57262729162	0.328833183933262	1.2990715290375	30.0112050529646
462	0.909241619382984	6.912376577685	403.646532451746	0.366530438246286	1.18368118246351	60.3092722470307
89	0.947902384140547	2.19069722811519	370.139436537227	0.338279018496585	1.05989418616163	19.4918600221719
264	0.947615135861551	5.78556095403818	456.573918192901	0.353984839207221	1.19541883041473	45.0759426146384
95	0.809119224666308	1.46399202188629	483.933750496601	0.314019981949989	1.24527899683774	15.2048438246181
385	0.926689109043631	6.16882302447703	490.828254656881	0.34958666162286	1.24611000075492	50.8219385886258
50	0.514774451874944	0.766246952625849	340.874702264802	0.356396239608909	1.04781081174661	9.04809452880311
63	0.812521844662378	1.03738038496939	384.449477995172	0.346279449532044	1.13571625245142	12.0623599271194
113	0.778973522493113	1.50753084687609	559.780680093208	0.295607427187829	1.26839216521244	16.0824087197218
50	0.746412023268514	0.903102142765534	301.402691633255	0.377863712724394	1.01526239914086	10.3187568049907
71	0.936975760542557	1.91821217418173	327.850753963187	0.374821798646647	0.987398913045871	16.6728460648445
34	0.943314449558401	1.41371483822952	187.184033633755	0.511902834008097	0.696945637677402	12.1234769525769
156	0.542750958004285	2.4415517296768	465.767160246866	0.320050870648138	1.22094995940199	17.9378412831004
2061	0.892826239246927	15.6157796922566	391.310363107752	0.354645449234415	1.17649351224678	183.06531839235
50	0.926829874851171	1.50472244074949	268.048551111265	0.377802211594781	0.904914261471533	13.5269034872442
62	0.987081147154498	2.85361721073785	207.573296601865	0.455269564206841	0.771882176348489	23.5380454282358
116	0.87162523211956	1.82344557091182	504.183418905622	0.305125196400204	1.26583720179662	18.0968202791674
81	0.951432180271143	2.79879664043409	231.805512254936	0.433320864116712	0.847381498573716	22.8438165262809
61	0.794588521788083	1.42473398674892	346.990382775773	0.39599109073452	1.03842244250088	12.7482366859708
63	0.766037197912608	0.916605413174632	401.488505369381	0.346041901741699	1.14008307995333	11.4901495764019
54	0.492528382742299	1.3475964266686	251.336158176734	0.38983254861196	0.875470091540685	10.8865951084756
33	0.734491163934196	0.990936579418314	216.40431009901	0.509983558218852	0.766856925968786	8.96867494546548
154	0.728484638155904	2.153120333241	633.893567484514	0.333823505711331	1.29104133357686	19.7054256561001
98	0.895989755843578	2.21981960725676	353.528695244601	0.363612579612579	1.09340384269546	19.1294104477126
1595	0.779837395861996	12.7563974839467	390.196894774214	0.365378490913245	1.17324097102023	110.058385282657
46	0.503160212707898	0.278621777118	515.665242226029	0.313963523264	1.08843332356589	8.19375100747487
552	0.973256192446668	10.5524082047733	432.57645402844	0.354843490712373	1.20556686306893	92.9778219886164
59	0.802020604457125	0.992738570514758	360.578837771159	0.338562945621769	1.10695651079774	11.5356409880045
382	0.941967423817509	6.52890774158091	395.759158857581	0.354358662590192	1.1429507363961	54.746577787901
61	0.595999431203593	1.15123832559536	334.232559488097	0.371522678538385	1.04257615277819	10.9449214986067
112	0.840718363395453	2.32535692387319	333.760939222196	0.384595108786285	1.07867049595801	20.5515144724135
1413	0.906751640295176	15.0592000017221	373.36981840618	0.36642436048261	1.14874105068522	129.98692115844
183	0.932425920780149	3.777491889044	492.965931779674	0.323813389589992	1.2535859417669	30.2547751881136
198	0.839878436448742	3.08031761751742	465.979756476404	0.330557795579402	1.23891649586025	27.1565293867456
148	0.835253168342226	1.88516889805609	395.993537659877	0.335821755402608	1.16765734907263	20.2614405022201
618	0.981582155855961	13.5837522153705	415.236911867958	0.367311158131374	1.1628905084331	102.756234524551
203	0.861390240815954	3.08312472750359	559.330713443612	0.34776386337078	1.30328169888487	27.3764428751858
34	0.932194940511894	1.2295581055147	231.669790104899	0.440671752068811	0.818751792234436	11.3041834928107
31	0.908096406733566	0.985005337999161	245.542053689236	0.414323373146903	0.822378896366253	9.7333156369718
47	0.805327712680269	1.00492382408207	338.767323528956	0.38265076162135	1.02077181825853	10.4352548024047
38	0.936405374228839	1.25453433428303	229.8868410729	0.412501934521716	0.897211872002219	11.7476722229508
190	0.657731568049447	2.80023198990573	370.888993332758	0.355191682413694	1.12724511765809	24.5541445394457
54	0.455145457952994	0.551942176404071	440.203532207785	0.325543845312631	1.10047345225792	8.95561709943042
179	0.904886684344079	3.76270531245444	395.838216790079	0.347869652963711	1.15796511928566	30.4791928459903
54	0.738665516733515	0.697617882160395	400.016001316188	0.346055982648275	1.15336350840597	10.1918977791317
222	0.818008461913501	4.25259280288607	463.881639009014	0.353448370605378	1.21841899486321	29.4313048021365
80	0.827588481943816	1.38719640954659	481.10254630271	0.374481437280626	1.07482702921794	14.2313928323344
59	0.907150134165228	1.60022785059105	261.22984635787	0.385805052230391	0.957780235447609	14.4438034942019
38	0.869978963717806	1.15742419906098	283.771195037541	0.374663277683945	0.874807507051956	10.6167980521281
159	0.617731961034231	2.39509687407061	386.011083541991	0.333146818217812	1.16196438895653	20.3077792789025
272	0.978915797437384	6.09991487148162	394.873674691726	0.343322303272575	1.14712118914273	49.5395426602969
65	0.596323883914431	0.790040679103781	447.993916754102	0.317477946656637	1.18144670570574	10.5160893066553
613	0.816706548932429	6.79117007996305	387.656322380136	0.360301021558909	1.15532773545988	54.681924474824
1462	0.796464798392806	9.09862222886293	351.008047101223	0.370279615226381	1.12874269866459	109.426376794816
208	0.906186293227936	3.54838234317806	354.610596863122	0.369279421537486	1.12636470187871	31.0422108779762
81	0.983487463730332	3.19937946460155	233.970108827395	0.400027895215061	0.826668169935548	26.3595536359823
211	0.901322598601962	3.85554571330147	352.636504025626	0.369675523439188	1.07855268862886	31.7865984874036
114	0.94624872455355	3.37794911701453	316.797760876734	0.378187897477453	1.02512517164359	26.8827385542109
37	0.742613895964877	0.747982478835596	275.613036428921	0.354261381352001	0.918390798179336	8.70603898140947
46	0.786898843780322	0.858749493950883	339.652119342563	0.367639152759285	0.992744610320221	10.0369095533672
728	0.98759252737141	13.8099633178491	504.594013356597	0.328444295175512	1.25841034249852	119.24325064509
251	0.925212845504634	4.13805955614433	561.879403984767	0.306897732198086	1.28443238255311	36.206764795879
446	0.416485710574234	3.94775166948598	407.629368145247	0.351261497968742	1.18733207236863	38.5254123485936
88	0.782626970049197	2.42310301364798	248.74580792145	0.424935653870471	0.802473145513323	18.93996187073
173	0.949593260890077	3.65784904480797	593.78166398123	0.330218781259505	1.30765260081671	29.48305891409
115	0.956949168833003	3.06779378638924	322.420028606995	0.385983562434597	1.04748802701223	25.5493245600535
57	0.862904632475666	1.05732021763814	411.818072520856	0.326087232548178	0.99351057516759	12.0102890908585
54	0.84432391641106	1.35806517550367	319.80956575729	0.386012474012474	1.01116378925339	12.4419445693817
377	0.941168996211251	6.55828969694178	380.006876700945	0.36357315974963	1.13928700989744	54.3223328242767
295	0.808832055845797	4.1261773692323	481.060631334788	0.325754308639406	1.25069375205661	35.1448912020724
88	0.633157241795654	1.64708038669477	477.079601568721	0.323459166694461	1.31657931628516	13.8987090529103
349	0.921069264894364	6.17102084279505	381.433537054685	0.361755221426547	1.14489557953293	55.1973718557692
751	0.784231510093261	7.0235898750256	416.735480993234	0.360885527477202	1.19070378085937	60.9470857227915
40	0.961707057537706	1.90468999051936	223.782320790674	0.546713286713287	0.674459052811652	15.4233759413911
129	0.809714297559048	2.44796970657246	417.383814311068	0.354914622971495	1.15581235380376	20.5495067360976
104	0.760349227015248	1.79121316806268	491.75821307836	0.337723333670291	1.23646088769589	15.8313830357976
207	0.892259379086123	3.74460119431546	352.855355646243	0.385435864373246	1.07358910819837	31.5472810433564
545	0.69276446169032	5.88908742225449	357.257598921089	0.356786205482257	1.13080156442965	49.4475378802039
141	0.982664522881988	4.70211505798793	307.445159787945	0.40039100002534	1.01286975261643	36.7287023585015
65	0.827659496964265	0.974215703479403	428.317921972106	0.306074877375623	1.14887142841815	12.2336232761063
75	0.902345122861819	1.66952963937326	335.442507712573	0.387804530641901	1.04307824711758	16.2388777426057
162	0.929611064996042	3.78631827503717	302.075591597434	0.351829359407484	0.989074895197014	30.9758036453217
132	0.983037011192783	4.5721106961777	277.786751044779	0.397345496325889	0.955634285613916	38.7298098786982
103	0.955452575044568	3.20585089847915	327.22985124187	0.396350235416412	1.05763753039806	25.8707191061082
88	0.879713213932451	2.45129512041417	348.023485364029	0.457542499504731	1.01543469391216	19.9639963873086
125	0.889027315831564	2.78899026900974	272.603018601577	0.440378902870252	0.880629705878598	25.8402115818667
336	0.981741915996864	7.96321753217286	361.469963588899	0.345504931335381	1.11093370532683	65.8388637352456
807	0.913775753942854	7.93242280077198	417.038939033413	0.345948138935487	1.18800502658217	74.1847871361493
42	0.931439266787117	1.31553471875588	262.752587374248	0.445685051567404	0.791280206654733	12.1784516884402
74	0.922676103922137	1.97576739922239	314.886434890345	0.351113179206031	1.04176279292702	16.9094494644005
42	0.726635742677768	0.571598828093416	356.98173111144	0.34392153156859	1.04966346388325	8.82322102948739
50	0.861138704682386	1.39006903186158	243.129461236629	0.385521107094929	0.916926902392915	12.5002774669135
51	0.935801906019894	1.66418406267289	297.382787486235	0.394813771284359	0.882294444232032	14.3809636597454
126	0.926436826202614	2.57002083581356	431.030315331962	0.330211592440694	1.17193402602578	22.6678224419726
349	0.784345045341425	3.71509053677477	443.156821486189	0.342384425617691	1.20660927937927	35.4775455651693
176	0.765713047305208	2.41100397277617	688.141420662967	0.323074546147417	1.33398763834406	21.5455559364317
170	0.974162980634825	5.12336034078544	273.612216003096	0.422856859550023	0.966416801697894	40.1168320841105
167	0.931972813323865	3.26159067961546	538.689213001063	0.317543138756761	1.28165019333908	27.277946524382
38	0.963258030626573	1.77180559878674	170.345027147277	0.517279235378783	0.693879039326851	14.8678135902828
72	0.945549021828166	1.99797723587389	335.422013113136	0.382314827910736	1.02709286604165	17.3434467273294
66	0.942085893476959	2.05228514807874	266.988712726841	0.374805627462828	0.981925989209597	17.5789435688884
418	0.963735796579559	7.1627370054338	380.278655796567	0.353084935030964	1.12716505964144	62.9754097954097
173	0.830346735229766	2.78029728227584	387.043833472829	0.344344805950944	1.1370219565892	23.9843530731588
98	0.822516237164803	1.53445036724208	479.469723526554	0.308392707992207	1.21868186386229	15.5444300440326
89	0.784695269544879	1.42909449357088	450.508014057415	0.325301053238201	1.17056077261068	14.757228970879
528	0.921863654354165	7.43114358531559	339.796690984058	0.385734794082787	1.08936976376253	64.7480439617816
102	0.918634786806212	2.43482661483719	369.18711664793	0.339243586110478	1.13625912638623	20.6545847189185
141	0.830345559140948	1.88020539002064	570.004120165203	0.310479751913041	1.30434881977729	19.0581162317245
146	0.777241525937478	3.21071032437799	288.758918973466	0.432241588339149	0.999588844988812	25.6319585166959
75	0.813425626877425	1.01700713794057	542.551807257391	0.295167107741226	1.19876831529757	12.8878416949009
118	0.8610123424306	2.13354167190518	418.796793164867	0.330547806257149	1.13839280099836	19.1103813257671
118	0.966977453402318	3.84584903322434	247.562218293334	0.41377129351058	0.929943399910169	30.4074173434757
100	0.956908794589746	2.51094130061245	350.307901274785	0.357957776781306	1.07279181513085	21.9286382468799
266	0.92650236692113	4.96074845556621	302.592802057831	0.362712745351929	1.05424060528948	40.0856728404044
55	0.750259116957678	0.948884897840798	406.004355389957	0.35840095040095	1.09621485008532	10.7686813091444
578	0.861266655458803	5.84175723075961	346.269348403105	0.38094455300401	1.12721667438335	66.2516783967607
275	0.934345367845504	5.88014412253553	339.997243903369	0.372020756667816	1.08844780760734	49.1660451131094
368	0.789090754832776	4.61865388760156	300.731065456574	0.369591047029617	1.04488970565665	44.85930976498
34	0.694260727618114	0.566125016535664	332.181809112546	0.35122611255107	0.855136813013018	7.8392559564749
94	0.960925448638377	2.79570936458029	333.4805564654	0.374563870260889	1.03090453528693	23.7219531687426
165	0.910922764363367	3.31051902932227	397.424868000191	0.342867698577806	1.14212984451861	28.0661027582051
49	0.955084617502143	1.87763163044083	242.283439580395	0.418893363639814	0.861287190177692	15.4710409481261
110	0.815996842510029	2.04077761924055	408.84374680394	0.343328849211202	1.13503249513331	17.72696844521
697	0.703910228819394	5.37835043960095	423.079655587346	0.359597778905192	1.19889891492788	54.2300271546712
471	0.8282973043471	4.69304895532117	426.130565679663	0.360977426114963	1.18013096964993	54.5530506336995
161	0.954095236534955	3.40701986911528	446.659222792063	0.306663933575698	1.16478645143923	29.3734104709736
56	0.785520071313164	1.54699707428479	243.299604252354	0.470848114399724	0.823926941859932	13.0636806365229
32	0.914019819003337	1.2544070330357	144	0.443470483005367	0.602060344284403	11.6011153448769
280	0.975938355045694	7.24793752500989	422.741669770296	0.340413810952973	1.18748784937137	63.4138545320819
77	0.962905975541619	2.4984129696683	304.154337762082	0.408852547429953	0.998488186775666	20.8389405744942
63	0.830469940555822	1.49127884664174	360.391283076297	0.365678820384703	1.06367902827648	13.5322361516695
180	0.951404373754226	4.54125333718478	220.704050724018	0.456142197225963	0.817370938169595	37.1683640249932
300	0.97366643351429	6.57567195509217	498.108178168846	0.32682804854506	1.21714009532877	53.0642402535517
330	0.94481158525705	5.66028335449971	489.182859534218	0.359024283225809	1.24654517441941	46.1063338002316
152	0.456482643782399	2.57280225813114	348.076197463216	0.37233890219543	1.0747901464317	19.493423123677
263	0.965308287289403	5.42386547536123	520.684749246349	0.320411018821194	1.26307385436853	44.3929541721963
285	0.969954031945264	6.02258570998989	390.371688607384	0.344709856252538	1.19814278561864	49.9947810067396
553	0.431236664014987	5.91432351003573	371.152429810708	0.370327223258412	1.13389556752896	46.078300949378
306	0.717814330131841	4.01989340016763	361.01208253739	0.361155000606535	1.13132099224304	35.8921796641806
126	0.891557995670851	2.60506357241114	331.546543892607	0.377785085387805	1.02814252998575	23.2805114732272
288	0.890694478341539	4.67084595310971	429.579461817583	0.348939807292748	1.17821166026782	39.2692287392018
400	0.951355544201135	6.57527942983901	367.471805360421	0.372398845702013	1.13224722978377	60.4949973563723
45	0.847849577226994	1.00765341812817	301.625291990696	0.369861555726608	0.967148581767998	10.7436986883942
284	0.932646218164338	5.00433733585628	521.287183262416	0.324876714099512	1.30780957804288	42.4508196565695
148	0.928032595600367	3.24374117516738	378.343055474574	0.35882396401113	1.13875389181938	27.7982374127346
78	0.886696326074224	2.17126528533787	205.945205008046	0.511909762275422	0.818171565680893	18.9188350533931
254	0.888051262918397	4.18811200011782	526.069425697514	0.369513225832288	1.22316075795102	37.2984942898983
48	0.843880661324332	1.58339735291699	269.739759692768	0.390940653860671	0.928073153152281	12.6615906801383
42	0.939704781296028	1.47801123334588	214.207593122046	0.404625903908544	0.79946237688519	13.2001047633397
100	0.919154887497501	2.56751988716137	343.846429699046	0.396019580966695	1.06106758829407	21.0136354101491
125	0.882549825904926	2.24161809904421	459.265698727271	0.32362613750346	1.20724306777712	20.3002558615728
79	0.739003169197124	1.867769498934	270.668144632855	0.38140342873116	0.981149011523563	15.204221509647
67	0.868467224885969	1.51916864381803	323.603934518389	0.362760565348801	0.967685280516833	14.2494619202944
161	0.84903550006184	2.26726986515685	466.587614359317	0.334762807903386	1.22415320810945	22.199622016688
49	0.806156313095471	0.821822815097583	405.41767619415	0.342467643644114	1.06321032861138	10.3506807132709
38	0.791192345921241	1.0003661191892	233.097260696677	0.481708012118667	0.825925599981548	9.8096955715687
103	0.93433936447791	2.89900192875237	354.926503673593	0.365367200065637	1.02040721391959	24.307372483433
31	0.822147133515759	0.681020636291216	246.757441134347	0.407814867789292	0.88712382765575	8.39443009896749
67	0.877716528992494	1.36942449838908	389.385630583793	0.351660351923006	1.07265033217485	13.8803563060034
261	0.790658750481254	4.41852918135591	359.171412977986	0.368356412838337	1.13939497479846	32.6636305338453
74	0.854141356748795	1.30862274741644	414.427701857933	0.307734110087051	1.12048319824273	13.7864092654107
92	0.89875172590763	2.07579960868747	474.504047224232	0.33171878847173	1.19485925627356	18.0473243926661
122	0.851414531812439	2.34420949528661	362.291689822074	0.339651521457267	1.05624942555612	21.6540535305223
155	0.871511417722619	2.78179689501713	482.730004942954	0.322430929281872	1.21043457142103	23.8658696680131
99	0.876050161250114	2.07808946913362	315.191773176487	0.402014987100497	1.06117440837538	18.4885915346386
161	0.889829654110634	3.44630343744701	384.921514398727	0.379267274308951	1.09051496291645	29.5361159965788
162	0.845874423423958	3.10966478332091	402.977583791077	0.360808217611727	1.17416112055394	24.931439618103
118	0.754942298132201	2.25577669811737	420.290579011956	0.34366865386782	1.15727413906807	17.8084159955348
200	0.902352853002521	4.04220495571662	309.543605949557	0.377533564191928	1.0211951728597	33.5939146938337
196	0.859729056201621	3.34135285950302	330.369837110431	0.374021215564975	1.06258631560014	29.9531498587115
154	0.463705214252258	2.82423169203414	396.407142457099	0.318597222029605	1.24666097185292	20.0906923787302
126	0.793880351075438	2.41649563897727	309.665019665303	0.416316843246317	1.01440682865477	20.525396523142
31	0.866389690451248	0.868400066773677	263.335565185294	0.487521367521367	0.700022540987723	8.99536588032213
51	0.96719460333121	2.04482689682309	195.797217120983	0.43401750166456	0.82727812666298	16.9944866500161
89	0.751888718421127	1.20460827659522	564.744963431673	0.309366965947848	1.207837183335	13.8238720922915
142	0.720979270142223	1.73982384436056	393.000567814365	0.346652700078306	1.10228614015674	18.4596357458929
39	0.966051700022841	1.72337453439381	171.729988324421	0.465577312959936	0.757966854220309	14.4465496115564
83	0.639502552977549	1.27509149408934	489.63646057157	0.369874101541138	1.1390977507189	12.9287325496446
75	0.796483993742279	1.39055793358997	394.219204022375	0.348912310919231	1.16413049759232	13.9212763165914
84	0.879744984612328	2.12200858370276	263.431373559382	0.372876059799878	1.04817194426869	20.5175886795156
54	0.784221856386696	0.817023582184797	467.840093319121	0.416417733967334	0.951360394648223	10.5819682539297
56	0.589405851887042	0.923939736336067	310.013935696487	0.421083381377499	1.03143983312333	10.2379800267454
51	0.820943069722174	1.07077466550881	467.79583367463	0.382331475319091	1.05289486077013	11.232952225712
56	0.617011955745607	0.71840842384758	579.813479574188	0.296550227940912	1.19736408820343	9.84276793845521
55	0.503424357642536	0.660158862114666	410.293212811009	0.319203957470211	1.15314562446351	9.29970034096832
92	0.943127555283882	2.16494236741372	523.186787433253	0.303298838458619	1.35657848943767	19.3679270386977
