s.area	s.perimeter	s.radius.mean	s.radius.sd	s.radius.min	s.radius.max	h.asm.s1	h.con.s1	h.cor.s1	h.var.s1	h.idm.s1	h.sav.s1	h.sva.s1	h.sen.s1	h.ent.s1	h.dva.s1	h.den.s1	h.f12.s1	h.f13.s1	h.asm.s2	h.con.s2	h.cor.s2	h.var.s2	h.idm.s2	h.sav.s2	h.sva.s2	h.sen.s2	h.ent.s2	h.dva.s2	h.den.s2	h.f12.s2	h.f13.s2	m.cx	m.cy	m.majoraxis	m.eccentricity	m.theta	Cir
113	42	6.03028523934379	2.20354591072626	0.909760627359181	9.36655893612243	0.0385714496691871	13.3315217391304	0.546246509652333	15.6902690808129	0.314856796103599	19.8967391304348	394.572370554963	1.21137544730456	1.54130050656963	13.3315217391304	0.853880465498068	0.145963578008043	0.464200037107315	0.0359245152354571	31.0394736842105	0.00419630136720135	16.5851367728532	0.29628554124875	19.9605263157895	384.399375959904	1.16961621136126	1.53004309422975	31.0394736842105	0.983919144272032	0.0905060644537381	0.367442278412061	10.0530973451327	5.28318584070797	19.399495792148	0.891238430758474	-0.082171204685388	0.804988593776976
382	143	13.0159377214674	5.59971834102976	3.7997776174148	25.0354543453373	0.0473193359375	12.29921875	0.56285590221294	15.067693939209	0.341845590146142	18.70234375	350.924059146697	1.18228375752678	1.48608964611482	12.29921875	0.828399837410316	0.146126900157373	0.457007055165218	0.0349525109731214	28.6130268199234	0.0941736879528177	16.7938814756096	0.256233719721933	18.9731800766284	349.770794965674	1.21907362535463	1.5879626368949	28.6130268199234	1.0207147935981	0.0599349586868854	0.305704279559387	43.0261780104712	20.6753926701571	50.7733525537403	0.932702473378747	1.00754726382617	0.234747595221537
147	63	8.15906258796321	4.09765125512798	0.492063492063494	14.5423595650196	0.0453754340277778	12.4458333333333	0.610759813263746	16.98734375	0.333341557620969	19.525	387.814329189277	1.18622175490934	1.50251804014888	12.4458333333333	0.811684433928067	0.181435280954323	0.508958985722771	0.0411385242191037	32.3829787234043	0.0895912744118579	18.7848574015391	0.250900920742158	20.6595744680851	419.348960553995	1.15079414559331	1.50065321060006	32.3829787234043	0.938482932637037	0.0870688219187701	0.357333480051467	66.9251700680272	4.17687074829932	33.4561777555261	0.972098112526878	0.0551595453441007	0.465421133865155
164	76	8.65525022922948	4.22830237522675	1.25559688821945	16.560819245195	0.0737197278911565	13.2742857142857	0.334517189945415	10.9734249433107	0.35181968937263	16.8704761904762	278.517210156739	0.999187770887132	1.25451525810206	13.2742857142857	0.726259374115674	0.146315034605287	0.423869349169702	0.119377162629758	34.3865546218487	-0.119997423960844	16.3511757644234	0.387774162546483	16.2016806722689	260.486496521945	0.92200959969343	1.13797552006929	34.3865546218487	0.795909060342204	0.111865079156423	0.35517013387874	112.463414634146	6.34756097560976	34.4667078766538	0.96107721595422	0.163432767861766	0.356801381709644
67	40	5.34423246361941	2.53151227032309	1.50187382958756	10.0377101472398	0.0592796653402714	11.969696969697	0.416729228918181	11.2608407305377	0.345307570013452	16.8686868686869	277.781726199206	1.09820620870848	1.36411819167071	11.969696969697	0.839484100952256	0.104036951389018	0.372879468458226	0.0654372397382511	21.0243902439024	-0.0275629470256429	11.2302201070791	0.260461080293744	17.609756097561	296.004915504769	0.993245473475215	1.30521699167544	21.0243902439024	0.886737849337333	0.10712994272938	0.37060221335747	240.089552238806	2.71641791044776	20.4795720482326	0.971470353503314	0.153659365570959	0.52621676947629
172	71	8.16669940584681	3.85078278472938	0.78570848906935	14.240801818063	0.0521006237110809	11.936170212766	0.686930812980136	20.0631507469443	0.356515342723102	19.2127659574468	388.41022111785	1.21016091420823	1.49689919559884	11.936170212766	0.809696908983944	0.202081813816589	0.534538335378158	0.0498599822416502	31.3140495867769	0.28881439592836	23.0153848780821	0.274416227561218	19.2809917355372	382.733553315467	1.22590759311583	1.52485972808132	31.3140495867769	1.01033285191798	0.0679119420475545	0.318826820461278	259.656976744186	9.25	30.362140909732	0.925421754251028	-0.362853478700455	0.42876725762146
106	51	5.8698913711671	2.23055225722356	0.610682804015577	10.1720682608212	0.0520204889574259	12.2342342342342	0.629181825387931	17.4962710458206	0.344982928385154	18.4744744744745	352.850799304948	1.17996813992129	1.46545021460475	12.2342342342342	0.811266604321376	0.187700175676109	0.511673565451103	0.0418701171875	36	0.131876412961567	21.734375	0.255437128150276	19.75	391.309436666848	1.19273897724	1.493085789902	36	0.961191051743517	0.143878661134261	0.454574264723122	307.339622641509	8.5377358490566	19.1836847344907	0.838470909401152	1.26460166907396	0.51212429262671
31	18	2.75037068567855	0.718128125713192	1.50102845401181	4.32406416050889	0.0494444444444444	12.6555555555556	0.570414729356251	15.7299691358025	0.297660728601905	18.5888888888889	350.533921174815	1.14556351248313	1.46522783012256	12.6555555555556	0.840386899883304	0.181253256231939	0.503253961392347	0.0601851851851852	39.5555555555556	0.00866336633663202	20.9506172839506	0.195941726960378	20.4444444444444	418.002328775232	1.00851340950337	1.25937173922336	39.5555555555556	0.916368545855481	0.104349872984592	0.359814853148638	344.806451612903	2.64516129032258	8.16306287769234	0.77865366883923	-0.171040716815434	1.20233792915165
38	21	3.13283758522318	0.799276800515328	1.62533792055961	4.77830509139857	0.0656887755102041	11.0625	0.422904896666589	10.584642059949	0.361516557766558	16.5982142857143	268.840810708329	1.05586110260416	1.30587605560211	11.0625	0.80276205668702	0.112739416467598	0.380074422236042	0.0588842975206611	36.3181818181818	-0.208483723488364	16.0263429752066	0.213584440440841	17.5909090909091	298.922793070158	1.00369705912045	1.26367750992116	36.3181818181818	0.966001433082677	0.0703857589122049	0.296761693428652	370.131578947368	3.55263157894737	9.38694273962316	0.814425196620052	0.525495895957833	1.08281651552301
104	42	6.00676069779988	1.96422206560126	1.5549277968815	9.80955270453444	0.0370395851428866	13.3020527859238	0.712540690582086	24.1372795211599	0.330435378253215	21.5014662756598	488.020145099748	1.28332887873247	1.56626972967514	13.3020527859238	0.839730659469236	0.231265943647312	0.57972002916831	0.0259523279126754	35.9850746268657	0.231363648259308	24.4083871686344	0.184550978904346	23.5671641791045	554.329877433648	1.28081402063359	1.6519778969593	35.9850746268657	1.03711976618636	0.122688356048949	0.44068534561113	426.153846153846	5.43269230769231	18.2589584278292	0.841081296927214	0.725893819628418	0.74087445798943
58	29	4.17575669180661	1.54578562455691	0.851661312774372	6.57328575465621	0.0607814987047845	11.1173184357542	0.484103535572973	11.7747573421554	0.35845154995993	17.0391061452514	286.481768089108	1.08604822031923	1.34966949783664	11.1173184357542	0.805472087997974	0.128052625430458	0.41061640012454	0.0576171875	25.1875	-0.0310201471058523	13.21484375	0.26983291327974	18.125	316.475769069751	1.01348650557902	1.28398911995698	25.1875	0.931127638491057	0.078566480877506	0.315719052624455	493.775862068966	5.5	14.2942017101432	0.893085823429046	1.1837312164082	0.86664624926615
504	174	14.9616644142089	6.24655262761926	2.05314030780419	27.4680040627726	0.0510101222150218	11.768580060423	0.546522720359054	13.9759313076734	0.351862789557476	17.9716012084592	322.629485206405	1.16403326910123	1.44590544126933	11.768580060423	0.823715323591599	0.142875663565321	0.446617756914703	0.0379047294632293	27.5568862275449	0.105771966231442	16.4081985729141	0.286668333695535	18.5209580838323	332.965375708259	1.23253803906978	1.57296525581453	27.5568862275449	0.993021130263468	0.0528537357871137	0.286093230132842	545.482142857143	13.9087301587302	53.9437720407127	0.864013009988208	-0.43536452850445	0.209190473960795
64	32	4.22954125198512	1.3138550805763	2.09398319596887	6.69494328766122	0.085300876240499	11.8894472361809	0.454220674593885	11.8921744400394	0.372800925257325	16.8442211055276	283.373276287446	0.97935344886344	1.21706223282711	11.8894472361809	0.727286745534202	0.130887073448726	0.395875057788855	0.0695983379501385	34.4210526315789	-0.172430060857669	15.6793628808864	0.236816110567758	17.4210526315789	295.837051752022	0.942562019266922	1.22258737404111	34.4210526315789	0.875636587510529	0.126621460726692	0.390300447576492	607.375	5.140625	12.8499381610772	0.80896155459359	-0.112875132013578	0.785398163397448
40	19	3.11905573270518	0.372192621312277	2.45513763993482	3.77335754293369	0.051392	13.12	0.475123410007987	13.498176	0.311770673841262	18.464	338.148964261923	1.10668856470211	1.41986053053752	13.12	0.832585728188967	0.145430395322017	0.446801686854777	0.0599112426035503	27.1153846153846	-0.047817760882612	13.9389792899408	0.277247051114174	18.1153846153846	318.083692187285	0.985201906408442	1.27465382531612	27.1153846153846	0.920253058420127	0.0702071732262262	0.297614869840585	634.125	3.8	7.9110897831657	0.577335083639799	0.747251197114157	1.39239563594007
143	56	7.26126229143517	2.26352815995296	1.82457711063497	11.3565812978867	0.0695137300062675	10.6794582392777	0.518891277407565	12.0987992295502	0.379915779849388	16.8103837471783	281.925182689988	1.05571954856512	1.3183699866394	10.6794582392777	0.780345312129562	0.134853353932261	0.41661816034668	0.0588860544217687	25.0476190476191	0.054523666866386	14.2460317460317	0.331927999582303	17.3333333333333	293.199818586275	1.04642722290931	1.32604610489615	25.0476190476191	0.854410283817386	0.0887690718103111	0.340433138514063	650.951048951049	6.31468531468532	22.51142161657	0.797542866593959	0.393016616079004	0.5730200886012
373	140	12.8854635777408	5.92202149530008	1.1187638951366	26.1188531485576	0.040499012500633	12.6509207365893	0.716634709766925	23.3226364918997	0.320814824294314	20.6108887109688	450.057385251758	1.28686842478742	1.611034386337	12.6509207365893	0.845252003951474	0.210831665945883	0.562068278931006	0.0241266011650609	33.601593625498	0.260077692516871	23.7061633942318	0.25324495279943	21.6972111553785	472.01944946753	1.33066040381281	1.74042149343627	33.601593625498	1.03948267342546	0.0620031058231864	0.324633554725472	691.678284182306	9.62198391420912	50.9139311453748	0.928383879946323	-0.340589047565135	0.23914572648755
81	41	4.7627587536475	1.8421357100509	0.14221833889869	8.00583517115021	0.0874827383692322	10.6494023904382	0.154819874720106	7.30007857018143	0.379562235343815	15.3665338645418	223.008791392905	0.928463373558022	1.15400637994005	10.6494023904382	0.776956754748898	0.0409784823018546	0.217098457635619	0.110113421550095	14.5	-0.216887778372696	6.9578213610586	0.340119688840916	14.195652173913	188.05419585245	0.826923348470609	1.04942378004833	14.5	0.762789110371229	0.0312450558735116	0.181000075431598	730.074074074074	6.04938271604938	15.952148189133	0.807088198744834	-0.028969279906318	0.605518155718675
144	63	8.07209344571289	3.99940626373265	0.819422825342258	15.4505363277237	0.0500951069132887	11.7489177489177	0.469706434271567	12.0777487303461	0.349649735532089	17.8658008658009	313.248306806016	1.11210785101904	1.40735271516569	11.7489177489177	0.845922597392664	0.11889925702338	0.403710462593189	0.0419810819428207	29.9484536082474	-0.0811334472842657	14.8504888936125	0.256679963309024	17.9896907216495	308.510144935297	1.16540342711323	1.49089004467677	29.9484536082474	0.999703822378101	0.0393746485893401	0.241090257419538	754.458333333333	5.51388888888889	31.4859695492281	0.968489921251633	-0.271191680198318	0.455922743378111
161	53	7.19924294188883	2.1384993463993	3.68750886224205	11.7663409016094	0.0305558837429112	13.713768115942	0.793754940016953	34.2462947647553	0.290156634108041	23.8514492753623	624.822440338071	1.3669873206036	1.70960942715093	13.713768115942	0.837753425435235	0.273067574538791	0.646246380750609	0.0314891581632653	39.4553571428571	0.429816633458736	35.5988321109694	0.246719001850967	25.7053571428571	693.182233516913	1.32827236604486	1.67903545596993	39.4553571428571	0.99888359493713	0.180248864091094	0.531938438425896	787.701863354037	8.08695652173913	21.2487731110312	0.852278647444014	0.542497650956489	0.720251217127742
527	179	16.9880890646383	8.18077057524452	0.801145367779921	33.147620411249	0.0537831287561851	11.3387096774194	0.591205061467179	14.8684565397439	0.346788992842124	17.926267281106	325.054024169504	1.16563162227887	1.4488905664704	11.3387096774194	0.827520842024329	0.153363506637365	0.462484742569151	0.0562382222222222	23.128	0.239355093330215	16.2028888888889	0.311494988054556	17.5333333333333	305.844349701479	1.15771749312985	1.47677866139458	23.128	0.95612311980249	0.0524371516867537	0.276483753892098	834	15.2770398481973	64.4737986732849	0.914529050267882	-0.405660352655183	0.20668759757084
36	17	2.95801591499168	0.437399493877347	2.07222528868336	3.76516541313064	0.0660254849444039	12.2342342342342	0.423718316320677	11.6148039931824	0.348077611670616	16.8648648648649	280.439471511812	1.04669525604738	1.31961683899195	12.2342342342342	0.830249760290861	0.114007783175686	0.384011758859932	0.141776937618147	17.0434782608696	-0.0779531324725019	8.9054820415879	0.407394016089668	15.8260869565217	243.793191465513	0.686247407833274	0.895659578729956	17.0434782608696	0.5809936574672	0.0294243228169995	0.162459661432352	516.194444444444	5.80555555555556	7.62417594202708	0.607690704534887	0.154873382876395	1.5653610453873
352	171	11.6719863436881	4.24190956131137	1.93132141133965	21.4440425633374	0.0760106393302624	10.8021582733813	0.459773952950221	10.9978132601832	0.375570968931104	16.0935251798561	255.280032478954	1.05720456237783	1.3037294679983	10.8021582733813	0.799384581425666	0.111612706675663	0.377922056237797	0.0727022082506635	21.3451776649746	0.158089283382176	13.6766278440568	0.348075955557788	16.5736040609137	269.797658045474	1.06759476341162	1.33426256685944	21.3451776649746	0.917738580568056	0.0363205702050578	0.219452129177838	169.744318181818	19.6136363636364	36.7771691148026	0.593465169694137	-1.13733083886494	0.151272612299662
91	34	5.17743089374733	1.51534994804443	2.70364357512503	7.96412805272106	0.0433752905574317	12.3509933774834	0.588160538638605	15.9949125038376	0.333912792058487	19.2582781456954	373.776710341948	1.19870855768799	1.50775257738817	12.3509933774834	0.843175371550743	0.167882066247623	0.491354446068609	0.0354683195592287	35.2727272727273	0.0517545700285141	19.5989439853076	0.223198894130549	19.4242424242424	370.44465531136	1.2220006215727	1.57353995637707	35.2727272727273	1.04626603760916	0.0945377246275131	0.380210577477501	445.681318681319	9.32967032967033	16.036933974354	0.881883251891301	0.39564307696605	0.989221216182253
134	48	6.42845309276614	2.25319785112795	1.80686384225388	10.1064215696974	0.0415190108857389	13.2699115044248	0.586940782417067	17.0629649933433	0.302215095005308	19.8230088495575	397.736370618749	1.20166566089895	1.53691402367577	13.2699115044248	0.854006400902503	0.172066929483324	0.501244961407503	0.0360243055555556	36.46875	0.0176753321340305	19.5624728732639	0.23332565057015	20.3229166666667	403.74597672716	1.19270926491316	1.52976718547499	36.46875	0.95668238086352	0.0855012066127624	0.357371423399496	624.783582089552	13.6865671641791	20.8971404419504	0.893995989266063	1.11409333624261	0.730856624272625
130	55	7.11832631397197	3.28922745712024	1.22156923870842	13.2184944317166	0.0599315929782204	11.5886524822695	0.506829551611335	12.7491351318121	0.354835644347534	17.5224586288416	304.729468570255	1.11143853485367	1.38723042990413	11.5886524822695	0.809980147540638	0.133926213083277	0.424910146831092	0.0588935157644259	28.4512195121951	0.113821495987309	17.052758774539	0.286808988280049	17.5487804878049	305.955705890015	1.11114409128928	1.39785631279934	28.4512195121951	0.97757919710461	0.0512816588310358	0.266326193343066	87.5538461538462	12.1307692307692	27.306161865705	0.95502476731219	-0.549290308632945	0.54004237350965
54	21	3.74758814403444	0.614289679365921	2.87139303460597	4.85083624181419	0.0482954545454545	12.5795454545455	0.583606003808481	16.1053396177686	0.330058228734699	18.8977272727273	363.126356848901	1.14147361852499	1.43265535066691	12.5795454545455	0.831926096610855	0.182978652769752	0.50064578486683	0.04443359375	33.46875	-0.0174714622886576	17.447021484375	0.234938562822395	20.15625	395.478387308679	1.09951755786348	1.3991811875235	33.46875	1.01715869077551	0.104745138287258	0.378538258100885	322.648148148148	9.09259259259259	10.0372761060991	0.73400308746737	0.334165589206957	1.53873925890112
206	64	8.87794106423186	3.67374079711683	3.51534721124742	15.3474807709808	0.0324261059313628	13.1746478873239	0.698053355391602	22.8161852806983	0.32402090370276	21.9464788732394	500.578921099146	1.29487293414413	1.61858014333202	13.1746478873239	0.828040267660487	0.216883235077029	0.57050076132074	0.0206659729448491	39.6322580645161	0.152584458760398	24.3841935483871	0.206226012196653	22.6	506.532172089642	1.32495226889937	1.75810637403663	39.6322580645161	1.06794715834895	0.0796552299556836	0.368393493760475	393.81067961165	13.8349514563107	30.772594148919	0.95304847116728	0.397357144790645	0.632000084608884
653	251	19.2198442407872	8.67764442083212	1.70108325111807	37.6750265885818	0.0499840596373059	12.3471454880295	0.629268327703941	17.6524017378387	0.348868127395914	18.8950276243094	367.526967365484	1.19574781121646	1.4871045918628	12.3471454880295	0.805021763868909	0.179684930576783	0.504396208724454	0.0377061728395062	31.2933333333333	0.195224559639791	20.4422765432099	0.28369133451707	19.2577777777778	371.074189616793	1.24116275782226	1.60341842645698	31.2933333333333	1.01003293477433	0.0657018510658162	0.321252407609294	592.021439509954	21.0260336906585	71.548898282037	0.8944078166347	0.262868207134291	0.130249361298655
713	267	19.3778796057008	10.1247949479826	1.63567962176279	42.6694614269006	0.0454029348369986	12.2838464782792	0.644671486294052	18.2851966623269	0.339441593462483	19.2741459299873	382.648318800942	1.22445400380994	1.53196685813582	12.2838464782792	0.828715805872603	0.182582078742695	0.514728108220814	0.0283769613452781	30.3457330415755	0.190862328489919	19.7518973037937	0.264889615921304	20.144420131291	400.087819584966	1.29167594347139	1.67248598557886	30.3457330415755	1.03557396420802	0.0551618539277728	0.300853134815189	867.784011220196	21.7727910238429	84.3593412846469	0.975328655614557	-0.309350231350258	0.125683096242591
157	66	8.22622861335025	3.66910240787877	1.53352496107636	14.706838298752	0.0524025304827448	12.0510805500982	0.622090945886802	16.9444189268993	0.348553826163903	18.4715127701375	350.466004887528	1.18743310907285	1.47715826127897	12.0510805500982	0.829410115578846	0.178919661960061	0.501926641757674	0.0540176855055748	33.8235294117647	0.156102965510295	21.0400807381776	0.287206475001704	19.2352941176471	372.289565003539	1.18113195313238	1.46912855683542	33.8235294117647	1.0081141472617	0.064036275318757	0.304328468130292	139.643312101911	13.3757961783439	30.9866096217973	0.955426992768515	-0.0205808682811584	0.452920152996876
451	183	17.8136342297105	8.63749348782328	2.76242344834239	35.1342056132337	0.0527776972696264	12.0363391655451	0.542837762439692	14.1641878710042	0.340279699929767	18.0067294751009	324.661287349811	1.15321722894469	1.45093538465324	12.0363391655451	0.831688549942841	0.138735940783531	0.441029932902797	0.0354725653547831	29.3152542372881	0.0323136154152547	16.1470841712152	0.234220752305231	18.4745762711864	329.353832168506	1.20956107510471	1.58193078139213	29.3152542372881	1.0205249852153	0.0381933386023316	0.244411213114017	258.707317073171	20.0620842572062	75.5913746074708	0.955659688309581	0.0136945656058418	0.169232677806921
74	31	4.56096517865969	1.64828620678899	1.46907064990139	7.50892635641173	0.0575357574272159	11.489539748954	0.44841549325368	11.4150312494529	0.347536241821253	17.3556485355648	294.903037942535	1.08504766486321	1.37297175324453	11.489539748954	0.834563076691516	0.109884269415636	0.384120353967055	0.0916	25.64	-0.0504408246206293	13.2044	0.284305932759077	17.32	293.592629531599	0.875699177782008	1.16628140068305	25.64	0.785490272536298	0.0473994006689936	0.234626808932469	462.189189189189	10.7027027027027	15.38224364511	0.895649106612968	-0.275553187136476	0.967649766350238
83	38	5.10593371907968	1.53448643284905	2.12653724745655	8.61431199755011	0.0660163759344963	12.0528301886792	0.690770951810673	20.4885154859381	0.389431636366153	19.1094339622642	387.523344692164	1.17560801973054	1.44608033795797	12.0528301886792	0.77502628307805	0.233359540691274	0.563495185894677	0.040406427221172	41.6739130434783	0.12072549967843	24.6978969754253	0.262907385479092	21.5434782608696	466.751389067658	1.20549128552131	1.49997715084477	41.6739130434783	1.03416065594639	0.104594695355807	0.390602425756126	772.301204819277	12.5060240963855	14.3055221369225	0.769740860269621	1.50326366490942	0.722305236143914
122	43	6.20514259532118	2.45351413326388	1.52870497019021	9.79022812772313	0.0401193457296606	12.9440389294404	0.570817674651957	16.0798834958353	0.319067052652282	19.5912408759124	385.353379599354	1.20706603597323	1.53241409426922	12.9440389294404	0.840015912894187	0.15686967854083	0.479168782571555	0.0333950617283951	39.3777777777778	-0.0598790456569426	19.5765432098765	0.210142155833692	19.7777777777778	379.568935071924	1.21328101621175	1.59018286081957	39.3777777777778	1.04994125499262	0.0719576282581316	0.334548303305486	205.754098360656	12.2704918032787	21.7819543513398	0.933228763987547	-0.150775794609367	0.82914938612862
99	37	5.1903885450589	1.71636679113	1.0029175846097	7.86579357384774	0.0476250596189995	11.8837920489297	0.504008999268535	12.9798464401612	0.346007190302927	18.3241590214067	331.843926734353	1.12507959770973	1.42454024100618	11.8837920489297	0.824054226294879	0.141554591946346	0.441676044011602	0.0432167520605926	26.5074626865672	-0.0763246920057163	13.3138783693473	0.238364376427205	18.5970149253731	329.935117643618	1.07026203578188	1.46439301492483	26.5074626865672	0.985556649262392	0.0675965025199465	0.31205314577951	340.030303030303	12.9292929292929	16.1782349530935	0.826232776391457	-0.359150275397895	0.908744113090985
792	290	19.1339651510814	9.36617605722302	0.213152544283103	39.8122826248413	0.04111980902718	12.4613072877536	0.707309951840242	22.2875486647087	0.325222337084272	20.099173553719	426.876887893436	1.27929043712248	1.59501922583798	12.4613072877536	0.837402440689091	0.200877871105849	0.547404980704274	0.0277501454283855	31.6864564007421	0.31532382971553	24.1397394680591	0.250568989217879	20.8404452690167	440.707760411179	1.35108255650901	1.75738301120369	31.6864564007421	1.04680740394343	0.0601357005167334	0.321296655984753	446.518939393939	26.2752525252525	81.1279195833181	0.910480075568235	0.082010285179805	0.118342039554964
225	81	10.3080317721619	5.17087295387522	0.360569922629885	19.2753059139541	0.0423718257971142	12.1271523178808	0.674924893645375	19.6528468049647	0.334307506031697	19.5390728476821	397.177565825613	1.24444710885829	1.55346844605439	12.1271523178808	0.836540459278139	0.193716950050881	0.532332822893723	0.0314	32.9866666666667	0.228146949506128	22.3684888888889	0.234803378787723	20.6266666666667	426.409446458408	1.28959973371328	1.63735093921385	32.9866666666667	1.04487303406876	0.0864012119956646	0.370736029901068	500.382222222222	16.9955555555556	42.9160450497004	0.964545487085548	0.192617361099387	0.430945494319588
71	36	4.40219353582234	1.74965096316868	0.29528182813148	7.29752410237138	0.0918261165027926	9.2258064516129	0.289220690828656	7.48992333666036	0.391550989653456	14.8110599078341	209.310969779668	0.933845386013093	1.15987359501624	9.2258064516129	0.75823821810542	0.0773582656669912	0.2985172965835	0.11218836565097	14.0789473684211	-0.0300189993666877	7.83431440443213	0.387374984752467	14.2894736842105	194.89354903087	0.81226185158127	1.01822974335136	14.0789473684211	0.719113466034122	0.0656529160445496	0.258426148244679	665.56338028169	16.5633802816901	14.642513141493	0.808490710358553	-1.47283140413466	0.688435427175541
138	64	7.14951214999478	3.56081421757398	0.740829349445606	13.0857299423838	0.0701149425287356	10.6298850574713	0.450439442986069	10.6712590831021	0.36166329162678	16.2712643678161	259.69471907106	1.05155452182616	1.31606892959669	10.6298850574713	0.805430426993301	0.109330524024639	0.375751857038145	0.0983987603305785	23.1704545454545	0.050280127982894	13.198573088843	0.338954274340477	16.0340909090909	252.754616608354	0.963232313827098	1.22662145870371	23.1704545454545	0.890060018641289	0.0417411603842362	0.22571722383807	724.557971014493	16.0579710144928	29.034073602246	0.941127072990768	0.369663774713722	0.423378697456437
71	29	4.44802879223541	1.38311910562803	1.34880049762814	6.92760251281098	0.0587392274546014	10.5350877192982	0.477992325098604	11.090931825177	0.359793794747355	17.1491228070175	288.319370084442	1.07147588643142	1.33263118977386	10.5350877192982	0.828162835394062	0.108899611746085	0.377202941762773	0.0713899405083829	24.7441860465116	-0.0201114827201793	13.1281773931855	0.221897885905093	17.6279069767442	303.352042050993	0.907155841560025	1.15918095420894	24.7441860465116	0.83958871775863	0.0555663834967754	0.25319002646077	371.802816901408	14.4225352112676	13.5360451328892	0.82661303012049	0.199499796489046	1.06089454651546
83	38	4.86443525721338	1.58223721815947	1.57015093580803	7.22511010756805	0.0557101207830071	11.5510204081633	0.435254886692592	11.2267555185339	0.3588484375039	17.330612244898	292.646225260763	1.10439199510502	1.379690507529	11.5510204081633	0.827326052122604	0.106806783013341	0.379686308615723	0.0606609325486646	30.9787234042553	-0.125304216273104	14.7645993662291	0.264878920844918	17.4893617021277	295.1761597592	1.02435378538072	1.29883391519826	30.9787234042553	0.919912347574065	0.0612954314818534	0.280797964429561	6.24096385542169	18.9156626506024	15.7520232117819	0.855806947896127	-0.792414753306595	0.722305236143914
44	20	3.3186184534375	0.426346760869704	2.51097590589795	4.09939019855393	0.0651105015268361	11.9712230215827	0.48119437266724	12.537291030485	0.344431292192613	17.5107913669065	304.916506918707	1.05665614750495	1.31175891477339	11.9712230215827	0.825457694430445	0.134991430254664	0.415875621660363	0.0525147928994083	31	-0.141767462133597	14.5754437869822	0.206243157246466	17.9230769230769	309.858235345967	0.995098301929105	1.30770637434939	31	0.921409308498363	0.0879718017908744	0.336713542784427	295.022727272727	15.4318181818182	8.5341289361981	0.635154559613304	1.05739275882074	1.38230076757951
3653	1264	44.9757852794889	18.8823607519923	1.87776827903287	91.8790089167952	0.0437887923538669	12.4377431906615	0.642388512443532	18.3900218861081	0.340006804698954	19.4500648508431	388.891618818283	1.23553014735661	1.5428203124551	12.4377431906615	0.827494891476606	0.179803656349766	0.512576534144723	0.0284396424899969	31.2949438202247	0.192198262992037	20.3704360776314	0.263168291645957	20.0469502407705	397.299393707639	1.30895159584208	1.71527906924906	31.2949438202247	1.04137905815926	0.0346172064589048	0.242146058430801	767.772515740487	78.026279770052	143.955983629364	0.502051084626585	-0.0148290753338455	0.0287319689441884
60	27	3.96605274662317	0.903536923302515	2.50376944906008	5.82224107055662	0.0673775389929004	13.0680628272251	0.601159870359558	17.3825827142896	0.355792207359808	18.7225130890052	363.307706975339	1.09170372172418	1.35355964529441	13.0680628272251	0.747615338824891	0.198019288810471	0.507263357357162	0.105555555555556	40.9	-0.0267925633551376	20.9163888888889	0.294798179448974	21.3666666666667	457.613552932272	0.900890420046647	1.12164575020023	40.9	0.857255966185455	0.0973722106774208	0.329334876589859	71.1	16.9	10.1846268174448	0.571737757638169	-1.08637981443545	1.03426918636701
31	15	2.73404051751122	0.389472868469202	2.00997512422418	3.35261092284804	0.0763920325939339	10.3829787234043	0.378453450401745	9.3525350837483	0.365797579614851	15.8085106382979	242.484959890751	0.994402555825878	1.2313836162422	10.3829787234043	0.790061458320832	0.0996428125970335	0.348054753231613	0.0865051903114187	31.4117647058824	-0.315652173913044	12.9377162629758	0.233116978388309	16.1176470588235	249.453539335786	0.84956142277323	1.09746847802592	31.4117647058824	0.800778847900817	0.0755337046912834	0.287302795520134	751.096774193548	16.8064516129032	6.96832637815441	0.570424246085732	-1.23935052901431	1.73136661797837
360	121	10.6753034611081	4.32993840712826	1.42594917743296	20.0487078493484	0.0371563749353217	12.9747351263244	0.631956311609058	18.6266235987483	0.308287504887533	20.1010594947025	412.438989240701	1.26207783506838	1.58906377138246	12.9747351263244	0.859473698286703	0.169130961596949	0.504396487328118	0.0280154283265345	34.5139442231076	0.108870687639609	20.3652838843828	0.208154159047848	20.9681274900398	430.468795587421	1.28255906357581	1.68146113060259	34.5139442231076	1.04735869709044	0.0494359064573762	0.285832366018008	796.677777777778	30.7694444444444	37.7003893391531	0.836381633878064	-0.971107580416459	0.308988007729616
40	19	3.14740396353751	0.665491368255431	1.34494024622954	3.95613062588761	0.0707596253902185	11.2096774193548	0.368436480891137	9.87454474505724	0.356727918985983	16.3387096774194	259.465474915761	1.00322881261154	1.25467720479549	11.2096774193548	0.823838084044644	0.091954396088118	0.337500965675077	0.136834319526627	27.9615384615385	-0.16495639579674	13.0011094674556	0.31200091273262	15.7307692307692	244.938427031544	0.734252047661026	0.954235506030859	27.9615384615385	0.686299017745721	0.0846454368716321	0.284398363689659	19.75	18.2	8.63842458037297	0.699231833327166	-1.19709507976353	1.39239563594007
80	29	4.63497586334301	0.978238817366197	2.67324792321576	6.34426534240482	0.0391344903612415	13.0075187969925	0.646386135152143	19.3922635536209	0.317218054307838	20.1578947368421	417.494600831625	1.26522246915762	1.57415244803681	13.0075187969925	0.836058163927625	0.184668002459164	0.52349299535718	0.0407253269916766	36.8275862068966	0.0553717117804044	20.493162901308	0.256733084850907	20.3103448275862	406.85373161832	1.18683400399568	1.52163249318278	36.8275862068966	1.02109973680486	0.0747247013415059	0.333777781000281	643.5625	19.7875	12.8037941809249	0.76865588791381	0.111520933652767	1.19537413691883
35	17	2.94224003848973	0.570896240875424	2.06218213446566	4.25160258813945	0.0770809677701109	11.4953271028037	0.372837741243746	10.1645558564067	0.362651750579183	16.2990654205607	259.797377680984	0.981282246806092	1.22041822467	11.4953271028037	0.790526185051559	0.0941416359114928	0.337020229799057	0.102493074792244	14.2105263157895	-0.0905612244897967	7.51523545706371	0.370116436989502	16.2105263157895	249.167266736303	0.805434585331093	1.0272461610835	14.2105263157895	0.728517413426191	0.1044488099019	0.327160543614672	324.885714285714	19.8571428571429	8.15959752384636	0.729257826391179	0.473386636912329	1.52187879412654
59	29	4.11856360825982	1.67320700342166	1.29849450922497	6.97507026716341	0.0924799149338374	11.7282608695652	0.263896304205967	8.96644612476371	0.406292171573501	16.2173913043478	253.551309601331	0.939505784033125	1.16668146963917	11.7282608695652	0.767008050750519	0.0691585418547588	0.283158629452741	0.113221329437546	29.4594594594595	-0.256073252771894	12.72680788897	0.282084013160053	15.8918918918919	244.916982140153	0.809809474542083	1.03761595774726	29.4594594594595	0.73757984468116	0.0645710287436878	0.258636493107522	709.169491525424	23.9152542372881	14.71154265375	0.927992688523864	-1.5239459116889	0.881588425977635
192	74	9.36679302416894	4.48946132061736	0.603889269500111	17.5510785402349	0.0489354780675704	12.2825745682889	0.617761776177617	17.0666487582837	0.326547591369828	18.9293563579278	366.758093394359	1.18748292445089	1.48946598714986	12.2825745682889	0.831029420944897	0.169760315623828	0.491343561248162	0.0337539021852238	27.2903225806452	0.185123042505592	17.7450572320499	0.235391778837018	19.2903225806452	365.856481303877	1.23024021770112	1.58239757213098	27.2903225806452	1.02086433463114	0.0681156115689327	0.324939776142258	109.651041666667	22.9947916666667	35.9756592186782	0.95999968686831	0.110275910717853	0.440603206347144
86	32	4.871470692742	1.52429025771201	2.20970869120796	7.53377810265208	0.0491474299784549	12.3157894736842	0.574211886568872	15.4623453370268	0.362999375655722	19.2210526315789	372.038198203129	1.15161416967023	1.44555852331812	12.3157894736842	0.800611568780145	0.18563952197097	0.506034663304838	0.036612426035503	29.9807692307692	-0.0636123301779738	15.0938424556213	0.204037997533223	20.5961538461538	404.06810705903	1.16233007245161	1.51260300303231	29.9807692307692	1.02254771649046	0.0780444489576525	0.339997503530769	345.383720930233	23.1744186046512	15.2964353306818	0.86388277668129	-0.171418632989176	1.05537878206532
66	24	4.14895861289225	0.48019461986952	3.34995854037361	4.95535624910619	0.0443181818181818	14.2545454545455	0.655756027462877	21.704132231405	0.321226322167499	20.7272727272727	449.740616951018	1.2034761323493	1.48723494333175	14.2545454545455	0.805528054535101	0.226672153352125	0.562387144425861	0.05456936226167	50.7179487179487	-0.0402384098816041	25.3780407626561	0.236505977323881	23.6410256410256	554.980556375824	1.09803688524731	1.34503585604853	50.7179487179487	1.01091605295058	0.0834060610048247	0.332375775916097	360.5	22.2878787878788	9.97929365119604	0.516425484676425	-0.835824221628001	1.43989663289532
75	31	4.77372209129112	1.76694291946713	1.6730712877277	7.69535719590249	0.0566224660874867	11.9341563786008	0.421619465496608	11.3168724279835	0.348711929626962	17.3333333333333	293.293185605555	1.08649203195349	1.35054229880672	11.9341563786008	0.810405529381945	0.120739063225299	0.399144390786076	0.0512152777777778	32.2083333333333	-0.183767228177642	14.6041666666667	0.252033391855011	17.5	292.572971946458	1.05723141885393	1.37371675511328	32.2083333333333	1.00382332583922	0.0883876444229101	0.345392531811835	781.066666666667	24.6133333333333	16.3900511098172	0.920942046306206	-0.96985542407241	0.98072611454416
159	54	6.96303169221865	2.88539728625428	0.282065670587554	11.9677779554382	0.0402817223765384	12.6256983240223	0.580067708467893	16.0330167250988	0.324107638060974	19.4003724394786	378.261178224051	1.21370672946791	1.5227460170453	12.6256983240223	0.851523195229445	0.158024041521376	0.479510512194383	0.0301773080618395	28.7663551401869	0.0353527661269559	15.9102978426063	0.243612936500008	19.8504672897196	378.835499638212	1.19676354467282	1.56828093457551	28.7663551401869	1.00048379403585	0.0361164029914881	0.236749259752057	226.037735849057	27.2138364779874	24.4411664426567	0.903714936638596	0.432732685724508	0.685203335968144
359	124	12.0058507357473	3.7565794843303	4.58847581466538	18.0185186274448	0.0401750584497593	13.0580539656582	0.603630501089467	17.4720721467592	0.318272049386474	19.9264104660671	402.23100417062	1.23414550033211	1.56212856000605	13.0580539656582	0.841055357496102	0.167367726790759	0.49822861723813	0.029488	31.624	0.0698350786769412	17.999136	0.215554652917736	20.384	402.752448744716	1.24294713594061	1.66075593071909	31.624	1.03057822629227	0.0397513056361645	0.255220751035283	705.838440111421	33.1866295264624	40.138160982134	0.786305709212546	-0.195078440661997	0.293400562601128
198	81	8.47075855972568	3.74445975873776	0.611079934358749	14.9667313838328	0.0549518461362597	11.6604938271605	0.630658379096013	16.7855128791343	0.343414440081107	18.1358024691358	339.663967531996	1.1598662698383	1.43721582766848	11.6604938271605	0.803616765349268	0.183002723474161	0.501363688833123	0.0431671593657619	27.9098360655738	0.29408406043134	20.7685266057511	0.256728489272632	19.155737704918	373.378202543087	1.20541926245979	1.51015569937285	27.9098360655738	0.993194959305683	0.0862438844124257	0.356727215493742	296.252525252525	34.7121212121212	30.2616100454905	0.876848794675459	-1.57038246590845	0.379232035001237
280	107	11.2463406533676	5.33541277595823	1.38648883769637	21.3194859726537	0.0455306323564626	12.1051502145923	0.657826343783837	18.6886063475106	0.349292184033411	19.4206008583691	389.579815702487	1.22910447882304	1.5297798639637	12.1051502145923	0.830827317478691	0.181606534431185	0.51312028959677	0.0484258648317466	32.3932038834951	0.195450729157491	21.1312741540202	0.291586763889813	19.2184466019417	372.220438777598	1.21598715760435	1.54291513199528	32.3932038834951	0.982400540213668	0.0738706515086644	0.334084685028776	678.310714285714	40.1142857142857	42.3159393719369	0.931806327672217	1.32322465350164	0.30732673351564
125	44	6.26456310406125	2.66870467688438	1.20475984369987	10.2623137081571	0.0423171087801263	13.1137440758294	0.600424735686561	17.409604456324	0.337371218659203	19.8957345971564	402.227981296186	1.1953787837843	1.508956749874	13.1137440758294	0.830256543040642	0.196194686419818	0.528977171841488	0.0520869464677998	35.0215053763441	0.0529445697696776	19.4896808879639	0.249056232691847	19.7096774193548	385.152382070791	1.10281943915627	1.43915896107495	35.0215053763441	0.992195833228036	0.0800440622261852	0.336271363359149	193.504	26.288	22.7308884825731	0.939427188855404	0.125050280660264	0.811361739046951
716	255	17.5714759913876	8.71880610012951	0.667277689999369	37.0212732260828	0.041108688775525	12.6391070690368	0.698172709815096	21.9376479199311	0.327703936514578	20.1942951632906	429.192784635766	1.27125893690564	1.58489830654047	12.6391070690368	0.829896049456809	0.205857698588669	0.552176901540213	0.0329934194609764	32.7650602409639	0.286967903856839	23.9758663166723	0.231363146774601	20.8895582329317	443.023897289229	1.29656223274063	1.69318931268651	32.7650602409639	1.02953976948475	0.0593344878106782	0.313618518116056	663.069832402235	53.7849162011173	72.6079644737388	0.894589562616314	0.874136082619877	0.138370186234236
60	28	4.10107341904258	1.59960864964858	1.35526185435787	6.55588223176215	0.0726463424876123	10.7301587301587	0.325389673476859	8.95285686290977	0.395414393061452	16.2010582010582	251.958261541341	1.00642122547169	1.23857377602564	10.7301587301587	0.804489493459819	0.0804205996147475	0.313968612630625	0.0634765625	22.03125	-0.314110965487112	9.382568359375	0.206896699770624	16.53125	253.826223692401	0.964387751785007	1.24660337271999	22.03125	0.881089431508473	0.0880890074110535	0.329422706145221	137.766666666667	29.5833333333333	14.3242280191721	0.918803537601173	1.35108534692258	0.961712036813202
52	23	3.70746663232714	0.807258691815488	2.12510424519129	5.15359547440421	0.0605876951331497	11.6848484848485	0.529693529072604	13.4225895316804	0.346197857256681	17.4545454545455	306.001096209487	1.08397470800109	1.35443668116733	11.6848484848485	0.823094513727979	0.156068319582812	0.452648827896423	0.0457856399583767	30.2258064516129	-0.104175774048239	14.6870447450572	0.167189957277154	18.1612903225806	315.435105391216	1.10512625024012	1.39644560088269	30.2258064516129	0.999719597331187	0.120795069483459	0.405381762816198	147.403846153846	27.2115384615385	9.93104378757186	0.679218899482282	-0.00975422545087875	1.23525760292378
63	29	4.26873415591102	1.51458278903034	1.81026272391816	7.30383574889585	0.0766268528572511	12.4522613065327	0.393860949473048	11.2717860660084	0.339170033855225	16.8844221105528	281.088867511681	0.99562150905425	1.24222145149089	12.4522613065327	0.734273832758767	0.118984577108365	0.381350418534368	0.172222222222222	9.5	-0.0953814617897702	5.33638888888889	0.454490644490645	17.7666666666667	299.590438950579	0.686125592244481	0.886812256020468	9.5	0.686125592244481	0.0909936368146385	0.284720309713303	22.2698412698413	27.4761904761905	14.5530753466614	0.914703209783642	0.128840175820232	0.941357132823577
48	20	3.50253067092224	0.363701662422701	2.7202941017471	4.12310562561767	0.0544147411030528	12.4545454545455	0.537845787958443	14.4744476302918	0.327523001640649	18.1558441558442	331.192496233922	1.13382162127734	1.38782927900638	12.4545454545455	0.831518037317833	0.147770173430593	0.445686846165368	0.039833531510107	34.7931034482759	-0.118347379082345	16.5555885850178	0.14218057895404	18.8620689655172	343.456217091313	1.08492166344659	1.44418166075526	34.7931034482759	0.960357527309767	0.0767181664153252	0.329886383198533	383.625	28.7916666666667	8.44366014969007	0.49593537328091	0.753694687409627	1.5079644737231
695	265	17.9355820787874	6.60690118513132	4.50571726521401	34.8937413612707	0.0482840797049679	12.1972437553833	0.58402066441234	15.6608770098544	0.345557260933458	18.6063738156761	349.521587332252	1.19731516656425	1.48984538598033	12.1972437553833	0.827268439724323	0.155524835475739	0.471347577374506	0.0322988699612077	28.8030303030303	0.106362000753678	17.1156029216094	0.255412450390378	19.0281385281385	351.717449775193	1.25011646740899	1.63478227863173	28.8030303030303	1.03502130926895	0.0399562294172638	0.25392645034108	576.496402877698	49.3280575539568	60.6274227936449	0.733244382365224	-0.499835010391879	0.124366359230753
163	49	7.06475551654746	2.16578982545561	3.15753265933923	10.6823625494387	0.039984019978262	12.8776978417266	0.649077030701705	19.3483256560219	0.312467888963869	20.1294964028777	416.838678439046	1.25297464550183	1.57268007284927	12.8776978417266	0.83571382361627	0.185956228227327	0.524987842840017	0.0317283730865076	31.6509433962264	0.166059906834519	19.9767488430046	0.265510584588914	21.3867924528302	449.037687289484	1.26760670107344	1.6164589156078	31.6509433962264	1.02524584774047	0.0863794197629234	0.368487611963923	634.613496932515	30.319018404908	21.3951352225185	0.85092837677569	-0.0820773102894852	0.853110541499602
49	22	3.54276866656551	0.992965386026252	1.90909090909091	5.08197267613589	0.0649739854318418	12.0258064516129	0.427073418364109	11.4950676378772	0.33185029607041	17.0193548387097	285.322737900694	1.03910847637852	1.30393461818132	12.0258064516129	0.780476225540046	0.135030871587254	0.414806226283857	0.125708884688091	8.17391304347826	0.0300583221175409	5.21361058601134	0.404401529209713	17.5652173913043	290.504312814309	0.777609356990994	1.00010978856872	8.17391304347826	0.777609356990994	0.0981014726335053	0.313095892646635	64	32.0204081632653	10.9769821959411	0.850692975476286	-1.55956140404884	1.27221520682562
227	95	8.62478097144778	3.66386423288172	0.522936519931546	15.5762906696341	0.057241599707816	11.5783783783784	0.495386360933987	12.4725182615047	0.352756849303749	17.2783783783784	295.378351641816	1.12082110711441	1.39950259369564	11.5783783783784	0.822614320008943	0.124320867811459	0.411493899655388	0.0574066361238372	26.1292517006803	0.00994479206941697	14.1958558933778	0.28968758832239	17.3673469387755	291.795735947563	1.08417881722336	1.41103061841355	26.1292517006803	0.944121720565165	0.0839576257015293	0.34105396037041	121.779735682819	41.5770925110132	29.1816305834668	0.715949690292281	-1.31772899520114	0.316073809358397
185	70	7.85077305528725	3.16963514054404	2.33701361850144	14.1917049643768	0.0485392245741272	12.3733766233766	0.559070771029251	15.0310233597571	0.342676965324024	18.6688311688312	350.047523073567	1.16749389827052	1.46134146698883	12.3733766233766	0.808460148953312	0.157997966744254	0.47089185414003	0.0550059358923625	34.9774436090226	0.0238701514247949	18.9163887161513	0.28887148308609	18.796992481203	348.795945070163	1.13041856845522	1.44778166322591	34.9774436090226	0.97697112508004	0.0317816750776352	0.213728092573032	401.605405405405	39.2108108108108	26.5782226986757	0.86310411941755	1.0872900036233	0.474444604827846
486	176	20.7992801916622	11.760741762938	0.528622879527882	41.3709097001925	0.0436229822260991	12.8982327848873	0.735735305691328	25.4040029990185	0.339297509393219	20.4131627056673	450.893180963023	1.27745258683875	1.57497203913543	12.8982327848873	0.812496164657282	0.22517242191226	0.573963613054505	0.0323657120978759	33.9351032448377	0.415308157472023	30.0196482801229	0.264052168188708	21.0324483775811	469.837666413886	1.34249722126201	1.72092344140611	33.9351032448377	1.04655111672814	0.114355862927411	0.434036581443114	526.728395061728	39.440329218107	92.2373927670034	0.994339311666741	0.262368340047064	0.197160902588409
40	19	3.11892696257721	0.755952099790837	1.85409631092721	4.2939111693413	0.0729708636836628	12.8064516129032	0.383845147724212	11.3922346514048	0.329407346333342	16.7903225806452	278.251419189161	0.995103930799101	1.26138788043161	12.8064516129032	0.775956631738403	0.131679057543707	0.40360169127215	0.224609375	6.75	-0.0706319702602231	4.15234375	0.492307692307692	17.375	287.834743133878	0.582877795410194	0.752207167971184	6.75	0.504954121797823	0.0147366454087309	0.105381078791872	528.225	29.85	9.23439933284526	0.799580787481442	0.0392933345914399	1.39239563594007
139	59	7.66634222859792	3.60088214874172	0.752282746480411	14.1890324263164	0.056993499882528	11.6946902654867	0.486464098491379	12.386438836244	0.346500415042841	17.4734513274336	301.802190670975	1.1042385915845	1.39094768819924	11.6946902654867	0.830784470330054	0.125365620599286	0.412017370247407	0.0500798374219771	23.9518072289157	0.00694519674045147	13.0596603280592	0.276463231045208	18.0481927710843	310.972157988636	1.11640834340766	1.4154221900612	23.9518072289157	0.919380393173135	0.0386687017317429	0.232986537393658	316.215827338129	38.9352517985612	29.2061042627596	0.955875363006168	0.770545018243109	0.501788427289838
295	109	10.263616459341	4.70226046874487	2.12156831141295	18.1721166280154	0.0443162074448032	12.4210526315789	0.599403251482507	16.5031870297825	0.339448982754532	19.0587044534413	368.022510294366	1.21407459438244	1.52365689261314	12.4210526315789	0.840037882917814	0.166209021936244	0.491261619857379	0.0310989733764191	32.3155080213904	0.0775329882234638	18.5158068575024	0.249636386940495	20.2941176470588	400.873674394121	1.23825358935989	1.60252509041375	32.3155080213904	1.03074444351759	0.0463041493689101	0.270460349352196	373.786440677966	43.3762711864407	39.8808394529529	0.863636777211668	0.390615444897006	0.312017450655328
196	71	9.22758426265649	4.18358138755046	0.352112676056335	16.8893677768003	0.0454156751933373	12.3048780487805	0.547779004713309	14.6049389314396	0.338793656806569	18.6493902439024	347.269143766416	1.18072498036734	1.48176442008972	12.3048780487805	0.824433134558353	0.156243892064133	0.471257175279667	0.03989027695155	25.3821138211382	0.0697664278135464	14.6428713067619	0.290513712108724	19.5609756097561	368.075853920034	1.15210594010704	1.4907445723144	25.3821138211382	1.00430312895067	0.0483404526772245	0.266809517238257	419.59693877551	42.75	34.5071244205953	0.951401441534865	1.03305415799677	0.488595247057012
37	18	3.03012232806262	0.876912744192379	1.22222222222223	4.18256227215972	0.0795599489795918	9.85714285714286	0.266201395812564	7.71651785714286	0.363254599136952	15.25	221.262394773047	0.95827280551374	1.20426920369439	9.85714285714286	0.816189415466127	0.0582261678077733	0.263962536218955	0.0872576177285318	15	-0.245256985167301	7.02285318559557	0.228011173831607	15.5263157894737	225.092069678117	0.829354983384047	1.0986976110834	15	0.797667615419418	0.0975861464586543	0.326491942393203	272.72972972973	34	9.36196877867522	0.825349311353996	1.21578252449563	1.43504849608423
145	49	6.92318763114123	2.55051462174955	2.06848589614254	10.4594972576187	0.0317434884010753	13.5316455696203	0.712753437620938	24.5540600687212	0.313272795104515	21.831223628692	501.17038213596	1.3254735221805	1.65058730293531	13.5316455696203	0.837095979167337	0.22428841455478	0.583916180767671	0.024574326772129	36.2747252747253	0.220570396615451	24.2700458881778	0.235319784390844	23.0879120879121	532.311707366068	1.28180631250868	1.69955375307747	36.2747252747253	1.03866334266385	0.118188605579464	0.438445608922605	11.0965517241379	36.5448275862069	22.5906840515048	0.890226742726061	0.39019643494904	0.758902015444431
68	27	4.24925451240912	0.972217995556137	2.29300839883913	5.65345834165694	0.0540397799744898	12.9464285714286	0.583328522625081	16.5355349170918	0.328407903702021	19.4017857142857	382.864654906971	1.13517837165003	1.43083293495719	12.9464285714286	0.80115023587956	0.177032788135896	0.492574846205449	0.0655517108804306	38.3529411764706	-0.01902057327313	19.8185313341023	0.272343952601082	18.9803921568627	358.375487595897	1.05124539980934	1.30951076441825	38.3529411764706	0.973217947128552	0.0641347982645652	0.288287812372749	33.6764705882353	34	12.2196417158709	0.80606852185106	-0.290044592535289	1.17217174454928
201	58	8.28392641427088	3.16297125847993	2.79033494126124	13.8200168464495	0.027519386984472	13.7825464949928	0.742612621592856	27.773936197429	0.294669087357802	22.8183118741059	553.434395451469	1.36787604737392	1.719412438092	13.7825464949928	0.855595580168263	0.229821501174075	0.600092800078514	0.0211005482621598	36.6808510638298	0.27871959107939	26.4275941854031	0.209194672022412	24.1418439716312	585.650845245427	1.32471620392907	1.73847892240099	36.6808510638298	1.08491666713393	0.127066281236491	0.458401029997017	336.273631840796	36.9402985074627	28.5243690357205	0.93634381501159	0.201625142748508	0.750844379752138
38	18	3.1126250480761	0.757569131565946	1.94761646032868	4.34790995624959	0.0723840665873959	10.8103448275862	0.392259099568836	9.89387633769322	0.377772347163828	16.1034482758621	252.510284443359	1.0122215556722	1.24577931092874	10.8103448275862	0.795224604370224	0.0905262533804991	0.333785328008434	0.0709876543209877	22.3333333333333	-0.185840707964603	10.4166666666667	0.277634551006143	17	273.610592886655	0.928993200383429	1.16312764145541	22.3333333333333	0.828649868495435	0.0354860029676613	0.202853890913552	74.0526315789474	37.8947368421053	8.9912130307275	0.772326270885898	0.596169038949634	1.47383359057299
167	55	7.06329155863797	2.50173393634338	1.21967344227262	10.7168670640921	0.0489449882052419	12.014440433213	0.744980525447077	24.5559273547159	0.343182802515994	20.0108303249097	434.929618566782	1.22997971634756	1.53400684744597	12.014440433213	0.820146457775642	0.234689503763549	0.578739772231123	0.0344667957242656	32.0550458715596	0.401349316381997	27.772746401818	0.279335414722829	20.9724770642202	461.769021698646	1.30694676465963	1.65000850415892	32.0550458715596	1.00591968599409	0.16288045047818	0.50365267369044	89.2155688622754	45.1676646706587	22.8278034645297	0.85268528068343	1.45392964641524	0.693746741354705
229	90	10.9759927163645	5.66650794452582	0.135172500673292	21.2104912312658	0.0569350583145611	12.7821522309711	0.407721483187698	11.7906600257645	0.336072993933114	17.9107611548556	313.400328316677	1.08756762792414	1.3768956349171	12.7821522309711	0.80854874212796	0.111094588252236	0.386686775325538	0.0502336989217455	26.891156462585	-0.148263893348721	12.7094844740617	0.289701299971985	18.0748299319728	309.138509195426	1.06919181510802	1.42370863190415	26.891156462585	0.972591382390787	0.0517096384419135	0.269793114680658	199.275109170306	39.4017467248908	47.1852052143059	0.979794382645366	-0.193943434292293	0.355271465517068
42	20	3.29631878262965	0.796418535245756	1.84390889145853	4.75394572960187	0.0428593413357956	12.7719298245614	0.693811820003026	21.8563404124346	0.359797721036111	20.5087719298246	442.336859464319	1.22967891072373	1.49643979419873	12.7719298245614	0.832767140666676	0.2274006546149	0.564652038840257	0.161157024793388	37.2727272727273	0.00835532102022946	19.7933884297521	0.382991761815291	21.0909090909091	454.00253712962	0.692337800660876	0.883902343356137	37.2727272727273	0.603530873283343	0.0680455290478581	0.245693316231498	897.928571428571	37.5238095238095	9.12052433360528	0.714435766115752	1.30163072242072	1.31946891450771
58	36	4.64486582199354	2.29248084163347	0.337931251683244	8.399919164808	0.137803084709825	10.1754385964912	0.411594867819455	9.64662631236962	0.447069036171203	14.9356725146199	222.132372295337	0.874331695112319	1.08677316828913	10.1754385964912	0.697915844560245	0.114069441231942	0.350985280475756	0.0897920604914934	23.2173913043478	-0.141662018962634	11.1682419659735	0.228861964559051	16.6086956521739	266.071084138762	0.841149629434174	1.08982658237398	23.2173913043478	0.79867675112318	0.0789742885657876	0.292761322249457	153.896551724138	37.1551724137931	18.8498176600708	0.960006908931558	-0.0625603248990881	0.562383870087062
691	223	18.8302958853382	9.83345297166731	2.38386257578514	38.3459742669848	0.0391529931300814	13.0317124735729	0.734173528591858	25.5116906614699	0.330030011988972	21.0131078224101	473.764719471287	1.29637205558047	1.6127571867586	13.0317124735729	0.819625945334265	0.227541803044438	0.582281612936586	0.0272096123829344	33.0120967741936	0.380500075745011	27.6441491610302	0.255349650028854	21.5040322580645	479.977118708449	1.34435421404502	1.73436977725522	33.0120967741936	1.01992711375125	0.0876250623064906	0.383341255251806	478.500723589001	51.479015918958	79.7893465425712	0.947873511534604	-0.0584000059364885	0.174613647861855
759	253	19.5237203022989	9.01560799747832	0.171242521916497	36.9903533505339	0.0504081224559073	11.9699960521121	0.639452326067623	17.5997410572079	0.352878761507451	18.6063955783656	357.465819350204	1.19844190271821	1.48890669914915	11.9699960521121	0.819238744164538	0.176664519275266	0.500629930825111	0.0383083429450211	26.7176470588235	0.28256297857887	19.6202037677816	0.298706742214629	19.0392156862745	364.269692116815	1.24858545279171	1.58280661533455	26.7176470588235	0.98937099322588	0.0644124567912522	0.316206020960312	859.985507246377	53.2924901185771	77.3723733336443	0.931940671277319	-0.188373325927205	0.14900834720584
255	96	10.2737169425068	5.0834189450959	0.260624916733257	19.3811874080827	0.0492146042215807	11.2349468713105	0.531953600293043	13.0019584365404	0.34844383828341	18.0401416765053	321.774239483484	1.15815859960841	1.44162714542886	11.2349468713105	0.838350537708105	0.12711433986735	0.421582745411572	0.0382871972318339	25.1882352941176	0.00750973484146104	13.6894117647059	0.249458134417751	18.4	322.500487394854	1.16831187520653	1.49241255567059	25.1882352941176	0.992013562855034	0.0424630472096968	0.250390671132652	248.596078431373	47.6588235294118	41.0109351064736	0.920279750766272	0.852153332978203	0.347702311920745
41	22	3.32820780813719	1.19464012039592	1.36363636363637	5.18261556863245	0.094487408288717	9.72357723577236	0.288233017224696	7.83059025712208	0.424945917112345	15.1382113821138	219.466969262023	0.930178954317666	1.15240338197095	9.72357723577236	0.78512731949338	0.0668582962257969	0.276799872653263	0.138671875	9.0625	-0.155666251556663	4.9208984375	0.282211538461538	15.5625	229.460029493929	0.634709281212133	0.879296152689118	9.0625	0.582877795410194	0.101086854199095	0.298945711530863	853.487804878049	42.3658536585366	11.1536290895978	0.899296789812048	1.4020526309153	1.0645066016296
114	45	5.57231595931377	1.91063586731702	1.50882179526826	9.10243489334881	0.0514726686283386	12.0106382978723	0.551542778665473	14.3910635468538	0.356723555171615	18.3989361702128	338.58096046036	1.1644549023934	1.44656438010577	12.0106382978723	0.828843139618135	0.148096651370186	0.454476553510518	0.0424884944115714	27.3076923076923	0.0814600218936938	15.8647271531887	0.253958993593746	18.2820512820513	325.041909992978	1.16800168273331	1.46113781684062	27.3076923076923	0.936951925982727	0.0322868124936402	0.216374970454107	268.105263157895	45.3421052631579	17.2823167809286	0.768176934350925	0.469783633147594	0.707440123475035
79	29	4.73340507705132	1.34407186222959	2.49732318048274	6.86033594473865	0.0469385358406365	11.4329501915709	0.545640488322247	13.5813919349393	0.333601612222302	18.4674329501916	338.609494024775	1.15509987586017	1.44345384715615	11.4329501915709	0.842439961544355	0.135809891520113	0.435514132644363	0.0662224073302791	30	-0.0498163586544615	15.2882132444815	0.27304573713264	19.1020408163265	354.212344142254	1.01725463665804	1.25070647003011	30	0.839399082438744	0.0322400143451789	0.200387082517274	170.46835443038	45.1139240506329	14.5247338527647	0.862928129605206	-0.490283428925847	1.18043196020734
49	21	3.53795691160182	0.793884866903453	2.11462888677853	4.77545690611187	0.0591099605522682	11.6666666666667	0.443134701306649	11.4753040762656	0.328910107462143	17.2179487179487	291.406466423893	1.05713448148474	1.33620368208747	11.6666666666667	0.840943428638035	0.114583433647027	0.387180585667351	0.0605867346938775	28.0357142857143	-0.136064090967825	13.3389668367347	0.230422168664636	17.4642857142857	291.923177466515	1.01426977492292	1.26154441421833	28.0357142857143	0.876067409512024	0.0908048451580182	0.336276690103668	283.795918367347	45.7551020408163	10.178221229602	0.789006307863944	1.31960559501315	1.39626340159546
87	31	4.84779810285681	1.05093896143405	2.25921629611524	6.50366101974338	0.0410047562425684	12.2068965517241	0.667183430364309	19.3387752675386	0.31104333854841	19.7724137931034	404.863175568998	1.23286225994688	1.54388000512595	12.2068965517241	0.852939874808786	0.188526413415774	0.524245665996081	0.0327793167128347	36.1052631578947	0.122749027819324	21.5786395814097	0.141603175478104	20.7017543859649	425.407708794981	1.22873680708831	1.590552548711	36.1052631578947	1.01849444034551	0.0973130437429419	0.387494571749407	70.4367816091954	47.6206896551724	11.7356308734167	0.406710300287686	1.34154532720806	1.13764229287123
36	17	2.99337861890397	0.559500531968152	1.91515536424702	3.96568324486664	0.0712198685171658	11.2612612612613	0.37791985365985	10.051294537781	0.345200722307241	16.2882882882883	258.706920075269	0.998978193146448	1.25119251383789	11.2612612612613	0.815939209880288	0.0956920176172054	0.343745263092341	0.0925	28.65	-0.214562026389698	12.794375	0.26257293658298	16.35	256.930641975311	0.909691001300805	1.15051499783199	28.65	0.849485002168009	0.104219110152861	0.34470789642598	138.333333333333	45.5555555555556	8.41376586927915	0.766875305392067	0.443952198995639	1.5653610453873
246	96	10.4638884810833	5.06699754003599	0.728347754433898	18.6818001573203	0.0505632327385016	11.4451294697904	0.61501967527813	15.8645641541018	0.354579068805514	18.3205918618989	341.78765673673	1.18073977414409	1.47116900310463	11.4451294697904	0.82771624776746	0.167564815997748	0.48569689353185	0.0445012429536781	28.8224852071006	0.161661017139022	18.1902331851126	0.279533733065625	18.5621301775148	341.619906329807	1.19315039180322	1.50142849810664	28.8224852071006	1.00385839938501	0.0390214385821645	0.240839193984725	613.577235772358	53.0487804878049	43.6339245323458	0.947432755405221	-0.388194655692465	0.33543046561766
156	61	7.58580814379473	3.64491416156873	0.533731822822942	13.9162465786943	0.0470629139450316	12.3196881091618	0.627762794878949	17.5481686672822	0.339070072692364	19.0175438596491	370.915712769853	1.21185021379848	1.51316412684165	12.3196881091618	0.82946069911679	0.173186296259301	0.499415228539079	0.0317314559738802	32.969696969697	0.0709517155721136	18.7438016528926	0.247985120865229	19.8787878787879	385.969827281167	1.22498618478209	1.59871492676241	32.969696969697	1.04429405165702	0.0811675503456283	0.35567537926107	204.378205128205	54.8076923076923	31.2451245996936	0.952410635170673	-0.709684162608138	0.526835209846824
57	24	3.83392455081121	0.858362643394925	1.92073842860268	5.2382474274428	0.0557508270321361	12.5869565217391	0.513640845842009	13.9399810964083	0.356805302252873	18.3913043478261	337.788951748908	1.11079556234718	1.4055406701033	12.5869565217391	0.808064721881708	0.148427656373157	0.449175988848359	0.0554016620498615	33.4473684210526	-0.0685989269317994	16.6501038781163	0.237653269699484	18.7105263157895	341.605549381736	1.03420027528198	1.37757234185425	33.4473684210526	0.905354188866062	0.0693493037412841	0.306962268186535	38.2982456140351	48.9824561403509	10.9046584119047	0.780908557851905	-0.21438724903375	1.24354709204596
58	24	3.92323545980653	0.958638313341143	1.75049596146667	5.66988266584454	0.0534310324893051	11.4623655913978	0.545397017553513	13.6070065903573	0.347745433362132	17.741935483871	315.273534842109	1.11942441989278	1.40805068334616	11.4623655913978	0.841837855984298	0.141115215235124	0.438719733463852	0.0650969529085872	31.578947368421	-0.0583975489740971	15.9182825484765	0.263341215013348	18.1052631578947	321.766349342187	0.968397443397746	1.26068645446481	31.578947368421	0.886418138402493	0.0567411155178951	0.266414486919075	105.155172413793	49.0689655172414	10.6441494793916	0.697974228368234	0.552456783973125	1.26536370769589
33	22	3.00365558220105	1.00554015074095	1.02851895445316	4.78288961380578	0.123057202371415	11.3544303797468	0.418213911865522	10.7582518827111	0.397152525685661	15.379746835443	237.395106303711	0.898154065563974	1.13728195812942	11.3544303797468	0.766449780014246	0.15650710792214	0.4190508020951	0.247933884297521	11.4545454545455	0.0988296488946666	7.35537190082644	0.517482517482518	14.1818181818182	201.029187053319	0.50474814088623	0.668946320339311	11.4545454545455	0.405965408489117	0.119812719521028	0.285871452103981	4	50.1818181818182	9.7001012380542	0.846989401162943	0.0215552639038361	0.85679799643358
177	72	8.17444222173555	3.79012267048631	1.0901671918439	15.6629292724912	0.0549996408088984	11.121107266436	0.545792134886403	13.2423103171657	0.351399524279638	17.6678200692042	311.385248791914	1.12886258120972	1.41681987073672	11.121107266436	0.816086787296954	0.136001543151982	0.43217596506081	0.0479340071343639	24.9741379310345	0.0858203017142316	14.6593155469679	0.27570357186159	17.9741379310345	313.148734599311	1.13710700683428	1.44585331564901	24.9741379310345	0.973449566134729	0.0408051677126033	0.241762886524487	301.254237288136	61.0960451977401	31.0378571928049	0.935627366163262	-0.881703601169425	0.429060107781939
43	26	3.8579290362659	1.85242336104166	0.894592565354835	6.97470068921539	0.134204514915345	7.68852459016393	0.344852065585784	6.86777747917226	0.44730409364932	13.9344262295082	187.728845734894	0.821598143684411	1.03012254698865	7.68852459016393	0.694691808469829	0.0839790469619854	0.293842304378835	0.193905817174515	12.4736842105263	-0.105709023941069	6.64058171745152	0.418218623481781	14.2631578947368	198.157864938858	0.549324649448421	0.739448857236199	12.4736842105263	0.440057146783739	0.119010495904499	0.298874238893625	351.162790697674	52.9302325581395	15.3866644038273	0.959587402888972	0.519518016670212	0.799340142629356
315	110	9.17073524083092	3.10838832073782	2.75995568295957	14.9136633786572	0.0383005267292289	12.7602996254682	0.741518545759979	25.6832014756835	0.324218977226248	21.2397003745318	483.143106889037	1.31056088955228	1.6341339854944	12.7602996254682	0.836969785565642	0.230573061773335	0.588905207133827	0.0276509489977683	35.0316742081448	0.321554722679104	26.8176122520014	0.247800533005931	22.1538461538462	501.9342549517	1.32848949058973	1.74807947456051	35.0316742081448	1.05330079518491	0.11001810085511	0.429118292781732	704.796825396825	60.6888888888889	27.5899172604434	0.522535530490638	1.18106406142084	0.327141053183731
42	19	3.24053122628759	0.569598223310068	2.47424405758803	4.31225786184407	0.0637339302112029	11.2727272727273	0.481760183216098	11.8759756657484	0.352991872991873	17.1060606060606	289.842466338561	1.05578674707943	1.32412973329577	11.2727272727273	0.802920964788991	0.126975218943389	0.405384701778298	0.0998520710059172	33.3846153846154	-0.137729380923573	15.6715976331361	0.310971940928899	16.9230769230769	283.172726407692	0.864716133140633	1.08469959151047	33.3846153846154	0.771607046278337	0.0284773203057193	0.175640668518733	16	53.5238095238095	8.72633652332195	0.697706446655856	0.541973988900133	1.46201541773708
93	39	5.0486920383266	1.48381315200179	1.57749624772021	7.29778906113366	0.0539340379807903	12.0132450331126	0.620847478155548	16.8422327968072	0.339365641149825	18.4834437086093	351.557655269024	1.15710626773887	1.44691617895721	12.0132450331126	0.813130143457029	0.178172577740575	0.496477903149992	0.0459722222222222	28.0833333333333	0.174016233726446	17.9999305555556	0.307241097879453	18.9833333333333	356.589653753136	1.1880175208998	1.47828445483954	28.0833333333333	0.986800460655186	0.0925374214287153	0.365542388185493	155.150537634409	57.1075268817204	13.6112353574598	0.57891198290709	0.875991135418039	0.76835796655845
99	43	5.561246278336	2.67705897456019	0.548856917265382	9.8133197194237	0.060524702345635	10.9182389937107	0.537717544857179	12.8090562082196	0.356793429645816	17.2012578616352	295.130137328137	1.11361815007501	1.38783178750575	10.9182389937107	0.824406990031603	0.141847111917079	0.436971970352629	0.0590530697190426	29.5967741935484	0.0091576925924151	15.9351586888658	0.281874555232589	17.4032258064516	296.694229390365	1.07685545574443	1.35052341723473	29.5967741935484	0.984496083620187	0.0701541521815828	0.305814395593128	337.484848484848	60.0606060606061	21.9938519406048	0.935922704767148	-1.22605544873459	0.672834337924044
68	26	4.25650744019819	1.1894069069228	2.20274170204251	6.56375199384363	0.0470248748215327	12.4843049327354	0.555736203343256	15.0505540026946	0.34804368152825	18.7892376681614	354.312910768548	1.16553205071238	1.46206240113638	12.4843049327354	0.827988676663267	0.167703584340958	0.484574857492672	0.0728565936178393	33.6274509803922	-0.0522674911724549	16.9785659361784	0.258374407317502	18.4509803921569	336.248479758643	0.959220417976984	1.21303002216426	33.6274509803922	0.833230641013481	0.0332755736711126	0.200539714877915	320.470588235294	55.3088235294118	12.8536809695656	0.836122537663825	0.17707293928008	1.26407278369293
426	171	12.8340890989214	5.39494687895125	1.85733977026145	23.1204449390597	0.0548376294239886	11.2005689900427	0.562530594838744	13.8015454999808	0.381583621687379	17.945945945946	322.26627002475	1.1453311650854	1.41606312128073	11.2005689900427	0.793222529564408	0.152997653519974	0.457289493140049	0.0421428571428572	28.5857142857143	0.0714609475148712	16.3928443877551	0.291405297253793	18.2928571428571	326.293816351865	1.16661549191226	1.52197278470871	28.5857142857143	0.970806358595444	0.0363616773175731	0.234109211014194	60.6173708920188	75.0328638497653	47.099241585739	0.821116459358134	1.32046922353023	0.183074241021751
53	22	3.6913806464994	0.815494473739261	2.0953510130211	4.98448004533211	0.0539965397923875	11.3176470588235	0.540406254566708	13.3126643598616	0.349736779632974	17.7411764705882	314.239321498699	1.11871241985027	1.40849232803521	11.3176470588235	0.827599935806282	0.147267295332671	0.447900427402612	0.068359375	37.15625	-0.108253353334401	17.763427734375	0.212410642126122	18.09375	323.004939861724	0.973368026334112	1.2367692725401	37.15625	0.947452283433143	0.0979316028085483	0.345801650206072	185.22641509434	58.5849056603774	10.1471736843051	0.722401279959741	1.30585872509081	1.37606950942363
120	53	6.8070832592772	3.14450260043646	0.72831166285354	12.211279357161	0.0704113083218195	11.7886597938144	0.411304912603569	11.0125345413965	0.367448135264994	17.1082474226804	286.518906062281	1.03785764238853	1.29503256501533	11.7886597938144	0.787151875052674	0.100972645733417	0.358683076914918	0.0666666666666667	17.0266666666667	0.0607946104173106	10.0644	0.367298907604216	16.68	264.711708174606	1.01217389548658	1.24553920940195	17.0266666666667	0.854422261350581	0.0482452381275638	0.244375126826909	231.416666666667	59.0333333333333	25.9271114606991	0.949805522719987	0.172790064612311	0.536833205312603
276	97	9.12691097948835	3.53458772779582	0.454076609186495	16.0953985868665	0.0427975032472385	11.8643702906351	0.56563316471	14.657085816317	0.342700391091451	18.794402583423	352.233127352832	1.20266718357691	1.50344074609979	11.8643702906351	0.838985247661619	0.149348177865991	0.464175466617486	0.0312764158918005	28.2032967032967	0.035012341164644	15.6132939862335	0.250789942091952	19.510989010989	363.974378269937	1.24286105467397	1.59994718917692	28.2032967032967	1.02118515064928	0.0680706937167411	0.326532157910158	417.039855072464	68.4094202898551	26.497209730288	0.449880323083484	0.77849811451438	0.368617099539072
254	90	8.14258352365148	2.91292356298895	0.496531177144524	12.9786957437902	0.0404285053303495	13.321718931475	0.66000280655097	20.5909248490195	0.319292187642259	20.4157955865273	432.312079426545	1.25150329690851	1.56291696257259	13.321718931475	0.833539980340227	0.201000304012135	0.542936849638835	0.0344403977338421	32.5752688172043	0.263585831639553	23.1174919065788	0.265865948766321	20.4784946236559	424.563812657561	1.27773646548803	1.6417555489303	32.5752688172043	1.02790912235297	0.0874256633846976	0.37332515041702	532.240157480315	61.244094488189	25.0066366289701	0.689909295556116	0.406523730372568	0.394056560005831
310	117	9.91811775814426	3.42292422075826	2.21880078490094	16.100644994247	0.0476422523934767	11.9864603481625	0.54908045162481	14.2911296387057	0.335646694069723	18.3230174081238	335.110615032485	1.17855600434022	1.47354117118209	11.9864603481625	0.842546193055445	0.137433234113157	0.442082926893562	0.0428822314049587	29.1863636363636	0.098443231479368	17.1866477272727	0.258272681051532	18.25	326.460905590758	1.19418930926968	1.53270189679969	29.1863636363636	0.991220622392244	0.0543848300595307	0.286561258741685	639.712903225806	68.6225806451613	32.3816978024414	0.692330799391433	0.737233250590917	0.284577024651278
67	27	4.21182902003328	0.948539999379336	2.45508346950763	5.6592786503449	0.0501536065987712	11.4036697247706	0.562806246500904	14.0418946216648	0.331627085593626	18.2293577981651	332.547539159921	1.14768251738451	1.44327233984655	11.4036697247706	0.833383410452032	0.143907630049247	0.447801285012985	0.0588428665351742	23.3333333333333	0.0124659135177248	12.8139381985536	0.228142656422096	19.025641025641	349.320828104078	0.986838165051953	1.27243072504086	23.3333333333333	0.896903644159954	0.0593768187250132	0.27369744438591	78.5223880597015	59.6567164179104	11.677275389367	0.737039172002458	0.164177216476003	1.15493392477649
122	58	8.22388950938253	4.02540038182785	0.835629021796739	15.1102271828468	0.0760997757159705	10.0731070496084	0.535148552229225	11.8347592525684	0.388171931013276	16.2349869451697	263.802863806958	1.05154419175264	1.30931823725354	10.0731070496084	0.774220268179284	0.138742713653225	0.421105196676937	0.107302201070791	15.609756097561	0.173712468313574	10.4457168352171	0.434505291743526	15.4390243902439	233.108615657059	0.915405543215757	1.12188683554922	15.609756097561	0.761854676430464	0.0528211438850438	0.243005153729947	142.122950819672	61.6229508196721	34.0827871275455	0.977717590359063	0.530598874431955	0.455736389700303
66	36	4.71452297671391	2.01636092345631	0.588600558344907	8.59339575588625	0.0890760334334991	10.1507537688442	0.584350106295859	13.2107017499558	0.422343317418695	16.5125628140704	277.321231918571	1.06493585432044	1.31455159649611	10.1507537688442	0.777895884136447	0.159392760087657	0.451239242953639	0.0979591836734693	22.9142857142857	0.148154891964067	14.4497959183673	0.383839929742039	17.0285714285714	289.248476867976	0.954879291766251	1.2030548963985	22.9142857142857	0.801655739156196	0.0683391740174401	0.285660660212335	172.712121212121	58.8636363636364	16.505629401465	0.889065773183064	0.0173503509728564	0.639954059064587
31	16	2.73721891044518	0.562340098429155	2.00097632419777	3.65771872209988	0.0834778587119899	10.9462365591398	0.349015347378845	9.40744594750839	0.36344469999119	15.6344086021505	238.223950765505	0.953114260893992	1.19793733417622	10.9462365591398	0.801546370792119	0.105476515631899	0.353377079192247	0.136678200692042	33.5294117647059	-0.286852589641435	14.0276816608997	0.276700918996471	15.6470588235294	241.812613232991	0.706131865870524	0.93633127431945	33.5294117647059	0.706131865870524	0.127864511745642	0.346495424618169	366.41935483871	56.9354838709677	7.85545380722383	0.774402359463212	0.168273712721224	1.52170894158256
46	23	3.50241328920017	1.3063828394765	1.07559277190025	5.83322081086903	0.0910969387755102	8.51428571428571	0.219712909711507	6.45586734693878	0.40786980904628	14.9285714285714	210.120676326258	0.899619484367311	1.10819026707736	8.51428571428571	0.743603370839427	0.051984462596786	0.239647381788997	0.0907372400756144	14.4782608695652	-0.324055666003976	6.46739130434783	0.231717276985819	15	207.864348163898	0.841149629434174	1.10291484305503	14.4782608695652	0.778916422296827	0.0851324848409508	0.305635402878118	379.108695652174	58.8913043478261	12.132792011896	0.908766673889208	0.192228230259075	1.09272787950949
1294	412	25.5319074146179	11.7150470161936	0.722897685186659	50.0962981258856	0.0430592322180874	12.0865075722809	0.633812130755578	17.5031512338457	0.341259257446661	19.1934373565856	376.418742857217	1.2353571280613	1.54141989451966	12.0865075722809	0.843903377777543	0.16782163766175	0.495995489265823	0.0325751015335038	28.4905660377358	0.215824972104754	19.1659483050649	0.263653260841096	19.5360710321865	377.318098171009	1.28381443228943	1.66994513304823	28.4905660377358	1.03096751607283	0.0396115356310901	0.255458235440815	867.890262751159	91.3771251931994	77.6591046569161	0.325708290649031	1.34872809038654	0.0957965146042321
278	95	9.29165416666413	3.11020293439134	2.74575471866466	14.8746414561412	0.0416558197341791	11.8630887185104	0.655870049649084	18.2363502601464	0.338200734274441	19.5104052573932	391.080286167511	1.23479380810277	1.54302455341096	11.8630887185104	0.821140553380805	0.18440526675098	0.518722714354901	0.0263880652913455	28.5474860335196	0.200215097012252	18.8469773103212	0.23529494208452	20.4581005586592	410.67787671297	1.27901159423743	1.68931555698727	28.5474860335196	1.04340694613952	0.0485502111583499	0.283938836095641	13.7158273381295	68.7374100719424	26.3128936061614	0.660327066800464	0.148841328753692	0.387085986791341
39	20	3.15113315892535	0.811085577926993	1.56923548264751	4.41163235095583	0.0865051903114187	10.5378151260504	0.259350804050029	8.11390438528353	0.415579751773523	15.6134453781513	232.587545182883	0.961833085717374	1.18246854593464	10.5378151260504	0.776211443591849	0.0697082826416726	0.28611051758492	0.122448979591837	23.8095238095238	-0.119641714651313	11.6326530612245	0.285952459783163	15.4285714285714	233.322236344105	0.779300187013689	1.00865637418625	23.8095238095238	0.779300187013689	0.0956862791573335	0.310477179097053	435.333333333333	62.5128205128205	9.48535563337352	0.816492813914222	0.585439353646044	1.22522113490002
178	54	6.9247633495748	2.84142845282488	0.646824044317509	11.5201856599885	0.0333231876628647	12.7156862745098	0.708378991754296	22.8017322397369	0.297079205902735	21.3267973856209	475.835566035786	1.29321749206849	1.61779347834358	12.7156862745098	0.849233413345203	0.20049325350837	0.550153619148197	0.0250859507021735	35.7099236641221	0.218699162115161	23.8528640522114	0.198433358678663	21.9083969465649	481.165003142773	1.28163106826857	1.68738857559325	35.7099236641221	1.03163493979259	0.0611089130309258	0.317652375352029	275.769662921348	65.6629213483146	24.2760073984897	0.892904007390062	-0.0407596012336431	0.767082979888866
52	22	3.59953423876391	0.369226855168881	2.80384918423476	4.17217267061042	0.0600375566893424	14.0119047619048	0.590177660976765	18.0950963718821	0.318827052650582	19.3095238095238	384.344661909441	1.14427728810776	1.42369483690342	14.0119047619048	0.791904814003754	0.190319620438062	0.508700699111891	0.0790725326991676	40.9310344827586	-0.100884276508307	19.5900713436385	0.234666224347867	20.8620689655172	435.319578095884	0.814866487263861	1.16267278061796	40.9310344827586	0.737346789198959	0.0952564513632958	0.331336228620178	348.769230769231	63.6923076923077	8.54917540607292	0.414274289420362	1.46432715200483	1.35010593377413
270	106	11.5246904461706	5.09695467217402	1.30120299242013	22.7897427477912	0.049757413953745	11.6349384098544	0.579125008301127	14.8223209258523	0.350440326368131	18.2732362821948	335.567958498411	1.18775668094116	1.47715144420418	11.6349384098544	0.837788551661672	0.141977974378169	0.449534599684957	0.0380257449173509	28.6287425149701	0.109197194467704	17.0690684499265	0.248915977842687	19.0718562874252	354.385562315026	1.21862041741295	1.54436282334664	28.6287425149701	1.02253119444075	0.0287223327133698	0.209776916122916	607.166666666667	71.9666666666667	43.6012580906018	0.930543395521248	-0.224363233678233	0.301968677988339
212	89	8.6851428316146	4.22291762825738	1.01360521450282	16.7806195738917	0.0601375761394665	11.3449275362319	0.373058552467397	10.0478365889519	0.348458713287358	16.7101449275362	269.512216526888	1.06834842881807	1.33931475152627	11.3449275362319	0.829253394154189	0.0843301738447024	0.333511372932208	0.0542144835773645	23.8646616541353	-0.112287432218082	11.7277404036407	0.302229471537075	16.5263157894737	257.801253993422	1.07461834119978	1.37338495343771	23.8646616541353	0.963007649975817	0.0444120897527319	0.245915240458051	35.6132075471698	76.1650943396226	36.0036463249962	0.940965743564032	1.23447528863964	0.336330080828702
219	88	9.58935883908718	3.97860792516212	0.411608415369882	17.0556938942652	0.0536793631334332	11.1504178272981	0.560761977534957	13.6929105143504	0.353716085916643	17.7158774373259	314.221413034822	1.14481263132389	1.42630751018782	11.1504178272981	0.81836855097554	0.152772296167542	0.458429108131286	0.0391127180899908	24.6439393939394	0.0766144076589653	14.3443382690542	0.253344495396754	18.6287878787879	333.462775740297	1.1722887435655	1.52447196407393	24.6439393939394	0.993887049777468	0.0754339728112358	0.335618570889975	382.059360730594	70	35.2356330150567	0.913958737660571	-0.179300060239566	0.355376441702564
70	32	4.63437603520453	1.60963292067537	1.19651185744229	7.25821194406722	0.0700929752066116	10.0454545454545	0.45416906164679	10.2019834710744	0.383842240430476	16.2545454545455	257.93611463289	1.05015019218637	1.29723614808154	10.0454545454545	0.798475164319622	0.109114356357103	0.372889785075465	0.106382978723404	27.531914893617	-0.0338625777717337	14.3150746944319	0.371400683143779	16.1276595744681	255.11666438571	0.982089908668151	1.2101658643621	27.531914893617	0.851444318020236	0.0689448018794096	0.287724070608395	471.342857142857	68.4714285714286	15.1540769256496	0.878951925878695	-0.903521787852988	0.859029241215959
55	33	4.01179418683129	1.57549460548418	0.815934061687014	6.83345091614213	0.140561706724278	10.3354037267081	-0.0666666666666671	5.84472049689441	0.390922121356904	14	186.220724944901	0.689205632869547	0.89300854918864	10.3354037267081	0.579189259868953	0.0100763015817286	0.0948842209209565	0.222576530612245	7.57142857142857	0.0736579275905125	5.08673469387755	0.527472527472527	12.7142857142857	155.67711927778	0.593988313904075	0.755254383009779	7.57142857142857	0.507421026335488	0.0506639978632131	0.196209253783097	861.163636363636	67.4	14.3959960411074	0.864222198260568	0.243286180063611	0.634665182543393
309	117	10.8849130748126	4.45504191357784	1.27614021929532	19.1006194157266	0.046575549062117	11.9009708737864	0.693784032242542	20.4323159581487	0.344853594797627	19.2349514563107	389.862303450812	1.23400674521279	1.52438934615716	11.9009708737864	0.84344342559475	0.196258068167154	0.531333970547413	0.0440499019154048	28.2347417840376	0.332600799014673	22.1528135951861	0.283982939446125	19.3802816901408	385.510844081435	1.23822195358592	1.534986155723	28.2347417840376	0.984333045570703	0.090506296431791	0.367993732995139	95.3236245954693	80.5113268608414	37.8525488593609	0.852317619051321	0.613529291806337	0.283659034249177
113	41	5.91420267126698	2.23916912876448	1.92126396032273	9.66303172066113	0.0431083956216231	12.5925925925926	0.546269523891661	14.8767321743512	0.32543170190229	19.031746031746	361.433512572917	1.18464048299935	1.4989726853211	12.5925925925926	0.842161571363015	0.148918148538616	0.46292736465678	0.0360519147572504	34.2278481012658	-0.0441481249755604	17.3903220637718	0.238776361460998	19.2151898734177	355.461433895537	1.21163484276572	1.53007045563127	34.2278481012658	1.03036099002889	0.0474529280939724	0.267717517748681	115.407079646018	67.6548672566372	20.1878056234244	0.909669793127091	0.474410015584433	0.844735204891485
50	24	3.83227001372253	1.20955036996343	2.0454896181056	6.33251091151405	0.0725248777196829	10.3246753246753	0.440353259006323	10.2242789677855	0.382136623313094	16.3766233766234	262.503668198789	1.01657039324073	1.25851726588484	10.3246753246753	0.818954776151691	0.102422957829812	0.356418182844023	0.0589849108367627	18.9259259259259	-0.0227196916348549	10.252743484225	0.250573829540831	16.6296296296296	261.525862216083	1.02703964574845	1.2723233459191	18.9259259259259	0.865772375506031	0.094552087237067	0.344417628916129	224.3	68.46	11.7927008934714	0.866441884858343	0.794471354974207	1.09083078249646
540	222	23.0517533989628	12.7072572894728	1.62965975775964	46.5203426192515	0.0559135926533523	11.4359842075578	0.52754463423958	13.1027138607597	0.352801014718005	17.5397631133672	306.020790384634	1.13714383627753	1.42097567069159	11.4359842075578	0.817839491603319	0.132364704311818	0.427116855046294	0.0507858449255895	28.2258953168044	0.0658316170191394	16.1074987288361	0.299040093106273	17.5426997245179	300.119148181732	1.17458900326506	1.50848133714257	28.2258953168044	0.995798852746491	0.0208040207085393	0.176677067321065	525.227777777778	76.2481481481481	104.462552110603	0.98994194004555	0.147135569838073	0.137688501983483
168	66	8.57518896202444	4.26022997340192	0.695155742239657	14.896559466206	0.0549450727188033	12.2410071942446	0.566916344612333	15.1323818642927	0.334142765767819	18.4676258992806	344.457582491021	1.14223810483008	1.42897040888651	12.2410071942446	0.805661387942592	0.16187824910234	0.471714905584367	0.0398199445983379	25.8508771929825	0.0800145134900138	15.0496114188981	0.24439755439412	18.4122807017544	328.214143064598	1.15346919626573	1.50174634709899	25.8508771929825	0.999071752982435	0.0606452843030071	0.299409489993895	208.696428571429	80.2261904761905	35.5260504576642	0.971178888451119	1.43101060696081	0.484653412124045
75	33	4.77634567021054	1.71797671270632	1.51515151515154	7.45035605363848	0.0615277777777778	11.2	0.423620206886325	10.7158159722222	0.360997920997921	16.8583333333333	277.051948761642	1.06628834629151	1.32916391872162	11.2	0.821445700589562	0.0984242449047739	0.358534351178511	0.0838139177239524	27.9607843137255	-0.101408450704226	13.6931949250288	0.277715687763008	16.8235294117647	274.737245063602	0.951376133862798	1.25154880183802	27.9607843137255	0.896926144731737	0.0655359495022954	0.285138825679257	313.146666666667	68.6266666666667	15.9765753506434	0.902266947175976	-0.418825782711736	0.865452521650081
76	36	5.05999587410598	2.25150644240768	1.37212100391427	8.59550557264567	0.0778546712802769	9.43697478991596	0.527797800768883	10.99251465292	0.376490545833106	16.2521008403361	262.258461061348	1.02957223173816	1.2672636766062	9.43697478991596	0.794015471104992	0.134012412907467	0.407946411566064	0.0689561925365062	23.4883720930233	-0.00644234334445774	12.6690102758248	0.215576555354406	16.6976744186047	270.956603540388	0.956996716227521	1.2353086607019	23.4883720930233	0.871703343292227	0.0879842770711927	0.327818028351079	802.447368421053	68.7368421052632	19.0253047129141	0.943681512059407	0.0905908560824528	0.736916795286495
41	19	3.1645033006418	0.485001380875912	2.0553288620807	4.02794944497842	0.06524658203125	11.984375	0.462010992563854	12.1381225585938	0.350189900024459	17.203125	293.32130407511	1.0552709989033	1.32671306646982	11.984375	0.816825693873502	0.11871643475365	0.392650047657188	0.0623818525519849	29.695652173913	-0.176660050185388	13.6186200378072	0.209760043750067	18.2173913043478	318.447677723144	0.964308978403036	1.26854707033488	29.695652173913	0.844613601311618	0.058929358684181	0.272272865392646	167.170731707317	68.6585365853659	7.72605054302616	0.434642524251725	0.74060314240783	1.42720552683858
36	18	2.96419176892281	0.772193762233933	1.61780219761788	4.46661138716484	0.0823583873411329	9.88990825688073	0.279588483421618	7.86406868108745	0.370823152431355	15.4311926605505	227.503740782616	0.941976866893877	1.18722039542623	9.88990825688073	0.803223159782802	0.067151027197093	0.28139285550285	0.080078125	12.125	-0.231746031746032	5.921875	0.290539011862541	15.25	214.212195313289	0.874684514304061	1.11927138578105	12.125	0.822853028502122	0.0600499975935115	0.258740255356008	248.416666666667	71.5277777777778	8.90040410445796	0.802389252505012	1.40127086386347	1.39626340159546
102	39	5.46843486535901	1.77689732611283	2.26237556459272	8.60026145192227	0.0484028158474082	12.4719764011799	0.573417128530347	15.6184683391199	0.335250185515672	19.0324483775811	364.920368791261	1.17415977435933	1.47974792645117	12.4719764011799	0.827557565054037	0.160891250689167	0.477603094316476	0.0458163265306123	27.0714285714286	0.0960786919205847	15.9744387755102	0.244416107761546	19.2714285714286	363.40473902642	1.08961313688496	1.40588373421784	27.0714285714286	0.924560366706646	0.07052300178578	0.312516266041352	236.117647058824	75.3529411764706	17.4160881323874	0.877651596068544	-1.16105902361852	0.842715189128623
38	22	3.05039290665637	0.997341411894655	0.330914085876383	4.42312667541603	0.11750637755102	10.2857142857143	0.220681323991303	7.59917091836735	0.403035430388372	14.6785714285714	207.608827813573	0.840296303910211	1.06310310945567	10.2857142857143	0.739104787117647	0.0695439273792552	0.271543329565808	0.11328125	28.875	-0.305084745762712	12.0625	0.291340635691425	16	247.145145482762	0.776001002274009	1.001773499022	28.875	0.714946239701955	0.115310259524044	0.339656983353472	194.789473684211	72.5263157894737	9.61275162925186	0.80759245140593	-0.394519146463014	0.986615874681092
66	34	4.45811346084997	1.75530815617357	0.813489216819948	7.52740092634121	0.0893047201801936	9.48258706467662	0.4358455557519	9.40424741961833	0.387700971722043	15.3731343283582	231.570146489785	0.970504572789672	1.21826074486414	9.48258706467662	0.778854549625451	0.101026176218428	0.348675036875571	0.0956902848794741	22.1891891891892	-0.00351827687022075	12.0556975894814	0.312187307051009	15.4864864864865	235.755691503468	0.86724949084503	1.09505597405021	22.1891891891892	0.795019860984108	0.030092729140936	0.181392227726129	145.954545454545	73.8787878787879	15.5998505420117	0.889241532749096	0.470259752971384	0.717457145802513
82	30	4.65251259803227	0.541308982042528	3.51583718495483	5.77590781705448	0.0521620982986767	14.6811594202899	0.699584170543801	25.4347300987188	0.308409873576114	21.9855072463768	515.452804572127	1.19139645515659	1.49114142970428	14.6811594202899	0.754329625184449	0.244525519117304	0.583036349454528	0.0322314049586777	46.4909090909091	0.158602287242476	28.6271900826446	0.257336844194316	23.6181818181818	564.152323645972	1.25449535091299	1.62611193793357	46.4909090909091	1.01940803112406	0.178307884134074	0.522145999810891	48.1585365853659	76.0487804878049	11.2527674572667	0.542740567093774	0.178298932209786	1.14493598930828
60	27	4.0475418152188	1.33286433634609	1.13372058259362	6.03294567110525	0.0688530556255424	10.2222222222222	0.377672791974724	9.21289997480474	0.360054508289803	16.1269841269841	250.925280861212	1.01752009995077	1.27739172353962	10.2222222222222	0.816548285601865	0.0916515505258354	0.339807205841172	0.0546875	21.1875	-0.164073398433308	10.1005859375	0.205716103616032	16.6875	260.659365191772	1.020830875972	1.30304649690699	21.1875	0.90084325942604	0.0654060338141353	0.290410905506842	163.916666666667	77.8	12.6728765518022	0.827430864868606	0.605747898800743	1.03426918636701
59	29	4.40211637124671	1.5276186626954	2.03711110175752	7.17117031661285	0.0771645936481101	10.8241758241758	0.333072916666667	9.1149619611158	0.367465834886649	15.8461538461538	242.412935976821	0.987578411189243	1.22869092927606	10.8241758241758	0.810200384881007	0.0918525840937208	0.334009905665012	0.108473338203068	15.0810810810811	0.0844345898004429	9.23593864134405	0.393261121419639	14.5945945945946	204.779778222391	0.922831550345464	1.12623019606437	15.0810810810811	0.794809696901073	0.0533709794478221	0.244719740992835	278.220338983051	78.2203389830509	14.4613515393141	0.915301336440004	1.02335814079043	0.881588425977635
58	23	3.85290633578621	0.437069321567002	3.00125997485605	4.55007841806995	0.0491412742382272	13.4842105263158	0.612423345366642	18.395540166205	0.307605877847364	19.5684210526316	394.050543954375	1.1849340652325	1.48490089509909	13.4842105263158	0.821704509400129	0.20031996578064	0.530548856581568	0.0543981481481482	35.0555555555556	-0.0569514237855945	17.5833333333333	0.226641397281766	20.3333333333333	403.150771162804	1.04932458553852	1.30854485958251	35.0555555555556	0.941483959854834	0.0821372228302958	0.325622874446772	453.948275862069	76.0344827586207	9.28828357080185	0.495223929196072	-0.15771188725512	1.37778732633806
35	19	2.97103149891568	0.860719970990512	1.43656253304803	4.44386345848668	0.0471531372301477	12.5280898876404	0.648425113858395	18.817100113622	0.294894751378558	19.3370786516854	389.028133936939	1.16325617621008	1.47565424968556	12.5280898876404	0.859363954722083	0.215570195975771	0.547634003706626	0.09375	33.375	-0.213981244671782	14.74609375	0.291280100042654	17.125	287.207043911713	0.827832488075948	1.05360498482393	33.375	0.752574989159953	0.268854101788216	0.528301584130759	898.428571428571	76.7142857142857	9.23351312581524	0.839019845350647	1.46889756627335	1.21834618144757
62	24	4.03147518563609	0.823263859984141	2.75126233653653	5.96401244502759	0.0446868402533427	13.6354679802956	0.600077435958756	18.0476352253149	0.310954587871423	19.3990147783251	385.652301951394	1.20293748044494	1.51300941577694	13.6354679802956	0.842593336369266	0.190689359861141	0.522559091085732	0.053061224489796	47.7714285714286	-0.0779546124373731	23.1583673469388	0.19362011532358	21.3714285714286	454.800031607335	1.02596247229462	1.3257432190407	47.7714285714286	0.985066364747225	0.132461179847682	0.414052290218848	577.225806451613	77.2096774193548	11.2776740320234	0.780950041155766	0.141840174956407	1.35263017029561
189	58	7.74836771064681	2.20681922470388	4.1964256349176	11.9794215149786	0.0301526214761565	13.3006134969325	0.805116341271404	35.1244965937747	0.300744074168831	23.6257668711656	618.006570520949	1.38145978726702	1.7149836848382	13.3006134969325	0.840022953742736	0.271793196118866	0.645691773377872	0.0215029425079221	41.9503546099291	0.441607712370209	38.5635154167295	0.204660839276667	24.6312056737589	648.162881373524	1.39633588035277	1.80037948227478	41.9503546099291	1.04293770122521	0.154892404125868	0.51074979292421	790.386243386243	80.2169312169312	22.1345010886076	0.800638421647405	-0.0123565310890083	0.706017849617682
203	98	12.3724362796986	6.89116142624673	0.682148771973822	24.52187737112	0.0816681689802296	11.1627906976744	0.413568835199203	10.5175626464756	0.377015303844305	16.2511627906977	259.131856694409	1.01225217326241	1.26518844201403	11.1627906976744	0.775428743509061	0.106481538071524	0.364190542974749	0.0860179706333552	15.4615384615385	0.0884275220783472	9.48069617941413	0.378810106873235	15.9059829059829	241.614156978669	0.967679430602888	1.19278355069766	15.4615384615385	0.816851521479739	0.028905823493044	0.185416140470994	335.891625615764	79.4975369458128	57.2972479176417	0.994708748871121	-0.0743043390801603	0.265615705405551
40	18	3.22554295017295	0.724489490792384	2.08536937545815	4.65640405951118	0.0674752861602497	10.7096774193548	0.390482958751592	9.78537981269511	0.360913182924568	16.2903225806452	257.653244410395	1.01873449757503	1.26619652675391	10.7096774193548	0.818735650411726	0.0907717620218122	0.336799134098701	0.0681818181818182	25.0454545454545	-0.161389221556887	11.782541322314	0.268598166345656	16.7727272727273	268.590806588712	0.94534290749149	1.22933580270888	25.0454545454545	0.911268706598317	0.0775240846677122	0.307229135179343	439.5	78.525	9.23470565631458	0.788116092494506	0.541668831356786	1.55140377955052
727	289	18.9313397701098	8.84490454095565	0.514559747798977	34.6187599916628	0.0523000707223025	11.6143273635985	0.533306985511557	13.4432196358556	0.350077133997559	17.7625989171179	313.857044143944	1.1584279662959	1.44180223388365	11.6143273635985	0.829345850807236	0.130727592442223	0.427353756996301	0.043588480170937	22.8669527896996	0.132723745996505	14.1832000957837	0.302113638309561	18.1502145922747	317.615246794338	1.18703684749753	1.5119131262595	22.8669527896996	0.973514316251119	0.0318162462211089	0.218416022971806	700.774415405777	92.5584594222834	80.4746596506631	0.941341614407735	-0.167901440112253	0.109382687427583
33	16	2.82230518664315	0.394572152396942	1.85510275995698	3.3825147819337	0.0763160474463288	11.9405940594059	0.36039697542533	10.3343789824527	0.329047352087538	16.2970297029703	260.500074130507	0.963955899583647	1.22239314907387	11.9405940594059	0.815409908918584	0.110559506567173	0.365094249334161	0.12875	30.25	-0.217365058604559	13.424375	0.29790618838682	16.05	253.244908390647	0.75956480702243	0.985337303770416	30.25	0.75956480702243	0.0745406530602529	0.271023119731769	177.424242424242	79.969696969697	7.50126819449418	0.676287601340784	-1.09618656408306	1.61988371200724
81	28	4.7317034917969	1.13277356222151	2.53672012243997	6.53610459412225	0.0438426776854936	11.9628252788104	0.659525277920245	18.5678611406697	0.330492245681399	19.5910780669145	396.472462688239	1.2018463427676	1.47178379325505	11.9628252788104	0.841426803161482	0.177619181138121	0.499409988068642	0.0669174952969632	34.7704918032787	0.119943951106864	20.7547030368181	0.255957584816722	19.4590163934426	383.071838263932	1.05185697326215	1.3460256587302	34.7704918032787	0.890792180298297	0.0506611880333835	0.25994638706366	303.851851851852	81.9876543209877	13.2739288409529	0.777188572175906	-0.260624640054552	1.29831124969782
283	101	11.8923771470194	6.02434773695958	0.901805745484017	22.4786232035536	0.0465502500958127	12.4597701149425	0.527280662923276	14.1788242384935	0.354316888272264	19.0219435736677	359.323840710337	1.15946015530436	1.46051009658601	12.4597701149425	0.812721481802417	0.150953355335933	0.460614613223095	0.0314326708470613	30.639175257732	-0.032223413759089	15.8413487086832	0.241189553768007	19.3298969072165	357.119844631933	1.20826273546111	1.60026067082494	30.639175257732	1.02776811418715	0.0505657692188153	0.282249538014506	480.204946996466	88.3780918727915	50.7633345042019	0.975663819610225	0.164325839295985	0.348621006162498
31	18	2.86380454207921	0.935833339112056	1.04379412378089	4.44479165310437	0.112864537305896	8.53932584269663	0.124401294498381	5.876278247696	0.40259895871264	13.9775280898876	183.330628302889	0.848748970913857	1.05845526002809	8.53932584269663	0.740704906168091	0.0320592129255423	0.184114567119285	0.148760330578512	11.1818181818182	-0.476268412438621	4.78719008264463	0.192307692307692	14.8181818181818	207.199565654042	0.562213822100968	0.83587745452277	11.1818181818182	0.562213822100968	0.225060193348685	0.437054082570944	501.258064516129	80.1290322580645	9.35451033632272	0.867764891312464	-0.40270489378931	1.20233792915165
32	17	2.77236850628198	0.494741056641416	1.76862310333799	3.64753317598293	0.0891412742382271	10.4631578947368	0.294972300616706	8.42038781163435	0.366192516879823	15.4947368421053	231.209655683906	0.93481711938339	1.17511658495058	10.4631578947368	0.813156179557117	0.0842091030829593	0.31328621155212	0.155954631379962	15.8260869565217	-0.15987808257135	7.82230623818525	0.393543927559273	14.4347826086957	200.721166773315	0.67767430872593	0.87399821894157	15.8260869565217	0.566552030741857	0.0419990128163913	0.191833819340846	26.75	82.0625	7.54799694855796	0.688504184191487	1.07843669357551	1.39143204034427
382	129	12.6628654830124	5.73285155335996	0.284296446835538	23.9990998469095	0.0371730769230769	12.6938461538462	0.673195853767794	20.4211828402367	0.31930395762975	20.3861538461538	430.494052349558	1.26801672083598	1.58852021916484	12.6938461538462	0.846299151847466	0.19585338401918	0.540094918591019	0.0288678335440316	34.8231046931408	0.193267867451517	22.5828174484224	0.238600831880614	20.7364620938628	428.743433886172	1.31391672036392	1.71431766561442	34.8231046931408	1.04574351401437	0.0468088254084837	0.280861310259418	136.439790575916	90.0549738219895	49.6810465051814	0.941242443132695	0.371572186617407	0.288465451276077
621	231	22.5949467180639	10.5081997974207	1.34140470350576	42.2369451989459	0.0458878191532229	12.3325324363287	0.549825007008016	14.6974872308692	0.340932878797593	18.5939452186449	345.331069726316	1.1906796274069	1.49440030849696	12.3325324363287	0.843360311807118	0.139505789580882	0.448076586734632	0.0401478807698438	30.8072562358277	0.0408479127638677	17.059630503751	0.262709499419785	18.6848072562358	338.694489702638	1.21302360591949	1.58082509508668	30.8072562358277	1.01633321565966	0.0291083342908247	0.213591573060084	316.109500805153	107.222222222222	92.6691613242872	0.958990688862872	0.51552388991261	0.146243813862503
114	43	6.32107994905199	2.06483084732004	3.12364627249871	10.3738918035602	0.0473576485822293	12.7757255936675	0.654082487822035	19.4664336784066	0.355520107076835	19.7889182058047	406.445479824103	1.2051760986794	1.48868846980495	12.7757255936675	0.804809008138984	0.220287058516219	0.555202253570789	0.0866008653326122	36.0813953488372	0.214849881502818	23.9773864250946	0.356620203670289	19.3372093023256	389.259890988761	1.07709592268799	1.32161192250604	36.0813953488372	0.926294814704071	0.125011645034954	0.401966313438645	808.736842105263	86.719298245614	20.0499167165151	0.907596014132137	-0.506941089084527	0.774778934579203
1089	394	22.0985632802349	9.84966876905736	3.72404223342247	42.7526882011451	0.0460350139952038	12.7623978201635	0.62690993516422	18.103642019764	0.338045126241311	19.3809264305177	385.709608576595	1.21344343705651	1.51517397938684	12.7623978201635	0.811526066822321	0.178847498380201	0.507345749633943	0.0312688443123779	32.0053908355795	0.164832864823054	20.1610693761307	0.260965322831784	20.0512129380054	397.303130342076	1.27185608871119	1.6605886576646	32.0053908355795	1.03302380809517	0.0401268560724242	0.256394443776969	238.830119375574	111.906336088154	87.4136387436158	0.884540040352939	-0.577916953497103	0.0881546651487873
99	44	5.92013193797545	3.10276346870787	0.626959737460616	10.7653647644841	0.0615772234819854	11.3206349206349	0.507347962008484	12.4894834971025	0.350488365547189	17.2126984126984	294.531455741976	1.09146531239866	1.35740344794064	11.3206349206349	0.825622722622524	0.129951944942821	0.414642120562802	0.0531944444444444	32.6166666666667	-0.115147370970271	15.624375	0.238658328018513	18.05	313.365772522915	1.09461916707319	1.39513037242018	32.6166666666667	0.928684093886123	0.04061409545772	0.237056326267727	387.353535353535	88.4747474747475	25.2583215108709	0.961277766289349	-0.147599363880092	0.642598497325185
101	43	5.94289406614717	2.56015108113758	1.72861264503704	10.3074689245261	0.0679548415110725	12.5531914893617	0.425770734284207	11.9304699697896	0.360720636465317	17.6534954407295	307.154937648225	1.04066156873678	1.29557821065516	12.5531914893617	0.750310854638472	0.123054388345534	0.395263051951675	0.0928953626634958	12.1379310344828	0.053500231803429	7.41200951248513	0.396367143147928	17.7241379310345	294.985607358532	0.946906325579587	1.1822729365806	12.1379310344828	0.832016465839158	0.0166019810930561	0.139992093127042	417.821782178218	88.2475247524752	22.1182219010099	0.958765208958082	0.1592462304601	0.686426950811399
33	19	2.89993136937102	1.06847769763064	0.932633955087868	4.82060443791171	0.131456163194444	9.14583333333333	0.0480449955953112	5.8037109375	0.414583333333333	14.1875	191.645133157877	0.712481530951064	0.910032465605552	9.14583333333333	0.587137983298749	0.0130296521450017	0.108923002343957	0.171111111111111	6.4	-0.126760563380279	3.84	0.378461538461538	12.8	153.653312682086	0.606013257261367	0.826768587414953	6.4	0.54088817718451	0.0635786845361229	0.229876698016438	565.363636363636	86.0909090909091	10.1436137621493	0.910861775713693	0.222586980124737	1.14872639965056
67	25	4.53735512421966	1.46574502445604	2.51077677223606	6.53482976059822	0.0662822994697416	10.2752293577982	0.484715143457112	10.9704359902365	0.376135344942684	17.3302752293578	296.057109998778	1.00696075601537	1.24856082554166	10.2752293577982	0.800485622844339	0.111892526061354	0.370883919669843	0.0521541950113379	22.6190476190476	-0.0582992944671357	11.6865079365079	0.261719045104985	17.6666666666667	296.788806429593	1.03351235659639	1.31669396131633	22.6190476190476	0.923529055378423	0.0624278684662103	0.285213934804541	439.940298507463	90.6119402985075	14.6805756203632	0.917248310517101	-0.882241687013798	1.3471149298593
129	49	6.90720089512561	3.51042194876191	0.787765676147708	12.2102400678946	0.0500011020741035	11.7042253521127	0.555648998783704	14.1700224823117	0.355912237519528	18.1830985915493	330.710270131331	1.16151213334286	1.43116435970696	11.7042253521127	0.82657369801973	0.149907392008593	0.454967085311088	0.040859375	23.7125	0.018290612112882	13.0771484375	0.259941178267595	18.5625	327.848438277084	1.14835791584655	1.43994394202716	23.7125	0.924129477989523	0.0498356328679689	0.266367215041932	597.976744186047	94.1240310077519	28.0157537894862	0.968627363097491	-0.840508335984099	0.675161103395391
38	17	3.06193611170523	0.553360775163375	2.10617809293744	4.24549425312146	0.0632002298190175	11.6779661016949	0.430031617394474	11.2443981614479	0.327351210402058	16.7627118644068	276.794610721225	1.03073855597759	1.32144649415699	11.6779661016949	0.842639729921215	0.126176672241919	0.403765659753147	0.1025	38.6	-0.291834002677375	15.94	0.160996799470257	17.8	310.346190699475	0.794524684694204	1.06545168079179	38.6	0.764421685127806	0.109999074999534	0.341522452191812	179.736842105263	88.6842105263158	8.36914613291028	0.723693278493282	0.186102509839283	1.65232554790882
112	48	6.68606236666047	2.9710186760724	1.67420171690537	11.8114895217421	0.0588757598524691	11.8126721763085	0.529408350142941	13.5508731188671	0.366076494204837	17.702479338843	313.229834401224	1.12421000510176	1.39987693058589	11.8126721763085	0.805156182165373	0.14486231616797	0.443144106805385	0.0501032088571965	29.1095890410959	-0.0304672890988021	15.1244604991556	0.276025241170584	17.8493150684932	308.433278503923	1.08491750853302	1.38837782392198	29.1095890410959	0.95799005709046	0.0584375652692736	0.283157663001586	226.803571428571	90.7857142857143	24.0780511723234	0.951737969845504	0.14861088148386	0.610865238198015
115	52	5.74987631355477	1.9744902450846	1.69329079836	9.30787110444926	0.0712103584162131	10.3287671232877	0.36510082349337	9.13417902045412	0.380408636988814	16.0164383561644	247.294417000286	1.01355636496825	1.26216246851784	10.3287671232877	0.798824855764274	0.0730589439996747	0.302111022084385	0.0697332493173703	20.9565217391304	-0.14595823857763	10.1436672967864	0.291678915759759	15.6521739130435	230.499095131478	0.993355826872161	1.24639553337232	20.9565217391304	0.892668116049187	0.0315939833721607	0.19804239676965	584.008695652174	93.5391304347826	18.7487860594867	0.714409357806472	-1.22766918985506	0.534442537223116
94	43	5.57350045668348	2.24955200481253	0.328886874970485	9.9588118778491	0.0679749231937784	10.5387205387205	0.480985491645943	11.1526261492591	0.366280126280126	16.6734006734007	273.744454451869	1.06338240327833	1.32545825479591	10.5387205387205	0.828730274462039	0.112598510337108	0.382461495072452	0.0517355371900826	29.9454545454545	-0.183893248992022	13.6470247933884	0.22041784612934	17.1090909090909	278.418342702376	1.05369623707251	1.34646282250002	29.9454545454545	0.946684895653138	0.113837885529124	0.387309919873463	75.2021276595745	94.7234042553192	18.7008054891977	0.853083805792531	1.52038113148186	0.638852805705658
37	22	3.03933040543027	0.801645792032413	1.51711993347988	4.76080762646406	0.129913306960694	11.4311926605505	0.278728398602213	8.92433296860534	0.423377722028559	15.302752293578	229.210479207077	0.847845168549262	1.04392892719277	11.4311926605505	0.667512621477177	0.0933902783412877	0.311789427538218	0.143518518518519	13.1111111111111	0.070459518599562	8.05246913580247	0.487410487410487	15.8888888888889	246.142609676052	0.6887624340217	0.872725209149689	13.1111111111111	0.573424514542314	0.0420305195240251	0.191768728712901	573.513513513514	90.3243243243243	9.18137975801283	0.805639034913417	-0.757186803703462	0.96065229903159
237	89	11.4817759194637	5.94560663204702	0.685761551445731	21.5460974157564	0.0546180614443377	13.5839598997494	0.55262261539867	16.1817686446693	0.330565425426107	19.3709273182957	378.892660112061	1.15693419671109	1.46046003028792	13.5839598997494	0.782117595073217	0.170257015646946	0.487838363180181	0.0445657024625746	26.8216560509554	0.161313402390115	16.9902734390847	0.322210053772502	19.5477707006369	374.959604054502	1.16788587104353	1.51490248883426	26.8216560509554	1.00194578012139	0.0702083267539273	0.32306393438875	636.2194092827	91.5822784810127	46.5917786522914	0.986105370261598	0.112819220966671	0.375991646964162
75	35	4.6354501395341	1.84588620490112	0.805085874491728	7.71767121478959	0.0729138848831206	12.1350210970464	0.443241168062078	11.8979152201392	0.341011223721574	16.8438818565401	282.537242142878	0.998358755065414	1.27235871407925	12.1350210970464	0.757462994118764	0.155946512569636	0.440022309002505	0.11756837098692	35.5862068965517	-0.114802950160173	16.9607609988109	0.33983596872758	16.1379310344828	262.706369393414	0.826186121027541	1.03898318692794	35.5862068965517	0.72737223415167	0.0205098459416907	0.145945385775032	326.08	91.8533333333333	16.1407676831835	0.882697134067735	-0.46808132443588	0.769369629450562
151	54	6.94373733327233	2.71538802904913	0.626626826506949	11.619909242732	0.043919605055539	12.1422924901186	0.519821475128475	13.6435188801575	0.344416774902708	18.7667984189723	348.401900647004	1.16083018043194	1.47052580300047	12.1422924901186	0.843882215795841	0.143177485781681	0.450449558911489	0.0390796623887155	33.8064516129032	-0.13196853320119	15.9325933633946	0.181726044987226	20.1075268817204	386.190411536127	1.12683959976324	1.46156524082451	33.8064516129032	0.993487745598804	0.041973329748039	0.246452719663143	553.165562913907	99.1258278145695	23.3091216754412	0.841115244123843	1.44519518318374	0.650727696422577
4429	1450	50.840839460286	21.8375371319949	4.06133761931044	91.0512056453121	0.0467454651303295	12.0143165856294	0.655591192488702	18.4419415584127	0.343422719785576	18.9682603997839	372.473780243957	1.22790159292952	1.52588541372403	12.0143165856294	0.83184422611669	0.177485547816408	0.507067170513081	0.0333400140997966	29.0954606141522	0.267104218241224	20.849657576368	0.264284932911207	19.4699599465955	380.55790931871	1.29704769711297	1.68642755023914	29.0954606141522	1.03049780908943	0.0417065374247494	0.26327494908582	64.8564009934522	161.274328290811	174.161409244578	0.631947773137291	-0.965232079117942	0.0264715602620674
57	24	3.87839858496784	0.991125608424571	1.54672593277257	5.49778996001525	0.0581580812854442	12.6739130434783	0.471920289855072	13	0.365104880603602	18	321.583970938411	1.08084269291497	1.35199297099858	12.6739130434783	0.797802019314492	0.153021755180959	0.448000644140803	0.0928019036287924	32.609756097561	-0.0799570515283162	16.0977096966092	0.323674623254151	17.780487804878	314.063373915676	0.860609222961444	1.11413026098432	32.609756097561	0.719389967249912	0.0120484439983571	0.115819301466464	356.649122807018	93.3157894736842	11.4051066445939	0.814597947920068	-1.10884892576501	1.24354709204596
557	203	14.2634874177294	4.41269766637217	4.80016844730195	22.1835655979762	0.0508216267776622	12.3129032258065	0.616292999215339	17.0446684587814	0.353616627282661	18.8333333333333	363.166281212572	1.18962310551409	1.4775785147962	12.3129032258065	0.805027379144779	0.177485752501762	0.500079656852261	0.05081236981253	28.4860759493671	0.19372868239273	18.6653164556962	0.322828320549965	18.8	352.502067577341	1.18390288106009	1.51790581970146	28.4860759493671	0.956909543274923	0.0525591704650322	0.280475218268924	187.956912028725	112.991023339318	45.8042927159755	0.627004067840848	-1.33257982315856	0.169852906699946
55	22	3.77126583505448	0.633656802614479	2.31862740815579	5.12690198530672	0.0491099608635273	12.6179775280899	0.553293525578569	15.1233430122459	0.302327438018119	18.561797752809	346.817758369614	1.156558201205	1.45707269374502	12.6179775280899	0.860844495146214	0.157966397211728	0.470241179167629	0.043265306122449	40.5142857142857	-0.0463400236127515	20.36	0.162688174675097	19.6	379.253249162749	1.09790458145255	1.42473714817344	40.5142857142857	1.03331408039569	0.0805487499046482	0.335714202114537	344.8	95.6	9.95807060421545	0.6973101950511	-0.390992603682524	1.42799666072263
58	28	4.04280277039323	1.21118547278966	1.57305111039609	6.59351877193947	0.0612282401683985	11.1849710982659	0.489419823331983	11.9531975675766	0.389652677289536	17.4393063583815	300.330631847994	1.07768013492945	1.34653929495027	11.1849710982659	0.810527195754547	0.130367372704671	0.413772153621343	0.0673828125	31.9375	-0.0747288859677949	15.8583984375	0.249816255230175	17.4375	296.890539112562	1.02426005894748	1.28766130515347	31.9375	0.934799823687547	0.072139010472821	0.30309879427241	895.275862068965	94.9310344827586	11.7593002352714	0.775197097459168	0.110799615632164	0.929654968919429
105	32	5.3811232901809	0.873076248601852	3.02592960922755	6.71984002785781	0.0301851851851852	13.7166666666667	0.723101423558498	25.7683950617284	0.301845379315967	22.3555555555555	527.008872178944	1.34003846463684	1.67328605137322	13.7166666666667	0.864562210178588	0.22274268141304	0.585298759725772	0.031171875	40.85	0.257740856618837	28.51734375	0.227320892125969	22.825	531.461451567299	1.32518426666641	1.684404840983	40.85	1.04624684762569	0.11178468265011	0.425216116447442	164.8	99.4190476190476	13.0556689774938	0.555201140383565	0.364344212628653	1.28854386182394
387	155	15.6689552322451	8.44130448013584	0.516652959884426	31.5759580033503	0.0527487084624973	12.4409695074277	0.500428717035612	13.4516459729277	0.334108838813801	17.9671618451915	320.413550175839	1.14313332074011	1.43775244872468	12.4409695074277	0.834641311152567	0.130224218843197	0.42601695060565	0.0518210060149382	25.4390243902439	0.0796431607605961	14.8201963117192	0.289640584323104	18.3658536585366	327.068804448128	1.12557977464787	1.44024994012682	25.4390243902439	0.968852165532628	0.0571127548716874	0.28493652351663	515.997416020672	103.085271317829	65.7181321034257	0.979248926553386	-0.158953826315773	0.202421870041915
62	23	4.15944410158216	0.966141450655848	2.40116543851896	5.83322081086903	0.0549333398686403	11.5247524752475	0.543379598431634	13.6196206254289	0.340210176575931	18.1287128712871	328.747755333663	1.10537520480132	1.36318802286997	11.5247524752475	0.833302813379231	0.144088595719846	0.436769771155562	0.0725623582766439	27.6190476190476	-0.00176831023563825	14.7851473922902	0.245505068563139	18.047619047619	319.94970665008	0.947087924289393	1.2194483965568	27.6190476190476	0.868987863973086	0.0547808544190758	0.257639404847484	784.758064516129	96.9677419354839	11.9614258483746	0.823007284800075	-0.539339432823518	1.47280714194758
136	51	6.5045619186512	2.60713861299967	1.81803938486524	11.1825920628509	0.0459437266030673	12.9758241758242	0.596579473537354	17.0822557662118	0.320875863283103	19.367032967033	381.23473775891	1.20439167040743	1.50966060894809	12.9758241758242	0.82271175364279	0.167046238025722	0.490462872514933	0.0376922187536132	32.0430107526882	0.151568957599877	19.8836859752573	0.256703416998261	19.7204301075269	384.70951056678	1.24834908186983	1.55570594614925	32.0430107526882	1.02025848742173	0.100659673864199	0.389895047220642	570.014705882353	102.757352941176	22.7426846010741	0.915139420045686	0.722633614964211	0.657065130162571
188	73	9.59618420347429	4.55358831485783	1.40936204357255	16.0887947052753	0.0499658812460582	11.6463022508039	0.549055499854582	13.9132323900704	0.345325918081734	18.112540192926	327.409560409112	1.15957782348647	1.44232593449777	11.6463022508039	0.834833266166292	0.13875406529632	0.439883228474193	0.0381717231806464	28.2357723577236	0.0271232336988983	15.5114845660652	0.255873182330777	18.5284552845528	331.084243083989	1.17120673596508	1.53824460882313	28.2357723577236	1.02353039407917	0.0734880776114444	0.332761640955959	615.659574468085	101.648936170213	39.0790578003984	0.964172537117884	-0.00200630280630237	0.443324765528152
91	38	5.403518543857	2.32773083420275	0.619400120838945	9.24317521680955	0.0595172919894233	10.7098976109215	0.44286721897163	10.6116204032662	0.348421548662464	16.8805460750853	277.280965880221	1.08357225482224	1.34919110577272	10.7098976109215	0.833719417746124	0.104660131310301	0.372067530403113	0.0769954313356625	22.4590163934426	-0.132108699775122	10.9191077667294	0.296728812691653	16.7213114754098	266.609086005372	0.92917193284319	1.20481055653264	22.4590163934426	0.843547015981446	0.0300234029097553	0.189888546370621	273.802197802198	101.549450549451	19.8689680262399	0.942761157249665	0.282292295226891	0.791925017940917
34	17	2.9182587777669	0.688029856291894	1.64810890895551	4.07413989904066	0.0825163398692811	9.70588235294118	0.303883856557885	7.97145328719723	0.371985842643282	15.2352941176471	222.053718388904	0.956856262158228	1.19850024243592	9.70588235294118	0.810893297138281	0.0692325639124642	0.286984976201404	0.1015625	29.125	-0.236484245439469	12.77734375	0.179158757311555	16.375	261.084069018035	0.783345372666989	1.04674661887297	29.125	0.783345372666989	0.120018541094525	0.353699122071468	102.823529411765	101.058823529412	8.28155154335234	0.743934865606031	0.942583470686225	1.47839654286579
216	91	9.42338440897203	4.71882720656199	1.42912077349793	17.8829703333502	0.0575222223796005	11.7837837837838	0.518587724443776	13.2387653806386	0.356075353431223	17.5220483641536	305.660635974134	1.1364034810444	1.40845303120251	11.7837837837838	0.812595873616673	0.133751962698433	0.427563753590965	0.0577281687889606	28.2043795620438	0.031936682564297	15.5674250093239	0.308404292992948	18.0875912408759	319.250304154313	1.08215141477729	1.37730362901218	28.2043795620438	0.951517596684262	0.0482218765916613	0.256501185045707	373.296296296296	105.24537037037	39.8705952809182	0.943202697738465	-0.113625500305829	0.327778777044026
153	54	7.09282763420238	3.12838445412076	1.15366060201279	12.1410463658908	0.0401677820718258	12.8155339805825	0.665199678497131	20.1390706004336	0.32720377188681	20.1359223300971	420.272512336844	1.25387360874029	1.56647868083453	12.8155339805825	0.852496053508871	0.185738332574436	0.523822212116541	0.0299773242630385	40.152380952381	0.122384082852906	23.8758276643991	0.157979474350136	21.1047619047619	444.357452424772	1.28036979000699	1.64889202209735	40.152380952381	1.07741163195881	0.0880080395726876	0.375281118936641	469.124183006536	104.359477124183	26.761139098525	0.947082987887306	0.144645955929237	0.659346606308969
71	39	5.14163914088689	2.59926592873941	0.195276233483694	9.22578212859412	0.104768975456372	9.14018691588785	0.126475928128717	6.2317888025155	0.405558101764809	14.3457943925234	193.499011468626	0.86573344405388	1.0711090485723	9.14018691588785	0.719793928642354	0.0477041471259965	0.225828427977159	0.103780864197531	10.6388888888889	-0.0809454745011985	5.92110339506173	0.345506026388379	14.1944444444444	187.555612955209	0.833677690105427	1.05945018685341	10.6388888888889	0.725644007310486	0.0523246830587012	0.235233457116404	663.281690140845	102.957746478873	21.5175499223639	0.965667830756627	-0.0340332285121553	0.586595866942473
727	164	18.5071056353064	5.3235529674219	8.27981650714728	31.5259358256771	0.0393750878655556	12.5613608748481	0.706625896321126	22.4084350277175	0.328487368847601	20.2656946132037	433.472609710566	1.2814845829037	1.59589790681037	12.5613608748481	0.837953399608068	0.204783018644066	0.552424917809153	0.0307920030757401	28.7588235294118	0.35306668610882	23.227038638985	0.27821465166586	20.7705882352941	438.35710312901	1.32302355221665	1.69686553778831	28.7588235294118	1.01806563926931	0.0754964604909752	0.353059804095954	133.093535075653	121.057771664374	53.1301124710155	0.713641770374139	0.445591699717919	0.339669520993424
123	41	6.22169431600071	1.9265766812042	3.51904819212031	10.2323395833601	0.0379697085343556	13.9045346062052	0.707596052974224	24.7762430152483	0.301627097134608	21.727923627685	499.118112952753	1.28488873807121	1.61030102010713	13.9045346062052	0.83012645222093	0.228343638154638	0.582856595669705	0.0304254513319025	39.7191011235955	0.223587884501247	26.5786201237218	0.221515489513992	22.0112359550562	491.862557829903	1.29247203298275	1.62851225290424	39.7191011235955	1.04525425255929	0.0886149332531903	0.374370324571771	426.585365853659	105.414634146341	19.4063928840908	0.90221370843926	0.0557652058547835	0.919490532757988
129	57	6.98726464519357	2.83927481951147	0.657602274175138	12.3917411112621	0.0601132239802584	11.9855421686747	0.559813809948476	14.6141733197852	0.345357778429359	17.966265060241	326.350985468851	1.11753115058517	1.41521289432721	11.9855421686747	0.80992286757426	0.156007063288982	0.461463861513992	0.0485333333333333	28.6666666666667	0.0178941213730605	15.5944888888889	0.295467986800939	19.0933333333333	354.031020988955	1.08445407614284	1.4541661496298	28.6666666666667	0.946204243546354	0.0486284733297933	0.264408786293057	403.790697674419	108.798449612403	23.6829397701777	0.857625508203772	-0.386565047023567	0.498941769545193
57	24	3.94881841827565	0.734014675555878	2.77513763422447	5.83392854106242	0.0539878766162023	12.2622950819672	0.630613629044879	17.598196422706	0.350905638967356	18.7322404371585	362.075329773648	1.18388327288833	1.46219141098913	12.2622950819672	0.812920855224409	0.211866099750369	0.541144069676528	0.0421436004162331	41.6129032258064	0.000599790073475654	21.8189386056192	0.201275805909214	20.5806451612903	419.63231339629	1.13920842941219	1.42814757959795	41.6129032258064	0.994959196417579	0.0822672481913457	0.339588751142463	642.140350877193	106.982456140351	10.146897030053	0.664018954330251	-0.156244191795824	1.24354709204596
153	62	6.77020895357304	2.73887194448541	0.554988726906005	10.6324949081043	0.0541146757625223	12.0238568588469	0.590039371606732	15.6646482931437	0.344269858408556	18.4691848906561	345.922177237463	1.16925885255592	1.45764204483498	12.0238568588469	0.821286608742513	0.154774936833972	0.465754780172283	0.0412821991541715	29.5980392156863	0.146762795246957	18.3445549788543	0.239044347372885	18.6960784313725	348.031367693555	1.13899476141688	1.48066646244528	29.5980392156863	1.01166341084345	0.093663609047329	0.36797939205376	855.81045751634	114.869281045752	24.26813621256	0.88456835962391	0.842011401553263	0.500170318417522
104	45	5.52150124013962	1.81460109708895	0.787557562074197	8.7811807749567	0.0549621815812413	12.6943620178042	0.581462957500818	16.1651595065555	0.34388919633814	18.6290801186944	353.297751738421	1.15534337665766	1.44451804357293	12.6943620178042	0.812964721112895	0.17471612058971	0.491523695407689	0.051885907299681	38.4520547945205	0.0475568518540041	21.1860105085382	0.268821752000308	19.1917808219178	368.300607598758	1.13607201946075	1.49482247984019	38.4520547945205	1.01546267557741	0.122403802476597	0.420812588967639	28.1538461538462	113.153846153846	14.2811189089681	0.437960801846175	-0.991776604351667	0.645383972293014
49	31	4.28662614969253	2.10580379281984	0.593057300350015	7.60285011457703	0.146319050619618	7.81159420289855	0.0863957944384372	5.275152278933	0.442250178567314	13.3623188405797	168.074838420335	0.761294139885655	0.955436673321121	7.81159420289855	0.66145074710302	0.0195653547784545	0.136751819818741	0.235939643347051	8.18518518518519	-0.178666666666666	4.47222222222222	0.476638176638177	12.3333333333333	144.630900274823	0.546595168297208	0.724983313875864	8.18518518518519	0.546595168297208	0.0758338800021435	0.235675511854285	380.204081632653	112.489795918367	17.7590736072966	0.961823817676033	-0.266355356241672	0.640741061502185
41	23	3.26296058230589	0.858388693699503	1.90164588944601	5.14221197981652	0.0887917491974592	9.45454545454546	0.326836290071585	8.02247114268151	0.419916415424437	15.2892561983471	223.795747156305	0.965834538697336	1.18150624993281	9.45454545454546	0.782198266474321	0.0648812079717557	0.275990037000847	0.165294924554184	14.5925925925926	-0.0238691049085664	8.12620027434842	0.43928453340218	14.2962962962963	197.73706320645	0.738093808442341	0.927631213119662	14.5925925925926	0.685804274551745	0.0553287544914268	0.226750984714465	449.243902439024	112.048780487805	9.06777357228258	0.681775391825202	-0.31044319584653	0.973953109997592
630	261	17.7772557314371	6.90886769543208	0.989960022051707	31.8546017559342	0.0545921005575456	11.556416464891	0.623721065046361	16.3561831282355	0.359906063810351	18.18401937046	338.985459723897	1.18057431729963	1.46795778397034	11.556416464891	0.815812471409971	0.168929395718881	0.487110019587009	0.0385738322907446	30.6464891041162	0.164916212308959	19.3493498232387	0.267474275067059	18.9031476997579	354.520486524223	1.2461497574296	1.59991085407459	30.6464891041162	1.02704815904784	0.0436731761516725	0.262566911694569	534.414285714286	133.7	68.0863728940257	0.879990828169982	-0.606121973250149	0.116216929978219
50	28	3.77273241402953	1.52149910282129	0.307225902394381	6.30374847990933	0.114364217828026	8.42953020134228	0.196033955390588	6.24246655556056	0.4483022850966	14.4295302013423	197.356077647466	0.834834852546627	1.02878706451805	8.42953020134228	0.68454197445398	0.0333915198420412	0.185291200348018	0.120867768595041	9	-0.0547215496368049	5.26652892561984	0.322377622377622	14.4545454545455	197.223886861598	0.701081485089665	0.933695572648196	9	0.596957392406748	0.0394294457001367	0.191987065519656	266.6	116.04	13.2943102129294	0.887160893970526	1.43143162294441	0.801426697344335
387	155	17.1389905410225	7.91428180649245	1.93602143072564	30.8764413524799	0.0526650964078029	12.0187940485513	0.494652354711554	12.8916098260349	0.348373217503993	17.96397807361	319.208368858619	1.1217477105307	1.41435481711939	12.0187940485513	0.828720532985812	0.132320519203161	0.426148480881849	0.045847557430569	26.0540540540541	0.00899188586916673	14.1452274116367	0.28438839185378	18.0772200772201	312.887103797533	1.15503794236995	1.47769021239407	26.0540540540541	0.986248388729797	0.018831400571714	0.166434913810544	306.232558139535	120.94315245478	73.2201982858008	0.966542976833836	0.265961382850463	0.202421870041915
347	146	12.8325382084686	6.65020606193461	0.435618592223533	26.947908333633	0.0556133060210679	11.2418069087688	0.575433021182144	14.2391441982488	0.35683044526477	17.7271922054916	316.42123798512	1.15292093641633	1.43870963796098	11.2418069087688	0.835934108230583	0.141529578830374	0.443598712355423	0.0510645808561237	25.7112068965517	0.117017736785303	15.5592997547562	0.308951070662469	17.6853448275862	305.631118841918	1.15945221267898	1.47615820341859	25.7112068965517	0.966088420203507	0.0545083673800475	0.281759995982991	670.706051873199	121.469740634006	55.9700530348931	0.950626578571677	0.364526194332198	0.204566081965783
97	34	5.20224646696178	1.04597855778715	3.22967426341273	7.82651424706521	0.0327790375409423	13.4507936507937	0.715959085407218	24.6775636180398	0.317424141659436	22.4920634920635	531.066802954154	1.28340153208146	1.60334780978134	13.4507936507937	0.820153474852659	0.249004634082514	0.605141606682202	0.0286989795918367	38.125	0.22427860050932	25.573899872449	0.184110374057343	24.1607142857143	585.527805065148	1.2400422716709	1.62971605945891	38.125	1.04697374374403	0.132745094379157	0.454784544722125	894.515463917526	115.907216494845	13.9156105653104	0.743834424912501	0.45557816095895	1.05444459307339
88	46	5.25869372307584	2.157046847412	0.326086956521732	8.77606837834998	0.0917828664612153	9.55390334572491	0.21822133564928	7.11036331725653	0.413020399497548	14.8475836431227	208.357713997726	0.938228371420659	1.14915848721041	9.55390334572491	0.760069233861043	0.0457737859097539	0.22893241704803	0.140522875816994	15.8235294117647	-0.0176670581690051	8.77441368704345	0.419267525931379	14.0196078431373	188.708074254155	0.850175474286044	1.06411402444417	15.8235294117647	0.787794828383243	0.0466911202651698	0.222710549531526	161.840909090909	121.272727272727	17.836391171515	0.829612060939499	-1.26047194448125	0.522608985852366
66	28	4.28468408974527	1.21056261420898	2.48516003673069	6.34408771846605	0.0559633229738368	11.0046948356808	0.535809649899216	12.8536445590602	0.359723488704433	17.7558685446009	313.52611144932	1.10906020039392	1.39653277396213	11.0046948356808	0.818992160141112	0.136819038497324	0.430623760538408	0.0603125	24.1	0.0303761818547586	13.4275	0.267913048234283	18.3	324.143673995684	1.02187296042524	1.31812055257801	24.1	0.87556809471455	0.0794910626557002	0.321517177519541	476.545454545455	118.484848484848	13.1252113818794	0.85903009497377	1.28339847513632	1.05788324049452
42	18	3.2651479089167	0.350370875189223	2.72731949080746	3.9007754847871	0.0591610605461021	12.5413533834586	0.505827318898691	13.6892419017469	0.335231683219299	17.6390977443609	312.839067420226	1.06733099495553	1.32977454587179	12.5413533834586	0.846922772876681	0.145298402611858	0.433679250657763	0.10125	29.6	-0.220366934652649	13.1275	0.206024942059375	18.7	338.845271245723	0.813265495185449	1.06914099149983	29.6	0.771800306543898	0.0711400185997826	0.275380291331265	698.404761904762	114.809523809524	8.07868152361512	0.571964601367278	-0.417190752914542	1.62897396852804
641	217	20.9650235178579	10.8743220702802	1.79742407135222	42.7537191701205	0.037067339784018	12.7283554741182	0.74851412651049	26.3063030887281	0.327279939134106	20.8337150710032	469.457384836809	1.31550490828555	1.63643118477989	12.7283554741182	0.850845758957279	0.221850998947731	0.57900482382822	0.0266560972387369	31.7563218390805	0.414559964957913	28.1217545250363	0.257874707342284	21.9816091954023	501.494853935002	1.37180187767277	1.77196382422499	31.7563218390805	1.05143168281824	0.100639399878542	0.413765137616554	613.723868954758	125.847113884555	87.4111038205895	0.974246504751576	0.171186767577654	0.17105998351641
281	110	9.6091587170343	3.80799758539155	2.00216824616474	16.866576563093	0.0477857612153412	12.1857619577308	0.507133470383818	13.3621317593025	0.330686995714805	18.2903225806452	330.653352997729	1.16167441687433	1.44207169869282	12.1857619577308	0.848283498497868	0.132334462823149	0.429917609883861	0.0343866488834171	27.2222222222222	-0.0492878794170143	13.9717605417051	0.21727113978523	18.7543859649123	333.795579051731	1.17227121420231	1.50807803345605	27.2222222222222	0.976316354227993	0.0293475572575275	0.209579723582192	10.9786476868327	127.708185053381	30.8966771329283	0.644064607707345	1.02448550964397	0.291830590300407
94	36	5.00641738218162	1.14422103874785	2.33663787164591	6.49049637623167	0.0471523668639053	12.8846153846154	0.622453402687473	18.0636094674556	0.345184993556034	19.7692307692308	399.898218916665	1.20775463096371	1.50459655462737	12.8846153846154	0.812294378122653	0.193592983606746	0.525034307954335	0.0524193548387097	33.6129032258064	0.0222329847290127	18.1886056191467	0.267395967802739	20.2903225806452	404.214931611008	1.07903911596671	1.32666056401288	33.6129032258064	0.960355091390377	0.0654819546523208	0.2930832506716	101.946808510638	119.723404255319	13.5537665917345	0.69344821780361	1.50195094777292	0.911449720485928
543	217	19.0102389132508	8.31816859788394	1.75175832338694	37.4795119834007	0.0532200734777901	11.4143892916899	0.542880562888831	13.485127917361	0.363224772925242	17.8650306748466	317.933947645943	1.14953411422395	1.43610519986172	11.4143892916899	0.822425206633046	0.134704760762207	0.432807264641289	0.041534693877551	20.8457142857143	0.0973514390910144	12.5469714285714	0.281809450257034	18.08	311.351827837067	1.16817997941986	1.50983530834924	20.8457142857143	0.962843216641226	0.024788313075463	0.192839031450465	372.979742173112	128.911602209945	73.4955125825038	0.952463907988025	0.0933728177994327	0.144907287128566
477	181	15.9875462883638	6.50159302758514	4.75307691699508	28.0676082915252	0.0451746984063513	12.4140526976161	0.689411313189249	20.9847148733724	0.33661085988195	19.7427854454203	409.891286921355	1.23963760172946	1.54840714610455	12.4140526976161	0.813569938843789	0.205177650409905	0.546019003223523	0.031074773073642	29.640866873065	0.322288718319144	22.8683587497244	0.268674478873284	20.3777089783282	421.346597395474	1.31166509739573	1.69415638771135	29.640866873065	1.03269994866974	0.0645075685130611	0.326780163020467	431.551362683438	131.073375262054	64.8175305335263	0.935566478745866	0.129761463828219	0.182966294772727
103	56	7.13246604677714	3.37307118425037	1.58687618307421	12.9635600938215	0.0994860166288737	9.82857142857143	0.526518167517917	11.3790375409423	0.423328849211202	15.6507936507936	246.924138892224	0.979850935445531	1.20536993577122	9.82857142857143	0.734529294457648	0.145204878541662	0.414714412932388	0.0730229591836734	27.2142857142857	0.0031769762661188	14.6505102040816	0.296602793046533	16.4285714285714	264.6885769727	1.02399996842821	1.27992728745648	27.2142857142857	0.928850818145188	0.0733312735694121	0.304688578711893	501.21359223301	123.611650485437	28.4298317722491	0.974633480776029	0.224917016114097	0.412734749132332
99	44	5.83239858712597	2.7684704032703	1.27049316903398	10.2547358541318	0.0685970067118051	12.7460815047022	0.360220071186737	10.961301480921	0.32789301592547	17.0344827586207	283.167066094963	1.03235972209889	1.30314877740784	12.7460815047022	0.808819779685263	0.105203252228912	0.367048367548969	0.11000355998576	19	-0.118220769561165	9.49563901744393	0.366860702358388	17.8679245283019	301.98866103727	0.926670000744189	1.14679044634295	19	0.798157089550478	0.0577832629798152	0.256828154251304	798.444444444444	122.69696969697	23.0829624819605	0.960625751791893	-0.106534516610492	0.642598497325185
3358	1089	55.9332708868663	38.0190342939039	3.09554295385811	140.941176596393	0.0539513568282002	11.8982607912048	0.563191630582991	14.6195430585327	0.351772084312516	18.0583040461386	328.011157472003	1.16359345290624	1.45292286641005	11.8982607912048	0.820409426439849	0.145169539294561	0.451021269691581	0.0399856303389922	26.6842830882353	0.136027895912706	16.4427920542786	0.289324036027584	18.4067095588235	330.241558529985	1.22664339477441	1.58355502217733	26.6842830882353	1.0026212930693	0.024568988774467	0.196531234450512	752.454139368672	152.407683144729	255.538097549592	0.976546230116359	-0.0930884610625598	0.0355823638530881
75	35	4.96078648496622	1.8981154729193	1.79341198016861	7.86233594618118	0.0611547294771137	11.6708860759494	0.592030828171035	15.3036372376222	0.35662288326473	17.9746835443038	329.658300322556	1.11898310059584	1.42148207869576	11.6708860759494	0.826617320164663	0.171888179527211	0.484318060347983	0.0666232638888889	40.9166666666667	-0.0263243843490762	20.93359375	0.275422940300634	18.875	355.411758792523	1.08191003621941	1.33992854908119	40.9166666666667	0.940000571335301	0.0523390338062661	0.263596696050158	820.053333333333	125.32	16.3023903305798	0.905504030144392	0.000704868350563345	0.769369629450562
965	366	21.9693497862863	10.5252591862893	5.07521879920805	49.5759992716569	0.0466921778066684	12.230269266481	0.627449087510197	17.4142253534484	0.341282063772643	19.0956360259981	373.180110388398	1.21398402622236	1.5171742056058	12.230269266481	0.834792988640793	0.170672639023395	0.496542649550038	0.0333105766439251	28.8042168674699	0.18107165348329	18.5865306103934	0.270314940444151	19.4427710843373	371.824208617962	1.26910048525752	1.66052038189776	28.8042168674699	1.02211486869474	0.0379220044893385	0.249340507187992	314.585492227979	155.555440414508	86.7004529153375	0.889776571838348	0.635453136366328	0.0905263492703321
83	29	4.80611331774982	1.0379093178007	2.92961426038061	6.49906240379476	0.0386685679783148	13.3835125448029	0.648458806228619	20.0354825862977	0.29902542449032	20.5878136200717	437.663487969546	1.22534812186724	1.55908098812216	13.3835125448029	0.857992574652511	0.192696631888625	0.53183073265988	0.0577777777777778	31.5666666666667	0.191968031399764	20.5330555555556	0.262065259388071	20.6333333333333	430.06810429861	1.05011223099539	1.29718316435699	31.5666666666667	0.876589426403489	0.0860767527092135	0.331857189290144	567.048192771084	128.686746987952	13.4714979199974	0.804427525534552	1.24184277697273	1.24020066705328
31	18	2.81885654173019	0.748478881900533	1.2668615834435	4.18256227215969	0.108395061728395	9.82222222222222	0.112132845281672	6.53135802469136	0.417651678828149	14.3111111111111	192.758144093882	0.877759548029817	1.0784462118058	9.82222222222222	0.743255451014498	0.050021441765209	0.232005257556327	0.0946745562130178	15.9230769230769	-0.246699096594859	7.38609467455621	0.212824902870152	15.6153846153846	229.420529942136	0.789757203130242	1.06763104528161	15.9230769230769	0.789757203130242	0.145796726584428	0.393139490581932	837.483870967742	127.709677419355	8.43971057420457	0.788866046960384	0.610980571238878	1.20233792915165
159	65	6.87857560261112	2.26153637856858	2.54223495764685	10.855762247051	0.0558295464100699	12.3479923518164	0.600057832653804	16.4372223786143	0.353948413343307	18.5124282982792	351.342549216587	1.13595995589306	1.41340498996092	12.3479923518164	0.772047632039147	0.191524336360333	0.508640079722025	0.0452473958333334	26.8020833333333	0.267080984928171	19.2844780815972	0.291664347741018	19.6354166666667	387.319189129782	1.16968190910214	1.44427079867542	26.8020833333333	0.947966964702253	0.0874549389050662	0.351756878790897	470.578616352201	133.308176100629	21.2657921010074	0.78558389217268	-0.201696138164653	0.472911935546298
98	36	5.3092381548655	1.34323272947677	2.91679893879964	7.81785310430516	0.0411300956709592	13.0275229357798	0.695884346018829	22.4186983886504	0.303050915916539	20.4831804281346	442.27564329434	1.2574587856183	1.57937420199617	13.0275229357798	0.840224825338112	0.210184573480135	0.556701884198558	0.032078413900646	37.3283582089552	0.197131912385817	24.2468812653152	0.151484276135962	21.2686567164179	456.6140768603	1.24479819694183	1.58451117819818	37.3283582089552	1.02189023897969	0.117195223140911	0.423106904432059	488.112244897959	134.265306122449	14.7536816479931	0.756799112664679	1.25393806524237	0.95023481497469
55	22	3.73524389768356	0.67909952533747	2.18371129990261	4.9768057066076	0.0519486737527531	10.8022598870057	0.571615189873417	13.6081266558141	0.340335141491672	17.909604519774	320.951448961813	1.13697198264489	1.4314400506958	10.8022598870057	0.829884640643365	0.145307526510807	0.448241601286328	0.04443359375	34.84375	-0.131279823713122	16.400146484375	0.140555479534049	19.15625	353.961886772118	1.06743989997911	1.42260720063756	34.84375	0.995854586259601	0.105496457582085	0.382783922535363	657.763636363636	129.254545454545	9.85296313153309	0.672817393535596	-0.350266227037971	1.42799666072263
38	18	3.16535290174634	0.836466861193664	1.52853516579975	4.26911098965292	0.0923379904875148	8.67241379310345	0.262947804557628	6.88317479191439	0.429388781822859	15.1379310344828	217.472479586055	0.903740006837365	1.10356164189018	8.67241379310345	0.739298956636902	0.0556935544074174	0.247517180855359	0.0844875346260388	15.7894736842105	-0.212765957446808	7.50969529085872	0.29413309475229	15.4736842105263	223.202466635832	0.880769520286829	1.11842478002155	15.7894736842105	0.785707416392941	0.0263925020817429	0.171667718686701	848.526315789474	132.394736842105	9.55571301253633	0.829386697003955	0.885289506169324	1.47383359057299
726	254	20.9480232602556	10.7531711782398	1.08607198615227	41.8235704886861	0.0392370625657622	12.8323183110028	0.762234737778032	27.9852672991043	0.322880225478205	20.9922858302883	482.422145874487	1.31200648803621	1.62528970213477	12.8323183110028	0.832546412795752	0.234749129795212	0.592425505253086	0.0272934026075875	32.409900990099	0.459906653565983	31.0039809822567	0.251748478608291	21.7564356435644	502.627720206534	1.38435432457275	1.78076719428002	32.409900990099	1.05580853591823	0.0967398307373904	0.406924442454882	190.702479338843	153.648760330579	90.181264064135	0.977895459851995	0.481052105260233	0.141409651342686
148	47	6.96917588126497	2.42386727751347	2.76800251728888	10.9283024931837	0.0319608323704819	13.3096646942801	0.736083389736055	26.2156631614984	0.28444278812535	22.1143984220907	519.760859440044	1.32478872185032	1.66299967512545	13.3096646942801	0.865003547919208	0.225215263608149	0.58677539823119	0.0209808413161183	42.9897959183673	0.209613118683231	28.1954133694294	0.163997315467199	24.234693877551	589.078561374418	1.35923314306378	1.74916196333211	42.9897959183673	1.05049383383821	0.0848729040184545	0.378966126276878	251.108108108108	138.094594594595	21.7696880415386	0.893605389447465	0.241045117699497	0.841929765018179
47	22	3.49012336283816	0.849665507217221	1.89660418591137	5.35611954020124	0.0718913415706419	11.5918367346939	0.43048128342246	11.1768707482993	0.353825189119307	16.8571428571429	280.188123635363	1.01187613875469	1.27440500173853	11.5918367346939	0.803402679269318	0.120568463722022	0.388383970137309	0.0909090909090909	19.1363636363636	-0.0442527763684528	10.1627066115702	0.313750539274212	17.4090909090909	291.666687426435	0.851548077604167	1.07047898354161	19.1363636363636	0.731753361839853	0.165488236135529	0.419078804357881	579.297872340426	135.489361702128	10.0234632734748	0.764929566299344	1.33550112117222	1.22028805552661
137	61	7.8541000851275	4.1313781227697	0.526890448524196	14.821304131813	0.0678579472164779	11.6742081447964	0.37895484956663	10.3988401138388	0.357147567091671	16.7828054298643	274.115797130236	1.02861091476203	1.29651298735402	11.6742081447964	0.805270160187706	0.0919806885210582	0.342791228801223	0.0601576442593694	15.8536585365854	-0.0851860900724829	8.30458060678168	0.350913088371884	16.5853658536585	255.553518051841	1.02294784869222	1.27213402002185	15.8536585365854	0.86960571547461	0.0312628053011187	0.198989291803981	279.970802919708	137.861313868613	32.9800943523168	0.978019038703802	0.0945692387817957	0.462669383006505
37	18	3.0402382706047	0.564517185754566	2.08018280298324	3.92915660224154	0.0740073615788237	11.0265486725664	0.394135770594512	10.0998512021302	0.375412320982337	16.1592920353982	254.88477462511	1.00964126420367	1.24407170330482	11.0265486725664	0.799273322625719	0.0931371276676913	0.33828145989266	0.202662721893491	28.7307692307692	-0.144523998939274	13.5514053254438	0.404008417423052	15.4230769230769	241.294215517198	0.596770456320206	0.782019684421118	28.7307692307692	0.542469786510742	0.0326953038067918	0.160182342672349	499.810810810811	137.297297297297	8.20491012326403	0.679840691682237	-0.813584970606026	1.43504849608423
276	113	9.41957777540081	3.79996001638115	1.03906016076987	17.2849620047145	0.0550619420079881	11.3141592920354	0.514265685361449	12.6464484297909	0.361903850753408	17.5221238938053	304.068009372886	1.12711322147703	1.41311024066807	11.3141592920354	0.81998140487702	0.127187327102517	0.417899488075499	0.0601376645332689	21.4945054945055	0.0832863378268762	12.7236746769714	0.324462573081088	17.4395604395604	292.97723390903	1.08177817252772	1.37453770344823	21.4945054945055	0.931333158023921	0.0304004770747568	0.203823333923168	374.460144927536	145.63768115942	32.2855569929212	0.802407647290375	0.00293812801494794	0.271620196535604
343	139	12.1245588999338	5.85766058877905	0.739048889599609	25.8779538491646	0.0512739416157416	11.9591474245115	0.653685107966029	18.2662910253053	0.344933267096051	18.7495559502664	365.336675240177	1.1930569096414	1.48625301938506	11.9591474245115	0.806363247813039	0.192845073737129	0.521360094868271	0.0400285848539432	28.4601769911504	0.28477986406393	20.8960960137834	0.288813997340738	19.2654867256637	375.844666574492	1.2454850744288	1.60604830136995	28.4601769911504	0.984546718536077	0.0798762068998887	0.353665045019496	624.755102040816	151.274052478134	47.3544611755147	0.913973355670415	0.753611694064764	0.223087061783821
60	29	4.45847082138163	1.80191267887996	1.41883038699593	7.21678911873586	0.0813099780321424	9.40860215053763	0.171751510185803	6.67981847612441	0.415801336294695	15.1505376344086	215.278677643168	0.938992824318167	1.14615325144177	9.40860215053763	0.77776125236445	0.0281278574604206	0.17935965113338	0.1678125	17.2	-0.183045309947553	8.269375	0.391476091476091	14.35	198.614632496456	0.684820436728391	0.888015683801578	17.2	0.646543221042956	0.0633293463544906	0.237533507340223	206.7	146.666666666667	16.4341515665912	0.948762489058828	0.471647862323625	0.89653060268912
72	28	4.48114714842769	1.32516222705596	1.81827458019397	6.59158399717676	0.0484146078713014	11.8474576271186	0.512667501713422	13.1554151106004	0.334080254040374	18.2372881355932	329.228365793636	1.13599686919018	1.43348658164783	11.8474576271186	0.84310823146992	0.12763296036558	0.421332004565277	0.0991456034175863	28.9056603773585	-0.0641398652722086	14.5817016731933	0.295390713419087	17.8867924528302	316.154161302348	0.835897608660489	1.06876986945715	28.9056603773585	0.746286196008596	0.0454100266800248	0.220107908173743	464.736111111111	147.319444444444	13.9445328624665	0.86875426383228	0.495024931732023	1.15405444417584
153	63	7.30017563337969	3.24911804145868	0.781655381094931	12.7307227836879	0.0556282906494352	11.3066132264529	0.53283619486633	13.1013369424219	0.341244220126691	17.5310621242485	305.983499207797	1.13335604490428	1.40609726970646	11.3066132264529	0.82776812476834	0.134425704788945	0.428280304217453	0.0479824257139554	25.2365591397849	0.086367146705064	14.811105330096	0.261700812616735	18.0537634408602	316.163788533192	1.13761948449139	1.41730668637769	25.2365591397849	0.951614844651561	0.0368153204212511	0.227527941194971	402.02614379085	150.908496732026	29.5472636466571	0.929981588356367	-0.381440283215758	0.484417914839243
32	17	2.89296570947519	0.747050897823633	1.49971162164494	4.16028346119692	0.0932409972299169	9.36842105263158	0.177609181986186	6.69584487534626	0.397678726595135	14.7368421052632	204.798691494468	0.902691135806661	1.11499650116968	9.36842105263158	0.782610856555559	0.0484462949601269	0.232064679522325	0.124444444444444	11.2	-0.274014155712844	5.39555555555556	0.286153846153846	14.5333333333333	198.099633337205	0.687127675645619	0.927951672176804	11.2	0.591703424701687	0.0491740862242325	0.213784957660143	478.09375	147.09375	8.88819441731559	0.851515774324851	-0.785398163397448	1.39143204034427
369	128	12.1387754865846	5.66275698737023	2.66877790163986	23.1266323853751	0.043475105240238	12.221686746988	0.611462320156484	16.7278011644973	0.32239947781833	19.1004016064257	370.659469231576	1.21269769226794	1.52409384212935	12.221686746988	0.841391996376792	0.162208210649436	0.485682984039803	0.0366032014383663	28.6446886446886	0.200534160588204	18.9148921896175	0.265384531132042	19.0842490842491	361.030693731164	1.25125119782004	1.59213626677393	28.6446886446886	1.01481096440512	0.0686210075564615	0.327063551970758	594.869918699187	153.915989159892	48.4744789720353	0.948009129423879	0.147499641049529	0.283019455364901
115	58	6.95241525276964	3.19656447021974	0.317915326113558	12.4885202934573	0.0935570987654321	10.6944444444444	0.322498523770232	8.89256172839506	0.401952047069694	15.6555555555556	237.493540373495	0.937616232934352	1.16128467916982	10.6944444444444	0.71123065958737	0.0840217599174849	0.311186215069251	0.103780864197531	24.8194444444444	-0.118511016547642	12.0948591820988	0.386654477940151	15.0972222222222	222.953836414213	0.835600851204751	1.09387805476067	24.8194444444444	0.757604723407243	0.0855335490907859	0.30515317516187	225.852173913043	154.365217391304	28.3216137564954	0.945254794680361	0.406331013738984	0.429587580455204
65	25	4.47683987593157	1.28604227196039	2.51077677223602	6.46095968103809	0.0594295122819509	11.2547169811321	0.482347932695161	11.8709282662869	0.370506482748436	17.8396226415094	314.312009389824	1.0442955144241	1.29118081332241	11.2547169811321	0.824840742694252	0.121014346380535	0.391433557990309	0.0713860797144557	25.8780487804878	-0.0515488838125626	13.3047293277811	0.316204337451494	17.9756097560976	313.04059318398	0.955042061295386	1.17530791178123	25.8780487804878	0.810479969598473	0.0109505184098937	0.11339184676177	432.615384615385	150.984615384615	13.8367812545823	0.902285171974667	-0.829357717086408	1.30690254389335
114	53	6.5405761964844	2.97607669143519	0.207547169811335	11.8347768780077	0.0717697872470315	10.0386740331492	0.444856034806534	10.0415051433106	0.392468958546307	16.3149171270718	260.121023722493	1.01806525544804	1.2512709702709	10.0386740331492	0.802361045337204	0.105556816699123	0.360769208627835	0.0909183673469388	18.5571428571429	0.0606938655344982	10.878112244898	0.36549432737955	15.9571428571429	245.087605510586	0.986094150117108	1.22647346923374	18.5571428571429	0.856234876329428	0.026339173501353	0.179458643839394	495.035087719298	150.842105263158	24.334507784543	0.942932371656585	-0.147787139833876	0.509991545046972
49	29	3.99182224813662	1.87637026335504	0.886548974633267	6.56477828353779	0.120153356481481	9.40277777777778	0.260373121306154	7.35643325617284	0.42635702444526	14.4305555555556	200.121634221676	0.86225872158399	1.07442262429499	9.40277777777778	0.725305828089102	0.0616269515270684	0.256976772596276	0.176748582230624	24.1739130434783	-0.168494152046783	11.34404536862	0.385146662955908	14.4347826086957	205.46952583039	0.713730994501192	0.910054904716832	24.1739130434783	0.713730994501192	0.06769626859717	0.248546116899011	237.816326530612	150.326530612245	15.9130686624917	0.953382641139851	0.296458481748167	0.732166658862782
220	72	9.24298248043549	4.24420340236935	1.38387985634235	16.3426371838653	0.0356228913474036	13.2084993359894	0.682510631111045	21.8014828688786	0.30307406142419	20.937583001328	456.495538092293	1.27802792109369	1.60215179071282	13.2084993359894	0.841386571807626	0.203008632252784	0.551102456151943	0.0290749553837002	36.3231707317073	0.200951711440699	23.7290210440214	0.229386183450643	21.1036585365854	447.517761391187	1.2813264854162	1.65929561240877	36.3231707317073	1.01861900623279	0.0696846247755666	0.336011221851691	557.809090909091	153.490909090909	36.1574538969139	0.948884951802728	0.203369329738006	0.53329504922049
157	47	7.03518400064063	1.76917996727951	3.59574468085108	10.4052777637978	0.0292496698029711	13.3911439114391	0.810966822477375	36.4200889149113	0.296787731947271	23.9520295202952	636.597946411296	1.40632627858882	1.73531274656797	13.3911439114391	0.855269550229521	0.267761459968091	0.644354676320265	0.0203780718336484	43.7478260869565	0.430866957349329	39.4337429111531	0.189536197622763	25.1739130434783	674.067823845306	1.42353034576894	1.84197404925005	43.7478260869565	1.0822164738907	0.132161433983942	0.479019027711097	347.687898089172	157.452229299363	18.0468085650115	0.684420108224668	0.454141067521225	0.89312819667469
45	21	3.40337785523742	0.758781479221583	2.13437474581093	4.71404520791033	0.0707908163265306	10.1857142857143	0.452137498010419	10.2958673469388	0.352994531700414	16.2714285714286	258.951014228017	1.04141678134857	1.28271227890182	10.1857142857143	0.806127319757206	0.116204773743756	0.38257739076112	0.0701530612244898	35.1428571428571	-0.237958303378862	15.1938775510204	0.146271499262068	16.7142857142857	270.712939117881	0.932008120203916	1.21153597332047	35.1428571428571	0.862231248692997	0.129769423697211	0.393389761288957	452.6	153.222222222222	9.66750404587546	0.768243463202481	-0.0193424097077999	1.28228271575094
487	168	19.8826734199974	9.68324781878418	0.412264156450539	38.1434130844985	0.0393342339097241	13.0380205190103	0.663229055259356	20.3574011099015	0.315445721174004	20.2293301146651	424.103877487026	1.26324739929047	1.58414690103595	13.0380205190103	0.840243094294314	0.191990808371285	0.534499715484093	0.0306318605873722	36.2549019607843	0.173903128758649	22.9434930835079	0.236130513313053	20.6582633053221	426.425362289853	1.29576625776635	1.69999941920286	36.2549019607843	1.06034207323938	0.0495902992650778	0.287777329180126	818.420944558522	162.921971252567	82.1481930616019	0.973731246839799	-0.34432378583746	0.216830445337051
153	54	7.37137868186848	3.09196355178821	1.90776695640353	12.1872254286542	0.0449922481775763	13.2239382239382	0.557949998255871	15.9575140501782	0.333267451836609	19.7220077220077	390.57064462599	1.17572705311846	1.49240742229791	13.2239382239382	0.81415223271202	0.176016625824386	0.500267038342038	0.0292204731831464	39.495145631068	-0.0482227914982169	19.8390988783109	0.196937912852026	20.6407766990291	412.721213322471	1.22789531989596	1.60894826662963	39.495145631068	1.05621523363177	0.121243125097425	0.433034647304965	873.980392156863	153.823529411765	26.8973984249787	0.941251050823349	0.071454785459285	0.659346606308969
326	120	12.4542858291037	6.42371370939891	1.00498756211209	24.6416314394969	0.0441757030482718	11.8771769019248	0.688571934483425	20.0688929756923	0.3582398372758	19.4903758020165	396.818135058153	1.2579941677563	1.55046764743411	11.8771769019248	0.833374519109336	0.197959094816479	0.53729829503946	0.0329642834803278	26.7762557077626	0.320721183904437	20.7093263276412	0.268150783844607	19.8904109589041	398.413970001166	1.27985157992885	1.60972911164048	26.7762557077626	1.00394233189826	0.0768512974442827	0.347449699556558	25.3680981595092	165.279141104294	53.136817252184	0.971072815059003	0.49860404837045	0.284488668075076
728	299	18.4160376136238	8.30333511889307	2.08863077083644	41.2593295893479	0.0547640972672047	11.6058577405858	0.691596278624069	19.8160144255178	0.356676812142232	18.4870292887029	362.53048256401	1.1991062612677	1.47964691330042	11.6058577405858	0.81380867449476	0.188851740612622	0.515270980040399	0.0410858328764978	26.2455752212389	0.39347474265884	22.6360117765683	0.30243239010621	19.4048672566372	389.24027954899	1.26811430402858	1.5810075738648	26.2455752212389	1.00019854642217	0.0758195608625542	0.342264970604868	497.789835164835	176.383241758242	68.370631036029	0.836981147361332	-0.587894809319574	0.102329032194869
152	46	6.94804483005766	2.11869080643469	2.80468484661767	11.3480967817123	0.0300911535514464	14.1673003802281	0.741057050854858	28.3560265436829	0.292570266875791	23.041825095057	565.894666540912	1.34763553318567	1.69032821023527	14.1673003802281	0.846349366366399	0.242197815466225	0.610219956522755	0.0266942148760331	40.0818181818182	0.256019653758212	27.9374173553719	0.235521322734851	24.1181818181818	587.023719073834	1.3288012247088	1.68964941227701	40.0818181818182	1.0334363783731	0.0951092122620706	0.394028824232693	263.289473684211	161.559210526316	21.1376945205118	0.882870120677797	0.273489909469662	0.902688248290451
96	40	5.627695123803	2.4857690145152	1.80277563773199	9.7082439194738	0.0642064586798653	11.796178343949	0.494840059209021	12.6756866404317	0.375988079037911	17.8471337579618	315.557314801484	1.09449973868867	1.36884617465437	11.796178343949	0.792499534396418	0.13318255070982	0.421215464052247	0.0733131487889273	24.3970588235294	-0.0200783966218025	12.9584234429066	0.30839841803818	17.2205882352941	287.794933905927	0.961489276316417	1.22213627761132	24.3970588235294	0.84647963151751	0.0481765501777034	0.241966315546333	443.864583333333	162	21.0862222816502	0.955241426993975	-0.108477215416534	0.75398223686155
178	90	8.97037390418085	4.12731604050424	1.65927992711997	18.3047622488699	0.082799528209673	9.93862815884477	0.489132404490469	10.7272054894499	0.404543456176499	15.9097472924188	250.329893921172	1.03158543948084	1.25292834333342	9.93862815884477	0.781648110720286	0.115094808535925	0.376669161412926	0.068156310580553	17.1919191919192	0.0627336240655044	10.1713090500969	0.295763452147957	15.959595959596	242.995055710448	1.00962142108988	1.27001380262409	17.1919191919192	0.87077823513501	0.0275371264154201	0.186653174770655	559.76404494382	168.488764044944	38.4137955616494	0.9235434899353	0.123412676946659	0.276149872759992
53	23	3.70843022546224	0.795725161848909	2.02302436941423	4.80095296148322	0.057681660899654	12.7529411764706	0.504009000401034	13.8560207612457	0.335620916631297	18.1058823529412	327.871106149034	1.10000206756572	1.39697127834353	12.7529411764706	0.827532440056784	0.143886021514282	0.441290317616689	0.0861224489795918	29.0571428571429	-0.01669499150255	15.29	0.307179509511711	17.8	313.069840947105	0.919034867512815	1.20286314913886	29.0571428571429	0.839878870883419	0.0656881950655649	0.280087519968723	285.094339622641	163.924528301887	10.3344396401857	0.761831710048049	-0.126122146301558	1.25901255682616
105	34	5.50001057441024	1.41753280466797	2.91636594264484	7.98376380093159	0.0345338784682126	13.5418994413408	0.670508616670186	21.5497019443837	0.325143135501335	21.2737430167598	467.992627778456	1.29035693125711	1.60940299679684	13.5418994413408	0.847438044212423	0.206594661261801	0.556610733886363	0.0434305953786473	38.7402597402597	0.152051565554295	23.8435233597571	0.278876636662622	21.8311688311688	479.307273351041	1.17509370416874	1.48233724964555	38.7402597402597	0.987179458200548	0.0927717506999184	0.366459482329545	372.104761904762	166.114285714286	16.1902807148074	0.844192487732108	-0.252223479721849	1.14140909559491
69	33	4.33277854858228	1.70728351759732	0.989383498019049	7.22433394288177	0.0792103839913467	10.2883720930233	0.330638509890246	8.68521362898864	0.359642741552454	15.7767441860465	239.626744493836	0.972209000134569	1.22402735726936	10.2883720930233	0.794121439482432	0.0795345743106028	0.31050645208206	0.0871137409598948	27.7692307692308	-0.282143128177886	11.8292241946088	0.226750146534206	16.1282051282051	247.944010018258	0.883653839004981	1.1684755656084	27.7692307692308	0.819716465784574	0.0716870853885494	0.288464305040852	707.942028985507	166.594202898551	15.2459460169282	0.895801021600803	-0.637075959393882	0.796216319918074
833	344	17.6620001963278	7.05831400481763	2.71702195211304	36.6933188761759	0.0594259936639401	11.3618906942393	0.547216463355621	13.5467135780193	0.361916153840735	17.5192023633678	307.226692763001	1.13623165762694	1.41252855598508	11.3618906942393	0.821074156385522	0.132590598780398	0.426320078045158	0.0451576919959395	23.1728880157171	0.158449549031858	14.7679731435343	0.302894200464187	17.9312377210216	312.499469818126	1.1801044680233	1.50905132248602	23.1728880157171	0.980013424841706	0.0314064338296494	0.216816054989288	868.349339735894	179.205282112845	63.4632153073007	0.793522283326492	-0.150969918314242	0.0884581760559863
280	116	11.1148684612091	5.18602885501283	0.25456591483161	20.5542841497446	0.038922295381892	12.6706302021403	0.69851844475723	22.0139392971111	0.321999023681895	20.2782401902497	432.317288447979	1.28002549881948	1.59903308002464	12.6706302021403	0.846243132134416	0.201957404258948	0.549337433630322	0.0314916716240333	35.8719512195122	0.216522019818141	23.8927628643665	0.210566821781523	20.2256097560976	414.348005031801	1.28758174909938	1.66745704112592	35.8719512195122	1.04923111679949	0.0885043321644757	0.378258538422077	6.1	181.75	44.0782084335847	0.933697871041492	-1.51946028127995	0.261488092450993
382	127	13.6176843284546	6.73166569608607	0.747202192597334	27.552370392876	0.0358386294230005	12.5380476556495	0.716129608732897	23.0841060592543	0.3149651884417	20.7794004611837	454.92318639645	1.30827286632979	1.63348293174137	12.5380476556495	0.854418688790599	0.203916131733077	0.556681737074491	0.0263476804509742	33.7933579335793	0.286018984887351	24.6654457319481	0.221581266581361	21.4612546125461	464.999625414722	1.35823990279403	1.73392857506745	33.7933579335793	1.05008046138892	0.084584399689633	0.376816068933366	412.492146596859	171.379581151832	53.8420822994335	0.969075696486183	0.132321475542371	0.297622516875516
65	26	4.08043013993057	0.518390708250639	2.88973903942487	5.14076986383359	0.0673445105462413	14.8372093023256	0.628714747254271	20.9808761492699	0.318014624115855	20.5302325581395	442.987721253701	1.09054567900111	1.35341873095926	14.8372093023256	0.709273065485668	0.229017720440849	0.543451692719336	0.0809461805555555	43.2708333333333	0.0967233389054238	24.9521484375	0.259753285263516	20.5625	439.624184432872	0.887987959895788	1.19316720880945	43.2708333333333	0.665168715211048	0.0985088678762621	0.341013701965559	537.215384615385	166.646153846154	10.135740524337	0.576817702877429	-0.372246328836317	1.2083048667653
488	164	18.0270255083671	8.16967763750883	4.29290811493604	34.4449335944662	0.0450816430432685	12.1157830591103	0.577712490863442	15.3454196453538	0.348182644248888	18.782449725777	354.833132972932	1.18792678678747	1.48280189750524	12.1157830591103	0.841091774470651	0.150602032187084	0.463195040555865	0.0363555357540655	27.9313432835821	0.0908009802054696	16.3604121185119	0.286425151642472	18.9880597014925	348.933969388361	1.22788897602102	1.58363428286889	27.9313432835821	1.01326609109217	0.0478389367830674	0.273276850829127	96.452868852459	184.571721311475	73.1691637573668	0.955812697554884	0.579191076105675	0.228003749992834
91	34	4.92472893282566	1.30595652563185	1.5662972889052	6.64080913901018	0.0440770141660453	12.0794701986755	0.581408496940625	15.4287092671374	0.333215390932571	19.0198675496689	363.28877200738	1.19703373634094	1.50017385194634	12.0794701986755	0.842180126226753	0.157402236338204	0.475491076946096	0.045	29.3833333333333	0.0337564112518315	16.2049305555556	0.255485086793622	19.6166666666667	373.247070716636	1.12854394347633	1.47172949414032	29.3833333333333	0.964880202857867	0.076266523506732	0.331876778114434	158.835164835165	170.89010989011	14.034593098969	0.746990779514239	-1.03419885866465	0.989221216182253
31	17	2.71418303005705	0.630806120534089	1.53392997769474	3.83482494423685	0.108223062381853	10.7391304347826	0.345572882917908	9.20498582230624	0.375829234703915	15.3695652173913	233.724236340994	0.821595479776638	1.03100765067332	10.7391304347826	0.705282437496344	0.107862883410507	0.333018344622905	0.156804733727811	10.5384615384615	-0.388693957115011	4.79437869822485	0.239644970414201	15.7692307692308	234.793784236517	0.598379409400005	0.853097098038759	10.5384615384615	0.552067102374777	0.126508407394369	0.329882439298327	254.354838709677	169	7.83972962170173	0.750462947976237	1.07673140084779	1.34794978908351
78	32	4.63103016822492	1.25850427829653	1.22514348649454	6.50007511975823	0.0522506045012091	12.3700787401575	0.525659740383242	14.0392460784922	0.325646893196685	18.251968503937	332.435957842892	1.1449800995135	1.44773686582648	12.3700787401575	0.835298398100359	0.144868427187492	0.449854621544685	0.0774872448979592	26.8392857142857	0.0481694043142683	15.0987723214286	0.320720956146172	17.625	305.57398357148	1.01120512946993	1.26923084003906	26.8392857142857	0.876922717705709	0.0441790063551087	0.236065686910612	609.076923076923	172.987179487179	12.9930646554065	0.713920486381931	-1.24879820530105	0.95720401164064
58	24	3.97027375000899	1.03032962093076	1.62286184117918	5.82096903921977	0.0573765753266274	10.9462365591398	0.48394165358451	11.6056191467222	0.342111219378771	17.3548387096774	296.440768217148	1.07710765804128	1.33716093458686	10.9462365591398	0.833551068976163	0.117508315905538	0.392104543056446	0.0416666666666667	30	-0.118591403417918	14.4097222222222	0.193305094333389	18.1666666666667	315.254173816919	1.08991975959944	1.43702218708737	30	0.964520175766807	0.0474776863385175	0.25980647594063	645.103448275862	174.48275862069	11.5911396173337	0.800648692943433	0.529510273950606	1.26536370769589
140	53	6.8171218188156	2.14837002233174	2.5189915876647	10.9107026275246	0.0547872041378535	11.2770562770563	0.726160021788697	21.5905951912445	0.371738796444679	19.6147186147186	410.507588158779	1.19130243663544	1.4791923311859	11.2770562770563	0.780449695121681	0.237477358218345	0.573361873559181	0.0593999999999999	35.64	0.257178110514556	24.9896	0.303191449671038	20.04	414.66099872996	1.21601002098759	1.50007555546388	35.64	0.974361910106103	0.114878299420741	0.408764301817122	667.335714285714	175.892857142857	18.867919127432	0.761717559900245	-0.104764406731309	0.626305406198036
228	75	8.68229064456085	3.16927721290834	2.68082905916146	14.9470234866715	0.0318412513795177	13.3419023136247	0.81945559545376	37.9490883618269	0.309253247477957	23.46529562982	621.688648410408	1.39191353108572	1.71915327369631	13.3419023136247	0.859659036183633	0.264605096451722	0.638752785145697	0.0424181576965829	38.622754491018	0.520155987726257	41.2451145612966	0.289907135749005	24.4910179640719	661.542870299356	1.27065693016052	1.54949220411007	38.622754491018	1.00260648447953	0.136318641207727	0.450355312602735	458.991228070175	178.934210526316	26.7570109504346	0.865608990647528	-0.108798333836747	0.509356888902025
61	25	4.11267544854072	1.16940183639772	1.50943698112904	5.99653233127283	0.0668608553249752	10.259067357513	0.37155675131645	9.1622862358721	0.358221829078275	16.1865284974093	252.17811375584	1.02776746064036	1.28689066561827	10.259067357513	0.836345316244186	0.0799684820268508	0.318827869466289	0.0816326530612245	17.9642857142857	-0.0891234582221706	9.24713010204082	0.275639159979189	16.8928571428571	271.147555389797	0.889003835109061	1.12552740313076	17.9642857142857	0.794879415579957	0.0471146531890626	0.229912671814535	588.393442622951	174.049180327869	12.0094964364073	0.789027120862466	-0.198496985132299	1.22647777196146
391	151	11.0142405726012	4.5727073727066	0.547750582298084	19.8344647259589	0.0481866863905325	12.2923076923077	0.56750610537978	15.2109609467456	0.33457349225313	18.5015384615385	344.726506992175	1.17598014737437	1.47990586024474	12.2923076923077	0.835604977808289	0.150900819974672	0.463233652464343	0.0432747847090947	27.7572463768116	0.102086072825166	16.4565184572569	0.272151355140305	18.5036231884058	333.554720004134	1.19796248007344	1.5368607772269	27.7572463768116	1.00923058844103	0.0336208685327023	0.226267460458454	181.473145780051	184.654731457801	34.2422327242152	0.508037076561047	-0.175023418671016	0.215492781466358
338	124	13.3542605172701	6.19029994796941	2.14522192492527	25.0255748477836	0.0447334371761415	12.1713780918728	0.66595771876523	19.2183196194234	0.31790738998596	19.2367491166078	384.925684590084	1.23053396171575	1.54237840436591	12.1713780918728	0.840298563551981	0.18480771820374	0.519160718497608	0.0321888412017167	29.8497854077253	0.234335019859621	20.492719519608	0.231211757979088	19.6609442060086	386.14754912907	1.27544838842554	1.6642020926833	29.8497854077253	1.04139944613609	0.0696919745663534	0.336495739380309	269.334319526627	183.813609467456	52.0781812681517	0.957808996790273	0.0128447411191514	0.276237855596605
58	25	4.10785957627403	1.30195610587059	1.93659494990567	6.25702804852275	0.0626033790170133	10.8369565217391	0.401230518155855	10.0493560964083	0.361475107805031	16.6413043478261	268.824505260764	1.03797017218048	1.28601905695205	10.8369565217391	0.824358846827462	0.0860172501719757	0.330394786089395	0.06591796875	18.09375	-0.187425898035697	8.618896484375	0.192307843311251	17.15625	275.821486416404	0.925425914978821	1.24390391936784	18.09375	0.892559435844492	0.105192894888299	0.359166750864226	530.844827586207	177.465517241379	13.265099307554	0.899150676645283	-0.793957482355101	1.16615919301253
188	69	7.50880902636851	2.81772392968919	1.9810592301034	14.1860296155368	0.0426109036294363	12.8431061806656	0.661965522178715	19.9967400122061	0.308276800511349	20.0190174326466	415.864443247689	1.23816043996573	1.55274520566724	12.8431061806656	0.833880477775665	0.192159493772262	0.530227050697884	0.0324852071005917	34.1230769230769	0.152277772061094	21.1263313609468	0.258936255883415	20.6923076923077	424.812264933445	1.23902991161646	1.57934617930966	34.1230769230769	1.02064337762139	0.108210198767357	0.406564873834984	771.228723404255	178.675531914894	24.514048922656	0.864053689567819	-0.273960831824233	0.496214592627499
47	21	3.50577751427771	0.731382831205146	2.13437474581095	4.71404520791033	0.0679924327732985	12	0.424598597846229	11.4275032656187	0.35652257559877	17.261744966443	293.544954437746	1.01874827940051	1.2559402446849	12	0.801450287302762	0.121017190730507	0.386485667794256	0.0790816326530612	27.75	-0.116637154515359	13.4257015306122	0.261886814763429	17.3928571428571	293.908882150784	0.901766335141154	1.13828990316285	27.75	0.821028208820082	0.0869794241035609	0.313580049658452	234.425531914894	178.425531914894	9.97643617431028	0.797088994417	0.871964583589453	1.3392730586732
294	105	11.3281710365396	5.66260570101634	2.41972244055852	21.0006305919792	0.0415059386381373	12.758064516129	0.594488002809276	16.7308101912071	0.324178261607104	19.5120967741935	384.698412209726	1.22184702300025	1.54153506711524	12.758064516129	0.84259953349736	0.160750038142845	0.486012240815068	0.035983019249343	30.4312796208531	0.124577216590136	18.3809045169695	0.275767977634332	19.4644549763033	371.777999385505	1.22478225614521	1.59825888768473	30.4312796208531	1.03674485488772	0.0564049640274161	0.297646139014153	632.714285714286	183.605442176871	46.1450712074129	0.962292999962534	0.184018343633582	0.335103216382911
532	193	15.649222389569	6.16621321856137	4.83316106613101	29.140127155831	0.0434363228934152	12.2756696428571	0.635114688574416	17.8212713124801	0.341465862982407	19.3448660714286	383.00382491399	1.23425014300341	1.538292078497	12.2756696428571	0.831557780582789	0.173956003541552	0.504026761179023	0.0450231594941672	31.1509900990099	0.197117459119328	20.3994691084207	0.277325034423241	19.1608910891089	368.023757688642	1.22832653871711	1.56909345743083	31.1509900990099	1.00202637259794	0.0499955222556952	0.278041744438658	822.263157894737	191.62030075188	56.0714632859275	0.853869413551089	0.523880614294251	0.179476205182396
31	16	2.7098934936734	0.609361143285776	1.76001598004109	3.56688326834507	0.0866574170424327	9.82795698924731	0.291791641671665	7.93860561914673	0.371166542399939	15.2903225806452	224.42529343405	0.920255498452748	1.16696829214685	9.82795698924731	0.797319658605666	0.0797405463272337	0.303924927887168	0.199445983379501	20.4210526315789	-0.340851218624957	8.61495844875346	0.312057568404318	14.5263157894737	205.366305745025	0.55035340466489	0.772164980417298	20.4210526315789	0.49316340169814	0.0916426280401491	0.267354039682665	895.548387096774	176.741935483871	7.92977786211948	0.77962864427256	0.0458032042254525	1.52170894158256
96	34	5.37720456451603	1.67312249743323	2.1742834797972	8.66829125931988	0.0389359575314681	13.0218068535826	0.628655862525897	18.5333410972331	0.313023224095242	20.0996884735202	412.87787544294	1.23791978902011	1.56473072330449	13.0218068535826	0.85099971810511	0.182711884908126	0.519564874004258	0.02978515625	30.65625	0.0643637393261106	17.382568359375	0.257351164266294	20.53125	407.428500505606	1.22957968191339	1.57495829106779	30.65625	1.0082674151465	0.0974803205910239	0.386061006382647	25.53125	181.239583333333	16.468802320256	0.881067130625387	0.52323952727898	1.0435740302582
587	157	19.1112176747873	10.1652394009939	1.3050487568279	35.9479803658716	0.0300821669964351	13.6300634455832	0.735208746738489	26.7373747767305	0.320325332520665	22.3064909712055	528.534374633888	1.34903552039874	1.67667790869195	13.6300634455832	0.84714611121529	0.233949434780867	0.59889560530752	0.019144046593868	39.9164785553047	0.302561180942666	29.616473204959	0.217947591797795	23.0767494356659	544.29685477402	1.40309168000574	1.8488604288868	39.9164785553047	1.08677698901923	0.0779388503712861	0.373150630952728	324.013628620102	191.936967632027	85.1272644613591	0.985811091995291	0.281390353122537	0.299259992317288
124	52	6.82462526982306	3.42846490186165	0.362845428156027	12.8113877782516	0.0590885535741502	11.9358024691358	0.584967794126625	15.3793689986283	0.350576120615336	18.2074074074074	336.79868033466	1.14232590132363	1.4215915194746	11.9358024691358	0.803740652783407	0.162789370002953	0.471908102674149	0.0432888888888889	27.9066666666667	0.0853045634255847	16.2546222222222	0.287186509130213	18.8133333333333	344.765733724636	1.15961102039282	1.47718944993274	27.9066666666667	0.988833707657682	0.0812331284519136	0.342886237619725	382.129032258065	182.209677419355	27.884987371925	0.967246135864037	0.0199853416031688	0.576268474918838
139	67	7.0247489349221	2.81907383647477	1.43663985084575	12.3271836381672	0.0717874940055461	10.2465753424658	0.518340720064137	11.6367465232168	0.37752647335242	16.5662100456621	272.549715776762	1.06623246418281	1.32715517031754	10.2465753424658	0.802105222301362	0.126318703721738	0.404783294665691	0.0495152354570637	25.3026315789474	-0.0136531198956842	13.4809123961219	0.262939693121149	17.2763157894737	286.192182911545	1.10315391846019	1.40263773088354	25.3026315789474	0.960577918131224	0.023814181722281	0.182318897759782	438.748201438849	186.280575539568	22.4140331654359	0.75786029138904	-0.207425551431388	0.389112389261734
216	76	9.67337438524604	4.89349132682859	0.632948077410826	17.6264034037834	0.0413877509773356	12.9384404924761	0.636215150561026	18.7830942003627	0.314572464523378	20.1395348837209	415.83720772423	1.22807615058097	1.55266610295319	12.9384404924761	0.824693256946491	0.185436695789811	0.521459927810867	0.0309089080026155	32.3900709219858	0.0636365156559364	18.295671746894	0.234279818618088	21.2695035460993	437.310948982203	1.25654941841958	1.64478787924393	32.3900709219858	1.04668208403527	0.0238540105339645	0.197307738749012	149.009259259259	186.175925925926	40.5181516872914	0.974542711841999	0.305258474965004	0.469933527129775
208	65	8.02033284735757	3.43362257334394	0.533382640718756	13.9479760360763	0.0325326421829918	12.7384615384615	0.689060404946942	21.4838202357083	0.320919727942352	21.1804195804196	464.505334312349	1.29805264617413	1.6337449376184	12.7384615384615	0.853253337698318	0.197366873595058	0.548409529110295	0.0235954563396343	34.0529801324503	0.216708902644724	22.7371167931231	0.227389201521974	21.7880794701987	471.912411943349	1.31817656609806	1.71878673737111	34.0529801324503	1.07510278345231	0.0594805244327484	0.316238428634172	550.418269230769	185.990384615385	28.2438062677115	0.914456673105974	-0.190107310000658	0.618652091783836
289	87	10.267887888879	3.8389075304053	3.39454303947126	17.6223128718273	0.0293083539836786	13.0649350649351	0.76655458048355	28.9828473225077	0.303503154543878	22.7772227772228	557.388802797849	1.36408782288335	1.70643772045947	13.0649350649351	0.855736279923494	0.241994749337353	0.612264747482753	0.0190048674959437	41.1348837209302	0.320120425063285	31.2515954570038	0.197984919251388	23.7674418604651	578.994691900693	1.42637667114149	1.87702059198754	41.1348837209302	1.08760360450024	0.083292366887824	0.387974080114085	588.266435986159	187.114186851211	33.333451334951	0.882023833290038	0.0487665372090255	0.479809896624363
39	28	3.7016491280568	1.78481058793284	0.868966075756887	6.95172860605511	0.0870953694295253	12.9759036144578	0.282245016761347	10.0392292059805	0.33930283442686	15.8915662650602	245.474924183909	0.982042095106161	1.23414483327673	12.9759036144578	0.798047499439182	0.114555771717165	0.373181887706745	0.21875	14.25	0.121387283236994	9.109375	0.355	13.75	195.036405560012	0.451544993495972	0.677317490243958	14.25	0.451544993495972	0.399304586462514	0.535490305451665	898.641025641026	188.666666666667	14.6118824004588	0.949518333737583	-1.35376038506358	0.625112823928581
103	42	5.77505799362594	2.48228598654747	0.747254991736924	9.73879378097669	0.0519447538427267	12.1194029850746	0.67181271535707	19.4641568278013	0.341849227629737	18.8358208955224	372.700974060916	1.2016566189034	1.47906837566727	12.1194029850746	0.817795378035942	0.194173774591477	0.521970835691512	0.05222681359045	36.0606060606061	0.196283296323204	23.4336547291093	0.304057186187158	19.8484848484849	402.227062478697	1.17890934118244	1.47658541802092	36.0606060606061	0.958666179863221	0.0834242619007371	0.34731246767105	410.009708737864	187.679611650485	20.1372686020548	0.89681045810792	-0.0265326326215786	0.733750665124147
346	125	11.4328168854911	4.779724894053	1.73347281490076	20.4048260958039	0.0434448224411498	12.7476475620188	0.641853155673393	18.796677206506	0.337758119568616	19.8733960650128	405.849771233121	1.23443928172917	1.54294633928003	12.7476475620188	0.818956225559992	0.183727003810114	0.517815774992643	0.0294944846226897	30.6324786324786	0.191180541022234	19.9365366352546	0.259072471181573	20.7606837606838	424.310347768776	1.28771069902119	1.64562245951358	30.6324786324786	1.03194605751194	0.0599853676461174	0.311060528762466	210.456647398844	196.924855491329	37.7488082063996	0.820872938945759	-0.295518383077848	0.27826971088437
459	186	14.2572042936085	5.88086924942677	1.79670469547645	26.0360002506735	0.0519844459693494	11.5128712871287	0.663804364454251	18.1222795150802	0.347584001007414	18.6811881188119	362.342204663179	1.20646471928459	1.50206578067694	11.5128712871287	0.824859625408311	0.181378680418174	0.508818415564233	0.0391978421999035	29.4139072847682	0.250003669372871	20.6093674619534	0.261457798351392	19.3145695364238	374.856151199077	1.26373607544394	1.61919630787454	29.4139072847682	1.02782949482081	0.048780852356225	0.278872411245437	532.795206971678	204.915032679739	54.0209403235876	0.895433133961351	0.523214734536611	0.166723439472507
282	106	9.06514517594761	3.32597459147504	1.31633357059056	14.6234722831561	0.0442601252878379	12.0467587672689	0.680391287850551	19.8461051112333	0.329234979999498	19.615302869288	400.993781694273	1.23988124102028	1.55505075868408	12.0467587672689	0.834595481827413	0.194033756443634	0.532967201641232	0.0258122326280495	32.0698924731183	0.206172094425948	21.1995245115042	0.248858597481119	20.5752688172043	419.480053347891	1.32035132127634	1.71192009945783	32.0698924731183	1.05847736167636	0.0534550000400102	0.299564380647553	787.975177304965	198.40780141844	29.7120639843608	0.759020928440278	0.78948547600938	0.315389508121154
181	51	7.32980841770469	2.37994602563336	1.98078039292937	11.4207396821126	0.0272214003882852	13.7210776545166	0.774406882558159	31.4111176132268	0.314040925350704	23.5118858954041	597.789881526735	1.37895819190442	1.71210246415098	13.7210776545166	0.850925722833157	0.255316639706763	0.627801442737862	0.0261556259745485	40.7163120567376	0.366892841263131	33.155940345053	0.224800343521418	24.1205673758865	605.670586304515	1.3661581991788	1.73531497741711	40.7163120567376	1.06693046575372	0.143388783969796	0.484896060994991	761.453038674033	197.342541436464	21.4128236090853	0.795231965075505	0.669100369681302	0.874476386466363
314	142	13.7268931105875	6.40708461339957	1.95202578917665	26.2830043977961	0.0686085159899389	11.903162055336	0.464071088652257	12.1051688043869	0.346297703816886	16.8656126482213	281.896779299564	1.0738658753861	1.3448691843724	11.903162055336	0.80386982067008	0.12074430074934	0.398384106347293	0.0606865766819003	25.4381443298969	0.0952736674543196	15.0584745987884	0.299334856460078	17.0567010309278	286.075525598233	1.07922402318419	1.36470146440814	25.4381443298969	0.938060570580206	0.0446211524723122	0.245731846718805	672.156050955414	212.646496815287	57.6560500045144	0.960042710595814	1.26238985860864	0.19568738211212
409	133	14.9279441770704	7.43905466173401	2.94262699796637	29.4589882036025	0.036509364104468	13.4332386363636	0.694159608671845	22.9611912246578	0.315545956924634	21.3678977272727	477.618418451795	1.28788547156114	1.61581158791247	13.4332386363636	0.829439351822715	0.219071943286534	0.572727507791876	0.0219116448790165	37.0446735395189	0.214732974966918	24.5873100223191	0.223083179443473	22.2061855670103	492.046224614132	1.35572614606768	1.77490504072874	37.0446735395189	1.05698161673067	0.062993195719008	0.330194860671731	705.953545232274	196.784841075795	59.2278917907102	0.976589455796544	0.045852379201499	0.290556028111985
136	56	6.67206630354434	2.62945164149975	0.375424929314801	11.5556826289237	0.0573732138357989	10.5668934240363	0.601361113223328	14.2537163013353	0.358228669153039	17.6825396825397	316.187183086626	1.13747361119016	1.390831109737	10.5668934240363	0.824919651283951	0.150175346420073	0.449602572378641	0.0728624131944444	20.1979166666667	0.212307275654791	13.8209364149306	0.322651267292602	17.3020833333333	295.498262092229	1.04131972582788	1.29666045346445	20.1979166666667	0.93130850069701	0.0664187372903687	0.291939045845151	131.801470588235	201.764705882353	22.1758251755459	0.863108401300621	1.35594000705924	0.544970154194148
84	48	6.37243175078111	3.23483572886598	1.0261341963354	12.2733974400825	0.119417674477198	10.2380952380952	0.114684183435868	6.78217120181406	0.394975686740392	14.452380952381	198.831760415671	0.8163562073715	1.03163957785803	10.2380952380952	0.692298333035084	0.0392915696089995	0.201255819388024	0.192618223760092	13.3725490196078	-0.175226381943504	6.68935024990388	0.45945130651013	13.2156862745098	166.475152333932	0.682119329943538	0.859195797981174	13.3725490196078	0.614074491290429	0.0861457288759123	0.272822212652614	617.952380952381	196.071428571429	25.8705311689495	0.983696602588141	-0.249887965814331	0.458148928648512
542	174	13.1806188621523	4.81774608581543	1.00443263853452	21.6252760233545	0.0354296960749601	12.5352719439957	0.654231003954445	19.126656940555	0.317659336980823	20.2617124394184	420.369506388659	1.27755718904094	1.60189819704469	12.5352719439957	0.856724403463071	0.175843646174857	0.5154606240071	0.0275946723090277	30.2916666666667	0.208377359747882	20.1326429578993	0.248312349065356	21.0260416666667	435.285569551731	1.30177578966125	1.69430652991263	30.2916666666667	1.03230770272142	0.052595069564332	0.295729475877643	72.2472324723247	213.328413284133	41.5178652260447	0.690277089614858	0.802629921227187	0.224962771600696
138	52	6.65280670268136	2.73681621172448	0.930260509419046	10.7426182168895	0.0463139528231727	12.0829694323144	0.535595344542	14.0090959363856	0.32706731470153	18.4366812227074	338.322958865417	1.16330446678072	1.46876008225344	12.0829694323144	0.848147179749009	0.136394829125623	0.439833068309803	0.0372498647917794	28.8953488372093	0.0421810538204496	16.0839305029746	0.272659278775776	19.2441860465116	356.369107588452	1.21840632929099	1.54199552486443	28.8953488372093	0.994416466844676	0.099799718703942	0.386698806693082	296.789855072464	202.086956521739	24.171146366843	0.910813866025288	0.50208733232186	0.641331044667739
103	42	5.82368150118748	2.3017136442582	2.81597322704237	10.1922561863309	0.058620146353419	11.4378698224852	0.532079249899016	13.2220160358531	0.37745743762451	18.1065088757396	325.872025774387	1.12352234646688	1.40099295948568	11.4378698224852	0.799731889969339	0.141421457994072	0.438190243856328	0.0497685185185185	27.7083333333333	-0.00229220962727792	14.8224826388889	0.246992496876326	17.875	309.647867748224	1.08017131596748	1.39920669536681	27.7083333333333	0.956083999574961	0.0398770297680438	0.23524681980596	460.330097087379	198.174757281553	20.5674751280784	0.946723937049941	0.0769425131021844	0.733750665124147
425	118	13.910993960398	6.3882548505662	3.89108579870763	26.5819144497071	0.0263748824266862	14.1703554661301	0.76623425310875	31.3088789837167	0.30056371328948	23.7236753856472	605.766814065758	1.3920463900495	1.74021399550213	14.1703554661301	0.862252530820055	0.251757148209718	0.627851803316977	0.0180965982612696	43.5572755417957	0.324375531004098	33.2348268458434	0.225429502841012	24.6160990712074	622.360497017054	1.4433032714884	1.88947887994913	43.5572755417957	1.08945863234625	0.123746759587481	0.469686721265252	391.821176470588	204.284705882353	54.052971041345	0.962170684044735	0.0128569264140204	0.383561297838455
131	61	8.07879723974724	4.17236863077639	1.25963099752778	14.5228970629965	0.069896449704142	10.7788461538462	0.488183752323327	11.5299960706361	0.370531180327561	16.5144230769231	269.935007805009	1.06793902143941	1.33458113648341	10.7788461538462	0.813118166284657	0.116895198503747	0.390757494328527	0.0566326530612245	16.5	-0.0256312674823523	9.04382653061224	0.276701233467374	16.5571428571429	257.021188223808	1.02183204269955	1.30485575282224	16.5	0.893006582010587	0.0258586060017736	0.18331955703381	640.893129770992	201.93893129771	36.147525707165	0.984936728964369	-0.236056015444476	0.442406490320089
85	33	4.99053976225048	1.77108821606719	1.62000804904529	7.66852295170264	0.0480739795918367	12.2857142857143	0.543523983473598	14.4571301020408	0.323715508656685	18.5071428571429	342.397266463015	1.16198617464022	1.46326222086571	12.2857142857143	0.846777374960014	0.141105460090271	0.44632127118072	0.0518334087822544	28.1063829787234	-0.0731947625426735	14.0947261204165	0.199708389885806	19.936170212766	380.403785870233	1.06472977046558	1.37606934198149	28.1063829787234	0.972681182625571	0.0556682866999063	0.275267437852155	741.635294117647	199.776470588235	16.4460825444377	0.902877173280624	0.28909288923458	0.980846191203425
69	37	4.31147745217448	1.54453749476788	0.568210703827796	6.91833823576769	0.0885840421597633	9.65384615384615	0.344087642595105	8.35909763313609	0.392193911628301	15.4230769230769	229.037906774703	0.957415431254138	1.18684666266718	9.65384615384615	0.808502518156517	0.082368747490832	0.31134010511043	0.112041647804436	16.4468085106383	-0.132706667290216	8.25995925758262	0.311973386691785	15.2127659574468	220.603312560505	0.790204325031671	1.027185385448	16.4468085106383	0.733758581292496	0.0594170270510986	0.246908006034044	258.333333333333	201.985507246377	13.4062178496605	0.712820407245875	0.258514094483637	0.63336710912402
53	31	3.94360215286311	1.67447942726603	0.438757113185029	6.39800307035259	0.125316242199359	7.54545454545455	0.218840579710146	5.82965086861191	0.432783273959744	13.9220779220779	183.907110014782	0.802094649002124	1.00538763308689	7.54545454545455	0.688364128712889	0.0544278922161953	0.23387834329772	0.175619834710744	14.0909090909091	-0.265306122448979	6.56818181818182	0.323776223776224	15	215.565607457844	0.599174007161052	0.818104913098493	14.0909090909091	0.517074917434511	0.0542526779624286	0.211179793088913	332.830188679245	203.528301886792	14.6092943811364	0.895778972281674	0.924442918252692	0.693046454277873
193	60	7.3218208249758	2.62796833784742	0.77549267494213	10.7083171206103	0.030651219335172	13.8072289156626	0.756128327603047	29.308390187255	0.3023784756244	22.433734939759	543.465354877786	1.36150147853267	1.70013734832301	13.8072289156626	0.861821263156331	0.237188749646526	0.605923776362754	0.0210453407214023	43.6204379562044	0.316215159806368	32.8963183973573	0.230033420374851	23.6496350364964	579.090197342807	1.39822245864902	1.78810645812544	43.6204379562044	1.05693891538319	0.154227189236406	0.508237408535373	431.79274611399	207.455958549223	22.4958525926341	0.768498771516971	1.04488957678088	0.673697091269811
141	48	6.45842700896987	1.74717184578318	2.77388616284891	9.54084785424116	0.0376131554517283	13.6576200417537	0.743890211457725	27.6636041509582	0.32088437883845	22.0334029227557	522.529347344723	1.3082358357901	1.62829087778165	13.6576200417537	0.811739497745109	0.253378455334556	0.613605342123778	0.0332619120497908	41.979797979798	0.26476916149046	29.5487195184165	0.229170962625513	23.3131313131313	558.312022079958	1.2655250488202	1.59703935137049	41.979797979798	0.986130386648443	0.100499092989116	0.394315903803763	822.120567375886	207.148936170213	16.589613879542	0.558252963382328	-0.26114306963334	0.769035701660001
237	71	8.13243034532368	3.10780608248361	0.538168258437848	12.3308632485593	0.0249967208055245	14.0496894409938	0.777306397905946	32.5448879287064	0.286990751972849	24.1913043478261	631.226678798257	1.40760806025183	1.7625238175037	14.0496894409938	0.864033671093994	0.248687462142446	0.627541441460253	0.0162291790600833	41.6341463414634	0.409259675433402	36.2389574657942	0.188446190873323	25.3048780487805	668.453657611486	1.44839100458698	1.88906861539724	41.6341463414634	1.0798396335295	0.12994683901255	0.480522233884533	892.957805907173	208.329113924051	26.3068421530457	0.799843838265012	1.50699316143078	0.590801395676081
477	155	15.6370641816173	7.55526685741448	0.454552643969241	28.6945005191173	0.0353200577088161	12.8739290085679	0.702706336723238	22.6518725402216	0.327335289342633	20.8261933904529	454.806154439162	1.30511264970383	1.62361816560636	12.8739290085679	0.840342600217736	0.208291299135929	0.560738081592892	0.0331515907082439	34.8595505617978	0.258488686227435	24.5057442242141	0.263236215837167	21.2359550561798	456.45309844139	1.30382842337083	1.65774139560667	34.8595505617978	1.03679240920416	0.0612770960544941	0.315417859181799	254.863731656184	218.767295597484	66.9275829004082	0.966860677036622	0.587310326362876	0.249496723540034
257	89	9.76644188679904	4.52325264469439	0.678357701039262	18.8896723034667	0.0385304682959014	13.5652173913043	0.702869667922327	23.8270491545748	0.309741712886147	20.9450800915332	463.938140489514	1.29323129141978	1.62312022791608	13.5652173913043	0.845268245833604	0.212638847870876	0.566007629501967	0.0291233459357278	37.1358695652174	0.324353713786245	28.4817388350662	0.256488667215513	21.4510869565217	476.226433260481	1.3653868819554	1.75879419512291	37.1358695652174	1.08127390854768	0.112867429928894	0.435575922613168	166.342412451362	212.299610894942	38.1770604238141	0.920766154694957	0.568959249041323	0.40772089987253
208	93	11.6288153255861	5.91408980846765	2.31605015790061	22.1786151518606	0.0630274003118735	11.0388059701493	0.545286369419083	13.1381955892181	0.36679644945141	17.2776119402985	298.694791533202	1.11652239947611	1.39181098845418	11.0388059701493	0.819558966436592	0.135068664879573	0.427296768647271	0.0492590985181971	26.6850393700787	0.12437581186418	16.237723975448	0.276750464371834	17.6771653543307	306.887060714162	1.16592057441029	1.4832123617562	26.6850393700787	0.99375718002608	0.0579314587193033	0.291008064542584	584.057692307692	204.336538461538	47.6206568445802	0.986453575886368	-0.0628428073444324	0.302208936037312
368	116	10.5505099181287	4.5100279643443	2.12371875062299	18.6661183547944	0.0302439819283703	13.5	0.81416700057997	37.3229352217656	0.319897338422111	23.6514195583596	626.794318312731	1.40276617381366	1.72524622822681	13.5	0.836423868184136	0.277884140310799	0.653412453070943	0.0227091906721536	43.5592592592593	0.467550139921364	41.9045644718793	0.238904113184679	25.062962962963	678.184107410174	1.43829135081318	1.81315326283374	43.5592592592593	1.06533753815028	0.155695459320956	0.513527123995412	863.910326086957	213.875	37.3877801542117	0.861014785892612	-0.237966174587886	0.343670064364163
3004	1010	35.1749337445256	13.7582419245351	0.419999253107112	66.1535878955315	0.045469501238757	11.9268510258698	0.661178154986382	18.6004752960815	0.345027465657155	19.0631380711666	376.253616657134	1.23679333931882	1.53821591379041	11.9268510258698	0.836783209671828	0.179611761229771	0.511664667018682	0.0334867645451984	29.2407673860911	0.254998818479614	20.6246449746677	0.26980441344821	19.4815347721823	379.877987027768	1.29857091820103	1.68052511982958	29.2407673860911	1.03188945846593	0.0432515514282895	0.267580609363384	126.882157123835	254.544940079893	122.896053887578	0.729918721391732	0.117437512403123	0.0370055654597931
43	27	3.44424896301057	1.27440869846844	0.997252742061946	5.36052737818686	0.121852072179258	8.61788617886179	0.340856007522674	7.53718024985128	0.456019789793104	14.4390243902439	201.662319355428	0.869518705257276	1.0812784338582	8.61788617886179	0.739263209904863	0.0861435425957696	0.304549483234346	0.123582766439909	23.8571428571429	-0.184463833380241	11.0708616780045	0.273475649171488	14.6190476190476	208.970901982832	0.743003581644277	0.986694530515119	23.8571428571429	0.743003581644277	0.106951131528813	0.324807244649207	147.372093023256	204.139534883721	11.7774751378176	0.882541912916806	0.27051194790085	0.741226250229691
39	21	3.17400437040206	1.10167060234857	0.785353452498603	4.70537879125165	0.0989115348089707	9.82905982905983	0.122297746872103	6.59931331726203	0.400747144638547	14.8034188034188	206.462313642835	0.878831908187508	1.08981019574688	9.82905982905983	0.755765967346112	0.040443744335091	0.209735183768399	0.248285322359396	15.1111111111111	-0.254098360655738	7.02469135802469	0.451404345521993	13.1111111111111	167.392064992805	0.525229708848606	0.703617854427262	15.1111111111111	0.525229708848606	0.0910008801034212	0.254718636797832	317.153846153846	204.102564102564	10.5240730535721	0.87197880091394	0.384572588854672	1.11131168698414
56	23	3.87711224166615	0.886863115351674	2.15864201518372	5.35753801765196	0.0520216049382716	12.5	0.511236727965225	13.7873765432099	0.312235538706127	17.9222222222222	320.421356642523	1.13616102640609	1.43410326847749	12.5	0.860911171104341	0.136140693908538	0.434753770256612	0.0471453287197232	29.4705882352941	-0.115520628683692	14.2093425605536	0.170425899463032	18.4705882352941	327.845434343924	1.02127156279935	1.38119262718298	29.4705882352941	0.953464028502246	0.104326221869922	0.375543508434217	176.589285714286	205.714285714286	11.003655721189	0.793128443030953	0.538983243463633	1.3302774185333
232	72	8.49047438256192	4.03263603627145	1.28440311352189	15.1706852632972	0.0304080037468613	13.7346683354193	0.730604715377452	26.4916643300997	0.302622218093027	22.3754693366708	530.122370949371	1.35428045582036	1.68632795256115	13.7346683354193	0.868275585065243	0.215587561391479	0.57850809731287	0.020491950231274	39.5149700598802	0.242784942590456	27.0923034171179	0.191984300333827	23.4191616766467	551.998042696992	1.34782734705982	1.76956180619912	39.5149700598802	1.06462582966529	0.0975094396736456	0.407298768038878	281.603448275862	213.383620689655	32.5859191971857	0.939119081082118	0.642022764079622	0.562383870087062
39	22	3.17271353388174	1.02651037143686	1.33763081541474	5.23694756845156	0.111572791628193	8.28070175438596	0.228260401875997	6.36495844875346	0.462289391081961	14.4736842105263	198.483656863065	0.861023749674538	1.05114795746232	8.28070175438596	0.704273266674297	0.0310834811550132	0.180677718116413	0.1280276816609	9.41176470588235	-0.168384879725084	5.02768166089966	0.279638009049774	14.3529411764706	193.853844372524	0.672484954735594	0.920392009988284	9.41176470588235	0.588287086255653	0.0647212447468433	0.244345003860496	220.358974358974	209.589743589744	9.89894720496551	0.806317450672824	1.47527207938376	1.01257945033059
264	91	9.54244205226315	4.25609720039805	0.352334495425963	17.3766600766903	0.0380625997827925	12.4116331096197	0.736935918415164	24.5905126896186	0.323474524358852	20.8568232662192	464.556684333157	1.29649947840064	1.61585635986504	12.4116331096197	0.844940078313899	0.229467083893074	0.584971102267536	0.0285705061983471	35.1363636363636	0.34036613732756	27.6332321797521	0.231657408570128	22.4659090909091	518.765185167584	1.31481880967442	1.64517399646575	35.1363636363636	1.0541424641389	0.09412266527835	0.38727252667728	458.348484848485	213.454545454545	33.1796118029251	0.896153896687507	-0.250540746917294	0.400618505276032
191	96	12.7399126907675	7.29374717792642	0.851494804903577	25.4700813387546	0.0870262671609473	9.81818181818182	0.19595588235294	7.10549943883277	0.396378904614199	14.8888888888889	209.023105691484	0.945457110652424	1.16725637325209	9.81818181818182	0.778748066802307	0.0344248743572214	0.200154529434875	0.104956268221574	11.5408163265306	-0.0868015551230302	6.30953248646397	0.466116384183611	14.5408163265306	196.243350729118	0.882630608442257	1.06079121812094	11.5408163265306	0.689654805814215	0.0884001191931293	0.305698106614476	133.314136125654	216.785340314136	58.7461520004262	0.994307247849734	0.347994377366166	0.260435849321029
897	300	22.793173976116	10.6824392805855	5.00766523552754	44.270494814392	0.0518159172817636	11.5722932078009	0.588847909751325	15.07300787502	0.354111829241384	17.9657027572293	326.542892711453	1.17811345979967	1.46177902194883	11.5722932078009	0.820528636243495	0.150901175214589	0.460715467396602	0.0450747899733624	25.7586776859504	0.195537895380814	17.0098763745646	0.294864758329668	18.1157024793389	324.331481371295	1.20267041648901	1.5404721719684	25.7586776859504	0.998211558395651	0.0449386150808955	0.261473684448279	212.453734671126	239.269788182832	95.1408305536341	0.925233822644404	0.802332478145949	0.125244827123113
660	193	19.1283765059921	9.54927066259531	0.984101381468147	37.4205833966632	0.0317976658394054	13.1048951048951	0.694687081792607	22.4614160151474	0.314323990794579	21.3994755244755	476.084560540142	1.31605471066875	1.64572203961277	13.1048951048951	0.855666560297726	0.201542219239865	0.55540285014617	0.0210177951388889	33.7895833333333	0.255201134449433	23.6836968315972	0.254123054567202	22.0520833333333	484.631115855164	1.37151487252673	1.80749612951273	33.7895833333333	1.06052636916655	0.0641462660743996	0.335990741879063	749.148484848485	218.257575757576	83.1750925769319	0.974449983617193	-0.0271717272836581	0.222658450038311
181	62	7.19283760843657	2.33282390411036	0.923730391179093	11.2428495023443	0.0362694163527001	13.1089430894309	0.744443782404996	26.647865688413	0.311637046604048	21.4991869918699	496.753635936389	1.31822774132466	1.64434440636284	13.1089430894309	0.841640136197668	0.229331522776197	0.588935494310557	0.035024154589372	36.8188405797101	0.366976763291805	30.0817449065323	0.246715604650626	21.7463768115942	496.022304514479	1.33769813148215	1.70100224904509	36.8188405797101	1.03523089660173	0.118634997763946	0.439401936264542	486.900552486188	215.817679558011	20.7996175264776	0.71770415337306	-0.330738788513454	0.591704755774977
380	137	12.7439829483299	5.80495110228104	1.39708105469471	22.9263182619894	0.0396210946779617	12.585289514867	0.710215774249448	22.7149320020278	0.3260168153623	20.4272300469484	440.657232628588	1.28610170676569	1.60376581335492	12.585289514867	0.84300404443287	0.213668203612512	0.564480531043238	0.0314602295211713	37.1278195488722	0.265045355965436	26.2585787777715	0.230168584911566	21.2932330827068	462.847927111466	1.31971482604372	1.65614328219086	37.1278195488722	1.06667901190494	0.069235366332033	0.334653238344685	525.294736842105	225.721052631579	53.0622881757946	0.928998143103774	0.536621441471748	0.254420631544381
365	130	12.0824629909463	4.76677410936282	1.78013362971574	20.081364082949	0.042622161882182	12.1307189542484	0.798711105281859	31.1326085853731	0.34109530877697	20.952614379085	493.83144900628	1.32019899994642	1.62133442022506	12.1307189542484	0.838890724261437	0.244404685784516	0.602728144085858	0.0348011363636363	30.4583333333333	0.540825123252603	34.166376119146	0.259817794416088	21.2159090909091	497.09232186706	1.34419173372505	1.70631718883331	30.4583333333333	1.01020437902605	0.142707061555806	0.480263617825099	561.27397260274	226.394520547945	44.1168191062655	0.861723459180261	-1.45572596825187	0.27140386238113
393	140	12.810592011591	4.93797319265066	1.77224923386604	24.9536314890197	0.0418232734266373	11.7937831690675	0.64531036642015	17.6254974102765	0.345689782626856	19.2251705837756	378.148549022278	1.24072334316683	1.53980612235195	11.7937831690675	0.846312711651738	0.169186041732002	0.497670310694151	0.036145903421148	29.6079136690648	0.198179255390445	19.4629257026034	0.26538232403604	19.6870503597122	384.350449096227	1.24506944781239	1.60523118342403	29.6079136690648	1.01158580577728	0.0441820992650954	0.264494157461825	649.69465648855	224.412213740458	44.799375443979	0.809261466781074	-0.557375414695436	0.251968553645059
264	76	9.31758266534756	3.32710072853139	1.68426192355791	14.7753315508544	0.0312948614262456	14.4290357529794	0.753307531648444	30.2449863779728	0.313709862679335	23.5167930660888	594.915671115704	1.32749922070493	1.64355590246407	14.4290357529794	0.802917816152154	0.264230500441167	0.627458022323276	0.0262244897959184	44.9285714285714	0.30567370431235	33.3540759637188	0.226543964253478	24.052380952381	600.369016548957	1.33936080704024	1.73129617510442	44.9285714285714	1.05353091174895	0.122215886615289	0.449192499472737	697.003787878788	222.799242424242	29.3098521530431	0.821927485450852	1.56565824248122	0.574363199825281
337	104	12.4895500264216	5.88288288133459	0.813906952069601	23.3157453877882	0.0323321483173387	13.1622317596567	0.707305616014334	23.4845990900551	0.307185898266938	21.587982832618	487.340503148551	1.32559554612122	1.65103560872818	13.1622317596567	0.857091959185523	0.204279682985952	0.559599042910001	0.020341524364848	35.7755102040816	0.272890568324858	25.6011870054144	0.185230692296854	22.3877551020408	504.882417513552	1.35793865738358	1.79206841635696	35.7755102040816	1.06612117774175	0.0701141437509851	0.349417660812003	616.011869436202	218.495548961424	47.0296068122312	0.960467457329434	-0.0214371167355378	0.391537250096065
1218	320	22.2072943994916	9.16318483463492	0.31661355091816	38.6857563470152	0.044667287680512	12.2476283142788	0.608985233383862	16.661337320161	0.336797441976946	19.0440282169788	368.511987118342	1.20827014080006	1.51543508128608	12.2476283142788	0.830299120302205	0.16626476601347	0.49018646782869	0.0315328721277599	30.1445497630332	0.14442263459067	18.6164955863525	0.265311435127284	19.4549763033175	371.139849531228	1.2665619428283	1.65417608027716	30.1445497630332	1.03687823268072	0.0273472259679943	0.211727156742226	793.673234811166	250.536945812808	71.815193001194	0.634492479794105	-1.07947096045223	0.149471087971577
44	23	3.3066953261755	0.799090012343032	1.36455259360653	4.58175060029756	0.0896079304967699	11.1044776119403	0.446560711450602	11.032245488973	0.38093151705092	16.2238805970149	261.665841844378	0.971295979959817	1.21391717049497	11.1044776119403	0.76410314429227	0.131665837325539	0.396558425103214	0.220850480109739	36	-0.125	17	0.423335530652604	16	265.803218219958	0.579130432431587	0.757518578010242	36	0.525229708848606	0.0299820889711024	0.150976327493917	504.295454545455	216.159090909091	9.19209795617043	0.667969225918348	1.18786344478897	1.04521797170473
39	19	3.05139150786574	0.389376095621168	2.43018871170847	3.77812628523012	0.0786148487125197	12.8595041322314	0.459228749834847	12.8899665323407	0.361545152347291	17.3884297520661	303.172139094761	1.00332135762361	1.26065409059692	12.8595041322314	0.763104662491511	0.141052745962659	0.417282242433554	0.131985731272295	30.551724137931	-0.0956929637526656	14.9417360285375	0.362420253529446	16.4827586206897	271.230332284141	0.797889723949634	1.005496617511	30.551724137931	0.717188382909246	0.0345324254430084	0.186320673149661	587.564102564103	215.871794871795	7.61560916316234	0.51013212527483	1.0530977744113	1.35758574504157
34	19	2.91445193899041	1.06525994929921	1.12513464875958	4.3350021646261	0.10465	9.42	0.0856321950651329	6.1511	0.402504341445518	14.34	192.861353738204	0.861240645437592	1.06895134244574	9.42	0.729021519915365	0.0328954394939742	0.187403616659699	0.196675900277008	14.8947368421053	-0.313866829566279	6.66828254847645	0.416281225259553	13.1052631578947	163.340921486979	0.632792346737152	0.822916554524929	14.8947368421053	0.632792346737152	0.113347088089747	0.306834985454175	50.2352941176471	218	9.95690485053939	0.885598541521361	1.26820412648037	1.18353629054906
195	93	9.79090329702474	4.08111478196796	0.537741924733327	17.019246686486	0.0720575297703208	10.462783171521	0.534952562924155	12.2491569003257	0.377147639226451	16.4692556634304	271.261441059681	1.0833011389331	1.34420825449061	10.462783171521	0.805858956671553	0.133051541566128	0.417562931432077	0.0489207276840418	17.3592233009709	0.156341047770877	11.2880573098313	0.24902555550549	17.3980582524272	289.563014869214	1.09560417548344	1.40273124532631	17.3592233009709	0.914067742417837	0.0435842470318807	0.24614217429084	345.179487179487	223.466666666667	35.5448489374646	0.924226800742096	-0.273474538789059	0.28332087753498
107	49	6.45114904067108	2.91149506301242	1.38790515395259	11.6989339782124	0.0685553633217993	9.88823529411765	0.507275688192428	11.0342474048443	0.405388269824256	16.5352941176471	269.456278781866	1.06895891965633	1.32472832050781	9.88823529411765	0.792271349919538	0.123061661032089	0.399325659607664	0.070557327828861	25.5479452054795	0.0517202350064966	14.4706793019328	0.287871910047104	16.3424657534247	261.605171168593	1.06927358000062	1.36104540846613	25.5479452054795	0.963930532521639	0.0635298447729856	0.292287957128046	420.859813084112	219.579439252336	23.7956187056485	0.954285398128926	0.138553072453178	0.56001734932796
87	33	4.99184845324356	1.53493089090951	2.47985455303816	7.41403132057088	0.044849537037037	12.5138888888889	0.597562933134199	16.5476345486111	0.315791787262375	19.2708333333333	376.469687844784	1.1934154165171	1.5061371864073	12.5138888888889	0.850046369402844	0.163613429547207	0.485162302073801	0.037037037037037	31.8888888888889	0.0434907834101394	17.6694101508916	0.18570883766848	20.3703703703704	404.170349621713	1.15106762789203	1.49248644177469	31.8888888888889	1.01425936843463	0.0777450606002557	0.337229267220702	221.390804597701	220.241379310345	15.8566346394083	0.889488814925178	-0.283190200209935	1.00392492511409
798	308	22.4505375444988	10.9285459633236	0.777934544487403	44.6221654526982	0.0477497832968434	12.0872836719338	0.612060671196879	16.5788325319138	0.347295735722239	18.7772761474793	358.963985858386	1.20639286283295	1.50678101634053	12.0872836719338	0.828760857590588	0.165578659322295	0.488009847951433	0.0378034607438016	25.5890151515152	0.245607999054611	17.9600255036157	0.291349238068609	19.1534090909091	362.947986638544	1.24539692384834	1.59687892006389	25.5890151515152	1.00453771817993	0.0418443479681901	0.256849053613607	385.794486215539	250.342105263158	85.8140306572603	0.862481977277863	0.622307609370937	0.105708843715831
457	192	12.7108311544722	5.05359570229162	0.540162173436	23.6995100196947	0.0587226093667857	11.1892976588629	0.493409967882396	12.0437404503305	0.371747890628867	17.2802675585284	294.437995076268	1.11077990635439	1.38660372021401	11.1892976588629	0.813024128771521	0.121847052371729	0.405781296448553	0.0450993198504572	25.9228187919463	-0.0180271354501673	13.7318898923472	0.278073676716645	17.4395973154362	291.10139596617	1.12712799933552	1.4460687835711	25.9228187919463	0.988724996372289	0.00755534820563844	0.104436893672846	323.477024070022	240.975929978118	46.5522010439965	0.817326502968904	1.38875057848668	0.155784271125275
183	65	8.34689909884258	3.44736203778189	2.15521934248033	13.9487650828766	0.0403704548589375	12.8599348534202	0.653619433658876	19.5633030589184	0.320851136041786	20.0293159609121	414.336782102654	1.24252526317977	1.55372635744726	12.8599348534202	0.846636095858121	0.190025924157015	0.527609954164744	0.030528	35.168	0.15056160322029	21.700736	0.256846782652121	20.416	413.664330717038	1.28410551155381	1.66290555870018	35.168	1.05039220026055	0.062190120572773	0.318176677448196	817.743169398907	230.677595628415	30.1699987293037	0.944975818636011	-1.53676258921288	0.544294869213664
31	16	2.69675275560878	0.401395472217166	1.83818014623159	3.29831870048969	0.0839981500751532	9.54838709677419	0.335286542176432	8.18233321771304	0.370604725291632	15.3763440860215	227.180119425062	0.95416763269157	1.19217335731343	9.54838709677419	0.802963623684479	0.0849912213937673	0.31688251183946	0.184027777777778	13	-0.386666666666667	5.6875	0.307692307692308	16.5	260.172178952037	0.549383116881119	0.775155613629105	13	0.549383116881119	0.140022671579805	0.331899316210406	233.645161290323	221.838709677419	6.68892949500091	0.430745207505233	-1.39469732931328	1.52170894158256
164	72	7.81547443762046	3.41719662467515	1.18650461856519	14.1643925189928	0.0599865336353064	11.1309297912713	0.589070766004519	14.5436090577505	0.374090217876355	17.7457305502846	318.550841122818	1.14731693081223	1.42288955664805	11.1309297912713	0.81318760639521	0.157931200301496	0.465296334917596	0.0492970521541951	21.6	0.223211664546433	14.9034013605442	0.284346242192741	17.7142857142857	308.513259496447	1.14625462865968	1.45359114808935	21.6	0.983005451595539	0.0570587072651462	0.286064291198592	834.262195121951	227.926829268293	28.0542463766715	0.919692540630437	-0.868390164902668	0.397547218509819
47	21	3.44281654760337	0.783667276944933	2.14021000516612	5.14638327089766	0.0643261504747991	11.9324324324324	0.458208095121619	12.0120069393718	0.333318206307077	17.3378378378378	297.733617703292	1.04004588990092	1.3140829650996	11.9324324324324	0.81778857908997	0.124493750606272	0.400105997316199	0.0822704081632653	38	-0.240093240093239	16.3214285714286	0.223841784591532	18	316.566961565601	0.874543881114095	1.16062602242266	38	0.800599727059589	0.108720295131118	0.353436899541889	300.212765957447	223.191489361702	9.88933644337448	0.776950867216667	0.140733969265141	1.3392730586732
238	104	11.1575017857733	5.37860090427312	0.70984726251121	22.1711879574322	0.0608663743466343	11.4382314694408	0.541844031774471	13.4829013073233	0.354102714121073	17.4668400520156	305.78044796776	1.11792344546618	1.40049539013535	11.4382314694408	0.819088087731476	0.140402981202878	0.436594180499509	0.0474108010551159	27.6258503401361	0.045705557513807	15.4744897959184	0.289123929454658	17.8571428571429	308.974484586586	1.16276129498102	1.48092036425403	27.6258503401361	0.978550897488783	0.0401974457359547	0.242779179394677	401.857142857143	229.168067226891	46.0684807959942	0.951014284324639	0.0237800023024823	0.276515921432829
114	43	5.81477277093987	1.79934249509547	2.72321510107991	9.46214455377408	0.0470270767315527	12.218085106383	0.618567787564031	17.0160635468538	0.326681832019754	18.8989361702128	365.734799411613	1.18203377925908	1.47153652984276	12.218085106383	0.836021051752306	0.17443583770847	0.49511064661156	0.0570023148148148	25.9583333333333	0.184255911156106	16.910831404321	0.312242827666129	19.5972222222222	377.998154652399	1.1496434551198	1.4182504820178	25.9583333333333	0.911213939780784	0.0895772156276759	0.352894796637407	288.543859649123	232.017543859649	16.0210346916476	0.630651562208497	0.266693633695371	0.774778934579203
140	58	6.85673622765241	2.0855018882849	2.95331289824	10.1079341577288	0.0746294659765181	10.8089887640449	0.483772396311918	11.4692084332786	0.375033001581581	16.4044943820225	266.795518971755	1.05106890095521	1.30644011287393	10.8089887640449	0.779539918580818	0.126028713577727	0.401433464731286	0.0558272895935234	29.7012987012987	-0.0411280429223865	15.263998988025	0.317659238424113	17.7532467532468	305.195974885809	1.08467519972099	1.41189615135176	29.7012987012987	0.978254708681727	0.0770231220393814	0.327020872530188	468.428571428571	233.707142857143	21.1357100284525	0.849728130978998	1.15724149841981	0.522976184901987
186	75	8.26765611448704	3.53491727631111	0.46571331190857	15.8909897600985	0.0597491104603351	10.995057660626	0.490029748866794	11.7800971097764	0.374103648700025	17.2026359143328	290.901766069135	1.11610629198555	1.38242843108601	10.995057660626	0.819299009067671	0.118824676124498	0.400303442822989	0.0791493236212279	19.4838709677419	0.192474190678994	13.0639308012487	0.372221260497525	17.0483870967742	284.738493429698	1.04942959347276	1.29811572124617	19.4838709677419	0.908131365532272	0.0453046268858804	0.241658970092605	585.301075268817	232.768817204301	29.8129559255451	0.901150374564298	-0.0869687639043375	0.41552798831481
202	65	7.85242122989882	2.82517450890191	2.22317008056074	13.1618688984281	0.0395136778115502	12.8480243161094	0.686173160199538	21.4699259060799	0.344974528228596	20.5927051671733	441.748784910074	1.2868224988811	1.59532663024736	12.8480243161094	0.850119127637377	0.20407904321211	0.551465122500844	0.0350091827364555	35.6212121212121	0.253584373789876	24.861512855831	0.296638946631383	20.8030303030303	441.067206962041	1.27760155844368	1.65090914896505	35.6212121212121	1.02945393220419	0.141403771158261	0.471314630117124	893.29702970297	236.940594059406	25.2938105145485	0.842034431334148	-1.18626137172377	0.600806358366995
41	23	3.45015302910846	1.56824520915454	0.339576072865509	5.7280855513143	0.107937292564084	9.69747899159664	-0.0341903513924649	5.68844008191512	0.391667548760974	13.9495798319328	180.867267673688	0.841910842458558	1.05187294027461	9.69747899159664	0.733656440127206	0.0157861728933744	0.128832712845821	0.151111111111111	9.46666666666667	-0.146393972012918	5.12888888888889	0.512820512820513	13.8666666666667	180.091107312002	0.712115422967279	0.872664753988069	9.46666666666667	0.508584839515158	0.132601327452217	0.341410745398315	238.634146341463	230.219512195122	13.3682548237349	0.943146178410789	0.490616364731812	0.973953109997592
234	80	9.23977832002558	3.92821481041775	0.972432516938851	15.9121219515186	0.0381085471007366	12.9697732997481	0.615456368240316	17.863851366356	0.310287699509807	19.9773299748111	405.300981161798	1.24726459862719	1.56884997059465	12.9697732997481	0.845127289429915	0.169958127467083	0.502776947263716	0.0372360911732783	33.1834319526627	0.0909551305415415	19.2518119113476	0.277528806053634	20.3905325443787	407.789510024336	1.20810062526041	1.5583972249444	33.1834319526627	1.02558859391729	0.0489261606026224	0.274193480887839	259.025641025641	239.666666666667	35.2721150194844	0.93904564389523	0.850719046604487	0.459457925587507
587	227	16.6389779686129	7.86595477154769	0.951592835964748	34.4575685608852	0.0493243989514991	12.3362289218191	0.564452756790873	15.1617575523212	0.342224446612315	18.4772611139499	343.381644619743	1.18359628163988	1.47874832021539	12.3362289218191	0.822641932666355	0.151137273894447	0.463420250334543	0.0467615646429589	28.1252955082742	0.101995364216134	16.6598832497806	0.308644616871548	18.2813238770686	326.978813319229	1.17972816706591	1.50097544374774	28.1252955082742	0.983094404688899	0.0614423372690684	0.301264390619225	426.3867120954	244.788756388416	66.9332696084265	0.896776776358815	0.0728925026310659	0.143151614636978
127	48	6.32878639113245	2.45202672041699	1.32942134446199	10.8712477562503	0.0477116621676754	12.3924349881797	0.58447283047041	15.9117024071	0.35404347834886	19.0307328605201	365.086507298188	1.2028857482643	1.49930525410711	12.3924349881797	0.817998417165233	0.163370389911053	0.483859637587132	0.0441934205311138	33.816091954023	0.106761218094128	19.9289205971727	0.253804909837333	19.4252873563218	375.523476186021	1.15991340035386	1.48644724379847	33.816091954023	1.03041541038937	0.0735089359583704	0.327473772896481	454.244094488189	235.929133858268	22.0766404526374	0.91873185241827	1.17035911806961	0.69267754688525
268	111	8.71978732884403	3.18995984283731	0.225225225225231	14.3701488110781	0.0555639682595151	12.19795221843	0.490278466296351	12.9653098916573	0.334268306884247	17.6154721274175	307.653568661399	1.12334426855103	1.41801054684864	12.19795221843	0.829530812479825	0.125944928546307	0.416571019502883	0.0508241758241758	32.2142857142857	0.0178049805345048	17.3991290303104	0.28154098446158	17.7087912087912	306.268053937205	1.18953506542177	1.50338208073386	32.2142857142857	1.02571178917289	0.025887821230401	0.196627639029393	869.055970149254	238.567164179104	27.9451790513604	0.601925900426499	-0.955077421590388	0.273337174307951
92	43	4.70158885117862	1.61857293231091	1.0547479507394	7.13464721720755	0.057945615919498	10.796992481203	0.499591263519745	11.7881734411216	0.359652206215674	17.1127819548872	289.234376687542	1.08534686987567	1.37278720404544	10.796992481203	0.822751956514285	0.13140196004246	0.419019499996596	0.101487603305785	26.4181818181818	0.0116929774117156	14.3653719008264	0.388476463642451	16.7818181818182	279.897280727322	0.880435382130671	1.13788885799122	26.4181818181818	0.78642513484441	0.0673880537050842	0.276201022354835	5.3804347826087	237.336956521739	13.670370782927	0.58271304718632	1.57023031178401	0.625260192818304
38	19	3.05298583644395	0.863573666187486	1.48211872003461	4.41133016164214	0.0836672967863894	9.23478260869565	0.308288306657152	7.67531190926276	0.379359114377017	15.2695652173913	222.850895553836	0.938325545769011	1.17382472009309	9.23478260869565	0.797051981458504	0.0783127591574024	0.302055625850898	0.115702479338843	27.4090909090909	-0.258932384341637	11.885847107438	0.25425660422791	14.9545454545455	217.834895378819	0.75241188743104	0.998709156610661	27.4090909090909	0.75241188743104	0.104496357361292	0.322906594951905	849.842105263158	233.473684210526	9.43009989511454	0.825364791906134	0.318970366487477	1.32277585414307
389	143	12.3351419182752	5.47416033915029	1.72097603736926	23.9244924489691	0.0426211075568571	12.256331542594	0.647437942523715	18.3818073764481	0.330089584519633	19.3768227168074	386.37192502667	1.23568088219642	1.54924629150294	12.256331542594	0.84217243513968	0.176253832223534	0.508698712976811	0.0298339111871489	28.8171206225681	0.21788008389328	19.4224439431331	0.247614774092643	20.1945525291829	403.05127347792	1.26894505338555	1.60947062544336	28.8171206225681	0.994909952153656	0.0597389916708244	0.307173460320608	721.66323907455	248.922879177378	44.2052182604094	0.866630258723773	0.678405577989155	0.239049252725596
379	135	11.4223252127814	4.68938105612688	1.69514759747616	20.558845248939	0.0417218017578125	12.528125	0.628984756151787	17.8835717773438	0.323794224654519	19.509375	388.765528505299	1.24029274620509	1.55469766776884	12.528125	0.844668423405897	0.172796488423491	0.504739694489825	0.029456925209821	29.8262548262548	0.170046897001441	18.9686386607236	0.218639874068933	20.1583011583012	398.713609413011	1.27271645471383	1.67511253139329	29.8262548262548	1.03473254931055	0.0550978507064087	0.300906965599575	751.377308707124	245.118733509235	37.5826025295912	0.700257386360478	0.11349167568427	0.261325347755398
139	40	6.34851537524849	1.35489022811206	4.12742353048486	9.34000133832965	0.0271327095143774	14.1652892561983	0.788535735843516	34.4933406188102	0.271724965307853	24.3305785123967	647.009156566817	1.36971869949391	1.72478712753704	14.1652892561983	0.846771733401462	0.270073011957813	0.645291405677583	0.0219478737997257	43.75	0.380742587083451	36.3245670438957	0.172625771503885	24.7314814814815	641.645352852252	1.40559275936268	1.7766384729216	43.75	1.07833910777138	0.166613604631053	0.525321947873485	350.215827338129	239.798561151079	17.3922050945761	0.797145705022155	0.0144003202893218	1.09170344712245
340	106	12.2113101783941	6.24204400899333	0.626488970410724	22.1660976415891	0.0538202031489968	11.6042402826855	0.538210316035966	13.5644213000537	0.362089468391693	17.8957597173145	318.996430893368	1.15231365696483	1.43251685199201	11.6042402826855	0.82351263262429	0.13328488182306	0.43011477002726	0.0592005397200202	21.3073593073593	0.163006510543194	13.7285095856524	0.310956000100447	17.7142857142857	305.535908287896	1.10316807420366	1.3911647978157	21.3073593073593	0.91298622139963	0.0611003538466603	0.289733277906606	67.5558823529412	246.279411764706	49.7688910701426	0.954195954822482	-0.376584986894952	0.380256853763094
110	38	5.37748193603916	1.1399329060706	2.62960452247071	7.168577554517	0.0366060984735653	14.0592991913747	0.681823622647959	23.093562237996	0.289510206624524	21.1482479784367	469.434069930271	1.27064449688834	1.60674984694637	14.0592991913747	0.837620910842417	0.220277784487113	0.572854049348932	0.033265306122449	43.5571428571429	0.168269296343274	27.1846428571429	0.209601511752005	23.7	563.977465901089	1.27688609203306	1.57299103472861	43.5571428571429	1.07191309821745	0.116110040934645	0.419829767869933	481.936363636364	242.636363636364	14.2079015905053	0.658411624412647	-0.137258961427247	0.957271999708801
65	25	4.28548677292954	0.934346359251215	2.6611275805568	6.14830057820859	0.0484936810252759	11.9811320754717	0.577192516854038	15.1685430758277	0.3338645672053	18.5188679245283	345.477546495157	1.17572788970998	1.42793437407428	11.9811320754717	0.837490008744152	0.14842120364522	0.452339805457904	0.0463842220598978	28.1081081081081	-0.0270645385149194	14.6837107377648	0.187031663099017	19.4594594594595	364.617808502983	1.07492591465523	1.41248813764293	28.1081081081081	0.940421897032161	0.0636476271311381	0.297784815630269	245.261538461538	241.984615384615	11.8771264959111	0.784418428841735	0.79735363951049	1.30690254389335
302	93	10.4736142548932	4.04003758499432	2.58048834649	17.3028929055829	0.0490437212038035	12.0693069306931	0.619803577173427	16.8724625036761	0.343084207454621	18.7306930693069	358.990794233612	1.19301217502674	1.48770626786884	12.0693069306931	0.818443458916905	0.175583082034232	0.499003534652898	0.0318718753063425	32.3663366336634	0.151921071423065	20.0821488089403	0.244239598558618	19.5247524752475	377.879637801794	1.25134613708233	1.63810547712272	32.3663366336634	1.04115031208398	0.093508702326861	0.385284380247712	296.503311258278	249.185430463576	35.5765824289502	0.887729437404887	-0.422998985065843	0.438784128284943
38	18	3.05424828408321	0.644511116792094	2.02225274702238	4.44479165310437	0.0675725034699393	11.5897435897436	0.39010025833436	10.5013514500694	0.345300106929066	16.4273504273504	263.447154902585	1.03152330789851	1.30215273982061	11.5897435897436	0.821086678695348	0.112227899722535	0.378728901079673	0.0775623268698061	9.89473684210526	-0.000560224089636703	5.94459833795014	0.288443194325547	15.8947368421053	235.12947928883	0.886544986350797	1.14004393006783	9.89473684210526	0.811210051395061	0.0567511173843761	0.253810261035724	523.263157894737	239.894736842105	8.61800130624433	0.752320302690456	0.101385926068741	1.47383359057299
47	32	4.12800087153035	2.13820333274098	0.411029576186435	7.494594406137	0.159497041420118	7.95384615384615	-0.0157017424551565	4.91544378698225	0.451952662721894	13.1230769230769	162.424180111835	0.684578174524029	0.872143017976202	7.95384615384615	0.572085299708825	0.0038310989193945	0.0578107393915137	0.315104166666667	8.83333333333333	-0.077966101694914	5.09722222222222	0.579487179487179	12.3333333333333	148.058240950788	0.479950466183855	0.617922547529846	8.83333333333333	0.41615510670813	0.0519765202847098	0.180101866021809	633.723404255319	242.957446808511	18.1413223673616	0.973496489588692	-1.13846445065945	0.576776776245001
155	49	6.48821283697185	2.27524288091621	0.910167474325614	9.80690285497059	0.0357006300006075	12.7410207939509	0.691697432417383	21.6631765895634	0.309131384932564	20.8960302457467	454.372033509494	1.288369805368	1.59536180725637	12.7410207939509	0.858179843282818	0.196854113621176	0.542347541266339	0.0253648985404058	39.3018867924528	0.160160514254198	24.3984514061944	0.198687156680537	22.1698113207547	489.525749948046	1.30755278732355	1.67981733511611	39.3018867924528	1.05921815385928	0.0769176816106115	0.354596046057856	18.5677419354839	246.225806451613	20.0622607593418	0.797387322995372	-1.56560463509426	0.811240085475082
37	19	3.10678116845897	0.76920613903435	2.04384082515237	4.82519931986798	0.0848612882653061	11.1785714285714	0.388650552823411	10.1425382653061	0.36239277415748	16.0357142857143	252.861405370582	0.953611523236867	1.1952947575828	11.1785714285714	0.795522541916837	0.109441314341818	0.359497697981462	0.133786848072562	22.4285714285714	-0.0441805225653199	11.7397959183673	0.369835243665947	15.5714285714286	238.490329785878	0.807969710410259	1.00865637418625	22.4285714285714	0.748599292419881	0.063592036396697	0.253184066710879	221.540540540541	240.675675675676	9.13996142019999	0.817386714943456	-0.503013221259399	1.28796596324457
1082	426	26.268510535399	15.3126629914021	0.703383691094013	63.9110804478844	0.0506306531823541	11.9916457811195	0.565572103387224	14.8016525580172	0.355722684886772	18.3375104427736	337.821306400227	1.17341006001897	1.46462560017305	11.9916457811195	0.821956198262399	0.150416969026935	0.46040340825703	0.0381510885059085	27.7309292649098	0.0960651861096933	16.3390094278828	0.307631074093967	18.6768377253814	338.396955953543	1.21912173768927	1.58427128944251	27.7309292649098	1.01316178624477	0.0357552793965019	0.236739071949214	502.009242144177	258.618299445471	121.498197401051	0.966910291968096	-0.0494423604967341	0.0749234775107266
114	48	5.9791180649282	2.49933490021385	0.615200960843046	10.7762921370118	0.0586014279107411	12.3118279569892	0.55343213728549	14.7849462365591	0.337613579131605	18	327.435650031874	1.12968011439539	1.40445018209756	12.3118279569892	0.807602159474578	0.160628864119745	0.466398056904889	0.0512152777777778	26.125	0.147902189197776	16.3298128858025	0.254361844362085	18.5138888888889	339.057699233979	1.08220946059601	1.36743237515489	26.125	0.935606345308476	0.0667873801398623	0.30026021634261	193.587719298246	244.5	20.8553881380875	0.876695488483241	0.464172774017342	0.62177354602298
36	21	3.07956170715653	1.12655854660791	0.878051853075508	4.7619047619048	0.142888928444286	9.62264150943396	0.071054214279579	6.17933428266287	0.430478955007257	14.4339622641509	200.190995067461	0.682733248305006	0.873006924809598	9.62264150943396	0.574564760350912	0.0347862824303071	0.174452018956102	0.28375	13.75	-0.173333333333333	6.859375	0.471153846153846	13.75	187.846547618404	0.402376705255569	0.567943202870759	13.75	0.298854889579261	0.0232614553391894	0.115228956230149	672.805555555556	241.111111111111	10.6777291400155	0.908788098130603	-0.349861982977899	1.02582617260075
513	184	16.5418830664428	9.06383877713781	1.46365264467774	35.6547590691855	0.0427117389302837	12.0741169658367	0.661495441110739	18.8344968313804	0.338694465438564	19.475390851187	391.686504468716	1.24292985139242	1.54225146341344	12.0741169658367	0.843825215938129	0.179625699497254	0.512257260375588	0.0324059462189117	31.9606741573034	0.219504036428827	21.4745928544376	0.249522150797844	20.0224719101124	400.576956726381	1.29710784246514	1.65926078582512	31.9606741573034	1.03784228018231	0.0493992191065563	0.283914338106513	668.074074074074	249.750487329435	76.5954451353311	0.978881969837624	-0.0890353163802976	0.190410802373767
37	17	3.03387002610133	0.753165959335485	1.2575034309666	4.24182502995765	0.0798788265306122	9.73214285714286	0.301721672481839	7.96867028061225	0.388493728052551	15.4821428571429	228.90626582682	0.964438921550496	1.19794638553839	9.73214285714286	0.795395333680265	0.0526764919955991	0.250509579758605	0.111328125	23	-0.194805194805195	10.625	0.257996358017879	16.5	262.744144480488	0.776001002274009	1.02058787375099	23	0.776001002274009	0.137039339287721	0.373390035856802	603.216216216216	245.621621621622	8.40327987100059	0.689449561197016	0.198788313912855	1.60884329664806
250	99	10.9426207523436	4.71814451004523	0.75757575757576	19.0914381841065	0.050381134915634	12.3768115942029	0.598828067564353	16.4258194473617	0.343025346810513	18.8381642512077	361.172166979727	1.17901079515317	1.47572480073239	12.3768115942029	0.814607738436861	0.167994574280611	0.486944107118488	0.0383588099934254	30.3461538461538	0.114017050130646	18.1256985535832	0.242153390752948	19.6282051282051	377.887510631818	1.19641546296536	1.57911846664627	30.3461538461538	1.0174741735771	0.0614036015717397	0.308535376864999	840.688	249.908	42.4700125926602	0.944458311760588	-0.00684913623293349	0.320537970981511
44	23	3.54148407507525	1.20272540131942	1.84462638570405	6.02264158988618	0.089997772332368	11.3731343283582	0.372322899505765	10.0597014925373	0.375963596472815	16	251.578790946421	0.943004306813732	1.18946588964048	11.3731343283582	0.758940128675939	0.123489537367777	0.380675362021108	0.271111111111111	4.8	-0.111111111111109	3.16	0.52	17.6	298.947186315277	0.421315931792774	0.581865262813564	4.8	0.300064180653325	0.00925549145472928	0.0734566334810047	228.090909090909	251.136363636364	11.5839228990789	0.906465011190275	1.34024631948555	1.04521797170473
50	21	3.57660877333215	0.548489019092834	2.58242797389644	4.55677213996941	0.0542996026387871	12.5341614906832	0.556190288853737	15.1210987230431	0.336089060590339	18.4596273291925	343.497177901946	1.15220278073771	1.43587941502181	12.5341614906832	0.813039546161578	0.16746587868186	0.480441318592191	0.0535077288941736	33.8965517241379	-0.0435053169097874	17.2416765755054	0.225847221518422	19.4137931034483	368.829448813955	1.03556429226869	1.30545325389847	33.8965517241379	1.00696761044693	0.0909112920006837	0.341926049587158	617.12	248.74	9.3414850147882	0.681078661617331	-0.42407934579367	1.4247585730566
1256	413	21.8788379832876	7.67005834436636	2.69964928825396	36.7743590234042	0.0374501366649183	12.4765478424015	0.749999995040662	25.9530951897997	0.335507031230461	20.8062851782364	466.910829816146	1.32360063787212	1.63506492779197	12.4765478424015	0.843912844074642	0.220434552793472	0.57712239981584	0.030609343677608	31.1796276013143	0.436153807279104	28.6490539475436	0.268317877260363	21.170865279299	471.688660101255	1.36500574449481	1.74870637194891	31.1796276013143	1.04753089599896	0.0858716870645107	0.381066083257297	32.3654458598726	283.416401273885	69.9939339508217	0.604309959406821	1.4455361693177	0.0925335875313517
39	23	3.30422197795647	1.23622080717585	1.44069926311138	5.67886673643676	0.135464758387196	9.29824561403509	0.152772908925191	6.48745767928594	0.478270459075413	14.5438596491228	201.749918524932	0.792556677337806	0.969477815140321	9.29824561403509	0.645672356219397	0.0241261779304143	0.152961855602998	0.134948096885813	10.8235294117647	-0.195718654434252	5.52595155709342	0.366515837104072	13.8823529411765	181.198872485833	0.694532967078235	0.907024728723398	10.8235294117647	0.57315142251817	0.0205682719352547	0.136650059834913	7.58974358974359	252.897435897436	11.2825743530767	0.907513174494972	1.20500034165334	0.926443202192831
56	27	4.05588128024541	1.4209021229571	1.1111111111111	6.4645280923506	0.0742857142857143	11.6571428571429	0.355709639811007	10.0464979591837	0.355349576337812	16.2971428571429	258.105261765538	1.01393596899448	1.26616330942498	11.6571428571429	0.793085157089429	0.108878406855155	0.368327232859253	0.095703125	9.40625	0.211235310977357	6.962646484375	0.418183242631772	15.15625	217.496532171091	0.906611540249822	1.11356966226881	9.40625	0.778976736502941	0.0876740840747766	0.311556289280578	183.107142857143	252.303571428571	13.4472784813478	0.901716724418223	0.586326302615865	0.965317907275876
39	19	3.16649160848747	0.852521845618372	1.60072698165745	4.77209107054714	0.0776781300755596	11.1260504201681	0.299732437309439	8.94414236282749	0.317603896150609	15.7647058823529	240.61552190227	0.933488708057077	1.21392136581272	11.1260504201681	0.845554116312778	0.112133116075506	0.366456726784268	0.1224	13.6	-0.17241379310345	6.8	0.38497933227345	14.4	196.615402490659	0.724642509584664	0.929342906636171	13.6	0.589237862926075	0.0171659085344691	0.126342210624246	369.153846153846	251.435897435897	9.76434770303178	0.850558941315217	0.306649868081565	1.35758574504157
138	56	7.38372708306051	3.55213903300779	0.385482734730755	13.6252925450713	0.0556666666666667	11.1688888888889	0.463873254393883	11.4162765432099	0.357618284347696	17.3422222222222	293.980302264689	1.1100293641781	1.37033836692059	11.1688888888889	0.831199279068199	0.106809329725941	0.378498945067675	0.0535898760330578	20.7386363636364	-0.0999133629885319	10.4273954028926	0.249481913739446	17.5795454545455	290.679872197177	1.03539461658332	1.33127999546409	20.7386363636364	0.918027954144345	0.028028092277806	0.192708225054394	575.963768115942	263.579710144928	29.1263310360755	0.961007927582566	-1.50264573804371	0.552984421167591
565	225	17.2711906529778	7.5352392276964	1.50758411922624	36.5059740756205	0.0528356762693153	11.2851018220793	0.643206153024646	16.8145970253501	0.364844909800461	18.2068595927117	342.049802221342	1.17522678954155	1.44335368836437	11.2851018220793	0.804326899930767	0.177880845078078	0.495562699293483	0.0409810983216815	26.7450980392157	0.284566735705969	19.6915393608424	0.278154195681411	18.7787114845938	356.568609648813	1.21318985144387	1.52626469497292	26.7450980392157	0.983331580438848	0.0677174921603542	0.318517802568373	588.134513274336	280.589380530973	63.8505629659044	0.841421981290569	-1.29009068957851	0.140246901671367
77	30	4.58239645576007	1.12668562608004	2.25807194059201	6.45230363685888	0.048015110871256	11.7211155378486	0.549365583838621	14.0051269027476	0.351154452752765	18.3505976095618	335.627718593909	1.16547827565057	1.45713782132823	11.7211155378486	0.836420858763357	0.144247487387671	0.45022406415457	0.0422222222222222	21.1777777777778	0.106050341341393	12.8450617283951	0.294569751298589	19.4444444444444	361.308353966418	1.13854690210538	1.41309859355718	21.1777777777778	0.904220789458525	0.113910129657195	0.39612528010024	564.662337662338	255.74025974026	13.1614432963618	0.783119844667759	0.853663121961175	1.07512281922851
77	31	4.93299177028041	1.74987262767215	1.59343084325527	7.98124753248625	0.05592	11.168	0.45829239482879	11.308144	0.352483776446129	17.368	295.0577870681	1.08938792562153	1.34093631571669	11.168	0.833830950555165	0.103961625356662	0.369795768834719	0.050557477893118	26.5490196078431	-0.05842861960087	13.5417147251057	0.235779905716665	17.5686274509804	295.361661260051	1.08397331546784	1.38945907155345	26.5490196078431	0.934868289432624	0.061613128289411	0.290759926414	195.558441558442	258.74025974026	16.3666371915963	0.916334956751969	0.791781305925735	1.006878810932
144	52	6.40600922791511	2.53810281316767	0.482305238614783	10.7005536825169	0.0434375213441705	12.4214876033058	0.588867085946296	16.1064134963459	0.330244497517225	19.4214876033058	380.076685109205	1.19863056256907	1.51852828311994	12.4214876033058	0.838198808797061	0.159262400935012	0.480708396286025	0.03759765625	32.7916666666667	0.0182378127619218	17.7004123263889	0.244509758345439	20.2708333333333	398.009063205601	1.192073400709	1.55231664039754	32.7916666666667	1.02469425711983	0.0620851887578375	0.307696253944311	347.902777777778	258.027777777778	21.4875587538335	0.868490556581314	0.318204684260859	0.669215003131554
578	225	14.9776136638063	7.09609369497648	1.78664455486593	30.1173425286438	0.0494526117296628	11.6541274817137	0.591493033495255	15.2642946599276	0.349955676324844	18.2967607105538	338.136278462097	1.18731223013514	1.47608031255706	11.6541274817137	0.83955701639388	0.150107980260672	0.461539383314184	0.0373182661494351	27.0753246753247	0.12401678783746	16.4542486085343	0.258087384318266	18.4571428571429	331.51969680428	1.22989620988469	1.57997210921485	27.0753246753247	1.00795746155964	0.0380772825800045	0.243897353943817	863.918685121107	266.676470588235	59.0580847556693	0.862815964650048	-0.0795052401193886	0.143473821532832
847	320	26.4340937285295	10.3591896326434	8.54880862496347	49.3728886020076	0.0456310140029164	12.345557122708	0.683878044624446	20.5265733884909	0.344336374360435	19.6424541607899	404.251163015626	1.24434483987399	1.54787958829192	12.345557122708	0.820755886929427	0.197873954244508	0.53681407017598	0.0291599243856333	30.8017391304348	0.284205592141508	22.5157724007561	0.267251449304467	20.3113043478261	416.14187231567	1.31444877004479	1.72099409278709	30.8017391304348	1.04426163561267	0.0572787651011578	0.310649803292312	276.940968122786	276.17945690673	105.221730992976	0.939361027592997	0.246830494662384	0.103942538187131
126	39	5.93943170911487	1.34704796425152	3.86116727878582	8.58208613906644	0.030513790142355	13.5750577367206	0.753081803790194	28.4889780200438	0.290721979438186	22.6882217090069	551.925300282657	1.34473450707101	1.6822534339328	13.5750577367206	0.842140276781439	0.244923583787669	0.612126573121704	0.0228395061728395	45.7222222222222	0.258335093957239	31.8240432098765	0.144537301590783	24.1222222222222	594.594320543266	1.38414029066998	1.77213450730356	45.7222222222222	1.07623399220376	0.116417893452965	0.443538029271759	629.134920634921	262.373015873016	16.6534606907561	0.795440585748843	-1.24380327774575	1.04100111598242
232	92	8.70697754086198	4.13780549959185	0.990025872759606	17.4337796523836	0.0522107841537423	11.2083879423329	0.554564359993492	13.5813775724918	0.350645000337391	17.8479685452163	317.720060257674	1.15656543133635	1.44095125507548	11.2083879423329	0.834285919105878	0.137529202625263	0.437821207544218	0.0398886827458256	24.2662337662338	0.093180552239994	14.3798595884635	0.253033126210995	18.0064935064935	312.512046940196	1.17619813319195	1.50834006165219	24.2662337662338	0.988391536244782	0.0482942993835749	0.268195290774932	676.745689655172	270.478448275862	32.1566386791094	0.880167136125992	-1.07448782696783	0.344446831584514
1193	469	29.4337354746402	10.8945002563496	9.2331356785773	54.1024382276581	0.0510539192378183	11.2757660167131	0.597022258316032	14.9905568600312	0.358803848989004	18.0577361357306	329.353525847532	1.18565670182201	1.46866799543938	11.2757660167131	0.826485630501374	0.147555894383744	0.456745588643623	0.0428598012917399	26.9827798277983	0.171590630317186	17.2858972962423	0.27266784297199	18.3062730627306	330.300734413908	1.2141718151737	1.56722485127086	26.9827798277983	0.991641182945025	0.0341079081286526	0.230065047122171	591.14333612741	298.501257334451	111.895821649038	0.896103826675443	-0.433529566728625	0.0681560828643736
481	184	15.8997835436371	7.06185680912034	1.19596092851438	28.9276815062173	0.047772265625	11.72625	0.617191063425147	16.3160609375	0.350826424727895	18.6525	354.001734912746	1.20361060374483	1.49435919491664	11.72625	0.835067108578791	0.166931614453389	0.488136734831517	0.0320541259982254	27.8664596273292	0.146208751275638	17.3192464603989	0.25915525401221	19.1832298136646	358.73573846143	1.25768345526415	1.62823464312808	27.8664596273292	1.00349765323838	0.0431347063439118	0.263184000640709	723.60498960499	270.592515592516	66.9229344125433	0.955778140985299	0.0896253551585569	0.178533325422577
138	64	8.44553528158988	4.13269691695635	1.03077640640442	15.2827517155779	0.0687773276748972	10.2222222222222	0.510296618174947	11.4371570644719	0.366682225211637	16.462962962963	268.527534322972	1.06812199959779	1.33386829128402	10.2222222222222	0.812756840696817	0.124549167330711	0.402937331087664	0.062200609667586	23.6144578313253	0.0966638532273113	14.070692408187	0.27427758236007	16.6987951807229	272.146170439508	1.09501811752164	1.36718493641208	23.6144578313253	0.952928128633283	0.0871757191503711	0.342293946197078	63.4275362318841	272.913043478261	35.0366415182674	0.968868076108656	1.3701453368907	0.423378697456437
53	23	3.66052273460937	0.740029224218308	2.04532756284163	5.02263308436812	0.0599340241672344	10.9461077844311	0.524878525560216	12.5192728315823	0.332294598768709	17.2694610778443	297.304172328424	1.07769808592382	1.37466196807617	10.9461077844311	0.825409385975556	0.145121229528868	0.439931333228298	0.0772160664819944	24.4473684210526	-0.0462486848539634	12.6833448753463	0.310554448562909	16.7631578947368	272.625049513853	0.941051889734834	1.19649257592979	24.4473684210526	0.853756755752621	0.042621736955648	0.225328076489099	642.11320754717	265.754716981132	9.67055835050855	0.633787112985063	1.31489068557857	1.25901255682616
54	32	4.33435365184986	1.83751581168593	1.43375871836931	7.61942675419221	0.11798828125	9.9125	0.140606479317795	6.7671484375	0.443441512779748	14.7625	207.079453354209	0.836863224462279	1.03065128417097	9.9125	0.697570090639576	0.0335631940722625	0.185931871006631	0.166015625	10.375	-0.00472857953470777	6.1630859375	0.451851229057111	13.3125	167.867201105636	0.75902010972115	0.947163857011139	10.375	0.712305877976431	0.0379086506058407	0.189572569094483	440.685185185185	264.407407407407	15.5682188369771	0.951970914057276	-0.021690181980671	0.662679700366597
2698	987	36.5949435824743	19.0877635979966	0.292266095088545	82.3525135214471	0.0469861541566368	11.9031971580817	0.631129879584083	17.1346724758573	0.349216534876341	18.8081705150977	362.108706821189	1.21631972912744	1.51523031217757	11.9031971580817	0.829880850202439	0.169751169150264	0.494997924400038	0.0328751199052988	28.6861555432984	0.207497922183115	19.0984733960071	0.269179229134633	19.288472145615	368.079455143754	1.27814963037324	1.6654573836944	28.6861555432984	1.02198631384021	0.0344933632912989	0.238284874973975	356.464418087472	300.183469236471	147.030871926838	0.856060788047407	0.0220715714217154	0.0348030659131435
65	29	4.23485813668641	1.71704966689194	0.220797387497699	6.61871378562182	0.0706819492502883	10.7352941176471	0.304837630510214	8.7214292579777	0.365968318598076	15.8725490196078	241.449462630534	0.996425878269243	1.24190317546999	10.7352941176471	0.823731622404186	0.0669070132646095	0.287012840209838	0.111111111111111	16.3333333333333	-0.121525885558583	8.28174603174603	0.352577205518382	15.6666666666667	232.87552128524	0.831510095481125	1.0465315209554	16.3333333333333	0.721361316739224	0.0263360698495201	0.165960489654582	538.892307692308	266.292307692308	14.5607576426621	0.878635854982897	-0.151107036065963	0.971241486246547
346	136	11.992324292488	5.17785528118898	0.319239608030734	21.9484456595111	0.0510538213554081	11.0131463628396	0.552397431504454	13.3023717221466	0.361126011620418	17.8036809815951	315.108115482898	1.16301468011692	1.44699925053447	11.0131463628396	0.838501803175569	0.126218508732412	0.42085211449783	0.054785558099895	23.0165975103734	0.144607273058841	14.4538188047727	0.294989742261988	17.8630705394191	310.898708630877	1.12688128014743	1.40913174154394	23.0165975103734	0.944293839232477	0.0395604297526075	0.235125192308054	647.994219653179	275.973988439306	45.3694477606242	0.898791750016653	-0.140445344314236	0.235075920878475
1182	410	24.2868695021649	10.2209637832883	0.900875375728357	44.8285826269918	0.0435087758401427	12.0966280825365	0.711080325982627	21.9342408468331	0.337934987594244	19.6935078007046	411.034252577556	1.2708609422111	1.57514016067485	12.0966280825365	0.833478085204971	0.200196157802614	0.543693510157878	0.0310166725449991	32.2970660146699	0.341816121585933	25.5349871623197	0.256005407871406	20.3557457212714	427.3690022974	1.3419055078166	1.74623703087197	32.2970660146699	1.05979034553657	0.065018536457453	0.332759108729977	759.60744500846	295.129441624365	91.2691989036755	0.858389109838648	-0.164936656686973	0.0883607975382067
242	94	9.40471464823074	3.99604633314307	2.38300246948657	16.1784588436851	0.0508949161689741	12.2963885429639	0.528878176058652	14.0501156156319	0.343596824370394	18.2889165628892	333.868665835222	1.1435209152041	1.44047044049919	12.2963885429639	0.817319864856776	0.14897017239944	0.454907125831531	0.0432757956654179	35.0118343195266	-0.00465822362587962	18.4247487833059	0.269058302767991	18.5266272189349	336.070927903993	1.16621918541521	1.49825037851354	35.0118343195266	1.01988878729928	0.0472131334593836	0.264358210383372	277.219008264463	283.144628099174	35.7665855889903	0.911456632345234	1.08105848066518	0.344167235024323
32	16	2.80320344933255	0.696993846206745	1.23743686707646	3.87701560481771	0.0960664819944598	7.89473684210526	0.249620861066645	6.26049861495845	0.418407471534407	14.5894736842105	200.740094262656	0.893020251115989	1.10215687968254	7.89473684210526	0.750802752638857	0.0395477353002821	0.208549578152565	0.145833333333333	10.6666666666667	-0.371428571428571	4.88888888888889	0.251282051282051	15.6666666666667	231.336456771565	0.618491764617038	0.869350094337022	10.6666666666667	0.568320098673041	0.110457165043255	0.310877317164587	476.96875	271.875	8.00213776113259	0.726893727901226	-0.986843512123276	1.5707963267949
182	69	7.55355124911611	2.52937932451068	1.62713030672923	12.0978385657361	0.0467447931038288	11.2524916943522	0.671467851696216	18.1254042449862	0.380509020317502	18.9933554817276	372.781975704766	1.23011111536328	1.49549636029074	11.2524916943522	0.832418888439905	0.188164133172468	0.516729814726266	0.0343196101970199	27.5546218487395	0.2964971887905	20.5838747263611	0.252698435150745	19.7394957983193	391.75857998102	1.27391422274161	1.61231857857214	27.5546218487395	1.01699969953273	0.0923957549653347	0.380263980331731	522.17032967033	277.247252747253	21.2190623923045	0.635063674419853	0.149557881252702	0.480377956692579
59	26	4.05184389735534	1.28130114691959	1.96568189833547	6.23409218133994	0.0625990267089181	10.8510638297872	0.492198671708666	11.68435943866	0.367013184359868	17.0851063829787	287.805956362755	1.08761962918199	1.32708196317001	10.8510638297872	0.804498547744745	0.119409792906493	0.39381832083365	0.0730612244897959	19.7714285714286	-0.074915675483758	10.1967346938776	0.268959552138892	17.3142857142857	284.386942999876	0.962789366984826	1.2432602221455	19.7714285714286	0.871147045953148	0.0387295265813696	0.218896606092175	398.610169491525	271.745762711864	12.8493358398583	0.880892797373978	-0.136848446186879	1.09676903291005
172	56	7.59804587947191	2.69783403998791	1.4670053141815	12.3826764481839	0.0350114909508762	13.3322033898305	0.693419634080604	22.7434070669348	0.307898682331384	21.4576271186441	480.485147236042	1.28725968624133	1.62020766525958	13.3322033898305	0.843797226124892	0.212656321949075	0.565612581437579	0.0256	36.856	0.230694215394932	24.954064	0.222217923347221	22.088	490.052154986566	1.32524731673168	1.70868555236097	36.856	1.07582892610727	0.118587303938948	0.440206019365218	126.802325581395	281.348837209302	24.4034711149175	0.882293026559078	0.988573530402746	0.689226959716128
560	205	15.7004418956737	7.57209979921096	3.21936437206831	32.5296624806727	0.044727442127385	12.0745473908413	0.579625686412845	15.361661738804	0.334578984171166	18.7870074547391	354.595697431813	1.20225275450405	1.50289189389923	12.0745473908413	0.843416208209814	0.147526760894429	0.46138854884254	0.0309141274238227	28.8789473684211	0.066861374498257	16.4740927977839	0.236574829845219	19.2684210526316	357.828418957401	1.24590748946048	1.63750485816919	28.8789473684211	1.03478404032162	0.0284454632540629	0.214831679910574	212.330357142857	283.330357142857	63.8091593314587	0.911831024829191	0.315193470249614	0.167451934420967
189	80	8.67782498501557	3.51890569345636	0.274146402493271	15.3606691341881	0.0584634850237138	11.671009771987	0.480278471604875	12.2281376990737	0.360356214837916	17.2605863192182	293.792297912762	1.11900161112795	1.38970078307124	11.671009771987	0.810472458773261	0.126110137283023	0.413034579699669	0.0486900642609985	25.0756302521008	0.0581757419833985	14.3122660829038	0.319522507198214	17.5966386554622	298.314176886547	1.16067982103354	1.46806455558634	25.0756302521008	0.956052422606483	0.0393122407741473	0.239104018516825	556.793650793651	284.793650793651	32.3632308958835	0.915447520497301	1.44973835067862	0.371100632205294
741	246	18.2871171692009	8.86593633144682	2.58609758525671	37.6031493868519	0.0395502327215451	12.707789640174	0.606946545621334	17.1654725312902	0.336817958036296	19.7287465401344	394.012321239809	1.23393048928329	1.55243860071907	12.707789640174	0.838418050080089	0.170795304520394	0.501663745940248	0.0285005595730028	30.8939393939394	0.126159880002337	18.6771120293848	0.247961596658031	20.0606060606061	392.762689581867	1.27369091047385	1.67530457757924	30.8939393939394	1.0274057234305	0.0447076924487624	0.271570301150576	830.591093117409	288.70310391363	71.8504093622969	0.915537146133496	0.0569079840639309	0.153871383191886
417	148	13.695851514729	5.76939458582378	3.24806089255175	26.2152453498134	0.0412359680522074	11.9074074074074	0.687446975872347	20.0486197352294	0.344259835888795	19.6809116809117	403.229048371105	1.270534801619	1.58101817636401	11.9074074074074	0.842833436922867	0.18874225199969	0.529827223942663	0.0295046760478967	30.3003533568905	0.30893810593126	22.9230387443968	0.236908268475813	20.3992932862191	421.61893573874	1.31455765488159	1.6935350866019	30.3003533568905	1.03662418592718	0.0797958077233217	0.362347786760654	440.498800959233	292.112709832134	50.5712901782063	0.933306391737808	-1.19845746194471	0.239233772196301
187	77	8.3762646256716	3.42100291079425	0.309788582905901	15.0023329832438	0.0524403925541069	12.8019801980198	0.557790716267693	15.4750242350968	0.338505879204773	18.8250825082508	357.635940982554	1.14634317988845	1.45374010919149	12.8019801980198	0.803269156787309	0.164755018396092	0.479300261608859	0.0432638888888889	31.625	0.0494667600362779	17.6353993055556	0.288205958493634	18.8416666666667	346.754489658208	1.18273429701346	1.49532292290575	31.625	0.968764896114893	0.109688701341406	0.399142139081677	889.048128342246	279.245989304813	30.2512026014895	0.896281786512109	0.0243095338834513	0.396341930323017
101	49	5.49924381593659	2.19762093586401	0.994989530061163	9.11996039653235	0.0863088939279415	10.1460317460317	0.374314022590177	9.10792642983119	0.383737971973266	15.5936507936508	236.655390536784	0.952280756543908	1.18728100326578	10.1460317460317	0.738614967838255	0.0899442142074632	0.325258013955872	0.0999731255038968	16.6885245901639	-0.0161343107736622	9.2117710292932	0.400113748801568	15.1475409836066	218.584731660552	0.919885796136531	1.14639919447274	16.6885245901639	0.85026760651429	0.0677647959244939	0.277960510181025	689.594059405941	283.950495049505	18.4000758480094	0.763321203038555	1.2858126534201	0.528614507309569
755	277	20.7746062202932	10.2394172247199	5.62835451432846	47.0930375619723	0.0422987712481991	12.3539613716989	0.688154887879948	20.8078483380925	0.334727944002446	19.8596767836027	412.611700480972	1.2657458248113	1.57416336392561	12.3539613716989	0.836543082077851	0.198159053737192	0.540978104596636	0.0321431114275542	31.8792452830189	0.276836274992284	23.041512993948	0.272670161792292	20.3132075471698	416.936662233016	1.32242411045392	1.70944418337465	31.8792452830189	1.03039552283893	0.0541512162370557	0.301261567769665	493.249006622517	294.695364238411	82.3630644938564	0.934700376487003	-0.0485045889926582	0.123650898797602
187	67	8.52921975694036	3.35937193814136	2.50906132408155	15.1631874749224	0.0489386260753513	12.199036918138	0.662135981633119	19.0531756194461	0.328324559097857	19.1524879614767	382.127276586256	1.20496414824249	1.50066022793547	12.199036918138	0.817890352440412	0.188317005794976	0.517687283350831	0.0433960253609676	34.7372262773723	0.204765433228134	22.8408679205072	0.236663761854947	19.1751824817518	375.020885452396	1.21983118895503	1.53649145199738	34.7372262773723	1.02124235873401	0.0779997566776805	0.342413200978764	467.72192513369	284.171122994652	28.2694967921183	0.932416500285825	-0.270230530782967	0.523482135193844
111	41	5.71937803994219	1.93381408269341	1.08776112785256	9.1485200657384	0.0429909026465028	12.3152173913043	0.627699153013426	17.5393357159735	0.324175444380048	19.5163043478261	388.866842501613	1.21262392477937	1.53901114502192	12.3152173913043	0.842926980125331	0.176268394614099	0.507273653550521	0.0277333333333333	37.68	0.0319707695820977	20.4622222222222	0.211201002792531	20.5333333333333	413.388056491891	1.21445221658638	1.6210553138046	37.68	1.02946431036693	0.108025903357179	0.411085042120166	706.648648648649	287.828828828829	17.4881292797164	0.81474150698699	1.30388090321204	0.829784139318185
41	18	3.20239100972474	0.39783422143868	2.21805164196411	3.94796400098662	0.0612643470945256	11.2868217054264	0.495509046370709	12.1863469743405	0.335305967864107	17.1937984496124	293.434960484172	1.07001495155475	1.33019838747031	11.2868217054264	0.834212126130176	0.13292590565319	0.415391115546973	0.0776627218934911	22.7307692307692	-0.0909090909090904	11.4182692307692	0.255954596026332	16.5	262.392892687154	0.897096904907513	1.14023651678996	22.7307692307692	0.817732048849009	0.0363229396906899	0.203237613772475	729.853658536585	283.243902439024	8.04682479202608	0.586975265015331	-1.0870911660691	1.59018887403928
35	19	2.87916366937796	0.630394459328699	1.16861070058811	3.82476258926821	0.0993435650887574	9.69230769230769	0.394874163010852	9.00850591715977	0.384650755872475	15.3461538461538	231.097879175053	0.897757284641488	1.12310936108056	9.69230769230769	0.751770124023062	0.104220917998726	0.34083186301833	0.117728531855956	31.1052631578947	-0.290912226245903	13.047783933518	0.262823436474422	15.4210526315789	231.857019160096	0.765980247454788	1.00363550718951	31.1052631578947	0.765980247454788	0.0865612959459455	0.294627346195159	851.657142857143	283.771428571429	7.5198849299782	0.519181214748759	1.23944804832877	1.21834618144757
62	26	4.03503687988198	0.837093721576224	2.11643330649194	5.24940120563779	0.0537738945986213	11.3366834170854	0.523142679911289	12.8868715436479	0.343093355981325	17.6381909547739	308.649848525149	1.13246328927415	1.41555536181478	11.3366834170854	0.840014411089698	0.129857266216086	0.422454435996655	0.0710204081632653	14.8571428571429	-0.00397175639894018	8.39918367346939	0.275266444207621	18.3428571428571	318.366027079729	0.917977365854552	1.23182457363241	14.8571428571429	0.849392683161994	0.133643216675743	0.402154787306134	16.741935483871	286.064516129032	10.3783319559413	0.581511533162992	-0.603846023570034	1.15253694983768
197	69	8.22903120249563	3.26770875302685	0.97619212284344	13.2395726665944	0.038827115403692	12.4084084084084	0.665960167632183	19.5732466700935	0.323328856556202	20.1591591591592	419.035371903561	1.26072553010948	1.58414444956311	12.4084084084084	0.849465821326852	0.184202521263855	0.524281080654615	0.0294533325795692	32.2481203007519	0.201639444066951	21.1964639041212	0.231930012752668	20.9398496240602	435.101420933281	1.27862673184034	1.6597887123276	32.2481203007519	1.05879933078536	0.0611917573029994	0.315387431556448	540.456852791878	294.05076142132	28.2193744836387	0.88856089821053	-1.36626301332176	0.51996954652988
67	27	4.15586054215386	0.704007808938602	2.27137008984622	5.48160660517853	0.0363875	13.4	0.618100878367979	18.5439	0.300188430964902	20.62	432.723135899678	1.23063343222172	1.56007537934851	13.4	0.862404729035095	0.184928282701605	0.521844392716105	0.0368828078524688	36.9512195121951	-0.00100721163530947	19.4570196311719	0.168344775246656	20.4146341463415	406.943896501127	1.17750760705202	1.51164925027693	36.9512195121951	1.01439528679076	0.140076818217111	0.451256448582496	5.19402985074627	289.179104477612	10.5466091507203	0.599194878801629	-0.238090441067051	1.15493392477649
43	21	3.28053354192042	0.686774905655431	2.12799075919089	4.59344894851687	0.0777319237944485	10.9774436090226	0.424999407765381	10.5455933065747	0.381818763614429	16.5864661654135	270.611217588894	0.984982647118942	1.22268215601923	10.9774436090226	0.797969946273266	0.103884669306614	0.354104262137525	0.0792	24.64	-0.115942028985507	12.04	0.319315729723764	16.4	257.729270995069	0.965970357840163	1.22792530545803	24.64	0.904015410222296	0.0509614699004121	0.249388942091363	265.651162790698	289.372093023256	9.35648251641143	0.762344145093157	-1.25452248900217	1.22529237282867
991	340	18.6441052166407	7.70778130034484	2.7465124157424	34.7478620735884	0.0534989177057708	11.1889739663093	0.664921875265122	17.6960674845043	0.363150149796398	18.3626339969372	349.989410955713	1.20471702010098	1.49120084644766	11.1889739663093	0.819057779706374	0.179020235327154	0.504109743445074	0.0461078776254746	24.6717095310136	0.347108932678548	19.8942005534181	0.314281181258843	18.5385779122542	349.62087163455	1.25518186425794	1.60234186242634	24.6717095310136	0.990216404795503	0.0572834840266344	0.300278189598808	83.4914228052472	314.653884964682	60.587692074124	0.530722325060659	1.53914604683712	0.107727277498529
98	43	5.81320749173496	2.66317534529735	0.588790181449846	10.417903838556	0.0713411418165172	12.1577287066246	0.394316564952482	11.0363721402343	0.368212509581966	17.4006309148265	296.402184083771	1.01727276609952	1.28085085974232	12.1577287066246	0.793107000860489	0.105143591121198	0.364013084349725	0.0540074691180695	23.1016949152542	-0.200603160621377	10.6208704395289	0.222449991183111	17.6440677966102	291.816116594207	1.01775341995575	1.35283843922097	23.1016949152542	0.932672607421086	0.0882839590609911	0.342722169636428	883.489795918367	289.663265306122	22.2097380578797	0.954083656653066	0.154112772442531	0.666038031480367
779	277	23.3143229712553	10.66553856938	0.245911716475475	41.3380337673334	0.0401313677349618	12.468085106383	0.675853502618142	20.2321762028714	0.329501697436616	20.0372340425532	416.845616839882	1.26531359911482	1.58117841519131	12.468085106383	0.836152111415229	0.19286937685661	0.535214003364152	0.0272674464398236	34.1648550724638	0.204222156337396	22.4663271568473	0.252149861376586	20.5778985507246	422.634743224571	1.31824409718768	1.71076960650897	34.1648550724638	1.04534495144314	0.0522459383867743	0.296129364338662	217.545571245186	306.103979460847	98.3726919682724	0.970441614363298	0.214946986397459	0.127581523395141
74	38	5.02223689640928	2.14036286102238	1.50828735588496	8.53236465098602	0.0948971224805019	11.1266375545852	0.278156608143147	8.70709940695257	0.397847258232565	15.6244541484716	235.237188568886	0.943329242809199	1.17354463419757	11.1266375545852	0.732026805127793	0.0731349671640115	0.29194513106118	0.0888671875	18.21875	-0.167788175643955	8.800537109375	0.253672952764595	16.78125	266.631045316679	0.854930686386495	1.09951755786348	18.21875	0.784284825855557	0.0652521039535741	0.267361267914634	651.581081081081	291.445945945946	18.4122664629079	0.934603381606565	-0.0374013895496475	0.643982981622285
267	92	9.51925408023471	4.09463169897657	1.47381845278106	17.4037217897813	0.0449045235765802	13.0354767184035	0.619243488426178	18.1178644647765	0.321049241192713	19.549889135255	391.523639896308	1.21719542277494	1.52447368813098	13.0354767184035	0.824234839542857	0.179784126406865	0.509932275553576	0.0318874782986111	33.9895833333333	0.0987730864449713	19.8573947482639	0.244805821495139	19.6979166666667	381.125701066184	1.26735223129298	1.63034773709129	33.9895833333333	1.0509012896153	0.0341182565089468	0.234560367677793	667.397003745318	301.752808988764	32.986924054381	0.821252963778896	-0.4515933232182	0.396410793245971
202	69	8.70167329989713	3.93763817068657	0.545551600716462	14.8458437222142	0.0397951505823289	12.5827232796486	0.581191773246999	16.0220583979472	0.327724584060817	19.303074670571	374.554966293155	1.2185659412465	1.52445644716786	12.5827232796486	0.850808261649646	0.150558596007618	0.468828090363663	0.0360747373324362	29.7985611510791	0.0699021660463201	17.019046633197	0.277002680012062	19.8992805755396	383.626008900188	1.20841693796307	1.56559749038675	29.7985611510791	1.01966517011029	0.038552810314147	0.244313194871383	117.222772277228	302.821782178218	33.6040078006197	0.934439993550491	1.3805954958098	0.533166743142313
396	145	11.6868562418746	4.04324218332039	1.95657980119148	21.3406023337371	0.0479078504669693	11.5071806500378	0.599656387510735	15.3716301335349	0.353649122388618	18.5396825396825	346.830294451151	1.19462691662243	1.49417936599748	11.5071806500378	0.832738282735588	0.152407765459639	0.467414248162887	0.0360932944606413	24.3632653061225	0.168210199116398	15.6450853810912	0.253930865594151	19.4081632653061	365.468625863295	1.20784597013094	1.57888369825899	24.3632653061225	1.01341470001247	0.046088920664788	0.267916198302707	411.285353535354	305.239898989899	34.7264253905941	0.578377269611034	-0.854094298200475	0.236684079109928
329	132	11.0682392153349	4.02465899540947	0.640185134494656	19.3249913726212	0.0551913220716329	10.7896200185357	0.503394875483018	11.8633796610839	0.368346342727851	17.2734012974977	293.497468722172	1.12305857369234	1.39589936238822	10.7896200185357	0.833038940808182	0.116106597266087	0.397583866847368	0.0410342961684146	22.2233502538071	0.0488045897401388	12.6818006132598	0.286721287324321	17.7664974619289	300.14126481853	1.16416592026595	1.49545129073098	22.2233502538071	0.977282144660027	0.032099986133045	0.218210978028319	141.717325227964	306.61094224924	31.9196574525443	0.392156403412227	-1.30262643997319	0.237278233019064
498	147	13.1959842628354	6.54757003119747	2.91058696790794	25.2612624475368	0.0282939803661919	13.4472013848817	0.833052345363874	41.2737055941004	0.305526924809365	24.0784766301212	660.429001822151	1.43379997465464	1.76959598649422	13.4472013848817	0.85752238499241	0.272995308339262	0.654583840113171	0.0228232286340395	40.1162162162162	0.54950732708564	45.5248265157049	0.227277996886689	25.3648648648649	710.375526331819	1.44014048849607	1.82216312410222	40.1162162162162	1.08190771676441	0.124552571435032	0.46364378448536	166.935742971888	318.698795180723	56.0857808614684	0.947892857240454	1.55990124990629	0.289603987502932
194	63	7.63442124699616	2.29776721372899	3.72349962850772	11.9173478443078	0.0529569547876521	11.6889580093313	0.523233073390406	13.2585663528029	0.343183085128013	17.7076205287714	311.607000051198	1.14677234248219	1.43414463460422	11.6889580093313	0.834978667940202	0.13465249211535	0.432460303135093	0.0543275481937928	20.7067669172932	0.169323088646178	13.4637910565888	0.351942744796879	17.6842105263158	303.448719720225	1.12219608328493	1.43161641994943	20.7067669172932	0.951905790833106	0.0811695636933864	0.337745051769374	637.634020618557	302.757731958763	21.4912131748652	0.655156304749702	-0.449151611767593	0.61422925149551
320	131	11.352300307512	3.46168596013187	6.28739381767905	20.26590470563	0.0523789558906447	12.2091254752852	0.622574457944888	17.1742173155604	0.346226023005267	18.4391634980989	349.752808333549	1.19778697107548	1.48420255810531	12.2091254752852	0.830222386495567	0.169741042467051	0.490562451550909	0.0541532011529391	27.5841121495327	0.285673369853333	20.3077725128832	0.320517524675793	18.2943925233645	342.531289552929	1.18052938113593	1.49089626199906	27.5841121495327	0.965734220572992	0.0794811062770017	0.34072257954325	697.403125	306.153125	39.608212555012	0.804789301548481	-0.178859938062022	0.234324258294676
147	45	6.49099231764779	1.53135346135223	3.52605819857712	9.50261822270158	0.0305757784061617	13.4822134387352	0.74123770273923	27.0513482479026	0.314457364022581	22.5335968379447	540.267147259353	1.33114491118681	1.67035392071787	13.4822134387352	0.846230976773093	0.24250829254252	0.607723480987387	0.0226949092203631	35.5943396226415	0.32862683743452	27.5086107155571	0.202454596559749	23.3679245283019	554.395478836984	1.36893874264811	1.77658437552684	35.5943396226415	1.06616784799755	0.115901894064541	0.443100163644804	263.537414965986	305.578231292517	17.7182246451149	0.743444293684473	1.03433386323474	0.912225422375703
52	23	3.69000873978316	0.949628302243676	2.29448257425369	5.46962742758568	0.0634109161213563	11.4024390243902	0.577602521052384	14.4972858417609	0.362077003612155	17.6707317073171	317.90286230068	1.0780779726661	1.34345212164087	11.4024390243902	0.786983373233623	0.192491124990403	0.498843139676623	0.0808080808080808	38.0606060606061	-0.0699019101703677	18.7869605142332	0.283608562707388	17.9393939393939	320.981335787764	0.971951592610001	1.20912674070889	38.0606060606061	0.915926175363761	0.0380187606721431	0.213960961228063	793.596153846154	301.576923076923	10.5264050370033	0.761858880286616	0.828924744637794	1.23525760292378
76	39	5.20158725356271	2.23930702690223	0.560008453021572	8.89717726661719	0.0707017666690005	10.8695652173913	0.786920510713679	26.5058927862961	0.369600558654267	19.1980676328502	415.482805332114	1.18893663204066	1.45333827071511	10.8695652173913	0.786575125101103	0.267155868866196	0.600980023045711	0.0573921028466483	36.3333333333333	0.290793235407461	26.6154729109275	0.301586632633979	20.1515151515151	428.427002000448	1.11737625084325	1.36367352002288	36.3333333333333	0.928047654031658	0.176698879281581	0.48193933772751	4.75	306.184210526316	18.5393629457025	0.909187887561562	0.97165102450436	0.627905435037013
769	314	16.419575374923	7.34065193154486	0.269969037611751	33.373531855412	0.0531024543423581	11.7249011857708	0.56593462402825	14.5059161992845	0.34732137234439	17.9928853754941	325.495022805566	1.16444934613593	1.45371401127982	11.7249011857708	0.826532462609861	0.142097175291338	0.446518714465017	0.0453856231985326	25.7046728971963	0.133682608395647	15.8355978688095	0.286374240315512	17.8280373831776	310.064322001035	1.20195536055442	1.53855256256733	25.7046728971963	0.995531141716421	0.0266635396066162	0.201804530586156	828.431729518856	323.747724317295	63.237413579241	0.865769806121229	0.577579831042587	0.0980114710783622
130	46	6.43585847724545	2.47851824544504	1.85382657437631	10.3168150593031	0.0438208481965914	12.1333333333333	0.575945397241936	15.3063337296869	0.329128604341586	18.8827586206897	357.848641770346	1.19783170014707	1.49567851161728	12.1333333333333	0.848514282290417	0.150451881408867	0.464746453404377	0.0414570949550373	27.0493827160494	0.0663769770396426	15.4862444749276	0.244792422190796	20.2345679012346	395.422838687628	1.14197133858843	1.43564115089059	27.0493827160494	0.973072752223523	0.0644634114923571	0.301990921957218	885.792307692308	305.376923076923	22.0473841933479	0.894629097753829	-0.199432974765877	0.772036001827359
111	38	5.69766022599606	1.7607895559833	1.82510956677889	8.47065980678759	0.0377327127659574	13.2606382978723	0.650514887366055	19.9716783612494	0.312130144489343	20.7340425531915	442.003240527996	1.25643578590946	1.57903516637946	13.2606382978723	0.836109365831112	0.196898214221667	0.540074785892495	0.025391787343781	39.7746478873239	0.0586489887134025	22.126363816703	0.173411622292442	22.3380281690141	488.344829697314	1.27588149974446	1.66341663829038	39.7746478873239	1.04896900087992	0.0729974320630706	0.344103321809174	851.81981981982	311.756756756757	17.6584032958859	0.869548762454174	-1.09828059035026	0.965974472433427
212	99	7.52525197346362	3.23133004618828	0.0994834121393314	14.2524071324988	0.0695363511659809	11.4103703703704	0.480765496985377	11.987685048011	0.384798742634037	16.9807407407407	285.531780771023	1.07503701693935	1.33709694579532	11.4103703703704	0.788504333435721	0.123180109998351	0.401215715593636	0.0511959150765923	22.7704918032787	-0.0199158586569857	12.1629266326256	0.280037792633979	17.5901639344262	294.746348141386	1.0715340452931	1.3888350985756	22.7704918032787	0.934001479455824	0.0576602685519671	0.281335695282676	526.084905660377	318.047169811321	24.7780425452418	0.671463907730915	1.38638097663037	0.271816199392322
277	117	10.0054881965481	5.21865412559835	0.152893536923126	20.1769384823145	0.0554425925925925	11.2666666666667	0.6253066708469	16.0345172839506	0.358748228771758	17.8244444444444	326.074107638454	1.175038894416	1.45570729550854	11.2666666666667	0.830911160849771	0.158726282124161	0.471126323345779	0.0428535997732426	23.6309523809524	0.271190293027484	17.2120181405896	0.282516221978868	18.2380952380952	332.063447152244	1.18387795993092	1.50683936524078	23.6309523809524	0.986465697550919	0.0683638447253058	0.318069190122344	866.509025270758	320.350180505415	44.0794271170803	0.949022736602167	-1.55166781735358	0.254283341381948
72	31	4.54824099137573	1.12408002984924	2.10642938287931	6.73830740472275	0.0558951397146254	12.1724137931034	0.598279236546112	16.1503418549346	0.346336865809482	18.3965517241379	345.722231558287	1.15435702822837	1.43489564999297	12.1724137931034	0.828424282912758	0.168890576125256	0.482242681177339	0.0516528925619835	24.5909090909091	0.0985723482409958	14.639979338843	0.258865221220577	18.5909090909091	336.3779027551	1.08636983702878	1.39591838291605	24.5909090909091	0.943403871348671	0.102980842800005	0.375007636546011	752.847222222222	311.027777777778	12.1486240418693	0.679927344005947	-0.881456708060405	0.941497069962394
56	26	3.97487160853992	1.5406078731138	1.27852077989184	6.45248908442439	0.0715748447615273	10.3333333333333	0.293072904427048	8.30862729554763	0.385878107784802	15.7701149425287	237.315299030041	0.991274555638313	1.23803096310325	10.3333333333333	0.825869853723948	0.0602513052027831	0.272078592286192	0.104591836734694	12.2142857142857	-0.142448103078024	6.34566326530612	0.419222033927916	15.7857142857143	231.708012082499	0.867951560172629	1.06147084309947	12.2142857142857	0.708247052214309	0.131338253141306	0.372306319275403	797.232142857143	313	13.9522846133598	0.920001828032304	-1.14743485220792	1.04100111598242
195	63	7.3439656111853	3.16739758301962	1.00890467187751	13.2114230180078	0.0466213017751479	12.0030769230769	0.613734781662239	16.5373514792899	0.358197096922889	18.9630769230769	365.652373449889	1.20058710729361	1.49329820656432	12.0030769230769	0.83646077942843	0.175534651276336	0.499747156663581	0.0370349743818222	28.6641791044776	0.172248199775652	18.3144770550234	0.288912395565547	19.2014925373134	363.476358772867	1.23255740867403	1.59556974778143	28.6641791044776	1.01209334642984	0.0790682820066211	0.350843002611564	501.020512820513	316.112820512821	24.7271140107652	0.797060674012961	0.283293907650701	0.617395381657858
47	28	3.911641500036	1.83852746081632	0.679510628230032	6.9716993507132	0.12254249027652	8.58394160583942	0.297294939679163	7.10778411209974	0.439607158765596	14.1897810218978	193.535962037967	0.859786003316319	1.07340585530533	8.58394160583942	0.736452521897045	0.0755971551902074	0.284386903572319	0.134765625	5.625	0.192825112107623	4.484375	0.408653846153846	14.25	192.131695039432	0.692006231029918	0.898964353048905	5.625	0.548835603590907	0.0685977469190549	0.248718724983581	474.595744680851	311.404255319149	15.3235465017005	0.956365814801683	-0.235820702771595	0.753341095503675
98	39	5.48678711556001	2.36656377153687	1.1819928791401	8.78443725776264	0.0504896109315709	12.3676012461059	0.529590641202541	14.1455731213789	0.322571455457657	18.1682242990654	329.595467925606	1.15702867129734	1.45164750899378	12.3676012461059	0.836516194858421	0.137084728921141	0.438591763050361	0.0528007346189164	26.4848484848485	0.0386801099908337	14.7752525252525	0.268762064358691	17.6666666666667	302.551251762135	1.11568209939777	1.4331758837946	26.4848484848485	0.985175662050005	0.0748359719897099	0.324713892036895	454.734693877551	313	20.284770942325	0.932056611303605	0.115670760580622	0.809667534652991
103	46	5.88804482812608	2.35167195718859	1.20529706744603	9.87181548757846	0.0582388405908233	12.250773993808	0.449331359772754	12.1235442686118	0.356576238342765	17.6377708978328	306.087796485202	1.08952647721336	1.37825088861915	12.250773993808	0.811138157484724	0.124074814154872	0.408243309754671	0.0893055555555556	32.6	-0.136768694304535	15.3388888888889	0.37602882576532	17.6666666666667	306.517799090801	0.880891631380231	1.14566977629774	32.6	0.73035601998767	0.128779825284389	0.381952927352377	893.650485436893	317.970873786408	20.1412435116928	0.909597032375744	0.606545577699216	0.611690062986292
85	38	5.29709129621202	1.8053762367943	1.48585202247296	9.04360014602084	0.0617764060356653	10.837037037037	0.590253465901134	14.2240740740741	0.388277453924512	17.6666666666667	315.851739312694	1.11999086596777	1.39382920905714	10.837037037037	0.80271689486974	0.169074933123425	0.476402400786944	0.0536332179930795	27.8823529411765	0.0786411220652512	16.1311034217609	0.275733996601246	18.5098039215686	335.014273891193	1.12095079247108	1.40126416942263	27.8823529411765	0.977632920487698	0.0836787257876486	0.339388433101174	59.6352941176471	318.341176470588	16.385435181353	0.865252530336926	1.12177754870887	0.739710181593165
107	38	5.57740513850115	1.48651486244047	1.73165093435391	8.71469927074375	0.0397649255780744	12.96918767507	0.729401734084176	24.9639149777558	0.331581271373659	21.4117647058824	488.339271682992	1.27590615832996	1.58135351574114	12.96918767507	0.821727617043381	0.23974259306483	0.591591364282214	0.0415512465373961	41.2894736842105	0.231254230732038	27.8550900277008	0.237382358949494	22.0263157894737	497.036636853347	1.26804634265432	1.56608628856168	41.2894736842105	0.988043418789159	0.110365843598814	0.408876215367955	47.8878504672897	321.635514018692	14.38598024871	0.620340926113469	-1.37958840613803	0.931164581534925
91	29	4.97611771668202	0.63336701657886	3.70123866530526	6.0265958312071	0.0327783558792924	13.6258064516129	0.716031889160834	24.9917898022893	0.313230295833711	21.9161290322581	506.817317079617	1.31331455651052	1.62850290016858	13.6258064516129	0.852311857692724	0.233204398283952	0.591123359734774	0.0210718002081165	39.9354838709677	0.178887010847471	25.3178980228928	0.190215839888768	23.2258064516129	536.529651921171	1.3353166512323	1.73711831939278	39.9354838709677	1.06897913430662	0.0991946010988641	0.407208918047264	651.065934065934	318.758241758242	12.1528828183817	0.595335694189219	1.14264992215608	1.35973808074517
213	63	8.28733967606561	2.93118712886319	1.91432783127746	13.5194586488037	0.0466067257921979	11.8960674157303	0.590635272063571	15.5299125741699	0.320511554057489	18.5337078651685	346.989698675747	1.19109803288559	1.49537679377868	11.8960674157303	0.84561797575535	0.149866451906375	0.463840519275194	0.0367106401384083	25.8161764705882	0.13923662718539	15.99609375	0.215241442011159	19.125	354.875905972733	1.21668608038932	1.55093249378474	25.8161764705882	0.983492446060553	0.0671104921041039	0.3195324363216	271.50234741784	324.192488262911	26.53422335807	0.86489896594035	-0.491831247663257	0.674385724580122
310	135	12.5083413301155	5.27150355278709	1.00961087996503	21.2501167591402	0.0552063599600203	11.5276073619632	0.694269289823965	19.8525505915415	0.360366297508124	18.558282208589	365.303798463809	1.19679599744891	1.47865459164809	11.5276073619632	0.817943052737536	0.19819725077621	0.526963966399145	0.0453415547520661	26.5511363636364	0.367261785927089	21.9811386234504	0.284699978703909	19.4602272727273	390.025756918727	1.22146802796061	1.54734759035039	26.5511363636364	0.982631810359008	0.138942662684774	0.454197155022711	19.2451612903226	323.670967741935	50.8111242273694	0.951777766339917	0.064530402216776	0.213748965182515
43	23	3.57107282067673	1.28676201753246	1.62331780022563	5.83322081086902	0.0948560783606754	9.58139534883721	0.160582481336801	6.7071690403221	0.389947413476825	14.8217054263566	207.30647343485	0.891192419923586	1.1082140447046	9.58139534883721	0.787591214532708	0.0359123277212738	0.199288824062471	0.103550295857988	14.5384615384615	-0.173072332298878	7.19674556213018	0.267462206376234	14.5384615384615	199.489087273759	0.781987914610839	1.03670560324959	14.5384615384615	0.781987914610839	0.110294181904062	0.337609947053422	182.186046511628	317.651162790698	12.2568429642752	0.930013795329281	0.432060177786947	1.02146301780235
722	187	20.6102829321224	8.92716741433288	0.384171658944647	38.9671189327234	0.0479295898251713	12.1222130470685	0.603199159180805	16.2749336695485	0.338497509731784	18.7316267547481	356.477325493149	1.1959544305393	1.49906103953856	12.1222130470685	0.825222553059817	0.164515503322756	0.485433129505739	0.0363612997538163	27.0661322645291	0.172043586701283	17.345143192196	0.297814945953601	18.7895791583166	346.05472990635	1.2470511363326	1.60302788936169	27.0661322645291	0.997631000312925	0.0403727091323814	0.252819588383203	672.674515235457	331.799168975069	72.3783914987783	0.895239142216103	0.265214810187833	0.259456077770806
204	69	7.71968919191141	2.45175522314444	2.21416835016711	11.9195828167918	0.046796313069423	12.2452554744526	0.740806909000885	24.6218786296553	0.349281211587781	20.0087591240876	435.451689957121	1.21489228107329	1.47444780570479	12.2452554744526	0.77468883773868	0.236491866486617	0.571512967086424	0.0589026063100137	28.1555555555556	0.445729540730051	26.3987517146776	0.369639725776209	21.3407407407407	482.896136552975	1.10570465849418	1.31308087772937	28.1555555555556	0.842131736632664	0.143693644252699	0.428900816235703	711.799019607843	323.220588235294	23.3388385198392	0.780807110010174	-0.0439758048560985	0.538445621787286
709	248	19.0365110316911	8.93373885828108	2.67326241620419	38.8886069601461	0.0407148486131611	12.4423157017909	0.64306863343688	18.4295633101646	0.33119017253471	19.5443565181174	392.287029891751	1.24104828291352	1.55184877531251	12.4423157017909	0.842339271003993	0.17503398228145	0.50740489354789	0.0275898109590852	31.4735772357724	0.194053662158351	20.5258516342785	0.237032839501759	20.1971544715447	403.837111533371	1.29722637030505	1.68582888295747	31.4735772357724	1.03803991885904	0.0560782994199634	0.30444222149162	767.342736248237	331.110014104372	76.2595951440315	0.931860539797722	-0.111948137499569	0.144861419835794
464	166	17.2616643487116	8.15641275558277	1.6992330461932	32.5503601694688	0.0397386487825237	12.345932094811	0.758579100771835	26.5693109715885	0.338699674568838	20.9045483664318	473.668216970285	1.3153445750894	1.62566510244121	12.345932094811	0.839890988048647	0.228258765908717	0.584992310857587	0.0316373357095121	35.7313432835821	0.393635543501371	30.4635865448875	0.253357725640854	21.5402985074627	488.977085073795	1.36967426878759	1.7242714297598	35.7313432835821	1.0494886900187	0.0921095747212621	0.391622694507555	222.094827586207	326.644396551724	67.7906518286243	0.979030976312782	0.252550192994175	0.211598053602216
47	21	3.43489828217448	0.636832335680173	2.28571428571428	4.72941295921338	0.0626141344046749	11.0135135135135	0.503488587482249	12.0908966398831	0.329970583277419	17.1216216216216	290.974167795123	1.07094890210284	1.35764357084065	11.0135135135135	0.821650867024385	0.134483763364776	0.421635634502398	0.0592	29.92	-0.152045342533267	13.9856	0.204687820554791	18.24	320.10054943638	0.975060109100286	1.27313865619783	29.92	0.90281291014093	0.116043056175723	0.380996413938391	479.042553191489	319.659574468085	9.14297699658211	0.665168949635441	-0.77913135487588	1.3392730586732
2757	951	42.19012290576	22.2857715555297	2.6011316631264	92.9864951667997	0.0484700388264722	11.8466230936819	0.640137218272843	17.4599170784266	0.347034945512454	18.7368191721133	360.952979086456	1.21654708899679	1.51682048138466	11.8466230936819	0.829598324285213	0.170373226612104	0.496080427970096	0.0348403637851219	28.2279293739968	0.225223438126899	19.216819379353	0.287629939070538	19.1225254146602	363.228485058571	1.27345997931724	1.66031689339138	28.2279293739968	1.0267669780755	0.0404013785129954	0.257237482875211	397.360899528473	376.587232499093	173.984445730396	0.932654706429341	-0.373667199108962	0.0383076575366328
301	125	9.89212298249613	4.01180444428338	1.443373825452	17.5584546017011	0.0657599107237751	10.9649484536082	0.473785683595288	11.4187097459879	0.360684343437527	16.5443298969072	269.778527639645	1.08248533976263	1.34910828171832	10.9649484536082	0.807347909855411	0.115860852033318	0.391007141935143	0.0611456105542529	22.8274111675127	0.0918434345375838	13.5679932489886	0.312083795670691	16.4416243654822	262.094544857955	1.12333519764391	1.42271318183279	22.8274111675127	0.956944012690095	0.0354771289383315	0.22380210545442	622.431893687708	334.395348837209	34.9171636822639	0.825313008892605	-1.50361609835097	0.242078563515015
463	158	13.6299482478879	5.6787802713025	0.540759730716287	24.2724778417869	0.040389527458493	11.9578544061303	0.619937553714351	16.7314337722582	0.334989778356919	19.3716475095785	380.046166593498	1.23113246974036	1.53899968647913	11.9578544061303	0.850131487660666	0.160841442303038	0.485794627842856	0.0263550245446062	29.3789808917197	0.126341805705042	17.8137728711104	0.235433283052735	20.1114649681529	392.492390663351	1.2802069095252	1.68080916071882	29.3789808917197	1.04852946136205	0.0346004585133768	0.239715401395632	430.509719222462	340.183585313175	50.1610105041016	0.858410761536594	-1.40116710220435	0.233064797085735
422	145	12.067989813808	5.28801912152075	1.06047798435012	23.0530226854225	0.0529987895423099	11.2766570605187	0.570987379807215	14.1425703228164	0.358513564616294	17.6685878962536	313.711414945506	1.16350411231723	1.4461573590107	11.2766570605187	0.827451523275037	0.142953996895694	0.44677020993702	0.0497539540953772	23.9204152249135	0.160603963047965	15.2485871816669	0.32315834905237	17.6159169550173	303.963699193255	1.1571877910903	1.45483044400334	23.9204152249135	0.966605215286148	0.0419921170503323	0.245956281511244	597.843601895735	335.779620853081	41.6970001146032	0.750795047536177	-1.21727904772127	0.252223942889873
67	30	4.47825966761166	1.66488949065978	0.799999999999955	7.04556598152341	0.0676063545745817	10.8490566037736	0.406610524266175	10.1415984336063	0.389454360020398	16.4339622641509	262.609513028534	1.04266030824471	1.29843336245748	10.8490566037736	0.815903811774003	0.10163875501669	0.360283360581312	0.0859375	13.7	-0.020104244229337	7.715	0.366038889568301	16.2	248.420589202494	0.861793155570824	1.09509140221041	13.7	0.743078684183747	0.0828053671728937	0.300432321627703	875.10447761194	325.820895522388	14.7248971655229	0.894066409979095	1.55942296479821	0.935496479068961
182	58	7.67271020528198	2.96980938925322	0.556552151433401	11.7340982031894	0.0486827311186068	11.6715927750411	0.553733741196887	14.0769384249935	0.349198940598535	18.2824302134647	333.582006577342	1.1667693833241	1.4400477195691	11.6715927750411	0.842927430868386	0.134955503732455	0.433730213650102	0.037506103515625	31.59375	0.00868685940157191	16.935302734375	0.24050123024789	18.90625	345.904058293359	1.1930741877449	1.55988542474118	31.59375	1.03966253124827	0.0347274104556495	0.231594477172169	120.357142857143	326.912087912088	26.4105545488314	0.871931843487862	-0.331908653945336	0.679869040372583
126	49	6.08022187957153	2.08375196741205	1.87766193106308	10.1556811305457	0.0517278961259308	10.6359223300971	0.708120573429975	19.2197191064191	0.357759272693596	18.9320388349515	376.588770136952	1.20223860930388	1.4863965586579	10.6359223300971	0.819649305803211	0.197194540046206	0.526873413448721	0.037890625	28.675	0.27160150823576	20.68359375	0.223495028911815	19.875	398.882922919422	1.19818153647625	1.55603043760266	28.675	0.98212651498701	0.080605283159522	0.350016499648433	556.650793650794	329.785714285714	18.5295893822808	0.810878726533484	0.452045222681581	0.659459682386196
106	43	5.3953342483786	2.06129584229501	0.446729597960445	9.06896239718751	0.0542426344299115	12.3103448275862	0.570135248210713	15.318858171489	0.34270742579059	18.5574712643678	348.044382128585	1.14829855943392	1.43481780298577	12.3103448275862	0.821837883491266	0.172360640821111	0.486929695811861	0.0368728373702422	31.6764705882353	-0.0174634268328265	16.566392733564	0.233081321343856	19.3823529411765	362.205171647566	1.17202424283758	1.51479762328544	31.6764705882353	1.01313487946504	0.0580067292913808	0.294141675920994	732.877358490566	328.716981132075	16.9752619907193	0.777217579395025	-1.13042628622178	0.720408483029785
146	54	6.41677273357751	2.40959876983068	0.69413573385152	10.1178413362682	0.0448447158022037	13.0327868852459	0.544933639088132	15.3196553345875	0.315203539716558	18.9918032786885	361.86524224287	1.16992324907981	1.4904475070456	13.0327868852459	0.840156410161087	0.159718922112026	0.477447091998816	0.0416666666666667	25.6875	0.0134684624616599	14.0190972222222	0.280254411932182	19.4166666666667	358.58666560749	1.19037311261127	1.50609613856306	25.6875	0.976045885208352	0.0356814129588211	0.23075057811045	146.650684931507	330.150684931507	21.2889644460249	0.812087953289655	0.442673085059114	0.629180421706598
77	28	4.58953219452805	0.85190084617697	2.66520474382938	6.45006328081597	0.0414692122515102	13.5953307392996	0.663237377749075	21.1853321019243	0.317492292369838	20.7626459143969	448.265382226504	1.24036672988295	1.55557189031665	13.5953307392996	0.83214501838505	0.206726760151397	0.54898166961258	0.0486028537455411	39.6724137931035	0.181869174347359	25.2457639714625	0.248437922696225	20.7068965517241	437.121670099119	1.21815549422192	1.51093264633383	39.6724137931035	1.00014319435435	0.113697389590589	0.408066741383968	288.220779220779	328.584415584416	11.8910505436451	0.693214328822576	-0.398456283858823	1.23419711391028
34	21	3.0084390636148	1.0483101947716	1.08796758655199	4.85924324334143	0.138067471886714	8.91836734693878	0.142982930099457	6.20314452311537	0.45108380150397	14.0612244897959	188.116484320189	0.786350721105438	0.97679826938265	8.91836734693878	0.675510699432969	0.0343629474881427	0.183237127513513	0.131944444444444	9.83333333333333	-0.107981220657278	5.4375	0.267948717948718	14.5	200.018097440873	0.639933954911806	0.89079228463179	9.83333333333333	0.589762288967809	0.124068758070299	0.33339452866018	574.647058823529	327.117647058824	10.0767759366728	0.883050128424341	0.436014712112937	0.968835829678485
600	223	16.0914917174341	6.14967840718976	0.756772129496979	25.8844199728239	0.0454798340337965	11.9362232187344	0.591084176320801	15.5949637156847	0.340255053259538	18.6885899352267	352.491447098061	1.19436759029074	1.49618627793745	11.9362232187344	0.845604480604512	0.151146996104483	0.465840281731184	0.0345690681229433	29.3212560386473	0.11567500320038	17.5783259235921	0.266677492770293	19.0265700483092	352.77629306732	1.25625082181247	1.6108853867595	29.3212560386473	1.0239088568437	0.0239594008550224	0.195731114944479	311.165	346.885	59.2297724949048	0.845603769423631	-1.28365480292164	0.151618218114491
2591	887	28.6322317502725	11.5066413044473	1.57844741227861	58.786765772089	0.0465649559532898	11.9753029428736	0.693369933156661	20.5272809776215	0.345883655343076	19.3493364108482	393.882779213769	1.24549819222298	1.54555981563153	11.9753029428736	0.825858797596492	0.194721529992352	0.532472957979499	0.0359649979256462	28.141652613828	0.346110675220081	22.5186664985697	0.289013627833119	19.7863968521641	399.545178931406	1.30364366031105	1.68071855470133	28.141652613828	1.02596743572502	0.0568158089493056	0.305954266560077	496.75762253956	370.753763025859	97.985834164892	0.577353378896475	-0.951021174771902	0.0413837686306967
36	17	2.93900746691613	0.298125322686898	2.35954954354491	3.4525954331363	0.0760124362244897	12.3214285714286	0.452346025469312	12.2492825255102	0.3455952235364	17.1964285714286	295.455992674531	0.985929160740499	1.23830141228867	12.3214285714286	0.789566719905015	0.137687969852227	0.409046669505171	0.0761245674740484	25.3529411764706	-0.279937112411561	10.9039792387543	0.228174139979356	17.8235294117647	300.724877080855	0.898343997645643	1.14625105289833	25.3529411764706	0.814146129165703	0.0743758134145838	0.291099944075457	886.388888888889	328.861111111111	7.34500568709188	0.543905643924901	-1.27357687597632	1.5653610453873
78	36	4.76114303733787	1.75696278064648	0.465640405951128	7.53105709629495	0.0715285297792587	9.73877551020408	0.540698871252371	11.6017326114119	0.403280001397648	16.6204081632653	274.882690055503	1.05716508477876	1.31317808612392	9.73877551020408	0.810262925347052	0.130966384427573	0.409990092606106	0.0592403628117914	15.8571428571429	0.147039092516927	10.2953514739229	0.319582333212175	17.0952380952381	280.253442869896	1.00396158181794	1.29521148579432	15.8571428571429	0.873952707960167	0.0452257298657141	0.241187766931624	200.935897435897	335.807692307692	13.9633908378459	0.688233908239489	-1.30795615030475	0.756309342530876
185	88	9.78390015289619	4.62759456692609	0.315123286905981	17.6682620680171	0.0814427651380303	9.33104631217839	0.320143434575553	7.86251099623701	0.399290139623103	15.4133790737564	226.549566789858	0.976254390597119	1.20550803943028	9.33104631217839	0.775205336919571	0.0587659195775722	0.265306299112512	0.0826446280991735	11.9818181818182	0.00192757813575859	7.00247933884298	0.390439925734043	15.0909090909091	212.649519878924	0.926819967164835	1.1348043278054	11.9818181818182	0.762957770500485	0.0182588698074211	0.143854194948291	92.8054054054054	345.589189189189	39.4842572468332	0.957496875835487	1.31757362619684	0.300203843447372
156	58	7.37969995780866	2.44077627366651	2.92961426038059	12.9626739362176	0.0424593195266272	11.8	0.758331369114236	25.4135946745562	0.348146113394982	20.6846153846154	462.220843530695	1.28444876593733	1.5955195523307	11.8	0.827339163520614	0.23607469824289	0.589562213571368	0.0425302933673471	32.0446428571428	0.392925508899559	27.3926777742347	0.286825787679038	21.0267857142857	463.81179298767	1.27113526313948	1.63703568522334	32.0446428571428	1.00646866021161	0.151870807308041	0.485688776262734	348.692307692308	338.333333333333	22.0696367322202	0.839637242095212	0.815200625951116	0.582744891747928
688	236	15.2277113692281	5.84848408508711	1.64451003138347	27.7656843388137	0.0440592250900342	12.1932409012132	0.614276186190769	16.805662581211	0.336667854990824	18.9696707105719	366.086963848653	1.21981002308983	1.52444662780839	12.1932409012132	0.843801809840048	0.161666154566883	0.484961497606932	0.0304840462824851	29.5249457700651	0.17599572677212	18.9155295241412	0.260462634512701	19.4945770065076	373.507791537391	1.2909889203392	1.67179223685731	29.5249457700651	1.03595589469184	0.0465724231596685	0.276805286982896	50.9636627906977	352.411337209302	49.6392884364908	0.682943079241351	1.16770799252108	0.155229513478151
435	168	14.1289738132256	6.39009129712855	1.78372905521092	27.7169498392233	0.0492727584011265	11.4576976421637	0.590871659701013	15.0025714593501	0.35658794999743	18.2898751733703	337.184475931795	1.18338845819242	1.47748081076992	11.4576976421637	0.832100714274137	0.154397986029185	0.467994241728197	0.035654084830626	25.8233215547703	0.163368138989618	16.4329058921949	0.26501035910173	18.7279151943463	342.266916302301	1.22481220406794	1.59959075712394	25.8233215547703	1.01926267791398	0.0411861636508559	0.255056343606902	181.733333333333	347.910344827586	52.6240648366436	0.873721616873419	-0.208348077912199	0.193678118524881
407	161	11.5359725831751	4.19549454663794	1.34761139773395	19.4295007005608	0.0510146181851902	11.8543833580981	0.51898569403695	13.3222773326504	0.353310661350168	18.0252600297177	322.504516162685	1.1412501330675	1.43977302021335	11.8543833580981	0.83044055307369	0.135911728935884	0.43517201142328	0.0360425375471467	26.4280442804428	0.0173464076907043	14.4472842145396	0.282067728647399	18.1623616236162	315.151206638688	1.19798382597885	1.56463160196361	26.4280442804428	1.01211676328346	0.0195151885625227	0.174253858872094	715.255528255528	347.700245700246	39.2925073124293	0.739952314253488	0.88976744945697	0.197311555883036
245	123	9.40869142587004	4.43816332665876	1.13998120243839	18.8524104103461	0.0794888888888889	10.2053333333333	0.43888098763984	10.0937333333333	0.394792254698137	15.88	246.613754982358	1.03263811371333	1.27570877247711	10.2053333333333	0.791891829296134	0.0965647222450988	0.348440774822361	0.060017185537709	18.6666666666667	0.0109201964094356	10.4363804613656	0.329249158714813	16.520325203252	258.551731494469	1.04541401398594	1.30225490340605	18.6666666666667	0.907650311080343	0.0186032537981813	0.155425445822033	14.9102040816327	343.126530612245	37.600669314834	0.924186641520603	0.685304788906467	0.203500614747703
289	116	11.4842686442224	4.99603986905669	1.93768098767264	21.7020447317994	0.0550956737839082	10.7272727272727	0.559955104456944	13.1888389524827	0.345939223641002	17.4355179704017	303.438074792901	1.14410944596027	1.42615064022904	10.7272727272727	0.826356265177991	0.135881650230411	0.4332697997121	0.0415408767057119	23.2417582417582	0.117491293672065	14.1680050718512	0.245535770307658	17.7692307692308	305.056573705509	1.1672335502254	1.51052593082491	23.2417582417582	1.00016330130512	0.0333160291587895	0.223360111023128	110.543252595156	352.290657439446	42.5786700808266	0.923062309351912	0.836666172507585	0.269893066851204
132	45	6.32366903990166	1.831237858939	3.10769653888178	9.18283422721135	0.0416069364735294	13.3184855233853	0.697496960909238	23.0138044950174	0.344056208502691	21.3897550111359	480.915656754189	1.23587388869433	1.53651914446228	13.3184855233853	0.783559637817614	0.23373433876594	0.578040940692946	0.0261728395061729	38.3555555555556	0.189349977038366	24.6572839506173	0.224482836342142	22.7555555555556	516.957001478309	1.29201853969083	1.66526524359056	38.3555555555556	1.03229213597052	0.0739649007844491	0.34649640488442	370.795454545455	337.886363636364	19.3340069148367	0.869403521059611	0.153373481211842	0.819141195602672
45	27	3.52687592090906	1.32821838232999	0.305415231527243	5.40410858280624	0.131272189349112	8.43076923076923	0.0904448189571527	5.63455621301775	0.419308943471839	13.7846153846154	179.23417355845	0.779742531059766	0.981201066619507	8.43076923076923	0.679349945626395	0.0269412063483084	0.1626034291648	0.177285318559557	13.4210526315789	-0.294589178356713	6.18351800554017	0.323481781376518	13.9473684210526	185.652917380367	0.592972216439528	0.814783792191935	13.4210526315789	0.535782213472778	0.0691199154546668	0.238044094298849	449.155555555556	338.066666666667	11.8944304619641	0.834503387397213	-1.50759428155561	0.775701889775258
159	53	7.35986866645655	2.56818888703057	3.66407127364174	11.6461566822767	0.0362088477366255	12.7592592592593	0.68869726591425	21.4933299039781	0.312785790315202	20.7962962962963	450.016958579983	1.28212456846399	1.60097020369572	12.7592592592593	0.839658164854278	0.206709463735682	0.555545977396876	0.0252423792470958	35.7757009345794	0.165163157572918	22.4267621626343	0.205242760762573	22.1121495327103	483.341177463364	1.29365223469652	1.71490412523452	35.7757009345794	1.06541632141631	0.0700111181359419	0.342036604948647	540.553459119497	339.987421383648	24.2681498948064	0.92742805597069	0.507114534077186	0.711303997039198
1326	494	27.7799926901072	12.3591159644073	1.52640975236714	53.7486085650925	0.0440702172081441	12.457290962362	0.643381685415804	18.4658597903009	0.340184930279191	19.5061978814514	391.343270148806	1.23225134683652	1.54443697961262	12.457290962362	0.830280092083308	0.182846512968719	0.51686268902052	0.0346499702734839	31.6056034482759	0.213928720616016	21.1035225921522	0.282799480408929	19.7068965517241	388.041111110765	1.28862778969247	1.67446727555207	31.6056034482759	1.02992388619079	0.0411414115064718	0.260615005531785	858.107843137255	372.622171945701	98.722130676294	0.761474326715774	-0.743135253130837	0.068280939839369
226	85	9.08501021016887	3.12146733752876	2.12580129406972	14.4442610818516	0.05274634350792	12.2688172043011	0.52967431387845	14.0428951323852	0.33940835887705	17.9784946236559	323.180518937299	1.14763737834428	1.44653033691918	12.2688172043011	0.824561914787314	0.140401866223278	0.442967118175204	0.0431656318480643	25.1689189189189	0.0807553046655018	14.6899995434624	0.30041395958316	18.1013513513514	317.489497440787	1.13378174973026	1.46319525032129	25.1689189189189	0.963290439229334	0.0463212695785014	0.258904781583571	268.420353982301	349.29203539823	29.6826002977973	0.799864809629078	1.03314283723064	0.393079551397256
86	30	4.80256154469697	0.856259532604226	3.09874526578455	6.39808999276781	0.0395529268088265	13.0934256055363	0.701494525459779	22.9316339603213	0.324942532286314	20.9896193771626	464.183968184525	1.25257659084896	1.55891236813472	13.0934256055363	0.802435169951088	0.242846823951656	0.591671206919441	0.0416233090530697	41.741935483871	0.139193785474403	25.2458376690947	0.248868432582117	21.1290322580645	452.855111693377	1.18877908763388	1.50733505194896	41.741935483871	1.03840668638346	0.0761642558038388	0.335414698681177	573.895348837209	340.383720930233	12.5234513652329	0.691930768879659	0.0482748145201	1.2007865253721
4396	1629	45.8675863917986	18.3019143206511	4.96389977792638	84.6104570100151	0.0480106174482764	11.9138130573899	0.623145677139484	16.8069210497016	0.345285671277029	18.6584519027844	355.8152590862	1.2084837668598	1.50412757417764	11.9138130573899	0.825893362047846	0.163629338137645	0.484902376380808	0.0359434465398873	28.2630199803472	0.207475656164833	18.8310106182843	0.268588438668771	18.9030461840812	354.270506640707	1.26191571724559	1.64188087269863	28.2630199803472	1.01805194376917	0.0344007760684295	0.236326572964099	648.092811646952	412.869426751592	157.349042944709	0.658950433409764	0.811923978377988	0.0208173468908277
174	71	7.25881872238104	2.75392437373745	1.20741279831818	11.4790114914339	0.054781110501997	10.6973451327434	0.577799477315341	13.6685597932493	0.368131679511169	17.6212389380531	311.138443785362	1.15425531186618	1.43481221018523	10.6973451327434	0.826932372450825	0.140951508084243	0.442188588622262	0.0408163265306123	27.3214285714286	0.0735294117647066	15.7448979591837	0.258456445393804	18.3571428571429	327.528863094822	1.15625044338955	1.50967514675819	27.3214285714286	1.00250844387864	0.0690686060537399	0.319958131102868	129.85632183908	345.82183908046	19.7764967073627	0.39563322691997	-0.0943687884879659	0.433752923407756
52	25	4.06125991348895	1.49310679962543	1.86461792332904	6.56633840127052	0.0779043550492465	9.50943396226415	0.283168741949336	7.63296546813813	0.403271855480513	15.3584905660377	223.728991429761	0.981197235251431	1.20659480487799	9.50943396226415	0.801170097434117	0.04575333030471	0.234375414127805	0.11962890625	14.8125	-0.0748299319727891	7.890625	0.40016739024092	14.75	206.250744545886	0.839545494632976	1.03709642928746	14.8125	0.726153630586821	0.0349163630198364	0.190221389677534	278.076923076923	340.403846153846	13.8390464751633	0.931999331503786	-0.608643868019668	1.04552203511468
1141	425	24.31271482162	10.5664348321183	0.706274400931947	47.6825779010963	0.0453845284129099	12.3728724797067	0.655621155238076	18.9640426058404	0.333101927909931	19.3071484681854	386.148188183096	1.23327532932993	1.53786071290558	12.3728724797067	0.82552821080257	0.181679409450936	0.514373704521148	0.0281715105051243	31.9322709163347	0.211205647325961	21.2411888523815	0.268212706912143	20.261620185923	408.24552832847	1.3087036864689	1.71397670988984	31.9322709163347	1.0446081314314	0.0484230958971954	0.285549614500426	241.596844872918	374.258545135846	96.6762865325221	0.905555540174558	1.19362749570478	0.0793811979016405
191	62	7.17688216625698	2.57684402298645	1.06890590488909	11.9844245085548	0.0348749674608182	12.8392036753446	0.709796730832678	23.1210527920377	0.313825920048783	20.9647779479326	462.586283381491	1.29395498882173	1.61721327399824	12.8392036753446	0.843170597870527	0.208009505040294	0.559477948188218	0.0268261495018381	39.8467153284672	0.227148086814768	26.7790106025894	0.197768929916509	21.7153284671533	479.510970109998	1.31332751067581	1.67304083769594	39.8467153284672	1.05469424847842	0.0898937086931023	0.381707744146588	330.51832460733	349.03664921466	22.5154630511276	0.799363582569268	-0.833190890064323	0.624395626259782
73	28	4.52269938741053	1.41710989524386	2.03571428571428	6.72425172227288	0.0468916860699217	12.510460251046	0.522656467092749	14.104252376534	0.317167112776269	18.5188284518828	341.618456108356	1.14897218151417	1.45887936337491	12.510460251046	0.846175045829546	0.139693083148758	0.443573574821263	0.0462	31.1	-0.0960352422907487	15.1875	0.24749708059344	18.5	328.576360530335	1.09522018150372	1.4242549040705	31.1	0.979117653307377	0.0344142282626245	0.220566479195241	417.219178082192	343.835616438356	14.2716342208992	0.880253531576274	-1.18241548464728	1.17008297812273
826	290	22.5677585346955	11.1239913323415	0.608549864004435	44.7651109740966	0.0465149815734658	12.1330922242315	0.697914391707878	21.082208306492	0.340009419973679	19.2969258589512	394.134459343385	1.24315289201575	1.54843307700758	12.1330922242315	0.83088389273916	0.194100982560537	0.532096568462327	0.0461429722586624	30.6152570480929	0.347899052252539	24.4743233803344	0.278290047006943	19.301824212272	388.481887284535	1.26852582259044	1.62501650202042	30.6152570480929	1.01308203702935	0.0866354291292522	0.369922841550575	547.699757869249	379.939467312349	91.4729669041194	0.954713186062369	-1.2085406626215	0.123422379636869
164	63	6.51694106623712	2.62402138129379	1.59150237781604	11.2253761760925	0.0485960610346313	11.9079189686924	0.51984268624801	13.4000183144593	0.338057350368043	18.1878453038674	327.843773639087	1.15400782225621	1.45241873420304	11.9079189686924	0.834929820008401	0.137155705490503	0.438805591563534	0.0567243772371978	28.7435897435897	0.0494319726042269	16.1191650230112	0.291869913281288	18.2307692307692	325.417277085996	1.09355222398714	1.42275194411561	28.7435897435897	0.943769053926358	0.0553747942400051	0.278984188768533	802.859756097561	346.15243902439	20.9561529293797	0.750265027023086	0.24377726912024	0.51924534662507
99	34	5.23648075576237	1.03009863826962	3.60806957942409	7.38164983762163	0.0380970096371882	13.5178571428571	0.722487551043269	25.3554067460318	0.296449492478904	21.9166666666667	510.223230688715	1.26916171213414	1.59829260846097	13.5178571428571	0.833567430045076	0.23038443283644	0.583459823806987	0.027840765936004	45.047619047619	0.181863108475413	28.530612244898	0.174668263328159	24.4761904761905	603.119241546225	1.28040612613558	1.64880885896352	45.047619047619	1.06917557131859	0.121783912147518	0.438753720365236	820.818181818182	345.020202020202	14.0146103501189	0.745754023123322	-0.726994836910447	1.07618571870377
91	43	5.72479650102422	2.67352640177642	0.969240278333716	9.90348229669067	0.0731792004406077	12.0276816608997	0.427082418453559	11.4968690508974	0.344095316723039	16.7750865051903	277.77654994786	1.03288985398658	1.30650369827033	12.0276816608997	0.795880096753783	0.116456421044007	0.386241889885405	0.0604272959183674	34.1964285714286	-0.141294225949438	15.9814253826531	0.325644121700614	16.9464285714286	276.970987424626	1.09582244846147	1.36591684127147	34.1964285714286	0.974178428586391	0.122255429100619	0.403661992321795	145.923076923077	349.285714285714	22.5498239099543	0.958876938722266	-1.3608525071566	0.618463886374627
45	23	3.45711753344361	0.996753702816177	1.47826086956518	5.23059922398625	0.085670027305188	10.536231884058	0.326793131445981	8.8254043268221	0.354227321951107	15.7536231884058	240.553302855688	0.928377239941493	1.18235278301754	10.536231884058	0.818740801053199	0.108987301396113	0.356943915727338	0.118622448979592	17.1428571428571	-0.175853018372704	8.28954081632653	0.354097730568319	15.3571428571429	223.251512377454	0.82317553039395	1.03819695586822	17.1428571428571	0.731896516335605	0.0602868372229985	0.249993236149124	767.155555555556	342.666666666667	10.7388057559052	0.858009388766402	0.352314398446152	1.06897292560711
977	350	27.0032789009983	12.8448006642806	0.632248982213636	51.9096993020828	0.0411452158338183	12.709481975159	0.65211085604237	19.2665688135227	0.331373736272786	19.7715843683732	403.423362236019	1.24952808519863	1.56330876240055	12.709481975159	0.832109139924923	0.187298631693779	0.525423196012749	0.0299970675483854	30.2667638483965	0.240489959449816	20.9251900781137	0.273669582654786	20.167638483965	405.207453161823	1.30568056073327	1.70460939305965	30.2667638483965	1.03917674604056	0.0499671558505655	0.28922322675288	599.882292732856	364.139201637666	110.922915730598	0.937043061319008	-0.261891961003169	0.100223217063093
162	78	6.6329517629026	2.55900253512596	0.78874812386009	10.2772624566512	0.079663799509043	9.79881656804734	0.30012537178068	8.00040848242942	0.387740791207551	15.301775147929	223.270485736302	0.981591197482297	1.22333021273245	9.79881656804734	0.798084463507833	0.0556959096161113	0.260166472416654	0.076696675900277	16.7631578947368	-0.1612934177701	8.21745152354571	0.341215439906824	16.1578947368421	243.812954900106	0.935992533087796	1.18156963481368	16.7631578947368	0.83990949218082	0.0474984386312498	0.236361561448814	287.851851851852	351.006172839506	22.2973536407605	0.704483720400123	-1.51832358532077	0.334607501565777
190	86	9.39370471702036	4.00203560384566	1.35463868643819	18.35560048668	0.0645532158933518	11.1611842105263	0.586460306829525	14.4946951826524	0.357594415980639	17.4309210526316	309.167766105114	1.11068301561048	1.38581064325405	11.1611842105263	0.792499253903565	0.156453947642286	0.457820606835103	0.059776	29.032	0.132357033765632	17.730384	0.301147032902995	17.592	308.179214666913	1.15151099672174	1.45950817359363	29.032	0.961987828233684	0.0642562601606676	0.303890195165108	381.457894736842	350.705263157895	34.2371675272674	0.932529205272898	-0.079590663103133	0.322824556074668
191	78	9.0270146163313	4.2102676398441	0.523290554665564	15.5684423468492	0.0547111841500883	11.9776357827476	0.526464527928188	13.6470312037481	0.34178819966078	17.7891373801917	315.647330044023	1.14471365896369	1.43111321624511	11.9776357827476	0.823277861358982	0.138717338026546	0.4382907612846	0.055753850221429	29.130081300813	0.115526142823455	17.4674631502413	0.296602904181144	18.0081300813008	320.682950805825	1.15751645729078	1.44836373174595	29.130081300813	0.996037955885211	0.0398238113049117	0.239066829572232	768.329842931937	351.586387434555	36.1725933141282	0.933757178760627	-0.104958698638249	0.39450637530286
262	89	10.9647073116856	5.5151409073065	0.349941831514571	20.2598010339966	0.0379383056150733	12.6913580246914	0.655915968789164	19.4422363049374	0.311523793092421	20.2918069584736	423.530463576256	1.25361176089258	1.58373036107494	12.6913580246914	0.842430161886261	0.185650346991902	0.526142423213739	0.0264796556881658	35.3093922651934	0.0975449064190375	20.5629635847502	0.185685149761778	21.0883977900553	435.177716862177	1.28346772735697	1.69394135363827	35.3093922651934	1.0447805673509	0.0583082242589077	0.311018811282691	853.5	352.786259541985	45.8094894131766	0.974705022949212	-0.173200166664739	0.415653213099622
127	61	6.37318163262653	2.71332476134232	0.655942590942356	11.0744469585036	0.0751780258074291	10.6231155778894	0.352438097055936	9.20239387894245	0.371784051724933	15.8793969849246	243.462086511581	1.00406080137232	1.25486429297003	10.6231155778894	0.80633787686021	0.0788925824707751	0.312940375433443	0.0825831024930748	20.8815789473684	-0.0870695754451258	10.6045273545706	0.334789269331482	15.3289473684211	223.131528177708	0.990363138909633	1.24685213238329	20.8815789473684	0.913841526242022	0.0742785994726064	0.302829346445937	351.07874015748	353.968503937008	22.9886454390302	0.774538677291092	0.0678877266619525	0.428897895195812
290	99	10.5000436886029	4.45371803338751	0.156809845416745	18.7612415710479	0.04854440200781	11.4472049689441	0.629023574687793	16.428480339836	0.360842493374463	18.6107660455487	353.193153423603	1.20598402929798	1.4869990320056	11.4472049689441	0.834687304579995	0.166027350083197	0.485833692856182	0.0376556219978433	26.450495049505	0.224393162239611	18.0514839231448	0.259398929472945	19.0445544554455	358.679332709776	1.24219809268554	1.59659830728472	26.450495049505	1.00935204634503	0.0680879046487778	0.326249460251597	740.075862068966	361.81724137931	34.7432523741032	0.893267467523207	-0.709349377763973	0.371824046338553
46	23	3.40579898486371	0.729971517580149	2.18648538446611	4.77746759249642	0.0450660729675381	13.1016949152542	0.617671591742639	18.1340850330365	0.278870457235362	19.5423728813559	392.829781995659	1.17405404759308	1.50357889391708	13.1016949152542	0.857212582254666	0.19809661290163	0.530572236630331	0.0764462809917355	33.7727272727273	0.0405869405722672	18.6007231404959	0.251227187202209	18.2272727272727	337.004859340848	0.895951541292933	1.17994443651033	33.7727272727273	0.88924370364194	0.175981538223406	0.451245874336887	3.52173913043478	355.217391304348	8.53943996979212	0.436784595502298	-1.05225225922429	1.09272787950949
1880	732	29.364653110561	13.1851492545561	2.17288882547874	59.9491599083485	0.0494728959522676	11.7283692505629	0.609938888899212	16.0340150771047	0.344865010013062	18.3649083306529	343.098210553731	1.19835598325731	1.49234119735249	11.7283692505629	0.829972093487349	0.157259417300666	0.47419492852095	0.0342745720140128	27.269918699187	0.186033733445464	17.7512585101461	0.253896449857888	18.879674796748	350.414621331275	1.25357182445494	1.62829082258853	27.269918699187	1.02728176110214	0.0320765095754378	0.227369761054135	36.2867021276596	410.660638297872	114.85371872371	0.858926312740592	1.01865143936583	0.0440905535306281
74	30	4.38853837897751	1.24706669456202	1.19117122568037	6.16594590382439	0.0523697916666667	11.2916666666667	0.536464242749058	13.1799305555556	0.355495148995149	17.7166666666667	311.866884216833	1.15047130800699	1.42810325369894	11.2916666666667	0.832780620362851	0.132045335737703	0.427582933108897	0.0688857244571022	33.2264150943396	-0.0115808355326251	17.4230153079388	0.275441317001508	17.6037735849057	305.394772605544	1.0832068129051	1.33451070013861	33.2264150943396	0.934358038725509	0.0873046620060613	0.338671703715033	496.486486486487	360.581081081081	12.1056041595598	0.65078027609132	1.10562339934232	1.03323491718064
38	20	3.05645076884787	0.81123898920681	1.26491106406739	4.47213595499955	0.0948368728839643	9.17543859649123	0.239204777460187	7.03016312711604	0.430201313483047	15.1929824561403	219.26199822245	0.899040231880566	1.10236750965361	9.17543859649123	0.755118019549371	0.0531077630030828	0.24159571009054	0.0898760330578512	13	-0.21326648669495	6.35743801652893	0.318699901052842	14.4545454545455	193.471289703187	0.851548077604167	1.0841621651627	13	0.785119610959024	0.064872227485536	0.264784351344378	687.236842105263	357.526315789474	9.2630648264345	0.802468185900795	1.25949434746954	1.19380520836412
948	358	21.4697787119995	11.0839069513635	0.709134205295367	50.3557186628032	0.0483118253654192	11.8571881942241	0.663815217866142	18.6349270168674	0.348744711919054	18.7661059980958	366.412492921884	1.22387201696796	1.51924308654685	11.8571881942241	0.831974363393851	0.180417628311078	0.510025929237142	0.0456527952627917	31.1196454948301	0.258142467910309	21.9741386645837	0.296920168853798	18.8980797636632	364.448559723035	1.24385504096497	1.59570805865023	31.1196454948301	1.00262549559143	0.0721327699047181	0.335493207736525	772.082278481013	375.574894514768	93.0918630219032	0.941219864087191	-0.186508975920862	0.0929505894199034
128	55	6.63366118877292	2.98234369972872	0.595575976514875	11.6802156665247	0.0598136016589688	11.5	0.51469955742466	12.8483304269959	0.361292507637453	17.2087378640777	294.707936594822	1.12102159088219	1.35742828343688	11.5	0.815569712036149	0.129979790608978	0.414688735298375	0.0621653777513385	26.2560975609756	0.102595187808641	15.6289039262344	0.325089231806539	17.3780487804878	296.89899713157	1.11030526801479	1.36706909103372	26.2560975609756	0.933200467807071	0.0387816068045122	0.229412199747844	371.1875	365.953125	25.4903372314503	0.916570648472761	1.22333327348705	0.53173402930181
106	38	5.48716503610842	1.87759657460812	1.43173373776161	7.9171611353574	0.0419978294870567	12.3841807909605	0.552129435313511	14.8256248204539	0.313920884608821	19.0508474576271	362.123616298147	1.18453004727947	1.50535042189435	12.3841807909605	0.854973864064524	0.144645299614764	0.457389957431469	0.0388695987654321	29.3055555555556	0.0365174596329228	16.2081404320988	0.252433476108829	19.5277777777778	368.294146095759	1.17656147141488	1.47562358806079	29.3055555555556	0.930738402400733	0.0383254438573558	0.236702453987855	135.424528301887	364.235849056604	17.6424527151924	0.863948189490797	1.0637265031675	0.922462108810299
653	231	16.5147768100824	7.73352775493771	1.59413784327246	32.193680285968	0.0416481808407528	12.4431354780245	0.634281716542304	18.0119133235294	0.318657988337884	19.4454009968283	387.200697694553	1.23561846439643	1.5520823807606	12.4431354780245	0.842354973637348	0.174221743641497	0.506328384790346	0.0278533600216843	31.4269406392694	0.191014392973647	20.4236710556494	0.241806892548364	20.189497716895	403.006581476693	1.30196643582585	1.68890505071913	31.4269406392694	1.05107421627979	0.0457450911010085	0.275721837417531	206.321592649311	388.70290964778	62.3055712274906	0.874045486794061	1.00525130764212	0.153779726976191
139	59	6.42770685275687	2.57085956185541	0.0864240595524773	10.057833339788	0.0448140754741023	12.9930875576037	0.644217483400058	19.2598735904351	0.301924060349108	19.426267281106	391.544889169514	1.21916750202594	1.53764350525863	12.9930875576037	0.842912191502633	0.191281923433618	0.52691345011545	0.0425777777777778	29.8	0.249874139956369	20.8633333333333	0.274083416160088	19.8	394.950819920296	1.21781803482263	1.49116692981156	29.8	1.01308472046934	0.0798155592072835	0.341452326682626	891.352517985611	364.805755395683	22.3451281391146	0.85351080910192	0.239615180579034	0.501788427289838
4702	1509	58.58975892484	26.4593297529635	6.98243196352332	123.148203406499	0.0446238460765032	11.98049027681	0.647019155371516	17.9704538633246	0.341207739862776	19.1214290238804	375.822012930735	1.2351021859227	1.54107675972635	11.98049027681	0.840360269058676	0.172141044823697	0.50193163902689	0.0333615541256392	29.2027649769585	0.223719673445798	19.8094197276552	0.270472244394077	19.5609831029186	379.764183340386	1.2927245814633	1.68495383097992	29.2027649769585	1.03558434872079	0.0296871826277135	0.222503259703459	153.334538494258	454.67184176946	219.522261634649	0.833411943553065	0.439865789571973	0.0259486046516206
47	21	3.44453097255085	0.529463025801762	2.47802130119195	4.53007085486679	0.0636908247376244	12.6040268456376	0.520348448540075	14.1387324895275	0.325112785657594	17.9060402684564	323.897732722097	1.05531833704866	1.34628806916386	12.6040268456376	0.820736351853755	0.163433324029653	0.461588537145297	0.06640625	30.9375	-0.0340100528755141	15.9599609375	0.250775804896772	17.1875	288.678418389444	1.06992962976602	1.333330875972	30.9375	0.999283769235082	0.0779844036700122	0.320234312537271	151.382978723404	363.957446808511	8.88478106626626	0.632433698334604	-0.746589950289474	1.3392730586732
864	317	21.5318664742646	8.63719160547905	2.57230714027761	40.2648375455908	0.0428291319857312	12.2986206896552	0.68381128347098	20.4482282996433	0.32540934412334	19.5862068965517	401.401855700464	1.25842571083406	1.56874081353557	12.2986206896552	0.850896760448752	0.187892343607465	0.526973805739676	0.0325455909590505	32.1281198003328	0.288672971595211	23.5832272059048	0.261388804248117	20.1148086522463	411.262023340493	1.32499134825933	1.71100850062716	32.1281198003328	1.04123647461408	0.0697197085024086	0.340978671449121	275.457175925926	396.505787037037	79.2665381843646	0.817818229025574	-1.48757654287907	0.108045101561428
199	82	8.55004649620785	3.73042070584627	0.389098930086427	15.0367089979686	0.0581770689545329	11.136712749616	0.411019559179699	10.4542296974288	0.350510966374344	17.0168970814132	280.761083747395	1.07698247350845	1.35289096321097	11.136712749616	0.823697092909697	0.0895796415731395	0.345189060493412	0.053152	23.376	-0.122299107691553	11.414336	0.264106988220091	17.216	280.303042374444	1.02891569261333	1.34875252862205	23.376	0.942831530498752	0.039064087269163	0.228733585841723	217.974874371859	372.311557788945	32.4818118153309	0.902541231656911	0.368575140659697	0.371907756135853
70	28	4.37721367292805	0.946637687033053	2.91809974511651	6.42102731941975	0.032525	14.125	0.720281451318451	26.24859375	0.282268790509967	22.125	520.032083828484	1.31243867688352	1.61642012111394	14.125	0.868387480460259	0.230289150872984	0.586005182426025	0.0350346020761246	51.5882352941177	0.095190411166742	29.507785467128	0.144966001926022	23.7058823529412	570.425422873473	1.16741487400468	1.51939762731051	51.5882352941177	1.05214207745609	0.209613187111202	0.547145739607937	4.08571428571429	368.842857142857	11.5294828551435	0.67677597002276	1.21516271237607	1.12199737628207
311	82	9.59865432399971	3.49910491809692	1.00007435773517	15.46436193913	0.0360791335487815	12.9644859813084	0.632351659012691	18.631639444493	0.313665844133134	20.2130841121495	416.439304960695	1.2690287605615	1.58468804163662	12.9644859813084	0.851176618213135	0.176992315729508	0.514655734177543	0.0256	31.88	0.127297001282351	19.2650913580247	0.205474015744636	20.6088888888889	414.343924902344	1.29144704297551	1.70360418439347	31.88	1.04788540922469	0.0516632803344377	0.293915717173609	167.8038585209	374.993569131833	30.0099795549517	0.788068555300819	1.04682973718549	0.581222674162062
94	47	5.2512336288535	1.9822458619521	0.511081368062303	8.8681555516457	0.0845719381688467	9.35862068965517	0.467640847976039	9.78976218787158	0.400741575402833	15.648275862069	239.84593372993	1.01798175470054	1.25673533065843	9.35862068965517	0.788273439242622	0.109429174272186	0.367961841051275	0.122653124038166	21.4035087719298	0.0512960436562076	12.2803939673746	0.381549044913916	15.2982456140351	231.744209906282	0.875134201835785	1.10674115090751	21.4035087719298	0.804946347065313	0.0423383961007485	0.21620195582577	294.5	374.095744680851	18.443720120628	0.856874409717014	-0.670805966319335	0.534739175079114
472	194	12.4035573878875	5.05100142921723	0.502544275942498	24.0003216092456	0.0557354866413213	11.1779935275081	0.642924762976287	16.6521544600496	0.35284694420731	17.8135922330097	328.194851392909	1.17735987468356	1.44925825404508	11.1779935275081	0.826667982913381	0.159646837714659	0.471508361119064	0.0445855321581316	27.6996805111821	0.26570713141134	19.8614663822229	0.252388602191651	18.3067092651757	339.797678038684	1.2171951403981	1.53650986751166	27.6996805111821	1.00230649196414	0.0789865166547708	0.344524176689933	706.756355932203	387.71186440678	43.6755331779553	0.789909309354094	-1.32505756432148	0.157597165744966
115	45	6.00040646103144	2.44324441881414	1.13681382777143	9.27859610496182	0.0515186585928728	13.7637795275591	0.496635103758526	14.6717713435427	0.309925766433409	18.7874015748031	353.035329493887	1.12070908166014	1.43973495761168	13.7637795275591	0.799308626891752	0.172673903982545	0.488077216841056	0.0615500093826234	19.9452054794521	0.00406664043027656	11.0133233252017	0.375546591976339	18.8767123287671	336.42373642123	1.09144739962212	1.3743874638894	19.9452054794521	0.910058646260759	0.0706034243816741	0.309344303594545	319.521739130435	377.304347826087	21.4143558536126	0.923165080289759	-0.140786944191579	0.713645738593237
47	27	3.68148158199333	1.50063519266719	1.1903821244436	6.00696897518722	0.113264020163831	9.42028985507246	0.0298402535177736	5.85501995379122	0.404009833165843	14.0144927536232	183.627189057475	0.83771776512988	1.04276718246622	9.42028985507246	0.711531632221179	0.0119356579742213	0.111547187845814	0.162721893491124	7.69230769230769	-0.217228464419477	4.15976331360947	0.462721893491124	12.7692307692308	151.779088754961	0.651791138977581	0.837040367078493	7.69230769230769	0.549754602218304	0.041227449203134	0.18606943046143	561.829787234043	377.212765957447	13.3648946620429	0.918735818312487	1.30381627171604	0.810177529320825
585	205	15.3652180968354	7.24204593268873	2.30363755494063	30.0996623372057	0.0401457162058057	12.8876518218623	0.673905974878825	20.7606377747545	0.326513794740753	20.0445344129555	418.811396271156	1.26538381997068	1.58071690204194	12.8876518218623	0.835767100086425	0.195397604388383	0.538398743470357	0.0286075949367089	30.5949367088608	0.308679945567094	23.1279105912514	0.270445510231779	20.8886075949367	441.14486739952	1.31239341181705	1.67766228512763	30.5949367088608	1.05301356909355	0.0817962693136201	0.365121433573899	824.030769230769	396.540170940171	60.7190798022456	0.92837706482036	0.941753774099929	0.174927467207617
274	98	9.3797953784068	3.48093350283202	2.31774208297256	17.6861669050067	0.0409283082613012	12.2754880694143	0.68345273023338	20.3896603159217	0.32180980088853	19.943600867679	414.480632391515	1.25677451333931	1.57112759151075	12.2754880694143	0.847785424893593	0.192254186828949	0.532986666458669	0.0412146667010229	31.4111675126904	0.266853746753861	22.4221701151795	0.245205474577097	20.1928934010152	412.362581197915	1.26975760776237	1.60391946087271	31.4111675126904	0.997161897494984	0.0777314829677517	0.348791706095067	121.638686131387	386.215328467153	26.9342216353425	0.557207861853102	0.674444832818321	0.358515779709956
1014	421	20.025039999386	8.90855994762176	1.13931581271323	40.4091448887484	0.0545772769584171	11.3359492906731	0.590952854798173	14.8565314825507	0.35704532391381	17.8732266827649	323.222283763003	1.16597953898103	1.45212495148836	11.3359492906731	0.827241196118706	0.149261604925535	0.456965912744683	0.0398254820262193	28.6489361702128	0.120524281046195	17.2875083147791	0.269409586381992	18.3844984802432	331.136910859026	1.21953958806627	1.57023957175374	28.6489361702128	1.02519276467324	0.0344620131822043	0.231460381861828	156.560157790927	406.226824457594	74.2726212092554	0.819908651476951	0.958501275952521	0.0718925068294593
426	151	12.1835092056586	4.09127645918402	2.59566323989214	20.4598391324028	0.0406761382861021	12.2410651716889	0.58480132661904	15.7412142144025	0.329492580030525	19.1758934828311	369.04298003384	1.22264340525689	1.53064759790303	12.2410651716889	0.85194488028548	0.145268714791154	0.461727007418579	0.0335553429931153	28.9759450171821	0.120317038526318	17.4695386214145	0.238902731164121	19.3127147766323	363.911300283385	1.22932209674756	1.57666570948073	28.9759450171821	1.00765463516042	0.0421409807525681	0.25616450533441	884.93896713615	390.894366197183	38.7921215354772	0.746368981503864	1.1499070840341	0.234782416635981
240	71	8.98822936275676	3.06014385171957	2.06634647155983	15.289762260874	0.0283208121183648	13.812725090036	0.803360134791429	36.1218840477367	0.298932587098677	24.2016806722689	646.626266255396	1.39923661128095	1.74137284513834	13.812725090036	0.846324237108049	0.271777870756161	0.649397394418851	0.0209406790857445	42.8333333333333	0.418591008264359	37.8358022856388	0.206353236590877	25.6264367816092	689.809062119996	1.43347941152369	1.84582917036423	42.8333333333333	1.09121808083654	0.127574441597395	0.471577924764085	679.358333333333	391.241666666667	27.6717682693601	0.86321651205771	-1.24285459660463	0.598279894355525
81	36	4.99447402079772	1.85375351519095	0.750514227005859	8.43319792015426	0.0707420222991157	9.64705882352941	0.43729413199951	9.57202614379085	0.389264407340532	16.1333333333333	252.783969676632	1.02893252015978	1.2786747296182	9.64705882352941	0.80777517450042	0.0938829941290421	0.344018253411823	0.0989171178675552	23.7551020408163	0.00115582641588695	12.8912952936277	0.35059032446202	15.8367346938776	248.298573574485	0.853794580508925	1.0688160059832	23.7551020408163	0.735207383633007	0.0232343615887447	0.157518670179368	631.679012345679	383.098765432099	16.4686275119527	0.874154336006261	1.44010174593575	0.785398163397448
385	136	15.1608751683403	7.21054356650494	1.19805566241397	29.307096847104	0.0381823881815881	12.3310238645112	0.677215613436533	20.1010228155607	0.329823584674828	20.0923787528868	418.470371954034	1.26693574199591	1.5833475045463	12.3310238645112	0.839649717777439	0.188813366408359	0.530249640091437	0.0265219968482991	30.6996197718631	0.243970884792417	21.3031994101404	0.230987865149083	20.9885931558935	438.303226326408	1.29620761077206	1.6863649807437	30.6996197718631	1.03331755228513	0.0522455370431239	0.294103269937909	81.2311688311688	394.797402597403	56.5162243473989	0.959109496619986	0.493463124299187	0.2615729177405
192	61	8.25038218039342	3.45330008662787	1.96427376033388	13.071280404212	0.0368226280402149	12.2388973966309	0.707650857288057	21.9319878332774	0.317475749501693	20.5666156202144	443.602114763889	1.27638335547974	1.59175769339129	12.2388973966309	0.847492385202514	0.201946783288714	0.548283596699247	0.0316599151234568	34.4097222222222	0.248840525470541	23.9044053819444	0.263847531864569	20.8541666666667	439.874609526195	1.29229788526852	1.64246734308965	34.4097222222222	1.03104740341647	0.0958685281729757	0.390430300013188	307.25	391.713541666667	29.5941707218059	0.931656258164298	1.20740441424994	0.648412565965321
92	40	4.94042008659758	1.59032209565961	0.798827265433515	7.13008590411085	0.0625446383022141	11.8249158249158	0.512647037935507	13.1317779364917	0.364702390584743	17.7441077441077	314.810793850262	1.06751942607307	1.33784520904977	11.8249158249158	0.792205341136289	0.146967005920359	0.437273164030089	0.0532217871128515	34.0943396226415	-0.128277324536859	16.1090245639017	0.224258829580127	18.811320754717	340.704147395598	1.08105316613748	1.37350792476361	34.0943396226415	0.970003660890958	0.0532695653295402	0.269095899331197	53.7173913043478	387.054347826087	14.3573390751906	0.666898466430022	-0.882832252633571	0.722566310325652
32	18	2.86297026258825	0.918436025167504	1.45826719426744	4.65640405951119	0.106255058388253	8.40860215053764	0.169718695771303	6.06370678691178	0.43063878357996	14.2150537634409	189.827745579604	0.874082262740665	1.07476892651665	8.40860215053764	0.731911160028594	0.0236337576503666	0.159301682653973	0.153333333333333	12	-0.2	6	0.335384615384615	14	186.654101508753	0.633844924259161	0.854600254412747	12	0.568719844182304	0.0543983499524908	0.216020258907298	234.34375	384.5625	9.41037087904714	0.879911652676038	-0.369566705248986	1.24112302364041
361	137	10.6819747054876	4.33020281450724	0.805238853753088	19.1024575399122	0.0446922380909164	12.6915422885572	0.631491366046607	18.220142378214	0.327998736901283	19.4643449419569	388.669551846124	1.23029644411017	1.54180981024468	12.6915422885572	0.828115927123023	0.176189419241173	0.507562343868871	0.0340330176292432	27.3514644351464	0.229758420572474	18.7551207086711	0.284046685376876	20.020920502092	396.334900734824	1.24152002350152	1.63682161321742	27.3514644351464	1.02647252494059	0.071135423335441	0.337234132318992	439.501385041551	397.509695290859	34.5998204412287	0.73668535361801	-1.45962440081778	0.241699599967162
236	111	11.6865116163786	5.62278316660005	0.161158052432411	20.3168334064541	0.0684241204561133	11.0307076101469	0.483316990702733	11.6745406870933	0.3724977267803	16.7930574098798	278.412657081757	1.08493206203737	1.34313081883428	11.0307076101469	0.811774456284767	0.119116740013254	0.395522064864546	0.057391479301846	18.0496453900709	0.0768939886015337	10.7765831698607	0.299749339169509	16.6737588652482	264.530157802372	1.07012241367065	1.35871817801298	18.0496453900709	0.918388251347916	0.0283613999463642	0.19579410270161	790.593220338983	396.516949152542	48.6025905628317	0.967243528836303	0.357781466588563	0.240699899763718
74	32	4.65728377912608	1.82675985030575	1.6875	7.20053166439812	0.0574816862970411	12.5338983050847	0.456439677081776	12.5294455616202	0.327452673165535	17.1864406779661	291.963547496687	1.1122482081936	1.39193205306239	12.5338983050847	0.844293800888211	0.120535626675581	0.404360337864914	0.0674513354459031	17.0425531914894	0.047116443297012	9.94262109551834	0.329581985341319	16.3191489361702	254.049301389774	0.9789608604265	1.24482654956619	17.0425531914894	0.879528585410108	0.0643896144364401	0.281928070085295	271.72972972973	394.486486486487	16.2312094823432	0.910378487830489	-1.50797814895611	0.9081166264283
261	100	9.57352407664192	4.00812134970456	1.01123686641656	17.1698165394975	0.0469575362075107	11.8711162255466	0.56378660656242	14.607005658396	0.343046331222057	18.6490218642117	347.689404629711	1.1809796664818	1.4792877334937	11.8711162255466	0.845838796627604	0.140715500351717	0.447900757677867	0.038100837042636	31.3227513227513	0.0111708144796399	16.838302399149	0.208444630543104	18.8042328042328	342.116752857535	1.19496551159138	1.55885916575122	31.3227513227513	1.02873771178501	0.0394364045361483	0.246549031192078	759.651340996169	400.291187739464	33.6203965146733	0.830117900505027	0.352352101298421	0.327982273034774
42	22	3.34380702442332	0.81991485444603	2.02515176454052	4.67209935646647	0.0932854623330814	8.92063492063492	0.438156067758957	8.93871252204585	0.385838249367661	15.4444444444444	233.363822430316	0.934806018116682	1.17967799271733	8.92063492063492	0.798216098027043	0.128747362124933	0.387091184344368	0.125637755102041	11.7142857142857	-0.0600184672206825	6.52551020408163	0.33381785146491	14.4285714285714	198.948314910448	0.696835929793161	0.922608426541147	11.7142857142857	0.593072132526733	0.0354237838325714	0.180898239034183	185.428571428571	394.357142857143	9.69372039302231	0.793737196896614	1.48954433652149	1.0904701772791
52	27	3.89445549830147	1.62516844542399	1.32196802204258	6.74724960477091	0.0978402753055655	11.0691823899371	0.238692195942085	8.26984692061232	0.376663705453938	15.4716981132075	230.531820743734	0.893576991086841	1.12176231480061	11.0691823899371	0.747244820580969	0.0672421334323202	0.274017284719815	0.180408163265306	22.4857142857143	-0.13585286901301	10.8981632653061	0.410693399818221	14.0857142857143	195.524577266543	0.728407727465625	0.917626581882984	22.4857142857143	0.728407727465625	0.0974217971119374	0.299489468965278	319.538461538462	392.403846153846	14.4582252147729	0.939231250605679	0.119076720731974	0.896366628184742
3984	1466	38.174522740859	15.5863044039302	1.63043889530658	71.6531222430077	0.0470752026660658	11.9077454736684	0.669204386855211	18.998644783201	0.345807157648227	18.9845992036661	375.150748114496	1.23455935989789	1.53147702682056	11.9077454736684	0.831797645489113	0.180410906941351	0.51177151165769	0.0369573544131828	28.8703837798697	0.281238756805348	21.0834310789703	0.273911936421338	19.2874728457639	375.46308601205	1.28747991587536	1.66948843998902	28.8703837798697	1.02059571397683	0.0456018053362124	0.273770942964672	744.843373493976	458.752259036145	134.0825411254	0.70375740870959	1.54788772860345	0.0232949216006688
47	20	3.48241707293137	0.510167943089448	2.58118189982807	4.40028408173838	0.0562222222222222	12.2266666666667	0.53583094865288	14.1704888888889	0.332562618727324	17.8933333333333	321.50093944247	1.12891713253524	1.38277788698903	12.2266666666667	0.835174142195415	0.148533140860985	0.44606830573595	0.0832	40.24	-0.191943127962085	17.88	0.263452926942223	20	391.242646947387	0.922194912742541	1.16301890927373	40.24	0.878730510487811	0.0817190795507907	0.307145622875213	526.63829787234	396.617021276596	9.19845144241046	0.709554948350927	0.810402833782074	1.4765485471872
69	40	4.47367139138112	1.69429610220237	0.201556443707506	8.17561159791732	0.124317503457982	7.40886699507389	0.438624361972846	7.59884976582785	0.459595898865676	14.2955665024631	198.43994205381	0.899544332222665	1.10426247748492	7.40886699507389	0.73484224881117	0.0928601593527988	0.319303565214118	0.112488521579431	7.51515151515151	0.210038610038609	5.75665748393021	0.415377203612498	14.0606060606061	186.11372246811	0.846891819426903	1.05670060428362	7.51515151515151	0.741368979167138	0.0566254222864092	0.244380659304089	563.913043478261	406.246376811594	15.196819181505	0.828481045260057	1.45496085877422	0.541924732744239
673	290	15.2855290577934	6.08039556463257	1.34113108243062	27.8141370311423	0.0588107512300414	10.9593049839963	0.51787349772636	12.3655907031804	0.367972085822485	17.2501143118427	294.658870014218	1.12076800811755	1.39529412767035	10.9593049839963	0.819095424706358	0.126924555379588	0.415083517570045	0.0395914019543252	23.8263027295285	0.0343231987669985	13.3365823322599	0.294762203174211	17.9404466501241	306.784073068819	1.16951803930147	1.52014465397924	23.8263027295285	0.997075643331133	0.0218715567244702	0.181815340152624	90.0698365527489	424.264487369985	56.6475283574271	0.800402354244233	0.687075911447541	0.100560849268296
134	62	6.66605276106066	3.14359012929669	0.317705090380485	12.279183844185	0.0674855077255395	11.8638497652582	0.437109009794756	11.5383191165774	0.347098968192589	16.6760563380282	273.96456939581	1.06595887853873	1.3407350882574	11.8638497652582	0.811617960633416	0.10793395596822	0.376617923394377	0.0540563332771125	21.6493506493506	-0.0527917324529956	11.2818772136954	0.336307378397524	16.6363636363636	262.230505895424	1.05585184470566	1.36573549419444	21.6493506493506	0.962087334425113	0.0599907970763223	0.2845984818221	783.932835820896	412.186567164179	26.7148776482395	0.943917579144767	1.0547324142535	0.438057664496392
49	28	3.84161262386909	1.50328626381897	1.45773797371133	6.45174395028197	0.118561921296296	7.43055555555556	0.362336114421931	6.82638888888889	0.442724545812781	14.1666666666667	192.798246615546	0.865416852624891	1.07310354154096	7.43055555555556	0.706632725094667	0.081105617364747	0.29448359667093	0.103969754253308	13.2608695652174	-0.0919137676083741	7.07230623818526	0.324811906141829	14.5652173913043	200.133519879003	0.813666042766256	1.04925473502502	13.2608695652174	0.766422127271984	0.0626796249024612	0.256205277042699	61.0204081632653	405.408163265306	13.7101549826633	0.911708357925204	0.471376313626667	0.785398163397448
1391	527	28.7273311334621	12.2630977195912	1.77055609427542	51.8136911254937	0.0485020552337911	11.911955114372	0.627862823970266	17.0047905472098	0.348243929136056	18.5800604229607	354.024139870905	1.20430338056291	1.49603615746248	11.911955114372	0.826034710922203	0.168355269293176	0.490346649013932	0.0380619390354957	26.6836628511967	0.249272236114505	18.7718636067832	0.296289382655465	18.7544224765869	350.787363616662	1.25060654860346	1.61422811462557	26.6836628511967	1.0050019599587	0.0584635184553399	0.304367054172717	337.107117181884	449.70884255931	112.805322711873	0.905331908034448	0.952000676843086	0.0629384094731685
138	51	6.62190423591913	2.39417702702233	1.81677009959196	11.033223742125	0.0421195652173913	12.8173913043478	0.665893948282157	20.1816209829868	0.328437983527498	20.4217391304348	431.794782885386	1.24139267220346	1.56243633544805	12.8173913043478	0.826534072584042	0.197226268352444	0.538104613644009	0.0499271137026239	40.030612244898	0.102442372590514	23.2997448979592	0.248797387319968	20.9285714285714	439.303001153388	1.17674534067645	1.44046836021701	40.030612244898	0.972804490179699	0.0496406226261475	0.265898296400777	678.81884057971	411.420289855072	20.7988305331228	0.881634371845458	-0.552440162240251	0.666727852664962
72	32	4.15636681941848	1.44224949729133	0.139754248593737	6.27650629331318	0.0575780321511228	12.2465753424658	0.414069327119138	11.4505327245053	0.319010388309341	17.3333333333333	294.440738477598	1.05803969782426	1.3440230588792	12.2465753424658	0.821171217053732	0.110199767870256	0.380894172866816	0.0860117700316886	37.3829787234043	-0.134693204537179	17.4727252150294	0.277124215084597	17.2127659574468	291.318921439896	1.00131940560625	1.23189557249781	37.3829787234043	0.914281037871033	0.0834513167014872	0.318944412005838	6.30555555555556	409.166666666667	12.1224308528359	0.663706242739575	0.221119076254515	0.883572933822129
1208	445	21.7939739352853	10.3151345459701	0.421903753748497	43.9703478030763	0.0442719634222652	12.3256043413912	0.649135801004797	18.5646366552771	0.331870005627225	19.3418845584608	385.778476590181	1.2353792548285	1.5445134746401	12.3256043413912	0.832098847817905	0.179291036904533	0.512129508637786	0.0321067189524176	29.9763313609467	0.219221483510006	20.1964370995413	0.276344921233077	19.592899408284	381.690710441286	1.29313729496497	1.68159931833264	29.9763313609467	1.02826069839556	0.0323148497728086	0.231808989889245	378.35761589404	438.82201986755	90.1212306201552	0.920325834711781	0.611296792831688	0.0766578750266173
3745	1411	44.1136304463503	19.1366004560212	0.555204747248672	91.3079381960439	0.0469860336228375	12.001600896502	0.655379155024912	18.4127611134051	0.347305415038781	18.9771872248459	372.719968178766	1.22696118060504	1.52824122044117	12.001600896502	0.829361569397317	0.18064049651548	0.511614478486715	0.0354185919303576	29.6922474549726	0.254839605793915	20.9233934639048	0.271413591192414	19.4283476898982	379.007863546965	1.28981034130477	1.67286759804606	29.6922474549726	1.02615459519293	0.0459601749942854	0.275094485127956	427.122563417891	464.413618157543	158.506942413942	0.770821570749706	-0.621674300577687	0.0236378329179184
368	155	12.696390045693	5.67753063446023	0.894194479355299	22.8760947890843	0.0634231339594662	10.4319327731092	0.560939927008485	12.8798467622343	0.379594279096009	16.9294117647059	287.023405478297	1.12004899442102	1.3825614722532	10.4319327731092	0.811784225028421	0.133829119883189	0.424114171160544	0.0554957277028458	20.5	0.211532840123485	13.9999073158675	0.318326566800881	16.7941176470588	276.579141883357	1.13910207313214	1.43485156758674	20.5	0.944831997643097	0.0576699090344386	0.285789524815565	562.557065217391	424.375	50.9368907949266	0.924760557971	0.775124174565421	0.192483845414534
198	75	7.95156464478766	3.15642514559792	1.53935051239148	14.7448160381878	0.0470490304664491	11.9666160849772	0.518417345921319	13.4242598686104	0.339112463007848	18.3156297420334	331.92670255356	1.16347888087035	1.46503212996766	11.9666160849772	0.839884178732537	0.127815639038714	0.425793808212694	0.0479780489104375	23.5985401459854	0.0784507304528563	13.8037322180191	0.295350702657241	18.5766423357664	331.780529761328	1.13634012980574	1.46346794912817	23.5985401459854	0.963268786134603	0.057627379023668	0.288399616971848	661.358585858586	418.646464646465	28.150891268858	0.906398946416153	0.88850615289421	0.442336245625443
81	27	4.78815273037283	1.02950279722706	2.7780246803851	6.59228047534155	0.0381433823529412	12.8455882352941	0.658525963895379	19.8090262759515	0.316032648965175	20.4191176470588	430.66907148919	1.22853259551134	1.54268061171415	12.8455882352941	0.851248130502051	0.189730214465365	0.525636460866857	0.0269127258746636	38.1176470588235	0.112741851765675	22.480584390619	0.202043999633079	21.8039215686275	469.241043347714	1.27500652559456	1.60711144932719	38.1176470588235	1.05507091234429	0.0457509996967347	0.269233805074284	873.938271604938	414.049382716049	13.3105949346245	0.800929687251412	-0.923684425718893	1.39626340159546
38	22	3.27109731465677	1.17582608669157	1.35146079521075	5.60106247299975	0.046727315689981	14.2717391304348	0.595555652280181	18.6436377599244	0.26769121767843	19.1847826086957	380.821574725124	1.17037829392962	1.47221031366057	14.2717391304348	0.870884723219192	0.210356049434064	0.540879578268319	0.142857142857143	55.5714285714286	-0.4557604918471	20.0867346938776	0.164120957951661	19.2857142857143	368.415144267815	0.640617502277259	0.898643212846385	55.5714285714286	0.640617502277259	0.271834036905399	0.4962448655148	898.526315789474	413.842105263158	10.8197337250167	0.892643209835533	-1.42028926566211	0.986615874681092
546	178	14.7556476063887	6.37778791600636	3.49144535006575	28.6091301067326	0.0396661747083086	12.3706896551724	0.662996870077865	19.353968489893	0.326142971454838	19.7586206896552	403.131833587988	1.26303610079752	1.58044763270458	12.3706896551724	0.843222616349705	0.179610279759754	0.517614773435733	0.0272500181732873	30.7429305912596	0.250380425346432	21.5056882389093	0.230440757868131	20.0899742930591	403.577615720152	1.32037671197674	1.71712954630088	30.7429305912596	1.0549468677678	0.0527767640694916	0.298127681184293	216.177655677656	422.871794871795	54.6655586310483	0.867574575928311	0.246295722319161	0.216552151099612
67	27	4.29418213144932	1.29218388433691	1.66707813850771	6.59976721541509	0.0555019718792867	10.8796296296296	0.522356824670325	12.3888674554184	0.368152519034872	17.4907407407407	302.897660177343	1.1132616922028	1.38899264658271	10.8796296296296	0.81979396357226	0.138078068979702	0.431482264931012	0.0548980933596318	21.6410256410256	0.0430282590998954	12.3070348454964	0.308020820169626	17.9487179487179	309.175455367786	1.04935874113775	1.31874303206609	21.6410256410256	0.865903903173432	0.0476184044994037	0.249604991282235	339.89552238806	416.10447761194	12.7237864413267	0.797648638639609	0.413576395253345	1.15493392477649
255	114	9.06065379839398	2.70533437175098	1.54116591153651	14.2947579429518	0.065493753718025	10.409756097561	0.426966262699299	10.0830220107079	0.386473887196986	16.5756097560976	266.636142962559	1.0606553244117	1.29750170569486	10.409756097561	0.819821127516789	0.0880337003443695	0.335590581457383	0.0718339100346021	19.5529411764706	0.0224408876710064	11.0008996539792	0.344168913723492	16.1411764705882	248.067108031605	1.0542135359165	1.30125251806141	19.5529411764706	0.859311269692534	0.0247917954290996	0.17926949813978	510.050980392157	425.117647058824	28.6620278200765	0.623806726783626	1.33143442759111	0.246570060531055
88	32	4.91530334971778	1.12930945947209	2.12178064959599	6.70834950826207	0.0433551934210067	13.0784982935154	0.620252719302994	18.2200025626391	0.313650666712301	19.679180887372	396.999800063301	1.20762740353476	1.50191208395705	13.0784982935154	0.85905514839529	0.176525977218686	0.502323970571083	0.0471698113207547	33.2641509433962	0.0644733351021465	18.7783018867925	0.243297031581132	21	433.610122499304	1.10625560897269	1.41029207079445	33.2641509433962	0.937971907449398	0.039848943045779	0.236068030030923	289.602272727273	420.670454545455	13.5431794614718	0.740438325855936	-1.21988624220489	1.07992247467149
1096	412	21.5156838597082	9.74199034848279	1.14867642791793	44.1662134328081	0.0463090624921958	12.1101417666303	0.61381555800393	16.6792201467732	0.340560171633364	18.7818974918212	359.232862203336	1.21413942817305	1.51580723233555	12.1101417666303	0.834930590013903	0.160824405774216	0.482563457307405	0.0354160954393208	28.0856760374833	0.180857349299654	18.1433363978	0.266050785793573	19.0602409638554	357.473293016703	1.25615088705043	1.63590547199231	28.0856760374833	1.02450225443726	0.0328547626973811	0.230605186379698	825.971715328467	433.594890510949	85.2295489172322	0.864713571208371	-0.0388432161288034	0.081138315306212
3260	1168	36.6007217288048	15.1076478020283	1.17468280704865	68.4812099234081	0.0485958323328339	11.9717268779451	0.671764839876599	19.236508961204	0.349311529530997	18.9455788598355	374.880590640015	1.22817832609063	1.52510701771703	11.9717268779451	0.829641110170366	0.185971648447101	0.518202053038989	0.0360005464407821	28.7289762340037	0.300909494255312	21.5473940769663	0.284687102525306	19.4063071297989	381.300951787076	1.29994494096553	1.68138580972485	28.7289762340037	1.02118506610789	0.0522259711684064	0.293634115013447	856.45736196319	477.634969325153	125.139936730601	0.717666246684102	-0.765300628437618	0.0300290628245881
31	18	2.70836502183048	0.918570222794219	1.2196943555611	4.10133973895371	0.131485923494508	8.80898876404494	0.0575904916261479	5.67365231662669	0.413310285220398	14.0449438202247	187.709942708167	0.709865185072041	0.909424395680747	8.80898876404494	0.584958751831564	0.0176907775084276	0.126889613338679	0.165289256198347	12.9090909090909	-0.226059654631085	6.26446280991736	0.335664335664336	14.1818181818182	192.228654585899	0.614213593854951	0.833144499792391	12.9090909090909	0.538822341779403	0.0546187921223189	0.213788459513542	450.612903225806	420.096774193548	9.16935117025965	0.871534981367853	-1.53165056410147	1.20233792915165
129	45	6.24152827803386	2.06161061666617	2.66537005514504	9.70073180388282	0.0382414151925079	12.8986175115207	0.641132113932221	18.9712618658285	0.312115898871117	20.2442396313364	419.864235298513	1.24745555226873	1.57408436229266	12.8986175115207	0.851340508614223	0.188813787434634	0.528938189883949	0.0357844837553474	35.3978494623656	0.0887509152493946	20.4227078274945	0.246151239973844	20.494623655914	414.298875480205	1.20716934922559	1.53467523994256	35.3978494623656	1.01610840279426	0.0568776324704791	0.293131363598432	586.674418604651	425.038759689922	19.5789792487392	0.862690231747535	1.49897750407007	0.800524350248066
48	23	3.49083124659871	1.11159673546123	1.43412369586699	4.96204878717969	0.0789378856808252	9.6510067114094	0.275010320161875	7.65596144317824	0.390595064073153	15.6241610738255	232.000178145454	0.960350549812628	1.19369454209829	9.6510067114094	0.798548599677604	0.0589232139550822	0.264400631807337	0.152199762187872	19.1379310344828	-0.284670950233465	8.44857312722949	0.315542332783712	15.4137931034483	228.862776037524	0.641981617950322	0.870349200867826	19.1379310344828	0.558504505591022	0.0585619272995594	0.226168317837842	116.75	419.604166666667	11.1418115382956	0.845704365839848	0.273408944561501	1.14023778731425
61	27	4.08454318114759	1.05521996223218	1.93870404863737	5.9300911287779	0.065531960589546	9.95854922279793	0.480818271139091	10.590619882413	0.372232592238688	16.5388601036269	267.859513283861	1.06450767850081	1.30171882838236	9.95854922279793	0.803905615003866	0.113778901817031	0.38122433526002	0.0579584775086505	18.2058823529412	-0.0686774824180589	9.51794982698962	0.17048895939182	17.3235294117647	283.583069366786	0.961464981755616	1.2877704560921	18.2058823529412	0.894974760079439	0.108961550702582	0.371370419536633	301.426229508197	422.55737704918	11.6185718518879	0.747207043270789	1.09791713658828	1.05150700613979
3133	1175	38.9810005497792	16.3884655894668	0.549084591513325	72.4784355622293	0.0477989057027082	11.9309090909091	0.621137214115048	16.7456862159749	0.343001131075434	18.6696650717703	355.947889629816	1.2083920982204	1.50806195148907	11.9309090909091	0.831330458002138	0.161840768406918	0.482928043952922	0.03627447917032	28.6094974642692	0.196333132958673	18.7993510977964	0.269089932307873	18.9709543568465	356.48955383242	1.25368462063984	1.6376504695876	28.6094974642692	1.02362082476492	0.0324805000841697	0.229421086098867	579.010852218321	472.533673795085	137.227895785588	0.744777999934122	0.165518198572959	0.0285163886897509
108	40	6.06501682514231	2.35636285634039	1.78553213356689	10.0044052796755	0.0454066664585999	12.1899441340782	0.600528771781791	16.2575996379639	0.325852114153133	19.0558659217877	368.370658998245	1.18045810600719	1.47416435423961	12.1899441340782	0.850423957160418	0.162427933042125	0.478977191217707	0.0507067718606181	33.1923076923077	0.137241498640338	20.2361522024984	0.257770614128541	19.0641025641026	364.116449587907	1.16538337891445	1.46546739747381	33.1923076923077	1.01455314824168	0.0501970724414355	0.269591313134707	549.046296296296	430.111111111111	20.5242290352229	0.934170221906991	0.577976750638676	0.848230016469244
196	74	7.57129574325842	2.64868080117718	2.27452946674822	12.4351495268278	0.0452865651699349	12.0674846625767	0.616526092697491	16.7344273401332	0.332297338562225	18.9693251533742	366.57505307084	1.20124060908856	1.51373627199915	12.0674846625767	0.841806484566773	0.177428501579807	0.505237244162246	0.0364633387981232	30.0902255639098	0.157673682544708	18.8613827802589	0.214747271606346	19.4135338345865	372.323612996327	1.2209994471186	1.57948514043485	30.0902255639098	0.999643777999419	0.0716852631913812	0.332868864057277	246.642857142857	437.367346938775	25.0218957552064	0.863653392754845	-1.34285810311334	0.44978243981271
230	72	8.64022414414725	3.26599797738419	1.4764091406576	13.3941034105624	0.0334086561320762	13.8486759142497	0.690714816806778	23.3881981206935	0.310306350926483	21.6973518284994	491.177066128027	1.3141982560145	1.64697167481955	13.8486759142497	0.835176991534732	0.214561241974543	0.571740596926401	0.0306014169345526	40.9162011173184	0.225953715315418	27.4300739677288	0.249748900518779	21.7877094972067	483.793314530782	1.31848333261549	1.68519231565679	40.9162011173184	1.0455426615336	0.0934500242891166	0.390225661035072	455.086956521739	433.995652173913	29.9562570311335	0.875174209501527	0.344276625385497	0.557535733275966
117	45	6.11184930698609	1.92433776309447	2.38700183866241	9.64180711508195	0.0459374748315391	12.1554404145078	0.636702675877385	17.7293283041155	0.316476582553998	19.3523316062176	383.826497275455	1.21219311519443	1.52215830816351	12.1554404145078	0.850628635077856	0.177150546709122	0.506069197131489	0.0381333333333333	26.2933333333333	0.182385069544262	17.0792888888889	0.25078974630196	19.9466666666667	391.350108742799	1.14969120462553	1.501515083322	26.2933333333333	1.00530048765445	0.0874249424977805	0.358141633956105	599.880341880342	433.034188034188	18.7511818519168	0.856932291251883	-0.520403261986957	0.726056968829641
62	25	4.04388286955855	0.703570420989222	2.75535841588713	5.64907072003883	0.0492190787356749	12.2786069651741	0.608438879846682	16.6790425979555	0.332738046346475	18.726368159204	358.516601590755	1.17418772017854	1.46968200265131	12.2786069651741	0.852131949604844	0.169250254811036	0.487798833823174	0.0489408327246165	31.5945945945946	0.0986047577863668	18.5253834915997	0.248903098719725	20.0810810810811	399.628146233087	1.07789169452591	1.39718780385175	31.5945945945946	0.991072736197688	0.064526105315439	0.298249812364077	125.548387096774	433.161290322581	9.33085266746	0.180652280764234	-0.0440036867673215	1.24658396494443
56	26	3.77827121584617	1.01750553172073	0.998519614288237	5.44173005904399	0.0691180268595041	12.1590909090909	0.402044833936623	11.1672262396694	0.34753182429653	16.8863636363636	280.067553545027	1.02579178363901	1.29686021145824	12.1590909090909	0.793746915567251	0.109959233340105	0.374252127590173	0.0881632653061225	17.4571428571429	0.0782526238658657	10.4695918367347	0.40644098962033	16.4857142857143	262.544921770339	0.925389826354744	1.16285639642057	17.4571428571429	0.839056699608646	0.115072979807008	0.363818063462914	266.875	433.142857142857	10.7007950831834	0.707423742861552	1.21821180066027	1.04100111598242
1506	533	23.7160009931261	9.53357470646349	0.533984565448778	45.3863750282264	0.0435617595353387	12.1913592424541	0.653591085353787	18.5967746888169	0.339458125779131	19.2988755178536	384.225359727564	1.24258519523334	1.54889434202026	12.1913592424541	0.83512441819036	0.177566875176884	0.510427371565209	0.0306761130928788	29.713601532567	0.230398709226421	20.3045424226743	0.246682856745647	19.7806513409962	389.004658706473	1.30093027848164	1.68227224941664	29.713601532567	1.03351766843288	0.041804393957853	0.263265620773901	295.926294820717	471.318725099602	80.1333462642824	0.652204057806657	0.963535975695355	0.0666162862526353
79	31	4.67431128673527	1.38782135947417	2.19947018499752	6.93975862259305	0.0497864094772537	13.088122605364	0.536370131781343	15.1148397704085	0.32351467085747	19.0651340996169	364.550680854696	1.14365412785042	1.46277861200471	13.088122605364	0.832369375744241	0.155447616348965	0.467446503953106	0.0665224445646295	24.5813953488372	-0.0975188650769707	12.1986208761493	0.259981977602377	20.8604651162791	415.115266494773	0.988319325272689	1.25533789807207	24.5813953488372	0.884863190928413	0.0415809677412686	0.227838882030878	430.025316455696	434.26582278481	14.6511203039452	0.876561308142886	0.383323050928021	1.03303150731985
340	116	11.4374890894603	5.0542302527074	1.55662540121721	21.804989461092	0.0375214785375929	13.1928133216477	0.672120956946335	21.118415008745	0.309481162667738	20.3900087642419	432.920954510825	1.26829054130251	1.59801018734936	13.1928133216477	0.838535061057995	0.197764844344824	0.543885563885211	0.0354376969502751	26.6962025316456	0.32401545456328	20.7461633641332	0.293101238570156	20.5611814345992	424.872270912556	1.25875101799957	1.59664179461558	26.6962025316456	1.01370517553378	0.082130553324335	0.357506108639337	20.7970588235294	446.726470588235	39.3522398931454	0.847835384230047	-0.550482080190141	0.317521255119064
500	198	14.7345200840433	6.81236781121235	2.30736788052267	30.6325684454694	0.0498173819692408	11.9432367149758	0.578104248094174	15.1542509743518	0.338191430659461	18.512077294686	345.410022489347	1.17032838326083	1.47729884803904	11.9432367149758	0.829761154814873	0.150515907255998	0.462307669420535	0.0391399128022195	29.4655172413793	0.115869781528862	17.6635618972123	0.261966531025146	18.735632183908	343.973376140785	1.22036325096514	1.58560511119131	29.4655172413793	1.01797017639333	0.0413131045906383	0.254361944214076	503.59	453.916	52.0024731311913	0.776258743356069	0.126856329694451	0.160268985490756
156	50	7.0269710430367	2.30340573072215	2.55264568634194	11.5393240703258	0.0355279937112412	13.3457943925234	0.715302687374491	24.4385675604856	0.3371430739743	21.9476635514019	507.041036935462	1.29257795278855	1.59831256610782	13.3457943925234	0.813272872717323	0.250039465308197	0.605522079907889	0.0285493827160494	34.1851851851852	0.299841613783465	25.4124657064472	0.24471732894807	22.8703703703704	529.422674233975	1.28431013249067	1.6255672222166	34.1851851851852	1.01122042900504	0.10557141944176	0.407077780525064	123.128205128205	445.416666666667	22.0409079286507	0.890704883424149	-0.396005978003507	0.784141526336012
232	90	8.41526595390625	3.51346126151086	0.806225774829834	14.8677503341965	0.0483336445500898	12.0959792477302	0.710517189499535	21.8923963858482	0.350754295327424	19.5278858625162	405.927394517214	1.23980810071873	1.53106495587179	12.0959792477302	0.816542198178626	0.213467088645906	0.553549280434477	0.0362330905306973	34.8516129032258	0.317004611978746	26.5137981269511	0.24655515577489	20.4645161290323	435.702362977322	1.26819399762532	1.63545001045592	34.8516129032258	1.00811263367519	0.108275156718645	0.413199315557468	260.047413793103	452.530172413793	25.8088142002941	0.664167234605025	-0.735946477041696	0.35992567685572
63	26	4.28719126234273	1.11479690759389	2.51768889985433	6.39954232831021	0.0541143924870781	12.0591133004926	0.558627452025301	14.6609235846538	0.369153729883953	18.128078817734	331.664647454608	1.12572408621269	1.39564571212084	12.0591133004926	0.834701251445607	0.149497901061161	0.449315767187708	0.0771428571428572	19.8	0.110903392533129	12.1348979591837	0.28804849669699	18.6571428571429	339.509010866502	0.91540057996591	1.14762371947812	19.8	0.790772226605408	0.0365481380487767	0.204510232804038	451.492063492063	447.349206349206	12.6188182452988	0.854595330990145	-0.451687338701586	1.17112625548022
186	64	7.59590039674267	2.88369986252722	2.45630764881458	12.3896003674705	0.0400516474439989	13.1261829652997	0.681797237913459	21.6255012986496	0.30960914838072	20.8895899053628	454.935571767187	1.25391447674846	1.58363223409864	13.1261829652997	0.838341120234807	0.20561103629314	0.551688147288779	0.0296020045451896	38.8625954198473	0.185947571010686	24.8698356739118	0.202587205262848	21.8702290076336	480.363175514721	1.28512691318379	1.66972850133711	38.8625954198473	1.03588761175654	0.0807475426132809	0.362043393649466	97.9569892473118	453.629032258065	25.8635285941234	0.871739450509391	-0.275911412107193	0.570640853093458
174	62	7.56372169746289	2.63645294184184	2.88497849845097	11.9515367199697	0.0410706589476872	12.8361774744027	0.615618614560669	17.697189250894	0.310756684131509	19.5221843003413	388.583383091938	1.22926754103896	1.54802422561705	12.8361774744027	0.838730456295371	0.180293407231716	0.513971131002141	0.037882797731569	24.8086956521739	0.193216621318736	16.3750661625709	0.307356071628805	19.8869565217391	384.866778135711	1.22750290868814	1.50969449553313	24.8086956521739	0.966423703877017	0.0892918362898709	0.362767416882861	328.057471264368	462.045977011494	23.3240846608633	0.787101968140564	1.11281250985551	0.568821146435613
67	29	4.31087902114163	1.20004303169631	2.4865870865269	6.39048415635899	0.0617198485667929	11.7767441860465	0.507509756984592	12.956322336398	0.345387578886895	17.7488372093023	314.255131333317	1.06931125159683	1.35433698734975	11.7767441860465	0.805431310191977	0.137858019311669	0.426264922177014	0.0630193905817174	26.6842105263158	0.0377104040757193	14.8649584487535	0.334292655666742	18.4736842105263	334.322956858085	0.993771922720434	1.27607050137012	26.6842105263158	0.915549254732714	0.0736329679269187	0.304869126580968	52.5074626865672	458.955223880597	13.0158327479553	0.837185609582774	-1.53763205129688	1.00112583966952
436	170	12.4561502972334	4.84594090988982	0.549866293908328	21.835669684904	0.0492573105216569	12.1091160220994	0.558357199117174	14.7091740178871	0.348435001962789	18.3370165745856	337.182152296021	1.17733789908088	1.47186086535096	12.1091160220994	0.827729196957559	0.145694521561137	0.454413315990197	0.0397391070467994	25.0699300699301	0.108188011930144	15.0556139664531	0.308811958061454	18.7202797202797	337.900592162831	1.20605503384416	1.56007761338385	25.0699300699301	1.00487485419458	0.0231243479793078	0.189313911727302	245.247706422018	471.885321100917	46.4799075680806	0.823213208288654	0.539755585992364	0.189582615496907
491	194	13.6805793276175	5.97659034390506	1.84123826785615	26.0411738536996	0.0476099146388477	11.7408555486671	0.701054708398566	20.6371307368179	0.348540682471611	19.1618102913825	387.719513908227	1.24779771715388	1.54703342118024	11.7408555486671	0.839876773642974	0.191796113056483	0.528934842740432	0.0343193167767351	29.2476780185759	0.308078518180397	22.1351134392163	0.269641885078506	19.7306501547988	395.15632988178	1.29526151925623	1.67652530208171	29.2476780185759	1.04758942193446	0.0789078314237481	0.358694175193793	25.9857433808554	471.132382892057	49.1028181377684	0.829228521792217	0.304568338771904	0.163941119450801
37	21	3.04874193077285	1.01795795550929	1.07010500258307	4.31524219398444	0.112268518518519	8.2962962962963	0.37712895377129	7.65972222222222	0.414820340702693	14.5	203.371868097939	0.897453344856848	1.12567265956356	8.2962962962963	0.770976894666897	0.0898411538354809	0.316977720074886	0.148199445983379	22	-0.145040369088812	10.606648199446	0.394557124518614	14.3157894736842	202.95374859529	0.658294981739272	0.864262873509364	22	0.570999847757059	0.0360212762682475	0.176650994482631	574.486486486486	468.756756756757	9.62747488266279	0.804218583206786	-0.286863564743761	1.05432134406188
154	64	7.20978629553437	2.72810658829523	1.31035911704578	11.791078874116	0.0641391282782566	13.8700787401575	0.660445589225229	21.4239413478827	0.348319927509367	20.0708661417323	426.798696578427	1.12428307440708	1.39507035063995	13.8700787401575	0.696634256100947	0.245072837095016	0.568065596654296	0.0822222222222222	37.9428571428572	0.179745405774255	24.1287074829932	0.418759202312479	20.4571428571429	432.746098289627	1.01044325282667	1.30496140515572	37.9428571428572	0.802592536516791	0.203208490159827	0.505563818761121	50.9350649350649	480.194805194805	23.9644643492456	0.881962494842101	-1.2749662685424	0.472466082668777
214	73	7.8421396510201	2.79576277462596	1.01342091716064	12.8356164383562	0.0437478913133881	12.4341736694678	0.678190770786594	20.3191688440082	0.330110129902517	19.7394957983193	407.092626471645	1.23949242629045	1.54771909450046	12.4341736694678	0.832765422047153	0.197863616446793	0.536777634693708	0.0355603022032357	35.5660377358491	0.199867051629618	23.2250800996796	0.246719485617432	20.2075471698113	412.722779599776	1.25000257835891	1.61180290055588	35.5660377358491	1.03693280537097	0.0707301434333316	0.333865535814281	493.985981308411	477.5	24.3578475578028	0.743482037872455	-0.0962285047947551	0.504635637356514
497	168	15.9143193616297	7.74629559435968	0.340952464086187	31.1283374345613	0.0364678344253879	12.6265486725664	0.770367891420956	28.4929946659009	0.328058779157165	21.2837758112094	495.471241418084	1.33068553859636	1.65202878478137	12.6265486725664	0.847546597245718	0.229478374161532	0.590208083662912	0.0222936357908002	34.0231884057971	0.45008474942226	31.9349380382273	0.200073854765792	22.4231884057971	532.028791147693	1.39196810357543	1.80491483018871	34.0231884057971	1.07841039002563	0.109687963232863	0.434720893548632	692.782696177062	490.169014084507	67.2091757370444	0.960622237771634	-0.391510631950635	0.221282815877853
317	104	12.1059696664359	6.23671302944626	1.19327659143584	23.0913916982527	0.0352923605343065	13.0571955719557	0.698552100976645	22.657466537765	0.297090845666926	20.9077490774908	458.23802393424	1.29486164715214	1.63140047889528	13.0571955719557	0.852971303670238	0.200358464471157	0.551897912940086	0.0243511756068725	34.7947598253275	0.245927275312056	24.0712228981141	0.217261059150472	21.4934497816594	463.976981930345	1.33193073761867	1.75457207611449	34.7947598253275	1.06429884818755	0.0578480565895387	0.315031454365482	526.239747634069	490.015772870662	49.5252072906943	0.975229105816174	1.12779565802337	0.368300618042886
75	33	4.58980884175948	1.93150623101265	0.334707909611714	7.59325252643497	0.0664854176964904	10.1512605042017	0.325948172582999	8.53002965892239	0.379686084045946	16.1764705882353	249.82179934983	1.01556885983068	1.25631701396559	10.1512605042017	0.826203309015593	0.061260657719213	0.276269279609654	0.0748299319727891	13.2619047619048	-0.0518175482768704	7.30428004535147	0.341727085844733	15.5952380952381	227.067690119136	0.928524942672701	1.15788112984526	13.2619047619048	0.807720509002203	0.0251409349615977	0.170442019163184	477.12	478.32	16.510322745958	0.907061612614765	-1.26142791919982	0.865452521650081
354	136	11.1454984010011	4.72066496131835	1.54604221798515	20.5707304785742	0.0485938903960387	12.1153519932146	0.521459841022301	13.6586575503888	0.35059506468577	18.2697201017812	331.286699471299	1.15927237932346	1.45943243216827	12.1153519932146	0.827928119293831	0.136660568236153	0.438989611273507	0.0497115384615384	30.9807692307692	0.0148362564530371	16.7236649408284	0.304405159888122	18.0730769230769	318.394614535079	1.14733546213836	1.49600730928242	30.9807692307692	0.993774725429306	0.0300107855478119	0.211085592278154	652.940677966102	487.435028248588	41.665603792908	0.856003270431112	-0.463953860310673	0.24051120228607
54	22	3.69066047937391	0.386893244981539	2.95454545454547	4.35913593682307	0.0385307621671258	12.3757575757576	0.663358838116897	19.381230486685	0.298223027634792	20.3515151515152	426.706711278956	1.23195587552833	1.55532114481087	12.3757575757576	0.84811917733637	0.205591080159102	0.547544308102163	0.0428994082840237	36.5384615384615	0.0890986871219933	21.0562130177515	0.180017553076981	21.0769230769231	443.132017871574	1.09078719879422	1.40623320252839	36.5384615384615	0.940045849461451	0.152264658750682	0.454826364034903	896.740740740741	478.166666666667	8.59379781324965	0.338971423242075	-1.20027947687415	1.40203308507313
34	20	2.99391372306315	1.11197150091815	0.948683298050496	5.10881590977791	0.117971678467305	9.22448979591837	0.306346795283359	7.64920866305706	0.422178085371363	14.5102040816327	204.112099407444	0.844928579428742	1.07111721028506	9.22448979591837	0.743207320522146	0.0868770104947396	0.304465389173575	0.233333333333333	29.3333333333333	-0.199999999999998	13.2222222222222	0.417430011404186	14.6666666666667	219.012836418578	0.543732096860644	0.724350094259033	29.3333333333333	0.543732096860644	0.0775144976245143	0.238198000162889	805.852941176471	478.411764705882	10.0028848167723	0.874881874036239	0.92858196526031	1.06814150222053
266	111	12.7245455749651	6.42914384377835	0.830051976433322	24.1368988725661	0.05608270577355	11.416091954023	0.596574541155155	15.148948341921	0.346991423940714	18.0436781609195	330.645235256359	1.14795284820515	1.44099342531476	11.416091954023	0.818721299709383	0.160082025116894	0.470936220910652	0.0509953922495273	30.1141304347826	0.1007151189329	17.7433763586956	0.270158664059335	18.125	324.237760137983	1.17276164814855	1.48362881459567	30.1141304347826	0.990714160851605	0.0448940297711585	0.256643963965487	512.259398496241	501.165413533835	53.6556626089694	0.978418227322171	1.26633950971323	0.271297344648936
165	51	6.9945815216565	2.28313376116026	0.610682804015602	10.1633902864434	0.0311840577357689	13.6219081272085	0.70884971800083	24.3932593739465	0.317073278449292	22.2579505300353	518.597728696575	1.31405883512826	1.64625026430061	13.6219081272085	0.842792316812159	0.221284121678011	0.579732897595796	0.024234404536862	38.6086956521739	0.20958773483263	25.4231379962193	0.211577193955873	23.2695652173913	539.205699565194	1.35788241500274	1.69541123265747	38.6086956521739	1.05885975118215	0.103134394393981	0.410323670930214	790.618181818182	487.345454545455	21.3186214562328	0.831116274280498	-1.12117497596984	0.797174606447237
126	55	7.55870040757322	3.54707634931803	0.782029569731175	13.3038862153039	0.0650980368366134	10.9802955665025	0.407625938743487	10.268042175253	0.379958335617565	16.7635467980296	272.757501913857	1.05795452077533	1.30622461327162	10.9802955665025	0.797100535156583	0.100563536699562	0.359407975473746	0.0559807256235827	23.9642857142857	-0.0959823960436455	11.9327876984127	0.26779351749315	16.5833333333333	260.452541111237	1.06928563352681	1.36891670149689	23.9642857142857	0.9513790984636	0.030766180429717	0.204627522650925	591.047619047619	487.02380952381	29.7325503104598	0.96662417688446	0.349321335993941	0.523425685093969
559	179	15.7452660676726	5.93165257465236	2.2639694960329	28.1671462472038	0.0365992820908429	13.1246023329799	0.709142615561192	23.5619204379201	0.319066858637066	20.7757158006363	456.796263528597	1.29051156486044	1.60754867772752	13.1246023329799	0.834506383623714	0.210139555127768	0.560719559735861	0.026845198741654	32.0404312668464	0.341029161490688	25.3109629398217	0.260540184443374	21.88948787062	487.757438058459	1.33336913273515	1.74426680974432	32.0404312668464	1.04983475973073	0.0924981982467103	0.394500525469442	24.7227191413238	504.005366726297	51.5327845509765	0.734592063107016	0.989590388389501	0.219237888125426
568	211	17.3562292167133	7.9328964034427	1.03086833170217	31.5059031170901	0.0487174215233608	11.6997885835095	0.621419883702893	16.4521963513894	0.357064710717242	18.6670190274841	355.034398913419	1.20490569342945	1.50144692912216	11.6997885835095	0.829903110866962	0.162830040314069	0.483399650489533	0.0338469348144167	26.8606557377049	0.156921416572288	16.9301020484338	0.267064553157749	19.3633879781421	365.222898769427	1.24259477493498	1.60372035316566	26.8606557377049	0.999672621554787	0.0638400059635921	0.316791770728909	72.8010563380282	501.024647887324	67.8381862357541	0.895493651392328	-0.0479649346728139	0.160322061700232
119	50	5.63681822378519	2.10738708167322	0.803243425120917	8.60495206262069	0.0606694139439985	11.1502590673575	0.433457098973409	10.8406131708234	0.365939343324287	17.0155440414508	282.405259724728	1.07211071895741	1.3457627250965	11.1502590673575	0.811466279271704	0.110243375950197	0.381195474682932	0.0673076923076923	19.2051282051282	-0.0940449438202239	9.77712031558186	0.275360408638488	16.6153846153846	260.441799506682	0.977659510706416	1.25346625492939	19.2051282051282	0.847065327726356	0.0398960607242396	0.223038703583566	837.100840336134	494.756302521008	18.8713867822192	0.796102901234906	-1.49841917936361	0.598159241243497
194	64	7.47846354803718	1.79192932200299	3.81637226507386	11.4701655291293	0.0469033252112409	12.1408882082695	0.552540019571788	14.5664514585762	0.347181301304353	18.6217457886677	346.303779054124	1.1810215655143	1.48350299092225	12.1408882082695	0.837118587581161	0.142065803478908	0.450528412493302	0.0470663265306123	29.7642857142857	0.0685287150955725	16.9770280612245	0.285854403606209	18.9214285714286	350.834292487564	1.12562946161192	1.48070547977374	29.7642857142857	0.978496922820943	0.0687782598986424	0.316379641386594	119.525773195876	494.788659793814	20.9918274481107	0.749726004000845	0.0468705882047088	0.595184545699629
659	222	15.2662465861922	6.11087212306085	1.13496530976167	29.840112104322	0.0413803363871034	12.8747213553277	0.615420238357046	17.7386880946697	0.335623797401353	19.9384752563531	404.155405875318	1.22817395327497	1.54146799706974	12.8747213553277	0.817656400987561	0.180238012609123	0.512965629418751	0.0305908989170296	33.4792531120332	0.118767535279594	19.9956988946471	0.272041134053698	20.1721991701245	399.868295828047	1.26810560916547	1.66649348233773	33.4792531120332	1.03135356217114	0.0571132649624556	0.305499648029999	488.171471927162	508.062215477997	55.0127583725337	0.814006566568808	0.554818610480614	0.168030968161324
503	196	15.1758929748083	6.50623306929779	3.18382064024048	30.1051554943436	0.0481643488588012	12.4069212410501	0.701746012600481	21.7992546038129	0.336015948453124	19.8579952267303	417.927663341822	1.22636711301945	1.52753954993309	12.4069212410501	0.807657961210369	0.215151828651085	0.555040173804007	0.0345619164871242	34.0555555555556	0.268870958727275	24.2897023870593	0.27543846705218	20.6345029239766	433.786362987361	1.27777001279865	1.65483600587549	34.0555555555556	1.03713496962985	0.0892878817753312	0.378543098430018	162.397614314115	507.866799204771	56.4651389716872	0.92606220786867	0.468983112148064	0.164537807658857
292	116	11.7168130357804	6.10462576907085	0.905828990115732	23.1589673245299	0.0533815497776147	12.5108583247156	0.563170361515026	15.320065790529	0.331010771378191	18.3433298862461	340.167622814571	1.15617718496454	1.45347556438151	12.5108583247156	0.807330137035203	0.159049175670503	0.471265876367618	0.0435632781366798	27.0796019900498	0.178416019807356	17.4801180663845	0.32747588574495	18.3731343283582	333.961842504872	1.19404901425072	1.54131467341881	27.0796019900498	0.99172377952954	0.0580463796289544	0.29668898214986	273.133561643836	505.08904109589	46.4241393088744	0.962150688389092	0.524035805128203	0.272694724984607
55	33	3.877484081207	1.62764586624928	0.322125630688957	7.00740786039654	0.132154582492781	7.58490566037736	0.128557275429236	5.3519243700803	0.456505476705255	13.6100628930818	174.301561470874	0.785135226582811	0.974462267880913	7.58490566037736	0.644347510286216	0.0140324179036703	0.116945703906993	0.170857988165681	11.0769230769231	-0.214795587280987	5.55917159763314	0.407100591715976	13.3846153846154	169.450987187649	0.645258105928208	0.842085410785427	11.0769230769231	0.542469786510742	0.0265393409902882	0.149647499480888	542.636363636364	500.763636363636	14.3280797271418	0.8913981660273	0.772199802551958	0.634665182543393
183	70	7.59917732476996	3.27346379408599	0.61627584600351	14.0013191798312	0.0478287002253944	11.4512396694215	0.568558981811385	14.2709213851513	0.350979851771296	18.2942148760331	334.932560878568	1.16820789812417	1.47108700141578	11.4512396694215	0.842869833814606	0.146079504008617	0.454882129001196	0.0368998109640832	26.4	0.0226410023850337	14.5057844990548	0.273979432684269	19.2347826086956	353.783068485429	1.17488420119597	1.54604960865452	26.4	0.980658564926817	0.0273653253097197	0.204909956558065	776.743169398907	504.065573770492	27.4173822772545	0.901106825803862	0.380059679810972	0.469315473964843
3457	1143	44.7367678728672	21.7613350190589	2.16233606375815	95.7735295402373	0.0396224991554255	12.4329563812601	0.646524152943402	18.5867127623988	0.332708279615355	19.7420287390528	399.48828981233	1.26029734981344	1.57655930994858	12.4329563812601	0.845227132317676	0.175167246457273	0.511035733809708	0.0277217051179093	30.4385679414158	0.204490546935726	20.1314935505591	0.257552493847963	20.160292921074	401.313058736175	1.31286199600219	1.72047737987451	30.4385679414158	1.04671674599222	0.0364352591164346	0.248703755427817	219.958923922476	571.400925658085	178.899508806739	0.883383072867052	0.525196444819729	0.0332519242724666
111	38	5.69154922910196	1.38788038787457	3.44827228006308	8.20757369311895	0.03764048156939	12.3582887700535	0.68484448495898	20.6066516057079	0.325603025049392	20.427807486631	432.987152794629	1.27268192865436	1.58545462217345	12.3582887700535	0.850403288462053	0.192458949145747	0.535291271617051	0.0354109918282327	34.6455696202532	0.166785161721664	21.790298029162	0.254725514213611	20.873417721519	434.121154823011	1.23657652119818	1.54849805093621	34.6455696202532	1.00593318458934	0.143303096892331	0.461096473158414	11.8198198198198	506.27027027027	15.2847955449495	0.722160240580296	0.58581846663481	0.965974472433427
318	118	14.0242931365909	7.26006403541617	1.18271205872208	26.4169724785504	0.0480391114889999	12.4817244611059	0.572131839570658	15.5859468119587	0.359683511217774	18.8847235238988	358.642148230305	1.19913375585383	1.48840763582226	12.4817244611059	0.812547891246873	0.159567385222485	0.476945022794165	0.0484544535764001	31.2794759825327	0.0838437047336558	18.0710369748861	0.278732974898966	18.8689956331878	350.690583074347	1.15781523330093	1.48748806171229	31.2794759825327	0.991371288243039	0.0370170543425061	0.233572559096881	614.050314465409	507.534591194969	59.902263502511	0.982592982995904	0.105246563272022	0.286994100500303
110	55	5.87895546740199	2.86844300221084	0.496267056871141	10.8129093339611	0.0855049416914606	9.14035087719298	0.373594811069253	8.29587736397525	0.385574471828342	15.2923976608187	225.223585219254	0.968277211710994	1.20685977223127	9.14035087719298	0.785648529840107	0.0815133576901257	0.312204235332382	0.0804556781772873	20.3962264150943	-0.10097331783199	10.2628159487362	0.349658145108728	15.7924528301887	237.921352128817	0.917429645367553	1.13326247244739	20.3962264150943	0.765613652958227	0.0344679046939266	0.197399719556198	251.663636363636	507.718181818182	24.4319463852236	0.93775396069555	-0.644681547257991	0.456958931431243
81	37	4.88311884589676	1.913086074405	1.44563017516934	8.02079109855152	0.0709228515625	10.4921875	0.360208420562922	9.19969177246094	0.362742926042558	16.1171875	250.931051370318	0.996854442144604	1.24811023313839	10.4921875	0.818122109293394	0.0812396945365815	0.3166950302929	0.0798	19.82	-0.159186347100867	9.5491	0.263141540967079	16.06	243.276603326689	0.930551783799597	1.2105685311573	19.82	0.8702067835467	0.0688236555264187	0.287519083199772	115.654320987654	507.432098765432	16.9726656302174	0.879676626577202	0.75327912257477	0.743517910710806
263	93	10.5505308117126	4.68634428664543	1.06950065770847	19.0831165440339	0.0394042420737903	13.1563554555681	0.766023835192834	29.1147343927341	0.311386529172541	21.4308211473566	504.765260374447	1.29471729732943	1.60784953251016	13.1563554555681	0.828321299015801	0.238710022792684	0.594366121380115	0.0294430272108844	35.7142857142857	0.405247978551166	31.0245181405896	0.219672959517429	23.2619047619048	564.920383762044	1.34075978920839	1.69038412694645	35.7142857142857	1.05426784142001	0.122814349504275	0.44545738702039	684.593155893536	513.277566539924	40.3527006674098	0.914927550436786	-0.139691612673002	0.382119952777947
169	72	7.16453616671285	3.08158988303465	0.185300889779512	12.4813595581472	0.0616977546187266	12.2032667876588	0.559831475558325	14.8620393213461	0.365226913521992	18.010889292196	328.35019884691	1.12582760000241	1.38490223449566	12.2032667876588	0.765442537219638	0.16469481516174	0.469118590775415	0.0430758276966892	28.0566037735849	0.106871483372338	16.7069241723033	0.265428413996227	18.5849056603774	337.53106744532	1.18490639228278	1.50304138822967	28.0566037735849	0.970270339234287	0.0680199267072983	0.316903867106693	651.87573964497	514.189349112426	25.1115585169264	0.827862367000097	1.28023520577428	0.409667560537558
290	87	10.2724618793551	4.06560079707121	1.9191272182838	16.7535980995116	0.0404966837043576	12.9949135300102	0.589299758561344	16.8204357081577	0.319689663748068	19.6419125127162	389.576994071796	1.22208176514482	1.54140135062065	12.9949135300102	0.842007511469886	0.163458135705545	0.489853355613641	0.0296760861207228	35.1274509803922	0.0677553644127449	19.8402537485583	0.235853622741934	20.1764705882353	397.994007061042	1.2619142083674	1.64886759877686	35.1274509803922	1.06067107694227	0.0287855015850441	0.216830461983995	315.365517241379	513.496551724138	36.667806312272	0.919308050388851	0.253791623907565	0.481470138481194
195	82	7.25877536631572	2.64526367676629	0.721163875218181	11.7880915217504	0.055018979807282	11.1943127962085	0.615131136943477	15.5430221443564	0.345506938604235	18.0410742496051	331.578959399615	1.17094729043849	1.46195346475759	11.1943127962085	0.834123358145442	0.159023784069517	0.472436468048262	0.0435917773811884	24.7235772357724	0.24340763200665	17.3387699120894	0.278327796933435	18.739837398374	347.578346478766	1.21993888079743	1.53365703880684	24.7235772357724	0.994215616814012	0.0569510050552326	0.293224285629777	84.1230769230769	514.307692307692	22.0850921290032	0.622072109988637	0.652217001167152	0.364432223349203
57	30	4.19488526304501	1.86656067166296	0.867307455417188	7.34067814003282	0.0909819907113502	9.84971098265896	0.202005327327459	7.17153930969962	0.393546172437706	14.8092485549133	207.49325821174	0.929161669176572	1.15545960861545	9.84971098265896	0.783771427964183	0.0365849062272035	0.205295241129555	0.131920415224914	14.7941176470588	-0.151998922232327	7.42106401384083	0.398623470422778	14.1470588235294	189.426817449991	0.78529699951508	0.988934937758361	14.7941176470588	0.700969442109593	0.0747634597876789	0.271904016355838	407.175438596491	510.122807017544	15.8180791815943	0.935663369144723	0.52069422112925	0.795870138909414
294	121	10.4469257810917	3.94351519699098	1.66033448654144	18.3051638795391	0.052145387476111	11.8319502074689	0.601973678256679	15.8632760713486	0.345675310315291	18.2717842323651	339.644295764933	1.18309962274677	1.47532469645619	11.8319502074689	0.829307551821098	0.159317384410562	0.474747026422435	0.0356172388604821	28.8594594594595	0.145281357560235	17.8824324324324	0.242437648033493	19	354.493854100592	1.22857395057107	1.57472693202978	28.8594594594595	1.02069321253815	0.0453233709603771	0.265375439901065	132.241496598639	521.489795918367	33.9464933079728	0.72115043081819	-1.49864548354981	0.252340206312519
603	248	15.1648366646462	5.55397031363125	4.82680828019689	28.1192681175044	0.0561878726100498	11.0669371196755	0.522522726223281	12.5889673995779	0.35297079499442	17.3073022312373	296.845933358047	1.13457825290236	1.41389532909195	11.0669371196755	0.834146140508749	0.121166414291561	0.408292499883729	0.0437015091933255	24.6082474226804	0.0524715482421488	13.9854926134552	0.266342212424883	17.639175257732	298.31585098196	1.17764045836348	1.50288721604068	24.6082474226804	0.998386784814121	0.0200926574644529	0.173328907290795	437.530679933665	528.636815920398	51.2003727136587	0.645300186109896	1.12141844498508	0.12320371813961
251	85	10.699870503002	4.60163611729691	1.64747893801747	18.6385766568262	0.0484581092946086	12.6801426872771	0.783381698184009	30.2684011022493	0.349512825408468	20.7871581450654	486.857357548952	1.23047397245496	1.49811835869899	12.6801426872771	0.762643765002131	0.270276296540187	0.611437217212916	0.0516262975778547	30.2294117647059	0.501406668628022	31.3146972318339	0.35714374848536	21.4058823529412	499.41897522558	1.19723078825359	1.46744387482821	30.2294117647059	0.90761042836278	0.163167934558022	0.479056658957377	795.318725099602	515.418326693227	38.4682812736748	0.958808764899431	-0.0581150093880113	0.436561802658014
84	39	4.9280683330542	1.60808500289731	1.38675049056305	8.00480624855611	0.0712714413009579	11.5671641791045	0.542002070582841	13.6279655825351	0.377145214370851	17.3805970149254	304.856479708576	1.07379531877601	1.34294084089066	11.5671641791045	0.757686566393987	0.170519244508429	0.470600620673912	0.0670895809304114	28.156862745098	0.0699954284553257	16.1380238369858	0.262891103024954	17.7254901960784	310.118302044443	1.06046486031618	1.34234042066344	28.156862745098	0.907869570001715	0.0380680027688179	0.225295836440592	224.845238095238	515.321428571429	14.4499155609256	0.721784807051181	0.465819731953587	0.694000743988278
197	66	8.74687439972218	4.10259195864064	0.501833186717555	15.652776504661	0.0257645155169506	14.3571428571429	0.739346310364782	28.5406476640243	0.28859787271552	23.4025974025974	580.854566865671	1.37876669432331	1.72406204661387	14.3571428571429	0.860713355530963	0.241889114287351	0.614611520024773	0.0292154141053605	42.4471544715447	0.258271468048061	29.613672417212	0.237419240210412	23.9756097560976	585.532085124224	1.31452968636301	1.64867132958792	42.4471544715447	1.05674647585324	0.117353799953514	0.43103480136937	4.75126903553299	527.639593908629	33.2770207894124	0.961644353980693	1.48669983069767	0.56831382255022
47	25	3.61248144662271	1.25967368703435	0.873613186713695	5.96013422667647	0.0912177455862381	9.91489361702128	0.347503128123984	8.59765605351844	0.398361153104582	15.3758865248227	228.75715127072	0.943928214403849	1.17248036775601	9.91489361702128	0.789180958364908	0.0793650122547637	0.303895432262013	0.0992438563327032	12.4347826086957	-0.0339515875510835	7.01323251417769	0.428780620084968	15.6521739130435	230.589485190365	0.854493765724795	1.05081767594043	12.4347826086957	0.70731480196546	0.120527680875991	0.355087565772639	526.893617021277	515.510638297872	11.3378934821727	0.815305749975493	1.48450121726847	0.94499107019981
3525	1237	51.8992455963161	20.4144515231815	3.71430782985501	107.202306327841	0.0439332568438982	12.0958892546636	0.666418667698777	19.1303449614816	0.340034850400245	19.277791846037	385.486005139805	1.24835717523983	1.55164488082773	12.0958892546636	0.836950533986897	0.180073606734757	0.514189755122854	0.03217080255858	29.044472152951	0.285141958402487	21.3148530637247	0.272379321501844	19.7768079800499	393.101938235129	1.313682618043	1.69158723126163	29.044472152951	1.02425920743258	0.0457647236946764	0.275990365040025	355.658439716312	592.361134751773	201.186278136287	0.863150923629841	1.09013129047657	0.028948734692453
143	58	6.92451475198713	2.77398121608741	1.71532229008383	11.9904093660624	0.0550679040289724	11.3872340425532	0.492670727280059	12.2227252150294	0.369729021984341	17.7872340425532	311.813747914746	1.10460591934725	1.38395595278462	11.3872340425532	0.820805407359628	0.123163159738752	0.407549740154729	0.0476884631403582	25.2551020408163	-0.0452691390266146	13.080669512703	0.261272638735822	17.7448979591837	301.411373334687	1.06125934751712	1.38125236487786	25.2551020408163	0.934471602483717	0.0665406427829259	0.301152793033951	401.41958041958	522.552447552448	24.1990382222802	0.911598507022936	0.944960632569913	0.534182817435601
1910	697	30.4861042526253	16.5369441896218	1.05818276599439	65.9449410170691	0.0484960527356756	12.0883977900552	0.644976386334651	18.0247799368214	0.34413084306097	18.8606156274665	367.423815917615	1.21371522086858	1.51290144555977	12.0883977900552	0.826496284350913	0.174862742474174	0.501655949340403	0.0365914966963517	28.4391371340524	0.259453562763597	20.2014542937932	0.284657029801875	19.175654853621	368.952988875198	1.27073070315113	1.64474581738104	28.4391371340524	1.02099141965984	0.0488444424309225	0.281155494477713	854.781151832461	568.026701570681	121.938485985481	0.907871560485025	-0.837791085584366	0.0494057703200764
66	31	4.30154756768641	1.33094040538311	1.05469565963047	6.50182076475691	0.070993488762865	10.2995169082126	0.534488978336404	12.0625918924596	0.370634943422667	16.6376811594203	276.060619721317	1.07780426210227	1.33642982569225	10.2995169082126	0.795588985149372	0.145963729926195	0.435617213167067	0.0775510204081632	13.4571428571429	0.249128880184017	9.96102040816326	0.347360296301473	16.8857142857143	276.144749729372	0.955936793424514	1.2213141120947	13.4571428571429	0.844816433978288	0.158131107069321	0.434947593366252	267.939393939394	519	12.8595798405131	0.770086093051533	0.37542802312242	0.863038980798861
469	155	12.9732812717235	5.30904516441098	0.374527103837435	22.7148866825948	0.037432232928703	12.6310496543055	0.761306290164599	27.4586981848321	0.321443896037751	21.2834695160277	491.612999483835	1.32327772339168	1.64269026881521	12.6310496543055	0.840670941389727	0.231455463566849	0.591160486351383	0.02522233115087	34.9822485207101	0.39163529585479	29.75105038339	0.248209225293136	21.9585798816568	503.06579396077	1.39055029815221	1.78426522940614	34.9822485207101	1.06272571705985	0.0889799591218026	0.391262066673947	607.464818763326	529.550106609808	48.023443828554	0.879632240621172	0.47731868884738	0.245312292117979
201	66	7.65339035104777	2.84860508618868	1.78176922216803	12.2916147218401	0.0486620429421769	11.9107142857143	0.503843201298218	13.0029739760488	0.340794650500533	18.0029761904762	320.426176859897	1.14103694134424	1.43695769151759	11.9107142857143	0.837101348737091	0.132562888550913	0.429587251650724	0.0453032104637336	24.9034482758621	-0.0233010372845891	13.168192627824	0.316769494922508	17.7586206896552	300.686232719488	1.11780008236377	1.4223076187146	24.9034482758621	0.948365207482132	0.054910322145687	0.277784737769374	535.940298507463	524.502487562189	24.7236513833895	0.83892091857203	-0.840182685090374	0.579853189505554
178	57	7.29075628472536	1.80036176014864	3.05046303293406	10.1682370159995	0.0385523113021359	11.8675496688742	0.729068658494766	22.9013968685584	0.332208010353706	20.6688741721854	451.670484927647	1.27989670759778	1.58871114570934	11.8675496688742	0.850604698247148	0.220407515987415	0.570377694074072	0.0271201873048907	32.1290322580645	0.281282824961665	23.351651925078	0.193946669752127	21.8870967741935	481.375444357195	1.29346016200318	1.68989779109565	32.1290322580645	1.03543318446516	0.0988016585277728	0.401349416027126	41.9831460674157	525.865168539326	18.8956314823964	0.646176172373299	0.928371029313379	0.688462286659259
130	49	5.92280567268652	2.44607101816357	1.03921445358973	10.026412432789	0.0453757586624719	11.8088578088578	0.677805790474451	19.3256828641444	0.331454791183298	19.2820512820513	387.246467999468	1.23343376292399	1.51505340766083	11.8088578088578	0.845476953225803	0.184806256506557	0.515218591916078	0.0462962962962963	32.1	0.251350756034672	22.4386111111111	0.247777517186728	19.6333333333333	394.958807796093	1.1589087590293	1.45435725327029	32.1	0.900672558540128	0.0555405100069231	0.282356546792372	68	521.146153846154	19.7549735046908	0.855278741678631	0.0853464753554532	0.680394910398456
404	116	11.4190848024329	4.84050904757449	0.501558214061708	18.9325438284058	0.0367691485618215	12.457761732852	0.685222205938223	20.7881838678987	0.317564675772363	20.2541516245487	426.475080990038	1.28628123139982	1.60772396632742	12.457761732852	0.853485619328028	0.192462846269861	0.538439993206902	0.0237568288506564	33.7133105802048	0.223821701692638	22.7175039895631	0.243789744974085	21.0170648464164	439.891875859561	1.35148144592928	1.75234113826824	33.7133105802048	1.05341991052437	0.0594433408250339	0.31905167358438	102.995049504951	529.94801980198	40.673626738845	0.869767497541405	-0.575559998922132	0.377289961965005
1254	440	23.751519300536	10.1889380203425	3.27642546733101	43.5643041974345	0.0497373526977731	12.0038314176245	0.581544222540657	15.3430107364102	0.351593861766275	18.4147509578544	342.277329172607	1.18369998455069	1.47734141111079	12.0038314176245	0.825895081566446	0.156271862608429	0.470678030528809	0.0396609504819794	26.2749706227967	0.170446770571316	16.8368201645676	0.298102840039298	18.4841363102233	334.940781534757	1.22526984978376	1.58345607109837	26.2749706227967	1.00909631611415	0.0265813993517333	0.204353608784992	242.566985645933	536.574960127592	90.8380468751602	0.913833250613421	0.0281358467310895	0.0813958096611901
243	98	9.54431109676325	4.02486584829626	2.01333538361854	16.6504412204697	0.05275	11.925	0.591430315099732	15.59359375	0.352447523541641	18.325	340.922045306646	1.1647939899707	1.45522451057575	11.925	0.818507764923646	0.166932893515566	0.482525043087516	0.0488734384295062	27.2743902439024	0.178125379876635	17.5927926085663	0.277286527799914	18.3231707317073	333.0884493397	1.17698546648469	1.47206314609956	27.2743902439024	0.986327389480811	0.0720182126558893	0.322713331540772	635.827160493827	525.958847736626	32.2261257989499	0.771943028238387	1.25637004862586	0.317953775436201
673	241	15.2890698117326	5.78420224311806	1.8555188930391	28.2725143300873	0.0419365887224757	12.5158450704225	0.649204734340692	18.8392445617809	0.331216487502735	19.6716549295775	398.523342782016	1.24118533150929	1.55186398983847	12.5158450704225	0.828411017981542	0.184246624401092	0.519775477821597	0.0315730480068917	31.2920353982301	0.181984823231569	20.1268061320385	0.269661660733224	20.4380530973451	412.258413673632	1.27968091848537	1.66564567504876	31.2920353982301	1.01744573122727	0.0447711342911864	0.271004909769831	752.49925705795	540.141158989599	50.165913817133	0.663185387373526	-0.636474686891398	0.145609879710469
215	81	8.99294862001097	4.18326238011168	0.347876612434723	17.328988938875	0.0475514695095115	11.6755244755245	0.552174483904728	14.0357963714607	0.351454824251204	18.4055944055944	337.479762213928	1.17155537803009	1.46636911799704	11.6755244755245	0.837260132934976	0.140505187134821	0.445830221498837	0.0423724489795918	25.4	0.0733757459116752	14.7056632653061	0.256433620182144	18.6142857142857	334.347899718692	1.15217683083559	1.44452914766032	25.4	0.993462442266289	0.0243567983710107	0.187058872614283	702.344186046512	527.130232558139	35.2105495584224	0.927589630496131	0.273135604923197	0.411792361238717
473	173	15.5491296555836	7.32535091024055	3.18190110426266	29.292183412784	0.0476321783574071	11.6428119062698	0.61620089453191	16.1678465900408	0.358441226309944	18.6523115896137	353.358238591974	1.20726460950841	1.50196541349662	11.6428119062698	0.826987978818637	0.161684448538563	0.481853210761548	0.0302947845804988	28.3460317460317	0.164645205093149	17.966462585034	0.254228110459948	19.3047619047619	364.585603293378	1.2751810804811	1.65305599265155	28.3460317460317	1.03865614480929	0.0539168411893414	0.295849749214923	483.665961945032	534.287526427061	61.3400417790248	0.931454665786111	0.356253068460082	0.198599796204079
5981	2082	67.8630936560502	34.2662069139094	0.569488430973936	146.004351040113	0.0453565153808534	12.0788766059157	0.641951582673378	17.8676581453745	0.344062950804721	19.1362414102181	376.040936886032	1.22956162555534	1.53326592344879	12.0788766059157	0.831424915002178	0.173591668214808	0.502819905477158	0.0335718734859726	28.6118677042802	0.228075559924219	19.5328163087254	0.277376413904727	19.5321011673152	378.501691007081	1.28429873862641	1.67562643279909	28.6118677042802	1.02609035204715	0.0336399820256857	0.236050494820372	644.359973248621	574.380036783147	287.52002401767	0.947306600432286	0.120294434070425	0.0173389269177189
101	35	5.40370847141859	1.18628904348579	2.91176361453647	7.69924459586388	0.0699856914401145	10.960244648318	0.20774430804175	7.91711322466309	0.359507113074301	15.8837920489297	238.695801332691	0.984543977890768	1.23251960128398	10.960244648318	0.82475286795163	0.0472419333273377	0.240607348578376	0.0769954313356625	18	-0.17455808080808	8.66245632894383	0.332135234447251	16.1967213114754	244.654646423422	0.965016839957885	1.18708814823459	18	0.812130860833899	0.0551124475010034	0.255076530033373	731.623762376238	529.237623762376	14.4995225223496	0.675872583936415	-0.933189910883419	1.03608443432676
178	82	7.48936997669357	2.68343632513145	3.21220530768611	12.7748311816327	0.0688903819415282	10.7301587301587	0.553209776254413	13.0080500421476	0.387270347270347	16.8500881834215	285.312843551831	1.10172947168907	1.35903019408044	10.7301587301587	0.791098281937212	0.140696987491179	0.431169452570085	0.0652361187250371	25.5221238938053	0.108561737512992	15.3151382253896	0.304794430397153	17.1504424778761	290.254213805263	1.0720164107043	1.38319254327097	25.5221238938053	0.958945644665689	0.0790853729411075	0.328096684762566	319.292134831461	533.662921348315	26.9431963488095	0.814329929265848	1.06300008985029	0.332661209005939
110	41	5.85153141785733	2.14687550044958	1.61676228479772	9.29354710788731	0.0470632388815913	12.2465753424658	0.482450157813764	12.8313004316007	0.327260082992557	18.3561643835616	331.881978921897	1.12818271019202	1.4290272511234	12.2465753424658	0.832017522647887	0.129072475611026	0.423026385270162	0.0461867192636424	33.3846153846154	-0.0975348802023125	16.2089086127548	0.296152591591893	18.4358974358974	326.284732065809	1.14908995159295	1.46268994225121	33.3846153846154	0.97760091904385	0.0853687572594462	0.349695539791243	825.436363636364	527.990909090909	19.917850649005	0.921661740895637	0.521195428692797	0.822308606531534
123	47	6.18243664083253	2.58144360909632	0.36729098939641	10.6104529206594	0.0479085294810111	11.8574938574939	0.551605760099349	14.222174598096	0.355855709623595	18.5110565110565	341.517810288634	1.17650702877277	1.45870103476151	11.8574938574939	0.839392036184045	0.138650887750662	0.441954870622047	0.038515625	32.325	-0.0134122326615801	16.94859375	0.234672858758835	19.075	352.368913027038	1.16133097249372	1.50550004702712	32.325	1.02439266563301	0.0559250270894626	0.288048434632975	297.536585365854	528.373983739837	21.2201143846067	0.899350884746996	-0.0733672605402046	0.699711899305649
33	16	2.83620380680837	0.483002811840384	1.84666083783677	3.76299830587259	0.07375	10.7	0.365993553280243	9.4384	0.367186645468998	15.92	245.666049813076	0.999797259652391	1.24442826967203	10.7	0.822602261342311	0.088185652259222	0.329329571612167	0.15375	16.2	-0.160874238624148	7.9775	0.391224165341812	14.7	208.270731356026	0.679988182742996	0.875657679924584	16.2	0.558946369822011	0.062714722912778	0.234770598132755	857.848484848485	528.606060606061	7.27200105291849	0.574649545484255	-0.752561809125788	1.61988371200724
184	64	7.12681510851745	2.74613730189923	0.608573190442201	11.5769862800353	0.03711616	13.616	0.721767517909409	25.46874624	0.316369179894827	21.4752	490.740006588888	1.31382550248898	1.6439899634363	13.616	0.845154179467391	0.225402976793982	0.584287998759592	0.0316323731138546	39.0962962962963	0.284214608037353	28.3100685871056	0.243171912951796	21.7481481481481	486.56698652738	1.34170288016349	1.7059489077559	39.0962962962963	1.05667166602592	0.12136631011466	0.44476805260467	665.163043478261	538.114130434783	23.6710036200254	0.850003335416534	-1.55588208951305	0.564504929941916
188	81	8.85165303723313	3.51099678700085	1.99075748868444	14.9216109520201	0.058146446319572	11.4135090609555	0.644775449688538	17.0652030538826	0.359299098870763	17.9472817133443	334.775059480144	1.156577251483	1.42843519275979	11.4135090609555	0.809699169181398	0.182811456443935	0.499791943042397	0.0462891038768448	26.327731092437	0.22102210461325	17.8988948520585	0.295631782346853	18.2268907563025	330.658775981066	1.21539676943385	1.50449740807162	26.327731092437	1.02388843928668	0.0973660196936912	0.377774612323807	793.13829787234	534.941489361702	31.1399451004021	0.913166897439525	0.373902477920187	0.360078901920367
400	135	12.211860477287	5.32553030327711	1.17926763443886	22.364114896785	0.0396121017871442	12.0649926144756	0.683813051287972	20.078890927696	0.341029370668784	19.9409158050222	413.07713214158	1.26401667681377	1.56929645843806	12.0649926144756	0.843071106959783	0.195329046774308	0.536675606191933	0.0345275528414816	32.588850174216	0.241936019074792	22.494788694776	0.272940551796192	20.4494773519164	420.966699337604	1.27719541332814	1.65180259507117	32.588850174216	1.01218037835762	0.0942956268604419	0.388334369099336	823.135	542.6575	43.3246163048037	0.824426649248069	0.0840622035449285	0.275805116364536
169	54	7.35259868301882	2.21332921504046	2.55381046160435	11.0856807749533	0.048419345103365	12.2021276595745	0.55217478789311	14.6237613802123	0.338138291367327	18.241134751773	333.831064800147	1.16664656211208	1.45524066570646	12.2021276595745	0.821421899674767	0.156078754806627	0.467287345441305	0.0411380238369858	24.7941176470588	0.157048208027316	15.7067233756248	0.291220670967332	19.1274509803922	356.13072580848	1.18036347425234	1.4926091069613	24.7941176470588	0.997549682141671	0.0679971438195264	0.31580721646681	681.319526627219	538.402366863905	21.4799491932349	0.786086979856602	1.36250472495652	0.728297885400103
2693	755	38.0111398210019	13.3993968478449	7.24620085750061	66.0165251967465	0.0408489121739457	12.424202420242	0.682717582469133	20.5790906362363	0.333326963808036	19.8545654565457	411.335909565522	1.26844834078371	1.58151490648273	12.424202420242	0.840354744279578	0.191441663952105	0.533414325028423	0.0296963988919667	31.2357894736842	0.279635432457347	22.6805426592798	0.260783808648935	20.3463157894737	417.173337619671	1.32824658000249	1.72171001946078	31.2357894736842	1.04663203389666	0.0478942918599608	0.284627684280043	53.8937987374675	574.846639435574	118.15755112461	0.678136046098259	0.297171169221805	0.059367985727765
169	69	7.04732468169018	3.23230509409378	0.942028985507248	12.9537817678003	0.0564363257595363	11.7877697841727	0.458861734143669	11.8916431602919	0.364380183758093	17.6798561151079	307.235688321146	1.08296226522893	1.36096787337162	11.7877697841727	0.813770930579397	0.116302127985455	0.393311058921274	0.0554094528453503	31.8034188034188	-0.0938274551678656	15.5376762363942	0.271947690386522	17.6495726495727	300.059010896634	1.10533725610473	1.40252440655768	31.8034188034188	0.980319564098486	0.0312714487284688	0.208752501289171	398.633136094675	542.585798816568	25.9857863411132	0.89839006778596	1.08701150977885	0.446065245500252
75	30	4.62760279129053	1.18498155889828	2.46599089842417	6.57883812774807	0.0520584599231147	11.3168724279835	0.547989236969305	13.5183661027282	0.368387774400846	17.9753086419753	321.618542655845	1.15680839156905	1.43075419170409	11.3168724279835	0.831164475491708	0.138256720410625	0.437539358481225	0.0554	26.48	0.0458620391455994	14.8764	0.259610589420575	18.12	321.193783184229	1.02707212955519	1.36335125045631	26.48	0.92682463550168	0.0538312900490708	0.269531027434853	651.746666666667	533.36	12.0001296422677	0.581896725622606	0.291105175213384	1.0471975511966
1056	340	21.6934696738792	8.30341832388483	2.72291474451225	38.8249029391613	0.0399163186391236	12.5991655076495	0.686477627464251	21.0929289443498	0.321120945941694	20.0739916550765	421.571178352992	1.26445609240929	1.58320555973052	12.5991655076495	0.8391665262552	0.195198175393939	0.538498413975418	0.0291624101115718	34.4250645994832	0.262991479682573	24.3545906529388	0.23729485028823	20.3940568475452	422.352195651223	1.33208167079738	1.72711719749586	34.4250645994832	1.0506268221117	0.0610193730251543	0.320942727792628	133.136363636364	565.991477272727	73.2606434325047	0.717403519305971	0.582690566475678	0.114793143328402
90	33	4.86560712104986	0.847872905501033	2.74154514622631	6.54825978046332	0.0412019999776289	11.9598662207358	0.654287201606306	18.2974015950605	0.317442553405567	19.6923076923077	397.640403025079	1.24208647776468	1.55902464641525	11.9598662207358	0.851840861437694	0.175852158821577	0.50952599963103	0.0378930395055093	33.2950819672131	0.095742234970823	19.4101719967751	0.212756590934754	20.3114754098361	405.508303874739	1.20224471221634	1.50820962584203	33.2950819672131	0.984329977357442	0.081123761981267	0.346017257049108	717.6	541.244444444444	11.5577932790418	0.376621813876522	0.308113022815362	1.0385430259801
293	128	10.7750457706157	4.92915631731351	0.888429310989344	21.7401254973522	0.0573897190865653	11.6076759061834	0.5662598697337	14.380910706898	0.362547057858735	17.9147121535181	323.551618567288	1.13270835045936	1.41017961278349	11.6076759061834	0.795010363941476	0.15788570148088	0.46339170642403	0.0413714285714286	26.2742857142857	0.143285762349504	16.3343346938775	0.277165463999604	18.3542857142857	329.394237773794	1.19820269068825	1.53901284905724	26.2742857142857	0.98130142472441	0.0547365710462533	0.28803809920304	889.006825938567	553.897610921502	42.2498915036378	0.904352919820606	1.00282962852562	0.224728185425246
138	50	6.72726833609339	2.76033706894562	1.56984075625523	11.8804208679659	0.0417794006239383	12.0347071583514	0.624006625972717	17.0038819693113	0.324684585646688	19.5140997830803	387.132701204619	1.20694597682941	1.53877979295667	12.0347071583514	0.85020061257561	0.175594217429447	0.506326456632814	0.0292520775623269	32.7263157894737	0.0526585891956485	18.2727146814404	0.211103536383746	20.1578947368421	394.232739389505	1.24049014601049	1.63051247185052	32.7263157894737	1.03566490229302	0.0475801870672894	0.276396314023737	145.239130434783	548.253623188406	23.1337127234686	0.929789904728399	-1.44612069310809	0.693663657912626
264	88	9.29662170862743	3.69936467251216	1.25726196340621	15.4062790743695	0.0364326026678797	12.5819397993311	0.679453374251	20.6257561125963	0.313682287744849	20.4659977703456	433.872739445818	1.28393180250041	1.60258632992342	12.5819397993311	0.852960904337546	0.190356676892116	0.534976747053222	0.028185595567867	34.4894736842105	0.203321164135089	22.6457825484765	0.223587146144634	20.8052631578947	432.025132495413	1.31343215140082	1.70047954754914	34.4894736842105	1.06089403102071	0.0557058085516801	0.304702752428375	418.534090909091	552	31.7097671213291	0.818690233437	0.913702611463176	0.42839899821679
54	27	3.79659991408408	1.14400051820583	1.71573849213336	5.56936555161018	0.0808898243576717	10.289156626506	0.315397802728481	8.51469734359123	0.376571193665453	15.6024096385542	234.103291526767	0.962271019712261	1.20969330704045	10.289156626506	0.820456523982596	0.0807763169802076	0.31115008508004	0.0960207612456747	12.2647058823529	-0.0788722748544699	6.68403979238754	0.32623607104576	14.6176470588235	200.065516723723	0.848331046888678	1.0785304553376	12.2647058823529	0.756336638567281	0.0210963153568427	0.150775317387466	600.111111111111	541.37037037037	11.6492493971123	0.812135024615237	-0.047150377780539	0.930842267730309
165	66	9.11011532980233	4.37727401323873	0.776431998504159	16.8270110594174	0.0542689822708	11.1053604436229	0.492968415587919	11.9513497630526	0.371459273192447	17.4085027726432	297.336792092688	1.14084303056293	1.40210120824559	11.1053604436229	0.829286100844876	0.114786392394902	0.396182489079387	0.0464699783202941	20.8349514563107	0.0490126059458768	11.9543783579979	0.301611316853201	17.5728155339806	293.834029504697	1.11524987167756	1.41870835896387	20.8349514563107	0.931800157487427	0.0513080424584031	0.268300756941323	90.5636363636364	549	37.2172769834876	0.979255981696375	0.566518446925141	0.475998886907544
33	19	2.86912472768508	0.805611397373961	1.45571754588835	4.54372417328347	0.0500446162998215	12.4878048780488	0.632528380495575	17.9915229030339	0.335683967821701	18.9024390243902	369.533530656407	1.18083514882863	1.4736231175964	12.4878048780488	0.852849245680353	0.191097306431368	0.517248642825046	0.173469387755102	31.2857142857143	-0.168000000000001	14.3928571428571	0.349198606271777	17	291.66990900458	0.58707232944513	0.802093754919402	31.2857142857143	0.58707232944513	0.204312681209372	0.408454732301635	898.424242424242	542.484848484848	8.68962742308322	0.806003066955337	1.44888813689833	1.14872639965056
170	69	8.00580776768536	3.14280389461258	1.74063944195137	13.6965339797403	0.0519881661431793	11.0505415162455	0.530713236490593	12.7737622020357	0.352869327500884	17.6462093862816	308.313592347203	1.14563106140746	1.43138312145968	11.0505415162455	0.831679182621585	0.125471356555555	0.417586599359356	0.0417052436663581	26.8440366972477	0.0114619752535412	14.5776449793788	0.264349903766857	18.0366972477064	312.992195925066	1.13919291408372	1.45965332562572	26.8440366972477	0.99576917637412	0.0252448730748904	0.191394952985336	465.511764705882	551.841176470588	27.8600211304272	0.890971392089492	1.03850188799794	0.448704684822739
32	17	2.87706153738982	0.80613432516579	1.55743556410277	4.15320779014208	0.0930747922437673	8.86315789473684	0.183925401456875	6.43036011080333	0.396374941266582	14.6526315789474	202.033837027199	0.89852112138879	1.11399522354827	8.86315789473684	0.776307933813692	0.0343023371060317	0.19527765395018	0.171875	18.5	-0.256900212314225	8.359375	0.333679833679834	14.75	211.906271206874	0.57365451864008	0.799427015388065	18.5	0.57365451864008	0.129484834104885	0.32368845701314	369.34375	545.375	9.04977560459104	0.866121788264421	-0.522276269969525	1.39143204034427
142	62	6.89745539935355	2.2571495294552	2.29474810961385	11.1575837589591	0.0598983096896894	10.4493392070485	0.702246928497268	18.5469881037862	0.379360072493008	18.2599118942731	351.423268651999	1.18113396832354	1.45802732302587	10.4493392070485	0.791703849532255	0.196018957917692	0.521118285224876	0.0383522727272727	30.5681818181818	0.221392625727722	20.6300361570248	0.25422442342116	19.3409090909091	376.502421161061	1.2149481963484	1.55067090510081	30.5681818181818	1.03411926227736	0.0871626816926008	0.363026378598889	795.704225352113	553.640845070423	19.4097822618784	0.681933370816721	-1.1974153472617	0.464210360884236
221	70	8.39920876862724	3.53036770643626	2.14238089945912	13.7930032543862	0.0350423227051445	12.5245033112583	0.686662153678483	20.9856216832595	0.311659558752664	20.553642384106	438.472650959785	1.29086305354191	1.61441967545005	12.5245033112583	0.856329028436863	0.191380389970464	0.537969919053758	0.0284810126582279	35.3481012658228	0.191820297864176	22.8689613042782	0.223109815709639	21.2848101265823	452.401534771076	1.27796652695902	1.67251197061869	35.3481012658228	1.05608570583797	0.0840628806994004	0.36946319340962	282.669683257919	555.886877828054	30.649040323911	0.904320383809956	-0.827919322820677	0.566768960361914
831	322	18.4304956677266	8.33086857668493	2.30926673606582	40.6925731293728	0.0518882299945442	11.5323346729996	0.609691570263321	15.7733610068068	0.362758386125319	18.3361344537815	341.764440307902	1.18377802809836	1.47523504344847	11.5323346729996	0.820106502340556	0.162858579604482	0.479734015701492	0.0377118898062587	29.7513321492007	0.122076046121531	17.9441396477258	0.276547531048938	18.6607460035524	341.981591279573	1.22640159838847	1.5980825163058	29.7513321492007	1.01434388305214	0.0391917902502497	0.248768532347506	491.391095066185	566.529482551143	68.7485346009115	0.814977374714198	-0.19184605159952	0.100716156596316
128	43	6.22274656666007	1.90980492690892	2.6329443385059	9.70146599237962	0.0289869228811101	14.0875912408759	0.648942959371509	21.0645331249519	0.288291335229935	21.9318734793187	491.858894999235	1.29965707534741	1.64552360220658	14.0875912408759	0.863238160453865	0.19557504426135	0.547741514701304	0.0285813148788927	38.7411764705882	0.0674822303401015	21.7723529411765	0.218443082689079	22.2	482.091967901895	1.27767382417104	1.60039815568314	38.7411764705882	0.969362776820923	0.116307159753113	0.423470335934295	8.609375	553.203125	19.1033384640897	0.871974823579735	0.184901870830612	0.869927224790684
103	33	5.28172879642733	1.10618026042635	2.48651089992861	7.0732751469138	0.0347387755102041	12.5257142857143	0.687353676263534	21.0317632653061	0.297746082216671	20.8742857142857	451.375761646653	1.28412433488043	1.59971579528603	12.5257142857143	0.844859804593811	0.200578239797862	0.547696881730785	0.0274835646457268	33.6351351351351	0.174192680603036	21.3650018261505	0.181474757013882	21.2837837837838	447.990751509432	1.27963723013234	1.6508994052486	33.6351351351351	1.05875977657684	0.0710679695587896	0.338438551855475	201.155339805825	555.553398058252	13.8803097097975	0.674084458464438	0.412926019690659	1.18855479639944
280	91	9.62238035201021	3.95797455437224	0.521254559368429	15.8667962361398	0.0367450650714684	13.4615384615385	0.683430838332589	22.2616074014203	0.324550581380715	21.0873180873181	463.746645738457	1.2842437150315	1.60310032166636	13.4615384615385	0.823447686812164	0.209101345101271	0.558805022273977	0.0310188609467455	35.9471153846154	0.252017888477649	25.0293951090976	0.272849802883852	21.3894230769231	463.625710953463	1.30322767058274	1.6880184192904	35.9471153846154	1.03761167775186	0.10043183061567	0.404315398150208	366.6	563.557142857143	32.9354114391363	0.833176560097388	-1.3052045027397	0.424898414686701
355	125	12.4902628002001	5.26058163912862	1.14176004484307	22.9263083814207	0.0404033154868576	12.4808013355593	0.666031064366365	19.6855722252725	0.335097969119377	19.8297161936561	407.059122814164	1.26098884769528	1.57196742746621	12.4808013355593	0.845086775668267	0.194540830382452	0.536049475983919	0.033072	30.656	0.228278828176038	20.862096	0.260694516613227	20.296	410.492245224944	1.27759151703425	1.65771962728636	30.656	1.01190311534278	0.0689530733938809	0.334136630889213	397.907042253521	569.357746478873	47.4497798395047	0.909829178468536	1.09389436300478	0.28550794035824
1054	419	21.5223625952654	9.1281516463122	2.93352472218966	39.3159508611543	0.050748943057207	11.4189655172414	0.621427474370458	16.0816088651077	0.352216701176133	18.332183908046	342.579908513027	1.19531025589349	1.48364935956377	11.4189655172414	0.834527688226352	0.15812480618311	0.474219132082137	0.039272354659846	27.1279887482419	0.210320162605163	18.1765742669444	0.291354995885256	18.7172995780591	346.528792812036	1.25446806388301	1.60477434623112	27.1279887482419	1.00596094122347	0.0393936803566009	0.249905592106459	435.343453510436	590.337760910816	80.7913847832528	0.862363609132148	-0.911180765684506	0.0754436043741752
582	223	14.045314677602	5.7800571624935	0.375103463241906	26.9388426018033	0.0515923984063236	12.4344685242518	0.607245247896922	16.8298129528276	0.348381671109772	18.8689370485036	363.389141348642	1.19114425467374	1.48590074216027	12.4344685242518	0.807095567550644	0.168561341267604	0.489184126128018	0.0334319526627219	34	0.102595694319598	19.9435239973702	0.250509102043648	19.4358974358974	372.581104354703	1.24779670038296	1.63720611393368	34	1.03202611741253	0.0497299670632045	0.283025901620232	804.156357388316	574.76116838488	50.2425473378493	0.807244991982205	-0.595300488339021	0.147069671571056
110	38	5.75586814447871	1.73150173169578	3.1040363321402	9.2339926629067	0.0401109221985463	12.2179836512262	0.694905701584437	21.0232906918902	0.322133384694692	20.1634877384196	425.348957246317	1.25651076879324	1.57042813842026	12.2179836512262	0.839561743415428	0.201688172093429	0.544887878066838	0.0289256198347107	33.2727272727273	0.184143920595534	21.3912970146736	0.22517993456144	20.5974025974026	421.500703011624	1.27880424696172	1.64436505536571	33.2727272727273	1.05046567687296	0.0582871825561718	0.306603890326306	93.5272727272727	564.336363636364	17.636710544293	0.871178512828374	0.457824415572878	0.957271999708801
207	70	8.88894315530288	3.0076358249069	4.06704024156759	14.5944496019436	0.0565548111901343	11.7008797653959	0.529776030255469	13.4418155158624	0.351657337995099	17.7272727272727	313.558036405423	1.12933146615938	1.41917381957595	11.7008797653959	0.820501305316345	0.137018233541184	0.434056848159307	0.0411461431687487	27	0.0496030153384424	15.204590521515	0.293033931839486	18.6585365853659	335.368748011203	1.17853698796474	1.52392478807728	27	1.0086097824831	0.0380809992786945	0.239672912834608	532.299516908213	572.256038647343	28.1069871369297	0.862343870044535	-1.20444995741569	0.530865044320887
72	26	4.3744793179524	0.853999597301588	3.04138126514911	5.59016994374947	0.0406770833333333	13.6333333333333	0.616644861455547	18.7815972222222	0.304476050711345	20.0833333333333	413.102417534769	1.22572579740202	1.54870431857382	13.6333333333333	0.842991554721964	0.190011713024925	0.526869515385577	0.0434027777777778	40.75	0.0410001838573267	22.24609375	0.236642525790512	21.125	443.520848141896	1.14284613356468	1.46177959328835	40.75	0.99223071444028	0.107305888146576	0.390822792300991	296.958333333333	566.444444444444	12.0207592172872	0.76630165656014	1.5358487903174	1.33843000626311
410	136	12.9581447132423	5.72173471369682	0.216256487791914	22.6816783235807	0.037355612244898	12.8942857142857	0.628830944955456	18.3698285714286	0.324553363965129	20.08	410.84357897961	1.25824263231029	1.57820324088941	12.8942857142857	0.844618297751698	0.176944206142634	0.513689599962961	0.0284057225310679	35.2073578595318	0.123393162625249	21.0816126217828	0.244515668675155	20.4782608695652	413.035504124637	1.29711357601061	1.68169039501322	35.2073578595318	1.04067646033848	0.0572558465426735	0.307196837237622	588.807317073171	580.70243902439	50.9969021636764	0.926058434810212	-0.317456337058423	0.278558172139233
514	195	14.728098713188	6.72064771169713	1.20601167834738	27.1875367857407	0.0454635509019406	11.8445353594389	0.656886219569582	18.2603608992045	0.34200685633972	19.0999415546464	376.45270293569	1.23221101329585	1.53732421399441	11.8445353594389	0.834235152474869	0.1775428869953	0.508757382134559	0.0302508650519031	27.2441176470588	0.24311846956806	18.9976102941176	0.246287326365405	19.75	385.785954054388	1.28274166193108	1.66670456882296	27.2441176470588	1.03037959734693	0.0422828926797044	0.26356140087098	755.243190661479	583.714007782101	55.6805768788016	0.867079383430112	-0.199584602099516	0.16986494400475
124	49	6.04183467114348	1.8917450795193	2.57126659677742	9.47064119079405	0.0498786524413687	12.171568627451	0.514287577287164	13.5296039984621	0.342454145654838	18.1960784313725	328.702674814944	1.14451464828958	1.44723800976677	12.171568627451	0.828500984611834	0.14005537538113	0.442537610815748	0.0375704923030026	26.2345679012346	-0.0181748273465334	13.883135192806	0.241926135156206	18.3827160493827	322.55513028441	1.14156883075423	1.50782800897053	26.2345679012346	0.99230352428999	0.0501803130916305	0.273267760116111	417.685483870968	572.072580645161	15.4882456018231	0.351079474003218	0.397750923103956	0.648992068380066
130	44	6.21924880313235	1.7136647291917	2.33991594113347	9.26492541660249	0.038481724747642	13.6749435665914	0.715291763737358	25.0157147297566	0.331209263664449	21.6568848758465	497.390766803049	1.28526610240058	1.60008115833704	13.6749435665914	0.803808916184827	0.244586044389988	0.599786160324711	0.0237151539172942	39.6781609195402	0.213032791610547	26.2095389087066	0.238687933562653	23.264367816092	543.347348734395	1.30560295968192	1.71034702199931	39.6781609195402	1.06283056472223	0.117727568724226	0.438873906322789	719.861538461538	573.815384615385	15.9619921366861	0.569405323046351	0.663559272327523	0.843816208608829
277	100	11.1328903866452	4.55537612485971	0.42107006542856	18.0902542823477	0.0406765622540893	12.5037513397642	0.694009095069793	21.4315735178733	0.341533779491033	20.3837084673098	434.320907304165	1.27616114766572	1.58917971939929	12.5037513397642	0.844343497408318	0.19768326821444	0.542524494274175	0.0393180318597417	34.7766990291262	0.222232645502255	23.3567489867094	0.246623100320989	20.631067961165	429.031714487491	1.28212955179025	1.62598144796625	34.7766990291262	1.0282572452407	0.092260798600578	0.381478741861609	386.15523465704	584.02166064982	40.2165903541905	0.921038130334774	1.31003066883256	0.348088466017749
60	24	4.04756358205329	0.865548088600712	2.42240697562483	5.988994536277	0.0501512163050624	12.7179487179487	0.560542615371195	15.4700591715976	0.332923327783056	18.6769230769231	351.943404949327	1.16175487958951	1.44458432551907	12.7179487179487	0.83859199201282	0.154725273335481	0.463836337538245	0.0650969529085872	35.7894736842105	-0.0187265917602998	18.5657894736842	0.225643685150632	19	359.624329361303	0.968065962000171	1.254374873554	35.7894736842105	0.79189214935545	0.0505304449074982	0.250914083976965	664.65	573.816666666667	11.3443635708862	0.791810955106107	-0.573064530631328	1.30899693899575
115	48	5.74099790228595	1.89827371207324	2.01556443707464	9.27698765763974	0.0634488888888889	13.6586666666667	0.642548083633419	20.1056	0.325024225673637	19.36	396.463425964615	1.09255100920542	1.36127474598446	13.6586666666667	0.71992769492945	0.219819536180807	0.534330352509653	0.0717592592592593	34.5555555555556	0.243251463767013	23.8315972222222	0.318100943251873	21.0833333333333	462.008920347318	0.952807085517924	1.18694152658991	34.5555555555556	0.84246972699638	0.113498912503173	0.364816813387647	507.286956521739	579.2	18.5290382210583	0.87316298617329	0.0926969729931749	0.627227699935462
3361	1251	36.6250436533548	16.3829089979236	0.567782907272436	73.0971468733692	0.0423925259199391	12.2049268118529	0.672787563663422	19.649851681216	0.335510582381238	19.5576579792931	397.265311108776	1.25818172460851	1.56787134557415	12.2049268118529	0.839381596659127	0.184718602188854	0.522672564439953	0.0327751187048302	30.6903930131004	0.262512667727907	21.8074035106119	0.267931614601232	19.9480349344978	399.779747741163	1.31364396747624	1.7008377247175	30.6903930131004	1.03137125158824	0.0428151915695338	0.267793535413651	847.53138946742	630.888723594168	138.401985840871	0.802160505935713	-0.0762474895052431	0.0269875684647238
168	67	7.31345507538862	2.90774998380437	1.40845235144345	12.3227192481237	0.0534517343487011	11.7568058076225	0.489058214569958	12.5050345683973	0.344861127233285	17.6515426497278	307.277319072903	1.12840775931014	1.39979025261937	11.7568058076225	0.840188867591403	0.117108650995302	0.399758218993317	0.0459238163047348	23.6037735849057	-0.0549403341288796	12.187255250979	0.255118742320807	18.0754716981132	309.838043858237	1.08450949936688	1.42082568685533	23.6037735849057	0.947778315472255	0.0427371423786606	0.245279711716276	166.821428571429	585.339285714286	23.9656433641782	0.773811889202484	0.750618543979851	0.470294110762384
1129	370	26.0933500066249	11.3181899774344	0.699796485076845	50.7868144889137	0.0437805518211958	11.9187205034085	0.617923863585439	16.5973108072844	0.339811611719444	18.8772941793393	362.124221087516	1.22357790310478	1.52402102533004	11.9187205034085	0.844973135277133	0.158661950400598	0.480604828789687	0.0317637125651042	27.8450520833333	0.184916391383241	18.0811017354329	0.26099411659142	19.38671875	368.500741737018	1.27535803693872	1.66160817782711	27.8450520833333	1.02698770369086	0.0367154886252488	0.245470718476422	146.22497785651	614.501328609389	97.0293782902065	0.908938329496303	0.339329916006213	0.103633545826235
64	27	4.29310879513999	1.21826469296196	2.54075153868776	6.68413349683913	0.0588475586312957	10.5	0.557902788148094	12.8752162629758	0.359942521707228	17.3823529411765	301.900530195985	1.10661439743961	1.35355239170978	10.5	0.817730109272514	0.134746720371305	0.421459382118104	0.0415512465373961	26.9736842105263	0.00894367899444081	14.6085526315789	0.20057944207087	18.5	330.238318788569	1.09948872955798	1.43818619269983	26.9736842105263	0.946905141299768	0.0573891273778435	0.285419598062988	367.109375	587.5625	13.0882760958566	0.863097083009308	0.508460690320583	1.10322046545814
358	121	13.030619992939	6.07040001497839	1.43663845814531	24.3325336642577	0.0381882843062541	12.5300411522634	0.6787606551913	20.5026564378737	0.335183670347069	20.1547325102881	422.003366959756	1.27292162360336	1.58390320918398	12.5300411522634	0.841495882723141	0.196157425922084	0.539825614177075	0.0298414813244712	34.0778210116732	0.234840825695247	23.2684522097231	0.26056832136261	20.4669260700389	421.815792351458	1.31438565044342	1.70059506206238	34.0778210116732	1.05767530062202	0.0586459719033975	0.312479977079133	530.304469273743	608.709497206704	54.9151727440165	0.961390338224194	-1.44944118478397	0.307271407686673
102	33	5.47604370050637	1.32991902025241	2.96474540815395	7.60992295995051	0.0344662438895495	13.2931034482759	0.681195869967913	21.8483865107676	0.293751059531993	21.4885057471264	479.370505754814	1.25808155088132	1.59378029937147	13.2931034482759	0.854739019822943	0.203469849110975	0.550482275084159	0.0211267605633803	38.9295774647887	0.12992356394204	23.3713548899028	0.173292700335582	22.5633802816901	500.301278313942	1.35617782075438	1.73869485952687	38.9295774647887	1.0563030754789	0.099364464925621	0.407711956974155	130.058823529412	592.382352941176	15.9122114624477	0.854481164133407	0.847687095420892	1.17701542944411
145	51	6.41689136502833	2.36645929283923	1.56174962758745	10.3463474248898	0.0417971994653601	12.135523613963	0.635682154365948	17.655131994485	0.329943511110318	19.5564681724846	390.384607230958	1.22890415358178	1.51641801416323	12.135523613963	0.854895672012098	0.167897475500953	0.49259922142163	0.0343288340950154	28.2886597938144	0.159265927540352	17.8237857370603	0.2180066837449	20.0618556701031	395.050371354611	1.19273040685402	1.54195414108833	28.2886597938144	0.991364323319844	0.055941063646045	0.291405485090787	515.579310344828	593.075862068966	21.042961710164	0.866120492683954	0.12063017443255	0.70054738142333
159	58	6.51108478615995	2.52424785354068	0.836340195561053	10.3661991883413	0.0448771900293173	12.752808988764	0.557618775588853	15.4138226093787	0.331093186836743	19.2209737827715	370.059607558612	1.18886003784797	1.50158094108409	12.752808988764	0.83038532163013	0.159283117996417	0.478383360394716	0.0325484764542936	33.1842105263158	-0.021750538699279	17.2389004309018	0.231582519241749	19.4298245614035	363.794080551055	1.20833479372084	1.57595192990782	33.1842105263158	1.03190088121614	0.0322071559183806	0.224231177741948	307.962264150943	596.842767295597	21.1160463415385	0.772637141898211	-1.35804142522143	0.593951524281542
77	27	4.56137602636948	0.851300736281046	2.89102485139062	6.17541921404009	0.0393647140759133	13.2295719844358	0.650888042056443	19.9474632469833	0.316677917419506	20.2334630350195	423.227842225674	1.24221343889817	1.54518176311818	13.2295719844358	0.838644268246685	0.202474870929926	0.54219248966984	0.0395041322314049	34.4545454545455	0.106932466185966	20.29	0.252046348670089	20.2	404.85596450387	1.16974750670882	1.5061588902134	34.4545454545455	1.03025191756451	0.0723917636556318	0.327053363289694	775.922077922078	594.116883116883	11.5056319264309	0.604333909768702	-1.04244424117943	1.32731212250433
963	280	19.8295220295618	7.44339471992954	3.11738255265402	34.2576926040126	0.0405622407100282	12.4573357888275	0.713270812932783	22.7231735566341	0.32890537346176	20.2099447513812	432.568319750885	1.2855435372562	1.5955608944049	12.4573357888275	0.842282282212508	0.206259159263348	0.554211042356082	0.0372236241841502	31.2675250357654	0.350207842041071	25.0596355717651	0.274338824605167	20.5035765379113	432.723506265581	1.32670273078919	1.70574255311887	31.2675250357654	1.02862903011682	0.0652152194339723	0.329582876231045	465.320872274143	622.614745586708	66.2357767353577	0.788356387018091	1.26173144854469	0.154354781908519
684	232	20.4573084614538	8.49350895131297	2.246884816654	35.5329649034187	0.0418465971167563	12.4422327996538	0.573687341759468	15.5928493549841	0.331243716544707	19.0341843357854	363.578530223821	1.21146384750024	1.5212572392413	12.4422327996538	0.848256871614942	0.145989040277115	0.461559710199086	0.0304550645618818	27.5815450643777	0.0698378175230693	15.8262021311868	0.265761190464287	19.2854077253219	357.713075714687	1.2302197657819	1.60597649701918	27.5815450643777	1.02399704085385	0.0342717918973086	0.233367077946887	44.4269005847953	623.722222222222	83.085575623088	0.936820318665764	1.02389542874601	0.159694513604
40	20	3.23586072150398	0.802624065816472	1.69852877514629	4.5038872099554	0.0813961300725611	9.36065573770492	0.330224598107838	7.98790647675356	0.382886464834391	15.4426229508197	228.195089903693	0.964911814925873	1.19676857746624	9.36065573770492	0.804788370137576	0.0782318620585024	0.304697054654253	0.08125	11.4	-0.0128831630386504	6.6275	0.27935428641311	15.3	219.54450172011	0.862739119898485	1.11861461621287	11.4	0.821273931256934	0.0851951490233771	0.307809883353707	786.775	596.25	9.5974570183975	0.817990446919238	0.544213380041596	1.25663706143592
102	46	5.2511038170544	1.93053060065341	0.822934488293387	8.86266248874534	0.0684242506076154	10.7267080745342	0.436668314504755	10.5207746614714	0.371833965440103	16.6335403726708	270.7753414338	1.03165103636128	1.29347378117705	10.7267080745342	0.826205700699042	0.0992689154497347	0.355497139675463	0.0530020109164033	22.3728813559322	-0.0647198753178597	11.5064636598679	0.284699035088841	17.3559322033898	285.443834383923	1.0528385981754	1.32782999388448	22.3728813559322	0.920394808443947	0.0106474416829906	0.11879867338209	255.656862745098	599.588235294118	16.1852337185549	0.747175587856434	0.348992216130768	0.605751324510697
540	158	13.7836308028589	7.37328905324229	1.41887949996151	28.6782774723701	0.03604585670913	12.9870550161812	0.671593529939782	20.7728367132961	0.313418408963812	20.5933117583603	439.214611117371	1.27724799577223	1.60629357471509	12.9870550161812	0.844922906661916	0.196898219952653	0.543953156572561	0.0286409910386129	33.8852867830424	0.236126656782236	23.1799118164688	0.248697420600069	21.0324189526185	444.492757035666	1.29265207069118	1.69174910327677	33.8852867830424	1.03112598626848	0.0511469066660432	0.291496444356933	370.894444444444	608.901851851852	58.9755335110504	0.950092888634072	-0.0402238066776863	0.271825033318136
80	34	4.7860980543318	1.55655073460771	2.37507967449678	7.70369299837085	0.0704437869822485	12.8769230769231	0.523702696107133	14.5177366863905	0.371824761761413	18.5461538461538	347.276106911906	1.05095212558866	1.29543427823967	12.8769230769231	0.709543559599113	0.169371100770671	0.461674357778252	0.0669135802469136	22.6888888888889	-0.0802835612090138	11.5013580246914	0.33349014710692	19.4888888888889	363.572477575901	0.934753652612739	1.24754673036898	22.6888888888889	0.869133318514506	0.0601467077501751	0.272847218486158	540.3	606.4125	15.5193198277133	0.889263430941156	1.51597722566547	0.869645025215168
1428	494	33.1322158974542	12.9267818915732	5.652086130615	63.2470793095669	0.0428152377631709	12.5386368344728	0.73040059987463	24.254200173743	0.333523120211234	20.3629583592293	444.860095337597	1.27416763071282	1.58560103182524	12.5386368344728	0.821414547369197	0.220482410613537	0.570010545473731	0.0268380404858945	34.4091816367266	0.353556685237598	27.6142296245832	0.238846437141446	21.1676646706587	464.292624473178	1.36249141689563	1.76562236869014	34.4091816367266	1.06014568043233	0.0669535274828345	0.339301108538248	539.247198879552	629.071428571429	130.34701598958	0.937498923943127	0.11355721268812	0.0735333198270128
2472	839	39.4240178547222	18.2957623112191	2.64529675094578	83.6682604662107	0.0403826598351525	12.6355820895522	0.652433007887207	19.1771893998664	0.331035541042494	19.8217313432836	404.601844433433	1.26024786475958	1.57576302040775	12.6355820895522	0.838597328101319	0.180229527340839	0.517794210589101	0.0289306820186947	31.9366076527698	0.207242091844315	21.142724105439	0.265694046736936	20.2004568817818	405.176396112547	1.31813426660652	1.71492040726601	31.9366076527698	1.04668095696261	0.0363716329298376	0.248100471161989	201.524676375405	645.370550161812	161.697436305648	0.930853096668074	-0.0962642469463431	0.044130048909886
165	53	7.50148212555509	2.6395743902435	2.86258191542167	12.2384345764839	0.0360003659663879	12.9378330373002	0.633109184965616	18.6317210831343	0.324815317234082	20.5612788632327	430.547655285827	1.24914267920089	1.56648426681052	12.9378330373002	0.842088306332387	0.18309839049814	0.520326940844067	0.030592	37.304	0.0971164264785951	21.658256	0.20547028164082	20.824	427.366655014848	1.2782170529076	1.63746551041837	37.304	1.05008339469287	0.0649306556825585	0.322593694407837	59.3030303030303	610.606060606061	24.3323155374502	0.895572723278141	-0.504165470722553	0.738145657304829
32	22	2.81889232638192	1.00212737484097	0.642824346533211	4.7246496218859	0.146518694675651	9.54022988505747	0.0273699523180929	5.90434667723609	0.416973315959117	13.6091954022988	175.073921069578	0.764088775816871	0.964775439592858	9.54022988505747	0.694782132620206	0.0335747005028981	0.180023132787148	0.325617283950617	2	-0.178181818181813	1.84876543209877	0.6	11.2222222222222	119.018723779578	0.376777922831669	0.527292920663659	2	0.301029995663981	0.0273920273636666	0.120571491204074	510.21875	607.875	9.27887749811541	0.8257781949734	0.476742957986986	0.830834420784078
219	76	7.67072806124668	2.64816357983845	1.42894979160404	11.0174408448643	0.0399972607742878	12.1162162162162	0.619519995265532	16.9222772096421	0.332368013115231	19.4621621621622	383.744801765707	1.23657824440098	1.54716969268932	12.1162162162162	0.853500566287675	0.161500150315877	0.487859224303858	0.0367747028639095	30.1258278145695	0.143148326367531	18.579371518793	0.283795331757176	19.9801324503311	391.825371423509	1.22823352881104	1.56027852501471	30.1258278145695	1.00057412270195	0.0766840620914326	0.342038290902691	769.538812785388	616.58904109589	21.4659209364329	0.506275056010013	0.0729386484283719	0.476460381673244
59	28	4.45466111142648	1.88519324368036	1.29362644830533	7.60370478981218	0.0884413580246914	8.84444444444444	0.314055917273077	7.44691358024692	0.413383501148207	15.1111111111111	217.523820385441	0.948462682625069	1.16200994307904	8.84444444444444	0.759194992701553	0.0606979538405158	0.264871072820416	0.11474609375	18.21875	-0.0769186365341877	9.458740234375	0.362353547054946	14.59375	205.6163844739	0.809694953084364	1.02606026246785	18.21875	0.725785809398052	0.024375240926653	0.158117696995825	339.338983050847	613.627118644068	15.9913809895756	0.946593231941969	0.968514141822855	0.945683502866315
235	67	8.40009203732953	2.62513591914332	1.06264044843745	13.5407933785163	0.026308744794765	13.3756097560976	0.822989565198496	38.7819809637121	0.304031104495954	24.5707317073171	673.0464777204	1.4343066675308	1.77178105296258	13.3756097560976	0.860608339012711	0.271297601583399	0.653121982378092	0.0158531638723634	40.4883720930233	0.475206774510414	39.5755475932937	0.201993678022244	25.9883720930233	715.038952995016	1.46847946041035	1.91708376705708	40.4883720930233	1.08827982292356	0.152156385225407	0.520320269128286	271.097872340426	617.663829787234	22.214697294088	0.630477015218065	0.166806972715691	0.657851881125954
580	135	14.03781074417	5.80445466240145	2.79616629572718	24.4984510022352	0.0282310165029928	14.2466960352423	0.748866836799134	29.3648241706875	0.295043024765751	23.5810083210964	592.796552885938	1.36425895854499	1.7106939450584	14.2466960352423	0.838370711459655	0.244452638521855	0.615624603312619	0.018700089656179	42.6940639269406	0.291374715402672	31.124569963095	0.218580951223897	24.7671232876712	623.418135805986	1.40874320940925	1.85700309873867	42.6940639269406	1.0739567675859	0.0965699525673184	0.414416076388963	641.024137931034	624.039655172414	48.8697104305561	0.869617570157934	0.030864815849107	0.399917418728577
225	72	9.21646754230285	3.5332980595303	1.10064515311998	14.7701003448701	0.0606211810203233	11.1150202976996	0.466651589173093	11.4200369515181	0.366218352641978	16.914749661705	281.027925874562	1.08873315829551	1.36056780559966	11.1150202976996	0.809609423575353	0.118478736555261	0.396828029649159	0.053858361436223	20.6549295774648	0.0552648919869471	11.931598393176	0.317572914765451	16.9225352112676	274.056183973556	1.08003793406043	1.39372692893458	20.6549295774648	0.902200873617554	0.0427060115233621	0.242912814329334	683.706666666667	619.351111111111	31.0879222753755	0.881879989453448	-0.138752278864349	0.545415391248228
89	39	5.46618566813713	2.05060220484873	1.66962262524098	9.08467002451422	0.0609172052939366	11.0105263157895	0.600219038465837	14.7706986765159	0.352048402772861	17.4035087719298	308.472949867565	1.1431065174562	1.41676988456923	11.0105263157895	0.814698490684836	0.160085364154234	0.467437770242274	0.0701388888888889	24.6166666666667	0.246809649879525	17.3415972222222	0.331067066369816	17.1833333333333	300.264184824621	1.07388074789769	1.32975624421208	24.6166666666667	0.911705610865662	0.0801943853545243	0.324260612134453	552.224719101124	618.011235955056	17.5979787361756	0.86562679511056	-0.0842415048344451	0.735310312082818
40	22	3.34798393290712	1.13531381974029	1.56735814996061	5.65703686709769	0.101979166666667	11.5333333333333	0.390482901371854	10.4610416666667	0.388338347397171	15.85	249.401748765271	0.913771713316051	1.14967463805386	11.5333333333333	0.743120572166281	0.127166137797202	0.380196265680945	0.232142857142857	5.42857142857143	-0.0431372549019619	3.60204081632653	0.428571428571429	16.8571428571429	273.032152656094	0.484832060576631	0.678351343503476	5.42857142857143	0.380444470134264	0.0993558827016879	0.261658015830487	114.1	616.325	10.8657038532549	0.890280351859781	0.22415305562445	1.0385430259801
56	24	3.85156299150213	0.932911374998872	2.11229864260612	5.29576612860588	0.0611823002146194	10.6292134831461	0.502857885164977	11.6903168791819	0.349851281959676	17.1910112359551	292.282876181846	1.06181962111384	1.33066304171217	10.6292134831461	0.838341432157525	0.121222592698794	0.397215551572499	0.0596877869605142	26.2424242424242	-0.0935180224994275	12.9990817263545	0.216286769055779	17.3939393939394	290.933284970908	0.987252272283347	1.2755992400094	26.2424242424242	0.928047654031658	0.0712573357162655	0.299913939168943	725.107142857143	619.107142857143	11.2198249499561	0.806352227610369	-1.05684796913681	1.22173047639603
418	140	15.2542468833785	7.27345908924895	1.57585415776038	27.2873157719995	0.0351145583256387	12.9263157894737	0.734364800290419	25.3309542628501	0.318777356255994	21.3459649122807	485.270165787947	1.32416018528317	1.65410136631296	12.9263157894737	0.8460287568173	0.216366877351449	0.574939891921706	0.0275517334049986	35.7934426229508	0.35702424296201	28.8342085460898	0.25263918241179	21.9704918032787	500.256385281057	1.36192577554039	1.76476072082606	35.7934426229508	1.06488378584646	0.087151965790026	0.38541666750507	415.641148325359	628.820574162679	59.9556341767073	0.968194611333892	0.28642591584458	0.267997087591946
456	131	14.3473804650411	6.59562320744876	0.317505867833373	27.952823684931	0.0277474502702847	13.8210262828536	0.802385559737164	35.9696769741902	0.303645274460264	24.0337922403004	638.088834926615	1.40568685534365	1.75337241324195	13.8210262828536	0.853069521292263	0.265312449653778	0.644294366305454	0.0179571793704702	42.1094674556213	0.443554341617155	38.8378973950492	0.192238244294381	25.4112426035503	682.905646210197	1.45996864817119	1.88756828195269	42.1094674556213	1.09823129824963	0.126420175304976	0.474207520464297	79.640350877193	629.695175438596	52.7677645942885	0.945026426956618	0.328747844278051	0.333912068069913
182	51	7.41902198916862	2.42393321051676	2.26315624769056	11.6713287768423	0.0272889254723747	14.4207221350078	0.746915333262689	29.4899166767299	0.28381426711097	23.8241758241758	604.063655064978	1.36254831205938	1.70758502261647	14.4207221350078	0.838486694042393	0.245869342485077	0.616770424505346	0.0325107900168887	42.0616438356164	0.286966901816451	30.4948747419779	0.256969817864546	24.1849315068493	599.879886934532	1.29471456156377	1.62897170247009	42.0616438356164	0.990491422257086	0.113957321354852	0.422712365999351	300.324175824176	624.005494505495	23.4454896540771	0.895000425439647	0.0131141100086385	0.879307747717558
334	124	10.8673852645961	5.14354585297344	0.336494291048807	21.3046338141798	0.045852200255102	12.1714285714286	0.618189151296713	16.9390816326531	0.330137013225248	19.0285714285714	368.993663492202	1.21260203218385	1.51999878371921	12.1714285714286	0.844257178948894	0.163814234229876	0.487385734034248	0.0466290856252517	28.3221757322176	0.20412364439409	18.7930752262741	0.27339706376661	19.0585774058577	362.004273601426	1.19369150002148	1.51589499774781	28.3221757322176	0.99862176737476	0.0532713328921097	0.282161819889714	321.086826347305	636.604790419162	39.1634392270236	0.858666282078776	0.407921908544571	0.272968768548125
60	24	4.05491988510901	0.834573911787566	2.60341655863555	5.54777232569775	0.0519000657462196	11.9384615384615	0.553350754844701	14.3644707429323	0.320501444012756	18.3487179487179	337.78095174224	1.13646852253972	1.40243116739308	11.9384615384615	0.850441334510966	0.153859398637226	0.456561599266905	0.0467451523545706	34.6578947368421	-0.100456269583863	16.7470567867036	0.200483261700694	19.3421052631579	363.119700399426	1.04485497822564	1.35413829727835	34.6578947368421	0.891297375282185	0.0292937562939818	0.198640070616613	107.633333333333	625.916666666667	11.4633112909585	0.809659059797709	0.752328577297823	1.30899693899575
61	25	4.08801533256753	0.890017213705872	2.38662942242818	5.51507026247173	0.0528743332732098	12.1624365482234	0.549940978929764	14.5120461748563	0.326384653252375	18.0507614213198	327.612106983694	1.14731920286938	1.40943379181193	12.1624365482234	0.841497582546076	0.14749096720405	0.448361488755543	0.043827611395179	33.0810810810811	-0.0713474640423903	16.4390065741417	0.162249459820632	18.972972972973	349.740685080786	1.05466557898901	1.4227773632874	33.0810810810811	0.954880949228231	0.089095087980916	0.352488775885343	444.737704918033	626.16393442623	11.4158798782866	0.781621143702442	0.76324810628331	1.22647777196146
382	139	10.4503156987606	4.17114220407765	1.59033491978355	18.1471907485307	0.043704705246079	12.8899224806202	0.600789022589595	17.1442485427558	0.324512274454819	19.5410852713178	387.302862609841	1.22126565104215	1.53052386834367	12.8899224806202	0.834266661318727	0.167029885758814	0.493369823360017	0.031120218951267	31.0664206642066	0.144207904813505	19.1506821802535	0.264730202739257	19.6863468634686	380.698692213774	1.26998500350926	1.65231094742805	31.0664206642066	1.03701853554491	0.0603340316974702	0.312545849029989	605.421465968586	634.924083769634	33.1878897685905	0.603689528064153	0.410414326692917	0.248452646068278
158	52	7.17593187212849	2.51888053766354	2.07727917175243	12.0642388068276	0.035869341563786	13.6296296296296	0.718709830477092	25.2269924554184	0.32136688724924	21.8407407407407	505.262957791144	1.29847656175843	1.61530585977072	13.6296296296296	0.821085587833087	0.232399044206907	0.588275193018866	0.0348034677215723	34.1559633027523	0.321590940436277	26.1735754566114	0.255387273929627	23.1100917431193	545.497646516229	1.22495276726318	1.52839998304725	34.1559633027523	0.984143349566069	0.101827173491916	0.388898841533036	13.4177215189873	634.76582278481	22.5121366634888	0.876232723184816	1.02123147905548	0.734277572880455
1146	369	20.9586161988757	8.64804166407461	1.49410014730663	38.6153195552733	0.0369794982691667	12.5567248459959	0.719343015221151	23.3702339991472	0.330837493932373	20.6029260780287	449.267216233211	1.30673461228561	1.62397086454858	12.5567248459959	0.849031303871533	0.204710033108647	0.556334092434957	0.027830352104259	32.1107011070111	0.343685253086312	25.4628825255042	0.255181899951787	21.1389913899139	457.019732439467	1.3582203370843	1.76376776172501	32.1107011070111	1.05187333151258	0.077211679711172	0.363423744814386	747.122164048866	646.88219895288	73.8030836669783	0.80085832093825	-0.148301291686848	0.105764945351867
84	34	4.9940954214624	1.78837475874875	2.00194542061666	7.97471132776887	0.0569470699432892	13.0434782608696	0.491822931797072	13.8335958832178	0.331636350101823	18.4492753623188	339.802100844765	1.08519762773232	1.38102794911333	13.0434782608696	0.797315637098704	0.145597033692364	0.44154037749809	0.0616528925619835	43.6909090909091	-0.179260224225849	19.5247107438017	0.248612939740062	19.2545454545455	363.29278178275	1.00941328460893	1.2828897431673	43.6909090909091	0.927941359730074	0.0359910382073599	0.214313799136859	114.857142857143	635.25	16.704319331908	0.914756854970758	-1.41062586491025	0.913127276475926
161	60	7.22562878366954	2.92085600324928	1.48061548763417	11.7583540042341	0.0470213511161047	11.5456238361266	0.524982165786847	13.1528319618267	0.349012793981575	18.43947858473	336.347578273374	1.1397134342375	1.43923740114627	11.5456238361266	0.83060325774984	0.133993501821185	0.432126741078809	0.0342387981483099	28.3271028037383	-0.0877116491064521	14.0214210848109	0.216054502086872	18.8691588785047	337.5098061475	1.1561347264296	1.54433983613949	28.3271028037383	1.00982296754731	0.0377663006314307	0.240237577433287	690.968944099379	635.875776397516	26.6832812591946	0.923526519670943	-0.262550624782102	0.561996019142174
203	83	7.90642606226299	2.77756635969068	0.899831438546405	12.1443153538178	0.0564452484594946	11.5669172932331	0.535394263361055	13.4480999491209	0.364302918234807	17.7804511278195	315.859646925634	1.1180934188282	1.39957457195404	11.5669172932331	0.799734403389801	0.145684209190426	0.444311797110485	0.0730812854442344	18.1913043478261	0.128611167453854	11.4381096408318	0.300944429328136	18.7130434782609	337.890607602236	0.983704139562014	1.25002112322749	18.1913043478261	0.82120855508142	0.0497949390897515	0.248675105936013	708.300492610837	642.349753694581	24.6886096874771	0.675995479090782	-0.421945835604421	0.370296593803877
221	82	10.0572910996052	4.81820645731842	1.39307584906108	19.4676511374393	0.046995069393718	12.9783783783784	0.526146815171282	14.6945142439737	0.323803192210187	18.9243243243243	357.069706498785	1.16847943028257	1.47963165700143	12.9783783783784	0.824278546065582	0.146854665416835	0.457210995084392	0.0495505681496976	27.9924812030075	-0.0380028111410045	14.4838176267737	0.290086794863088	20.0676691729323	383.028892764409	1.17094714342887	1.52083879005849	27.9924812030075	0.990879493122578	0.0501348755929714	0.274276334280251	659.131221719457	640.325791855204	40.1415275092827	0.972504896229323	-0.261363394657015	0.41302318646243
52	26	3.68935807804088	1.20201913035774	1.15256338952091	5.42975584356333	0.0913732662703856	11.4567901234568	0.303522784129868	9.22481329065691	0.369370396037063	16.1975308641975	255.470271192572	0.899563412493318	1.14439311690938	11.4567901234568	0.791675419327709	0.0979777324315114	0.333490403106612	0.0627777777777778	24.5	-0.29663932257211	10.4475	0.246502945501511	16.1	241.8867740911	0.980582878592832	1.25150987469041	24.5	0.895648334507452	0.0882574358433527	0.330344998386759	405.442307692308	637.807692307692	11.8183161973347	0.85129398992073	0.18481454945573	0.966643893412244
754	287	25.7866170822526	13.8213403564544	1.22261923759739	53.0074285428653	0.0465368044106798	11.9694410936872	0.633193550244607	17.3157451316205	0.348711149020523	18.8902291917973	365.653659181899	1.21651651593028	1.51184827457379	11.9694410936872	0.833517534260989	0.170191473142492	0.495125799744955	0.0332020626641762	28.6201232032854	0.208328648638564	19.0757603228078	0.275905209269499	19.4332648870637	373.54944911305	1.27103674663154	1.65891683904498	28.6201232032854	1.02135573376859	0.0407803921632435	0.258319126641835	328.366047745358	658.129973474801	106.815688024884	0.985953147175067	0.271454317284833	0.115031667778252
234	72	8.2500038110442	2.97785272819906	0.354098577332841	13.2292960769407	0.037495532966315	12.7277289836888	0.702192976090699	22.3690879694715	0.330101369189125	20.5570890840652	443.831725849976	1.2935716753525	1.60986164608645	12.7277289836888	0.844566479321004	0.205521499542991	0.555342195069541	0.0262896825396825	35.4583333333333	0.265746063690427	25.1458244756236	0.22365675245309	21.327380952381	461.141271315443	1.32697328787866	1.72599921924648	35.4583333333333	1.07068425989307	0.0998445212637893	0.407292699108615	501.551282051282	652.850427350427	25.0586936987936	0.724279732290228	1.48942220056735	0.567232006898157
37	19	2.99764322427782	0.80183786653364	1.37750024508444	4.20558921073113	0.0893654336734694	8.53571428571428	0.263228878521394	6.79264987244898	0.412584514055102	15.0892857142857	215.817518541648	0.90539931677228	1.12042074224655	8.53571428571428	0.774929992108552	0.0519631418959551	0.240878021050648	0.0960743801652892	13.5454545454545	-0.264172772849983	6.35743801652893	0.24732453555983	14.4545454545455	193.869635117531	0.816901317933364	1.07688176873408	13.5454545454545	0.77920569189559	0.0778670522236124	0.289054628260778	672.621621621622	646.135135135135	9.18804543266632	0.82046604691502	1.37653314172326	1.28796596324457
81	29	4.72304105694329	1.11721729949251	2.48371629039574	6.55716652358882	0.0408627333505807	13.4760147601476	0.622904659681752	18.8681798995112	0.298201209675054	20.1033210332103	414.142718645105	1.23148980761889	1.54483875754598	13.4760147601476	0.824901646074945	0.199702844330753	0.538675012319937	0.0373798504805981	33.4150943396226	0.052008584774649	18.624154503382	0.249477355017299	20.8867924528302	426.433384778061	1.15479151262759	1.52330098578051	33.4150943396226	1.00812379240094	0.0536114038267813	0.283709807414045	277.024691358025	647.543209876543	13.5853823470717	0.816331572722565	0.471368834467822	1.21031631363031
249	98	8.97049154344847	4.10024865952288	0.823058972656128	16.4262072072443	0.0456026539539869	12.44957472661	0.650781888027671	18.8249270295528	0.350838797320107	19.7035236938032	400.212260114224	1.22753585221205	1.53362576988426	12.44957472661	0.819474706953235	0.184406411854437	0.51737605450298	0.0307621671258035	33.8909090909091	0.181577238714621	21.7050137741047	0.251244668524196	20.2545454545455	408.854603147721	1.28284397201598	1.66893759496192	33.8909090909091	1.02968581583996	0.0685636595450279	0.334275010880206	675.453815261044	658.465863453815	32.0052266142289	0.779360519575997	-0.745089075077166	0.325804485940799
979	368	24.9151092928091	12.8589092839457	1.65171797198529	50.1276622244153	0.0424020828402368	12.1809230769231	0.661969954433187	19.0175153609467	0.341889046387146	19.4843076923077	392.494501652774	1.24683628627362	1.55722513495201	12.1809230769231	0.832924943546644	0.186087627820481	0.522966604752829	0.0345776323616895	29.0228658536585	0.228851973329492	19.8179602682555	0.266335269004888	19.5320121951219	379.122929363655	1.28717856627535	1.65496206351827	29.0228658536585	1.01369307302758	0.0463382949489633	0.27478076499062	619.554647599591	660.268641470889	105.42158055541	0.973546416614402	-0.019389688840475	0.0908441401188684
125	40	5.71316892295299	1.47214158891195	1.59452187191016	8.24878778973012	0.0331598374367215	13.5409836065574	0.694991258335219	23.1976975686808	0.299608606879581	21.5503512880562	485.42276384179	1.29762413407459	1.63132001808934	13.5409836065574	0.850436679905508	0.209214573021907	0.562972059036801	0.0362955729166667	36.5104166666667	0.211376540280195	24.148193359375	0.227256356530571	21.53125	467.178079108157	1.25575438738122	1.57648997123463	36.5104166666667	1.02587778635144	0.0985044763940938	0.388193522421013	443.544	654.576	15.4148088360448	0.677949189871596	1.06009111760223	0.98174770424681
187	69	7.95060544050387	3.0838953308298	1.86168432206374	12.3635420840002	0.0488169830730384	13.2496025437202	0.62585818530636	18.7066583089215	0.317207227297941	19.8505564387917	405.803290872559	1.18973490862877	1.48981109163615	13.2496025437202	0.790223458706475	0.19072498492568	0.519184020746247	0.0367130593132154	38.7177419354839	0.153560752281121	23.8709514828304	0.229415001143381	21.008064516129	444.483975231253	1.21619974205037	1.53303326627344	38.7177419354839	0.997003660590483	0.102395739704363	0.39049311220424	520.219251336898	658.192513368984	28.4381586271748	0.909170705054931	1.55977438905733	0.493575153305013
339	142	11.2715699241818	4.05241955176048	3.27625282493621	20.2411873060554	0.0555148338486108	11.4533936651584	0.589015315151696	14.934088163633	0.365551383778693	17.9185520361991	325.332214903286	1.15402830559725	1.42784262536188	11.4533936651584	0.824263404949237	0.150401294915571	0.455216271883252	0.0551531051765996	24.5442477876106	0.231486434005761	16.9686496593312	0.299957306256078	17.8982300884956	319.536769488349	1.15886275760058	1.42689791435634	24.5442477876106	0.957567345640927	0.0468264454728772	0.25715829669669	543.961651917404	659.318584070796	38.7447391251434	0.796606648116424	0.0452048080454773	0.211267587694295
34	18	2.87487684551039	0.864539647535367	0.993807989999935	4.53246178986027	0.0983727085579845	9.66336633663366	0.255018137847641	7.48563866287619	0.394558172706105	14.9108910891089	213.347630545394	0.8727842997116	1.10715693141694	9.66336633663366	0.750321606141443	0.0670323036657289	0.271872610736051	0.124444444444444	30.4666666666667	-0.312087281079528	12.61	0.25076334473752	15.4	231.492439106152	0.719431013314971	0.960255009846156	30.4666666666667	0.719431013314971	0.135740485344829	0.361246937867228	693.058823529412	650.5	9.06591215156601	0.832095479264971	1.43689170260104	1.31869321261794
43	26	3.72181100074811	1.51771153994997	1.4000211325539	6.98614435992781	0.092235331632653	9.75892857142857	0.555806329295353	11.9849928252551	0.434973772253184	16.2053571428571	263.715253482351	1.05497065429655	1.28487050492024	9.75892857142857	0.799626041973162	0.152911823673434	0.437757006189936	0.283163265306122	21.2142857142857	-0.174078780177891	10.0344387755102	0.512454091722384	14.0714285714286	199.673744025942	0.479141249635115	0.629656247467106	21.2142857142857	0.390085622649548	0.0409359232882749	0.161155069745519	896.976744186047	651.279069767442	12.5093279119255	0.893137796004419	-0.778950933377823	0.799340142629356
50	26	4.05462823960793	1.78610395928312	0.992575992351037	7.00992533872064	0.100377777777778	8.45333333333333	0.120389211587556	5.80515555555556	0.390934898699604	14.2933333333333	191.118020088656	0.863860849286652	1.07859557952696	8.45333333333333	0.739980702613386	0.026936002991256	0.17035335613246	0.126984126984127	9.23809523809524	-0.293333333333334	4.57142857142857	0.328205128205128	14	182.730712435005	0.670217804203014	0.899573991375571	9.23809523809524	0.600626077241436	0.0740580555610559	0.258541290792645	7.5	652.12	15.4793218203676	0.957006922981048	0.544952837019067	0.929465282127158
54	22	3.67584486671506	0.429471195285622	3.02776408788743	4.52107096213141	0.0578350981404959	14.0795454545455	0.608156576365478	18.9657799586777	0.314960170989583	19.5227272727273	396.426065628574	1.12048579924342	1.39024964553789	14.0795454545455	0.765827653667409	0.220658602380277	0.540044083219838	0.0755053507728894	49.4137931034483	-0.133563372021658	22.7957788347206	0.183921135703259	22.2413793103448	491.869161353201	0.931760845488008	1.19126946243972	49.4137931034483	0.931760845488008	0.120241739802342	0.375975721192113	32.9814814814815	652.333333333333	9.1764144207736	0.57942034707306	1.52531702193813	1.40203308507313
231	81	8.36000853293321	3.1506743274721	0.656065691633934	14.6485006174655	0.0373402705515089	12.76	0.652419942207823	19.3554834547346	0.335820124897924	20.3212903225806	423.844140961863	1.26395034180358	1.58632908381865	12.76	0.840655866550226	0.186888732707301	0.52814280413155	0.0246354750841211	33.3291139240506	0.116544275357087	19.8629226085563	0.235780322301072	20.9367088607595	428.350795937756	1.2840189830969	1.68343253724567	33.3291139240506	1.0681816929242	0.0483036651397679	0.282756319405574	102.441558441558	661.943722943723	26.5781731320939	0.751783421066655	-1.12393991339132	0.44243737416811
177	53	7.75580949395279	3.03799367437885	2.10459836611716	12.3858978825976	0.04486265094273	12.1075630252101	0.613587949628452	16.6666478356048	0.336584060847037	19.0252100840336	367.886024556431	1.21153566691177	1.5185730871011	12.1075630252101	0.845604058543844	0.164491328015019	0.488140323196765	0.0339583333333333	30.9583333333333	0.0952035436846398	18.1078993055556	0.279052643917565	19.7083333333333	379.113107545116	1.22483140171261	1.60488166057566	30.9583333333333	1.01930034250642	0.0606396210490871	0.309015244512587	465.649717514124	655.655367231638	27.2150189494297	0.914663898827933	0.0325013446258846	0.791828977836089
168	68	6.94131928550679	2.45569884531188	1.43259751505385	11.2704447061965	0.0496796579466141	11.206204379562	0.666965120665059	17.8243704712558	0.355147342242662	18.713503649635	362.841915732738	1.19920554131003	1.47902505315786	11.206204379562	0.825131649701914	0.180449849282431	0.504227061488272	0.0383636535017438	26.9514563106796	0.320403487255546	20.8290131020831	0.255085585951991	19.4563106796117	384.986201454752	1.21839398506842	1.54548250190694	26.9514563106796	0.983032703250362	0.091746903565837	0.371611690084898	79.5119047619048	662.297619047619	20.1817402828545	0.614374964045362	-0.932190358762279	0.456563638237963
229	57	8.74567504028887	2.23367737067951	4.99975376432769	13.497796863194	0.0210501551509979	14.629766297663	0.856505657609726	51.9768052662076	0.283449588072987	27.4710947109471	862.993389943386	1.51505620010692	1.86565159360786	14.629766297663	0.869000760916777	0.298679983201027	0.693245095189744	0.0130775510204082	51.0057142857143	0.532955483889871	55.6047673469388	0.157701471940979	29.4514285714286	946.917992894547	1.53181829849485	1.99449496737307	51.0057142857143	1.12573503771196	0.178489774553443	0.568805252427501	210.07423580786	659.681222707424	24.0980268581017	0.841353535203942	0.254089928602251	0.885718335084103
78	44	5.83642769457627	3.01531150986432	0.586522177298363	11.2685567798554	0.120689981096408	6.94782608695652	0.246285154151235	5.60905482041588	0.472229211308495	13.8173913043478	179.434465098371	0.857990395985442	1.04515252372435	6.94782608695652	0.696543479700273	0.0317973835127645	0.182225608906605	0.108108108108108	9.97297297297297	-0.0699424003761606	5.66051862673484	0.394037660015402	13.9189189189189	180.031996152882	0.828353819622563	1.03988841117023	9.97297297297297	0.743721568505567	0.0532699285711884	0.235205173270494	280.205128205128	658.423076923077	25.1255290510257	0.97262210413614	0.519223211869392	0.506289725165297
204	76	7.85779399847642	2.5198761266329	2.11449456315631	12.1231632529475	0.0395807378542489	12.8419497784343	0.659094723885191	19.835070440666	0.320210150999968	20.2127031019202	421.587334587335	1.26305923711092	1.58014295107402	12.8419497784343	0.837883848479647	0.193707055264891	0.53614643903405	0.0339094650205761	30.2222222222222	0.275165877525668	21.8476817558299	0.267661803760364	20.9037037037037	438.30066768097	1.2789193003052	1.59179154879901	30.2222222222222	1.03407555834039	0.0609120464785304	0.308491716558373	784.220588235294	662.602941176471	22.5843970662646	0.695584057252726	-1.29437207698635	0.443826108955899
221	79	8.53893463610419	3.68533692394692	0.762126239164009	15.456712144841	0.0285419403265153	14.0082191780822	0.796529861319395	35.4232801651342	0.292376277597873	23.5945205479452	616.40318980523	1.39726197120256	1.73821026987362	14.0082191780822	0.858704029536528	0.268840863144349	0.645892406360764	0.0231568998109641	44.2536231884058	0.316767160046939	33.3854626128964	0.217970241759121	23.9057971014493	593.36746871457	1.36518394538384	1.74833669245821	44.2536231884058	1.0964183525124	0.0944789220777704	0.398966562020048	828.230769230769	663.841628959276	27.5325128416474	0.828449515871201	-0.747806208782086	0.444987647135616
226	90	8.1606541440239	3.21061441616398	2.10716004536684	14.1199666001773	0.0454407375973224	12.2876526458616	0.633430561264469	17.7603342606077	0.339764614286124	19.1451831750339	376.106496233231	1.21886699360217	1.51701641337141	12.2876526458616	0.825834510887199	0.175024703249441	0.502463052285421	0.0389298454221166	29.0827586206897	0.225641288662373	19.7786087990487	0.258125045155858	19.1931034482759	367.348717256728	1.26778502206032	1.62851180369886	29.0827586206897	1.02286898107457	0.0536851860916857	0.293123119236193	698.5	663.70796460177	29.4409251996072	0.854568140085322	-0.480549466626385	0.350617254178416
52	22	3.69750664521654	0.781986227384583	2.28406264116381	5.01258746136673	0.0649219467401285	9.89090909090909	0.512004175365345	11.1342148760331	0.35814717555894	16.8363636363636	279.49722101474	1.06134317357131	1.30686760082218	9.89090909090909	0.810555382698438	0.121052625240437	0.393671677683774	0.0583333333333334	26.4	-0.0499337163057878	13.5722222222222	0.231954661647632	17.6666666666667	302.028125687227	0.989159754710739	1.27258062446915	26.4	0.925295960404096	0.0728007843087823	0.302766095900858	491.5	662.692307692308	9.67348325609769	0.633805118241317	0.601517408064254	1.35010593377413
78	36	4.86541384066177	1.75610962032643	1.96339967189697	8.52248297442614	0.0486017936586399	11.1470588235294	0.747176064502709	23.0451018642751	0.375027752571005	19.827731092437	423.611665208585	1.21111709915091	1.48309708431596	11.1470588235294	0.786708329852052	0.246386231336004	0.583796529801117	0.0612086776859505	30.4545454545455	0.29282510135054	22.532541322314	0.291261034572991	18.7727272727273	367.175000470191	1.12338222438396	1.37652108437412	30.4545454545455	0.972885999621677	0.154429684720975	0.453602136674683	59.6025641025641	667.974358974359	15.1641671754756	0.802201072434791	0.726535956043841	0.756309342530876
127	60	6.53490797089452	2.8093059701929	1.33020466261564	11.3726035326618	0.0587146614069691	11.1641025641026	0.468095969888655	11.4944707429323	0.351411770977382	17.0820512820513	286.276512468101	1.09884972352507	1.36825648226961	11.1641025641026	0.818502227348461	0.113894796173414	0.390277223131701	0.0563590449954086	17.5757575757576	0.00457665903890013	9.82828282828283	0.264720001608789	16.6666666666667	261.954845958022	1.03920774908674	1.33177810415676	17.5757575757576	0.918890731420868	0.0418012115786583	0.235100155248965	306.173228346457	667.629921259842	23.8464611544072	0.884542821325012	0.177007765788379	0.44331363000656
83	31	4.78860671194755	1.3353222489538	1.51200537358168	6.9348836949615	0.0382733793065325	12.7620817843866	0.602683320393866	17.0603398239383	0.299327063442524	19.9368029739777	401.828003892424	1.21919825593065	1.53953105756624	12.7620817843866	0.864618570551881	0.161714171166725	0.487114800037346	0.0399519890260631	30.8148148148148	0.0583303640669856	17.3617969821674	0.210045849258642	19.8148148148148	381.897425994641	1.17976577058673	1.52605849970194	30.8148148148148	0.996508133885111	0.0655155694272179	0.31337475093473	798.855421686747	666.421686746988	13.7674861516103	0.786360185184737	-1.17815329262412	1.08533690009554
63	28	4.19623097618914	1.23203940873449	1.80736870412573	6.23201493933399	0.0486125572678051	13.2908163265306	0.614124095024719	18.2216198979592	0.34179032527772	19.4642857142857	390.363498760883	1.16762384673248	1.43877789558622	13.2908163265306	0.777756246473576	0.208983637028441	0.534050112862904	0.0628571428571429	26.7714285714286	0.17713181698428	17.2671428571429	0.254898934992973	18.6	347.00356603991	1.02995665393033	1.29447504397097	26.7714285714286	0.817963187032184	0.128230774047189	0.403143254907959	29.5555555555556	668.079365079365	13.0575540757345	0.861731623622617	0.794473021852267	1.00979763865386
72	37	4.73218038790183	2.05747505921903	0.275622676410468	8.27208070627358	0.0618547525809897	11.2641509433962	0.688559040508684	19.0839266642934	0.342087078113715	18.1509433962264	351.10220741915	1.12065708902146	1.40338895455024	11.2641509433962	0.775211825548374	0.221522151015233	0.543169403287011	0.0905555555555555	21.3666666666667	0.172458310919849	13.9097222222222	0.317178751425523	16.1666666666667	262.110031842602	0.940445545837634	1.17123520918002	21.3666666666667	0.762322586144101	0.160902225389914	0.430471343499998	563.666666666667	669.027777777778	17.85136459693	0.924665496468205	-0.326358739727286	0.660904809520716
34	21	2.88978136939834	1.0337624344428	0.904761904761926	4.21556343288642	0.11595567867036	10.2631578947368	0.223104311613803	7.60523545706372	0.383873921075159	14.4105263157895	200.128102936082	0.84696044974364	1.07827823588544	10.2631578947368	0.745800542285563	0.0781593438795026	0.289773939363937	0.184444444444444	20.4	-0.38586956521739	8.36	0.321829521829522	14.4	200.874634865415	0.549561925144212	0.770317255297798	20.4	0.549561925144212	0.133456783416648	0.322961694764103	744.970588235294	667.676470588235	9.88132802519747	0.874185027075512	1.55391336220382	0.968835829678485
46	22	3.37788764234957	0.584757378204437	2.48133528435566	4.38724673164131	0.0594689715853217	10.4964028776978	0.466167758850108	10.8311810982868	0.342927108233922	17.1870503597122	289.390378803117	1.04511561546092	1.33099255573906	10.4964028776978	0.830834453546242	0.12402980886038	0.401720885886303	0.0680272108843537	22.8571428571429	-0.161825726141079	10.8367346938776	0.23177250373807	18.2857142857143	317.590214579464	0.933468936449064	1.23098530286729	22.8571428571429	0.904799413052494	0.066734027959125	0.285435239214627	264.391304347826	668.478260869565	8.62105528457775	0.551201447850838	0.914060020880893	1.19432447987711
82	48	5.52300934532361	2.63808176718557	0.718372485398622	10.716780876789	0.0556042729591837	12.8258928571429	0.49172430542255	13.6170629384566	0.321367719125072	17.4776785714286	304.843779250597	1.13138173226916	1.39478297847514	12.8258928571429	0.846969619136946	0.142897504914824	0.439515680277218	0.0831024930747922	25	-0.184305491765631	11.5547091412742	0.228020561759141	17.2105263157895	283.879793565362	0.880769520286829	1.13426846400387	25	0.837121953295723	0.109750649351246	0.351295950334957	283.780487804878	670.146341463415	22.5412433633625	0.952352541598942	0.00111530888821681	0.447240620823547
96	39	5.4762928865341	1.77970494344477	2.49549232012234	8.76308076442823	0.028033647133012	15.1375838926175	0.76913298942293	33.7842073555245	0.261463747144758	24.1040268456376	633.082187815525	1.3645690181949	1.72952894777082	15.1375838926175	0.864556431913673	0.278253460691908	0.654394553551743	0.0574417009602194	48.2407407407407	0.111805654212245	28.1566358024691	0.245548171181813	20.7222222222222	444.676935474692	1.11887727791345	1.43163296636163	48.2407407407407	1.01184999400138	0.214248905799742	0.539198317896827	404.395833333333	669.354166666667	17.2354638286927	0.882404351027575	-0.11223600219278	0.793143707415175
109	59	7.55927258800253	3.54422148788867	1.5593220338983	14.0865710946774	0.0376650365484228	14.6270096463023	0.771412224560496	32.9942954477311	0.29492621253166	22.2604501607717	551.456100479658	1.32947005149264	1.64858090146627	14.6270096463023	0.830970774204265	0.275690327528402	0.640096818009887	0.0343364197530864	44.6388888888889	0.1518234798226	27.3146219135802	0.201556882095733	21.8611111111111	485.051263912622	1.25937173922336	1.56876367921134	44.6388888888889	1.0923488547176	0.180546680781008	0.517238658753587	460.779816513761	670.201834862385	28.0420765667751	0.97646297356841	0.0491887875790005	0.393488766723686
59	39	5.16575053799265	2.7182084440256	0.786557007701417	9.82426118462859	0.0664701610491692	11.2614379084967	0.343245394516396	9.57355077107096	0.331016760705342	16.2679738562091	255.157877378935	1.0323211887601	1.30147131411105	11.2614379084967	0.835084512556999	0.0885248157920425	0.336995099769868	0.0866666666666666	22.3333333333333	-0.264309976097622	9.83222222222222	0.210984627713466	15.9333333333333	239.598991766918	0.879980344335761	1.14087300724454	22.3333333333333	0.839843011580564	0.138708960475371	0.395437801406831	124.372881355932	670.406779661017	20.3530137660486	0.976649305462746	0.178105517432215	0.487452903515576
39	21	3.12879802515022	1.00889997207045	1.44827679292815	4.7960679283864	0.046900826446281	14.0454545454545	0.617658142059292	19.3676652892562	0.290056388762271	19.9545454545454	412.437342564731	1.16592826345976	1.47035599814956	14.0454545454545	0.826108743067578	0.208160154957035	0.537946158826512	0.0663265306122449	45.5	-0.440827207367315	16.7895408163265	0.19016740689594	17.3571428571429	287.472830051056	0.931106610203966	1.18913232077309	45.5	0.888102325109111	0.272794601112205	0.55958792168495	714.384615384615	670.358974358974	10.2998978924713	0.877187115086213	-0.0827226375045453	1.11131168698414
