s.area	m.eccentricity	s.radius.sd	h.sva.s2	h.idm.s1	h.sen.s1	m.majoraxis
76	0.647757589862197	0.730579355320423	584.094621954515	0.313865710243825	1.37122895104914	11.5402936694741
181	0.772434205683755	2.83121507318763	288.514317056919	0.350284685839085	1.15513886121135	25.0009578445773
157	0.798428098669583	3.35416358257625	292.609456216353	0.401470456937797	1.07341581116947	26.8817585370947
41	0.731252300585563	0.616730662421863	243.143942825191	0.367166596532044	0.98728227927486	8.89051451539705
40	0.810922617344502	0.835165945209377	222.156362025859	0.395377476582641	0.979167619662925	9.5073677776338
126	0.930261357055689	2.60807291034943	648.821536170414	0.328303043950669	1.33694223020552	22.72129465873
60	0.956499864264677	1.9500871548028	221.010767362094	0.402988724203768	0.860436383092503	17.063349839696
156	0.956598551947305	4.08915321630263	251.188584021183	0.368731026048673	1.11119379191412	36.0559854210418
40	0.740926091566364	0.713850132639483	366.649620292044	0.336285803643566	1.19635316886559	8.99259566493873
58	0.74019882509058	1.14995102691504	426.141247774215	0.350538128816144	1.2250170012854	11.4129984383653
98	0.980057203481591	3.7015466740075	191.095732507184	0.453279357481038	0.870388003644373	31.9481095109863
135	0.642091274065147	1.52280637321865	471.871378920948	0.326174068285617	1.32253344495002	16.266870062218
130	0.928854611231689	2.54917004439569	416.483542037873	0.305163251616341	1.28549527520792	22.4768516875152
50	0.782771928482991	0.90687816882192	323.229506345948	0.328641778360774	1.17583517838342	10.5171520034079
46	0.780173306244946	0.741054132148088	239.306030133273	0.348862284034698	1.01556027867397	9.74726342694379
198	0.747331207079909	1.76039019883784	490.800622565281	0.313623882737699	1.33674030905876	20.8725693811783
34	0.483208021636977	0.791408865905887	130.22653937913	0.389470211161388	0.813685748950061	7.75313453879993
154	0.92162322219278	2.73024974367217	440.82713429754	0.313648060295453	1.28849153574298	24.0364994897479
389	0.90982247552966	5.36841836926119	390.471077012493	0.351687634251691	1.26634884873723	47.2422159739479
997	0.907460784629156	10.9970576982371	289.408759027527	0.370961455045134	1.13703735877225	94.9777376330564
53	0.664467673700364	0.661684690558543	423.072146573382	0.330412913113923	1.11616895652122	9.70262388964121
145	0.536681428614886	1.89180876080715	370.746630668314	0.366751618385605	1.19551249496602	17.1025848956695
543	0.739117031749965	5.21112070836971	355.905761070728	0.349838791851963	1.22363859055525	45.9193588739722
94	0.95096507894235	2.7516915895122	296.99393744435	0.348107610640013	1.10197183104556	22.7443928407201
61	0.930363489200684	1.86949999383714	232.475610516364	0.367115272997626	0.982470678259076	15.784503259953
55	0.781435618155943	0.834136030509497	263.544567206833	0.334233770998477	1.11341004095849	10.727764565729
85	0.880533246602488	2.33618943008655	192.666750528105	0.445611561336895	0.906525662171015	19.2096039896218
166	0.813770840195628	2.35991982536125	390.089462579223	0.327494660216424	1.25380718124196	21.4288552779833
33	0.785265220087885	0.67420899075466	199.311333589543	0.369537863655511	0.893667509317667	8.31768658223604
82	0.535722104327178	1.49634852325601	219.531007123883	0.382573353025842	1.01974485085393	12.977688742618
92	0.836928214963628	1.45003730704689	372.853306446115	0.338334272259055	1.17430467176713	15.3860320093596
193	0.760839024480457	3.26832300755205	334.230090452318	0.351230828399323	1.19136618400396	26.0004147867271
57	0.795096724887564	0.907177887733919	306.390780757933	0.364006412471886	1.07338599557905	11.1608165014745
421	0.835110894334021	4.84119088231769	338.986551875417	0.353928484229877	1.19820031207847	44.7768368605033
95	0.959984460862881	2.63162056103623	265.973240780998	0.362789515730692	1.06348397789047	21.743242478956
46	0.801624172360119	1.25585507399739	168.525408049463	0.410646792653713	0.768735852165828	11.3026136567063
40	0.884057980562161	1.24348441920691	141.872616417908	0.444070837884225	0.799125583452381	11.2726291034832
35	0.85850705487976	0.822938905706583	176.790048792944	0.390267009090538	0.894343415513128	9.31931765075637
1190	0.898955469645454	10.6438027816214	328.816713049773	0.351212591478189	1.19713885904235	94.480372693677
41	0.8317918546436	0.864872300495291	188.922748866334	0.377829717500306	0.952632976417985	9.94035382234187
187	0.853814995165829	2.7764399552497	499.788375225583	0.320568317983397	1.29114287709956	24.1792248385293
59	0.575327865469338	0.49015182822935	317.532623248935	0.326186126737598	1.18286670166363	9.66513697430851
69	0.933523111802019	1.71262151382473	273.756665044822	0.351178232074077	1.02925864685773	16.0290775286531
76	0.70669793069776	1.78609324639492	291.783978795386	0.397378912072488	1.09013950675408	13.9121111785792
136	0.908128199177046	2.25635924558864	397.298369493179	0.317873342617176	1.25863314809511	21.3300567742754
43	0.503577854826418	0.283225797098686	343.674229554748	0.315515925477282	1.094946134715	7.93456163499673
194	0.954235306083809	4.46013391666541	280.177876871627	0.370618953296119	1.08316473272461	38.2446066236511
705	0.935661590437935	9.27668381923593	314.42528199748	0.347027920557333	1.17878012327837	75.5617185654601
42	0.848948646733668	0.929731806393599	214.530405760822	0.40144608235106	0.919179176560958	10.2886110164311
179	0.827412140638478	3.36782395870224	256.859053249069	0.379181699964682	1.08238661292212	28.6701817857963
387	0.954502966739279	7.90935405938048	224.609079293796	0.374985076902323	1.03465789118154	64.1201846212569
76	0.397934774511564	0.59498791075978	402.649967977976	0.328500720765658	1.23434097151822	10.5012857802239
98	0.971868720748927	3.07196760754447	217.407189274512	0.377914943353709	0.951150410592155	25.999165576924
52	0.862826161443057	1.0971927734811	259.060287537374	0.33974673974674	0.985572337753691	11.5697781607949
159	0.916010995426132	2.93675435413121	329.5064616915	0.339491964582674	1.19860264904437	25.3788524477611
43	0.858289362524533	1.0002421122326	198.67443609995	0.37119377707613	0.923997078686696	10.6400010930605
203	0.943255700355594	4.52516019981713	241.260403562889	0.378777684169841	1.04699717961093	39.6844585602357
37	0.962234828628329	1.59790400014438	142.569493408733	0.438914027149321	0.626455371973784	13.3910205581186
81	0.836943764185662	1.38004243847768	290.110590568485	0.344026478082206	1.12542546065818	14.5472003653378
37	0.583326963551195	0.343534198929751	252.25235696067	0.373033163007588	0.980361347168952	7.63764794231296
32	0.832054056549759	0.822171387239811	173.453133285644	0.44093578511601	0.830503057069352	8.72219301492472
608	0.904903253599964	8.47660168163821	320.893184712427	0.359989825215248	1.19503305421754	65.5569758006431
42	0.924013739672754	1.22688702476976	185.833157914813	0.413150901386195	0.852128371302168	12.0345550515666
149	0.902823246040003	3.14484417655942	290.948050710143	0.344529868131016	1.14602853324726	26.0296155632236
184	0.723465137207944	3.06571543032365	223.479153773505	0.395827749193425	0.998790167995151	25.8676864649008
49	0.959813755875259	1.80905839430886	144.901336894064	0.413574660633484	0.748124393778155	15.4684985327623
58	0.967110393147407	2.29418252644718	124.87359889989	0.518529411764706	0.55893501562206	20.5130624922309
47	0.840101930056322	1.17958183817491	221.064678933326	0.380710178900224	1.00329455777069	11.1909575182306
40	0.801024057129569	0.960383510729562	178.541032905622	0.421387631975867	0.88007326695852	9.68145874812366
326	0.749227367836737	4.09398172157604	349.450008670433	0.348035422007638	1.20151821332947	34.7674380652732
198	0.957580894194564	4.61048603664787	271.900335780272	0.36228272812713	1.10661281887731	39.3011666027972
143	0.872584431636638	2.33394559464048	329.073621436093	0.352760882768329	1.15315758959814	21.1213798531453
257	0.917575350375071	4.49203210843692	456.852419011433	0.339260891073292	1.31244000323552	35.4483589522547
56	0.64538978624402	0.612799949374911	335.920168770944	0.345394009194914	1.08951440821678	9.77233936346558
209	0.901169415047404	3.46119158607949	266.630241845971	0.39476667746872	1.06275433119842	33.49172547193
33	0.419193107448918	0.482204859411118	200.830261906512	0.387237669590611	0.928561421468693	6.9838286747219
38	0.800108196975767	0.737940409383853	248.981416376727	0.369383637030696	0.852528194549401	9.03087704828093
206	0.944863211714141	4.34902927059098	284.216283200154	0.35288323823738	1.13209476348282	37.6827594344786
36	0.831693800424282	1.08576156675441	138.503217561473	0.406583266790879	0.789231946724005	9.9213143947318
50	0.216425896655666	0.317691135998749	306.975447438402	0.32327455660789	1.1462730844954	8.10041664464218
44	0.929615990665327	1.6318280847569	180.360484399928	0.487641866330391	0.74008863349355	14.1958764314306
126	0.962444484862983	3.79657296976957	260.915896833013	0.37052097346215	1.10853553154239	29.5407395161298
43	0.681872800893387	0.784856407869865	202.523680694705	0.390091040245839	0.960223478160076	8.99407068452151
40	0.950394695788054	1.74592058703476	153.840934044972	0.493420569891158	0.797458498228951	14.3135622159748
312	0.917310135259923	4.92532106327158	313.315358344786	0.348289010406657	1.15559557096172	42.7430789785335
43	0.670612274790412	0.509504778855003	267.704838750917	0.342093317698854	1.06331401853887	8.63683876983879
137	0.754881709876278	1.72275384408021	453.715973453555	0.33381021976563	1.28305524409713	17.5793316188832
33	0.93188562959335	1.22296775912807	169.578327833927	0.419437340153453	0.639825636834974	11.1516486022649
35	0.84677996030686	0.875850361609648	187.071613860817	0.415399666983377	0.891941715784357	9.31332074873782
119	0.902895819664803	2.12708936059034	346.823032638447	0.33553965628269	1.17725581829215	19.8227552976282
57	0.843673215428366	1.26206574225568	217.117482114228	0.361554495672143	1.01189678869629	12.240854874411
469	0.973730674061257	9.8043809960409	314.213988399028	0.353774924452966	1.19334909109279	77.9682507615117
472	0.966808091191312	7.53696719304622	458.216445806604	0.347959030368827	1.30537860689835	64.1331531078397
158	0.976203926861352	4.16101978699824	267.282276822617	0.366134931311402	1.08209602577878	33.6759569824251
135	0.965768053129039	3.67279975715235	251.771938164995	0.381578107624619	1.05418674232674	30.85476147602
33	0.737451178438305	0.659668205521226	175.106200081662	0.418928153381935	0.903545340940292	8.13565575162888
108	0.921149840037331	2.28130982616556	301.787273301138	0.356226769630014	1.12679199129316	20.5984103285791
36	0.594495574170874	0.396269033492784	237.514375888784	0.353262887444128	0.95002082008503	7.54773032843398
1006	0.956853426253607	14.6890071766858	322.085661487828	0.351453638397938	1.19174742912902	123.37764838215
43	0.797009698839746	0.729818732487615	214.882438657202	0.377458182164064	0.996263232672854	9.62665012169244
34	0.870409770060018	1.2564522554133	129.018774302603	0.551674208144796	0.625139668534611	10.7042144793777
141	0.792423533326396	2.51958621735576	342.407367605776	0.363329797187966	1.15194778803092	20.7770081583519
108	0.858091578789166	1.6026168384101	439.126960312408	0.346473170002582	1.21661006616611	16.7924493774533
100	0.921867308917778	2.65406880708444	206.593484369972	0.371227232403703	0.958151047455294	23.8883693000579
50	0.900675795604393	1.46590265958023	219.936500004426	0.451254642353714	0.944823616654879	12.8069700117227
66	0.857552028434796	1.28344111495968	260.76751149369	0.372093940263264	1.04647157938928	13.4199855152433
71	0.75052041472599	1.58582998247033	234.179243110697	0.382684457724203	1.02750019444553	13.6907196232244
219	0.92609506746779	3.40058904825622	418.852884904347	0.327569977722309	1.29742537926704	30.0515805714244
183	0.943984745151441	3.84521365492312	250.512783767045	0.381567911818586	1.05032991354986	34.6251151856075
110	0.534240985159162	1.15113903938392	408.65639507652	0.328714293040669	1.24578082699942	13.7523543119551
38	0.720470883763238	0.606764013005814	261.960191445267	0.360914760914761	0.955890782066133	8.41709838808359
31	0.747070216502548	0.497751301211059	201.345073076121	0.378013862643844	0.93242054137422	7.69796877263227
79	0.870456704930158	1.44110533173407	314.584912540618	0.355680754869396	1.1785441856641	14.7005498256022
42	0.973564169698118	1.88550294609887	165.922827472587	0.453144016227181	0.608184686290324	15.9526448425081
55	0.865842236351132	1.5059999868102	188.269197152801	0.455809125536529	0.892017188974883	13.5912343348696
585	0.869519090585713	9.0288414110463	280.892537531917	0.359154613500081	1.1302378325836	69.1168662279572
115	0.842306683802348	2.16925288162731	386.489645774212	0.353302761953281	1.15580115489699	19.8624212238521
181	0.826816857545104	3.05132933827399	294.64453645946	0.35480829619867	1.14328260966872	25.2789363308339
36	0.961964424897516	1.66407515898101	168.489144114897	0.547178871548619	0.609224537052496	14.1867785329767
162	0.97025901151062	4.27039558072586	217.662632103021	0.378597328400478	1.01068828490821	35.0220302957531
58	0.922461142162192	1.62476651773343	245.995255596853	0.356856392800095	1.06663017431943	14.4902181845122
123	0.900956966409449	2.66136152834943	281.274736097576	0.391011251070074	1.09194347179775	22.2005619065201
47	0.753571786156621	1.1703373842481	174.825419724375	0.459043309631545	0.82088999782274	10.8368256487732
33	0.942377041182067	1.35057135900176	217.225149124328	0.431713554987212	0.610360945037812	11.6207364525505
73	0.826538724602801	1.34040802243674	274.162938470708	0.337806699052374	1.09012057179928	13.471371857031
614	0.952098091953701	9.63238617515879	314.67744308044	0.335573269595527	1.19837278859744	74.3645588872137
32	0.750884590783841	0.806073592090088	187.348545448541	0.406468444798616	0.85718806788681	8.23880507898991
45	0.907707885856045	1.33131678727853	166.295570119974	0.371131855837738	0.875633909635529	12.3024859063575
37	0.663727891285241	0.503538376774419	228.837377255496	0.362257637489836	1.00368047784028	7.98704660964568
60	0.925482983217365	1.78037096357993	177.321020557112	0.395335310089408	0.903122270269875	15.3562365729639
101	0.927713599424654	2.7410339906958	189.150505344238	0.434130778848083	0.921398614949961	24.3312228626506
33	0.757309442373793	0.757957506374107	176.024112974291	0.499169608671871	0.771864384161246	8.50439167901325
36	0.707106781187625	0.465121541188018	242.909866418632	0.357731805426559	0.972363442628805	8.02772971918585
56	0.942659206898242	2.08300182351986	157.711221897799	0.4566337076141	0.815675571632951	17.314816038668
102	0.969677087453102	3.33367341742477	170.125300983812	0.397128373447159	0.866694811033425	28.2889745946272
195	0.990269774200671	6.18414431992695	203.78684897458	0.381561273965614	0.937824895596277	49.7632863521416
155	0.715340490361221	1.87932091409842	295.000059420277	0.374638419881986	1.11696404850701	19.1917598180867
118	0.894433129009374	1.83319259853269	432.261614145795	0.342421033401425	1.18940094620458	18.5363394115878
251	0.684559418607044	3.74402977199941	244.324746983319	0.368597766925477	1.0490016543608	29.2389454258651
570	0.921162113908754	9.19181073387309	237.529504978111	0.396652855782957	1.04667502695104	66.7970774356334
97	0.876333500394279	1.89771580461095	319.729111821425	0.355897734670113	1.17015342510877	17.3804535759107
93	0.878162134593193	1.97461377172613	263.469766732144	0.386328996378847	0.976836876729343	17.9471371334674
34	0.467859694848171	0.267916010361099	256.667432017706	0.382378448260801	0.967740896441445	6.96406992327027
43	0.644188037949392	0.863732833352435	198.615961193178	0.384814789574556	0.931534965369671	9.05422014036197
110	0.723851881163122	1.79573487950556	307.368817358005	0.367135303162678	1.13097580527038	16.2948453688585
32	0.577474234245684	0.389924828954745	226.434255601181	0.388538129957172	0.957713839693026	7.09101149322015
65	0.881064593249307	1.38936297539668	302.486074948986	0.32863828275593	1.07567149144565	13.5523636854751
488	0.946351265344332	7.2196560168838	310.854065107321	0.361591171477842	1.1849668884578	63.5911254472456
502	0.953725094033062	8.89741674548448	289.784859149877	0.373551664578584	1.14376687076815	73.9625896532957
138	0.867338220368295	2.96029734194027	280.276682947981	0.372396115410821	1.08927297618566	23.8379901214173
124	0.826254658956993	2.21785374673323	341.188111147412	0.345588470475349	1.20346009488241	19.4424874096274
61	0.978470194954456	2.50697582938522	144.554128406938	0.492674854557207	0.705721508401187	21.2447790323629
41	0.920880158597077	1.44348620887327	181.001347872872	0.460966042280921	0.833805787050973	12.4871313263428
48	0.544756450255571	0.450296162370398	299.176753313473	0.345240133475428	1.074749296545	8.63030768375145
92	0.941889057284598	2.42120728268898	230.904737542	0.385859162329751	1.00405657035854	20.4194624107623
206	0.967555565093499	4.28492407763162	318.294412319225	0.328769763810696	1.20050638003915	37.0295619102875
36	0.801559657076365	1.17197855246814	180.08093329344	0.483075094839801	0.795250418912023	10.1023489385336
335	0.969145359969531	5.71272118535562	409.296696416873	0.333176666598431	1.28087028269384	49.8230812876696
65	0.577728997297119	0.849534539450734	307.994204825455	0.372663859722683	1.11493513051966	10.6520685024932
101	0.79014337967677	1.2597101512884	412.681366364849	0.310592672015381	1.27622470796637	14.9550676445452
185	0.900704033794955	3.77697706007754	252.717103462496	0.368448893317851	1.06089608388299	33.0524700259916
191	0.94363951960348	4.34392999704228	218.776307217891	0.401435518563546	1.00133928488817	34.0897486440187
46	0.66608709920311	0.655632389266326	256.54983285363	0.375506066216006	1.03260109006621	9.10098326620809
35	0.903036403773746	1.21241016344952	144.455989014796	0.46580739521916	0.748598150801128	10.8772634133518
32	0.599654069902018	0.424912521366722	179.10548159768	0.404118258530023	0.926032910158142	7.18112147524418
71	0.896468601899009	1.7505518162665	325.183383278173	0.350067746698998	1.07725151402314	15.5405314918159
72	0.934486214452534	2.00357712176715	241.718229507687	0.394025442890012	1.00198414208666	17.8649510971962
44	0.843916799192833	1.03857595739549	195.662255513743	0.407466702198923	0.942580557616212	10.5193467388178
127	0.839093098312455	2.38193518467135	356.455477609383	0.344553973385788	1.21051658088618	19.9030763156321
37	0.428981494994898	0.27577353106754	267.191401850832	0.341272391809476	1.04661399065536	7.21390166080885
105	0.958970702445981	3.09962649080105	282.003545412024	0.361967294504608	1.10045147191719	25.7190926148021
66	0.909446054412545	1.62920758422706	270.918331662022	0.388068042185689	0.973809712265278	15.0422238348079
95	0.960360654688713	2.9364760673789	222.878106280707	0.396704696665741	1.01442921818075	24.5938692747281
165	0.922479089663631	3.60795678679609	244.666438889481	0.397321272495749	1.04775813917846	30.8268421030941
50	0.804936287520813	0.905658038521565	272.55837825726	0.342483470927254	1.03250942716524	10.6135192636034
39	0.619074345794344	0.53857491903022	252.00531813209	0.383252157583708	0.988240031217835	8.0388275828404
191	0.881602801782762	3.67819839528912	310.821723170524	0.364899304938459	1.17134044704546	29.3843213255114
121	0.863873949672626	1.83807842618366	437.157551473742	0.308250724773216	1.28514770655358	18.5005472697893
67	0.897188643808184	1.34254616872637	289.252176663721	0.363716031647721	1.10717948269035	14.0677694959361
406	0.797788129850488	6.3361931222212	264.223672923828	0.378889195577418	1.10361960126427	49.9280748579044
49	0.642452233536809	0.709907687163455	250.413475781308	0.348944506636814	1.08135369068935	9.29800567060379
62	0.817341194437762	1.06677265789213	285.084920791684	0.383168888345359	1.08372872529135	12.0629518598813
83	0.530589756652764	1.39101197936202	178.557352459376	0.408026228292773	0.936350530624981	12.7363328319509
68	0.918509667725685	1.87655515707791	223.359868134596	0.404134699029261	0.893552720245327	16.311205278076
77	0.766700531640453	1.06013053559554	347.089930550096	0.331460694430801	1.17397425449567	12.8306403001619
144	0.919077822298287	2.96314971097812	257.700769429083	0.347653337964756	1.10515594100466	25.98334677869
54	0.466866269500777	0.34154478972115	347.428413233251	0.326684047272283	1.15499990559957	8.8267860135475
62	0.84877740775493	1.52051688331244	197.583841576544	0.390986022787493	0.927182608651786	13.7413289021119
130	0.907839479847391	2.69589728652393	365.541509617549	0.349672595213392	1.20509228454141	21.7456427338347
47	0.718222046370109	0.645386464627733	290.775868941635	0.336778638397272	1.07735834379199	9.3897320777128
42	0.755390979168523	0.908385887597899	207.639014433753	0.388848485080103	0.945341629044411	9.60348250274633
31	0.703506883282277	0.430072920889161	200.531926731445	0.363132626130729	0.963773120520944	7.46086360397338
401	0.938791533611088	7.19223123518081	316.087647158856	0.360832598182684	1.17976862153356	54.4678494402181
67	0.90892796717027	1.52644212435001	258.256912578574	0.377988055929232	0.996688237026642	14.7180927603145
84	0.764219445598757	1.62122010544681	335.025951234062	0.335133701649539	1.17628754984707	14.3422031781414
39	0.685870426039403	0.622507880796042	249.57610308284	0.378685744568098	0.982173571065821	8.39023596621197
47	0.505287055826578	0.690782552378932	241.775117915218	0.385560128417271	1.01803207892837	8.6608130038161
216	0.934117329507069	3.21772117549557	540.100988578322	0.306919530390118	1.36286188923926	28.7578720220863
1394	0.954602947773078	17.5132931014649	321.262451674741	0.360332274837545	1.18464897978022	151.324812087019
65	0.857310651595863	1.39737635894716	252.774745619315	0.415004498891967	1.00118186616901	13.7361482254465
133	0.913133263528374	3.5664961461884	206.137018818076	0.417669083517581	0.952851327444168	28.532795188454
36	0.30848761570085	0.224422056334546	257.69720901582	0.331957450339803	1.03647592427782	6.92820323029168
151	0.710287964996056	2.01401619209204	316.418220109535	0.386896109667673	1.11553373501003	19.8740943446612
51	0.802065590561812	1.4734898487731	150.670215927744	0.438045009139672	0.814303113290835	12.4661334955765
46	0.860242793193159	1.13005523732908	268.294504429166	0.416453590215757	0.946311674953796	11.4706949986763
88	0.973240389262009	3.17608319665141	185.587233828854	0.466298450955127	0.916654218309028	24.7862759312451
81	0.928131374578297	2.05877749350884	204.582268850939	0.390944801519304	0.989795061940761	17.6788935417175
48	0.853561522657216	1.28607273811716	218.993731764764	0.43833786625833	0.967258722128059	11.5714560370547
78	0.920288834456676	2.04371339003681	221.548590760063	0.380327944233827	1.00510353213431	17.5161776941968
60	0.907367331057148	1.79593413267628	240.310585344502	0.396800702490192	0.986061150319172	15.2528658095742
198	0.919267184893061	3.96980621555153	322.452460987762	0.346873820966437	1.15929995022618	32.0465730598193
31	0.830295745928899	0.67971976835187	171.927860136493	0.422741549108331	0.880601732221993	8.43894731368937
411	0.974906205102485	8.91096757790199	333.833045724686	0.363357779720482	1.17364328127476	68.2743421296386
90	0.894649130178148	2.17047005152274	347.737035688393	0.375358559917384	1.15015234532867	18.115858040929
74	0.964311144783169	2.28982585729532	189.99462264262	0.433063151682077	0.857801169165826	19.7724045117457
126	0.903193064210667	2.87948611303086	247.358348400476	0.387544917592613	1.0418306294365	24.6356584310707
59	0.861262711228448	1.09969985398822	266.703850278638	0.332175228336219	1.07196824907678	12.2427594662387
35	0.739080100854695	0.544313708536106	212.623763807312	0.363888225350567	0.981959766655093	8.14059133164052
168	0.620834644467435	1.69904514900742	229.519884350899	0.396345011360491	1.01900661006894	21.2162224262744
59	0.719766403061154	0.669178493112961	333.08291192758	0.324893974695865	1.15361327288526	10.4540965938365
219	0.920937813713086	4.54014609416688	376.645653525505	0.341741968522366	1.25475003108506	34.4689313077439
49	0.49054523354599	0.426388474311896	301.620791638347	0.339837932869031	1.12898628117867	8.53444989911153
171	0.762883879818385	2.15084759896089	328.709197521147	0.34655019354806	1.21986882276901	20.2270402665516
89	0.888132841074278	2.05838355050053	283.611770752891	0.380610999186851	1.06447682712377	17.7428199347166
196	0.897894711232132	3.28284140103014	286.660282953348	0.355801734549362	1.11574978651584	29.6414179827031
101	0.913692302606008	2.02824077311211	326.879380450171	0.319169730655982	1.1539328886197	18.6324651191264
86	0.567357557871255	0.769531808959796	424.190489787899	0.321402626678551	1.25971440782882	11.8120083497825
199	0.605251521210892	1.69972636897307	651.004619125035	0.323039832406154	1.37804884092093	19.2056117159615
217	0.907729220579904	3.80233645385937	355.183726565394	0.351188924634303	1.23460814637234	30.9155793994764
130	0.610860426839344	1.9540524051088	330.991134835539	0.351420388422286	1.17266783645888	17.1593580617615
138	0.922271953387787	2.47382369615577	406.597715152841	0.323939970998795	1.25162460456627	22.4670534818378
79	0.869926501876148	1.59191349992026	269.476459405012	0.358007108293215	1.10064304496118	15.2080193895928
43	0.894187175440449	1.08823145132485	223.141602963701	0.415804554990076	0.888099650773997	11.2994432371772
434	0.898212874804831	6.36287221244753	362.578930583596	0.34227273585347	1.24298762639156	51.7677788356546
252	0.982593129375967	6.3062825972306	292.788141599511	0.357112350777509	1.1422178146634	51.5129649183109
315	0.879966377966689	4.06755392915321	356.27551460105	0.372085445551492	1.22518865760801	37.3922470621912
65	0.884351670347152	1.87386443371897	205.9866813843	0.423250163007775	0.950929362061793	15.6087261502678
112	0.955758231311114	3.02138117458704	268.244051080414	0.358030790971967	1.08720320147092	25.0643698804574
64	0.73577149336057	0.889236002728509	313.050243615873	0.351948476495988	1.10449150937725	11.3082954648432
72	0.875049043420743	1.37306435978591	269.096437717845	0.309745814531458	1.10490175945794	14.0043485606977
184	0.681910458064254	2.8396788808123	295.824275836115	0.382476802247772	1.14671759092527	21.896477019725
197	0.797739972081051	3.21273381399127	245.273917566804	0.379650731442797	1.07680290638724	27.0248887163976
114	0.896459900021548	2.21711563572203	306.105347669947	0.327753813371307	1.15927214722766	19.7515487095306
34	0.945784310639122	1.39584060516885	137.768515291672	0.422058823529412	0.629385687070397	11.961575357871
41	0.779652347517908	0.673488474952773	253.651889392806	0.344404656353186	1.00497999184721	9.11128112868925
92	0.850799321002931	1.86915070126116	302.595593870164	0.387003949188823	1.10596152358751	16.6508939632743
31	0.694281858075083	0.490652420253014	233.041630620932	0.371271636546779	0.922510585778532	7.42763081435286
47	0.877026914933687	1.18636044216552	192.332717789261	0.409095803948745	0.94246453182359	11.4868610176545
136	0.858793594381222	2.89889490076762	260.695947929903	0.414768851176948	1.0846435506413	25.6595765734907
51	0.593688321743557	0.674608453637522	283.336237293429	0.373993601444582	1.05043501853179	9.23546304322504
61	0.896730323225865	1.43677078054176	222.336830163795	0.386772049840576	0.998539577157861	13.8980962278195
195	0.879320428495486	3.58442201773531	317.036840148643	0.340159897356006	1.17999021633135	28.6034027109823
32	0.407778245833211	0.365111847160759	203.524700625446	0.38312944656183	0.955248513314252	6.7151201352524
104	0.903806907161847	2.55413589779732	253.532325268608	0.361819665060243	0.997285073534694	21.7726542223386
44	0.951611961732665	1.88577154731721	133.204376524698	0.465380906460945	0.605743781760376	16.7898650183043
256	0.893697843727489	3.90797172983915	359.209532983968	0.346708975677834	1.18369788003618	39.1395069209382
103	0.715164053832596	1.38099685520568	385.018706537387	0.327576827522861	1.20478313749797	14.7450134504366
112	0.890017697374567	2.20595127992298	377.269423753514	0.329520354122152	1.21785169519379	19.1919513580996
56	0.944296490766129	1.95815022168982	175.367568766811	0.412696457736486	0.840103242537721	16.114923035251
34	0.872004721505536	1.15558903483574	150.939102648787	0.487359198998748	0.64641377789141	10.4519458770042
31	0.780241758973921	1.15011214499126	162.351606255609	0.547554925584692	0.604099901725326	9.55694607445267
100	0.944346610812732	2.6375840927422	215.563684754583	0.379607801986722	1.02903436938461	22.5637754277384
34	0.727029993041739	0.553088629281376	230.706317926081	0.365300968499141	0.958669566759694	7.96708028044326
97	0.740963963440876	2.04997794781803	297.183989047371	0.357237282677041	1.10144529396176	16.7500892484137
51	0.759634023793313	0.917603297434947	266.113242743941	0.365897028249969	1.01548593641435	10.3170543932783
42	0.685791263945446	0.670657108203731	208.942691995851	0.396425405727731	0.977730963333534	8.84465138593267
87	0.879224957939582	1.96823700355656	246.236528246167	0.380179205371021	1.01578733815418	16.8566829324668
41	0.72754843326848	0.760353860186811	197.669418992612	0.373804962040256	0.945762081510821	9.05108367148414
324	0.971419818824484	5.96456105393228	415.189584250946	0.335650715333322	1.26735284981626	49.26048402404
47	0.918260236290735	1.4433121175286	185.131108661356	0.378252663320537	0.859411233038352	12.8515134420977
101	0.447889608257904	1.05554456829877	409.039404437794	0.326262544151817	1.25613214958723	12.7307047320105
40	0.558134573776556	0.823826265299891	157.003941236814	0.417064259970834	0.896977111728599	8.60239586897025
77	0.924215708680907	2.18874459546993	224.141308188944	0.389404385944178	0.975486599668193	18.196863633438
61	0.937964325693678	2.08139152470994	168.690262500266	0.451096128589735	0.889643808742781	17.2431527252527
83	0.894857750948924	1.60859005817685	273.029616326162	0.37616841767048	1.08538791939281	15.8980053869864
55	0.830007467730414	1.00662084208383	244.385622374983	0.35299764146823	1.03388572477091	11.4793191330206
47	0.930355621740817	1.58036470016404	170.938308912557	0.525224555953265	0.719269558535171	14.453676104144
93	0.969182599219792	3.12282280334994	222.081612650746	0.401174196344475	0.998310083480914	24.2019311714399
42	0.73096487448295	0.581360064669185	268.654919485285	0.370976241564477	1.04388200579578	8.8348419411578
92	0.881993422014479	2.17354653789848	271.987346214806	0.369853242680436	1.02889488431007	18.3461715625186
42	0.677909336181083	0.656568255608027	249.66198690898	0.378188163799024	0.987869186610978	8.78965695423519
104	0.955919273477546	3.09820317786859	205.612690191563	0.389691894949248	0.94359504603979	25.4508207708534
458	0.876839530557538	4.99095706950798	367.816324108181	0.346448520442329	1.21735892783378	53.5134315304309
116	0.949967521228007	3.24481842545417	225.936522729988	0.406572012261501	0.975390062910723	26.4210534705668
336	0.933254260766795	5.5318327681288	374.530103181399	0.339172269346599	1.24001117977923	46.098269542729
41	0.862537830931204	1.04386520116139	183.36226443112	0.418327631240113	0.851368251127634	10.4881736468545
68	0.951456681694981	2.12950612711654	205.670384320754	0.467090142785982	0.896086445191533	18.529872126427
67	0.937624919093697	1.78049856185289	200.617981328702	0.42523034004721	0.981675293197124	16.2787371999604
67	0.799539158400193	0.981621556060162	299.303343263626	0.353428685781627	1.14011031640186	12.1665770001365
61	0.680766941135821	0.781468183273227	330.242908781181	0.349688026779366	1.15828226082846	10.518994786277
104	0.812694837041991	1.39653395771138	395.760639479489	0.303692350651191	1.27055621564266	15.5885125978386
98	0.784493431639274	1.34622995473293	369.401114208571	0.332785435131159	1.23744175388314	14.8671416785182
64	0.964387510991432	2.06176497543577	392.410184476378	0.318572498503294	1.10520700516317	17.7188705681248
80	0.967077598204386	2.54203435172628	196.567741336186	0.430455043941414	0.905774890666999	22.0171912365807
109	0.71823209626336	1.21525267711624	453.6610118852	0.338147594973344	1.23643737135373	14.7679885430359
44	0.947357270236722	1.74103821729438	184.7113543472	0.420043055337173	0.816967913875575	14.8106678411763
44	0.918277301598071	1.56370120253845	139.323112971662	0.475702075702076	0.701160320154767	14.0928553496094
53	0.953061355550425	1.84355857812533	204.102866294568	0.461365082362849	0.865926009595683	15.6037365613084
81	0.854270052844114	1.35883737530366	334.985037969996	0.351498104439281	1.17558851082376	14.6340972089765
31	0.944131919178713	1.18701874763795	132.48852096917	0.444156654704322	0.702405586269775	11.0674239561408
81	0.790277124923499	1.93937825122067	236.183969402066	0.390362726664578	1.02905124955932	16.7047211898778
71	0.943476992409872	2.1330012217506	184.461674026515	0.427948680889857	0.934682309743272	18.1094616296518
75	0.853774615384239	1.29016603397068	302.329322153223	0.343328948637413	1.11941646981916	13.9186748423529
114	0.928093230550476	2.51141808242316	275.669612032206	0.362587666360045	1.08010267639476	21.480256974597
68	0.81395301679423	1.13226284426629	290.796953690968	0.314410778639713	1.13260511687182	12.6132572778306
45	0.746165735351212	1.17001190548792	146.863990124071	0.440696764535774	0.814629876370555	10.6649706488262
122	0.96994629754555	3.51043851023904	247.542507697207	0.376490708624385	1.05490292673638	29.1391430094794
36	0.944472804667169	1.53328942020973	132.683955356872	0.464585834333734	0.63817681322486	12.7599244181723
54	0.821289472532005	1.39033751810843	213.726550635287	0.381649934591111	0.95007610961896	12.4062230456695
309	0.958692968856844	5.55335928987552	356.442288768659	0.34291363469176	1.24819670370993	44.5786184719193
63	0.701699690352599	0.915661006775459	281.176791441915	0.346053320288614	1.10179512072896	11.057703840881
372	0.986240037764348	9.32986465784103	279.542791757611	0.373314770213166	1.11995901225943	81.7467193196997
854	0.890278725626257	10.0179209432303	327.898590079051	0.337814535953804	1.19862001212712	90.0729723271398
76	0.796814391277354	1.09046671550877	321.968588532679	0.345691867433044	1.17344343921818	13.0312920106979
102	0.964001401185613	2.83627755852042	254.009243968713	0.372817379337578	1.03792105499419	23.6789674044595
208	0.918175999849082	4.00773743583826	274.307313865114	0.368714247423253	1.12877700757718	32.9406603618194
37	0.781433796188385	0.684773914640375	227.961258733659	0.381374150491798	0.925606795738671	8.7790156722284
278	0.810027550226256	3.70979802151553	408.734099312783	0.351762291023577	1.26641287589222	30.0768251205358
57	0.749915309130956	0.836628956953039	263.973191608488	0.364416835525058	1.09016727568743	10.8394957881833
38	0.446433114297635	0.329028214692697	242.223037049024	0.369856833524654	1.02248257336191	7.37033417112981
47	0.729105612891921	0.850884009870897	257.764659712415	0.353272785205558	0.970201755854798	9.74793085829816
124	0.820388713487191	2.37719718168321	208.354774630823	0.3747914883209	1.03494386153907	21.9534157690308
139	0.971059586377576	3.7439051703014	262.736816268434	0.387889948171052	1.09118395862166	30.3281417914966
257	0.90192975308401	4.16347950271206	295.322812868724	0.355298679122551	1.15571247283781	35.8276770418711
46	0.888883631086809	1.34265966120624	186.092044884259	0.444164648203279	0.906845305359312	12.4781925721729
64	0.653506497428354	0.590100110387639	367.270638910095	0.31132044742304	1.17506236795199	10.4492206436776
54	0.647057787640845	0.666445243546817	299.157338867207	0.334584951623491	1.12017663694773	9.68563475188373
105	0.910315782680469	2.75063728912576	217.191185708135	0.399425628459627	0.969838666180269	22.6002549796439
163	0.950542254006604	3.73927829951965	301.809243620646	0.37036999248764	1.10495920683122	30.2843904290724
62	0.683987417885952	1.27823493998997	230.941076281745	0.417140735454865	1.01395641742431	11.7689381864322
86	0.957245664178816	2.64335554144705	247.821477558754	0.358569049486004	1.05315868702736	21.8458000281551
34	0.90672413492025	1.12970717076372	129.076633522166	0.444511825348696	0.652037067030667	10.6239133071399
131	0.821937453100433	2.99766993687731	209.489687822452	0.398870381166212	0.965118414352584	23.5169601539359
225	0.914006063741444	3.94554643536059	264.651717924787	0.382245568475336	1.06527974224963	32.7217296128306
190	0.957628022820426	4.02562502502139	336.652547663018	0.349646925620414	1.21271259962075	32.3802480027346
64	0.900219287189776	1.63950563288723	282.031210345965	0.335764859206474	1.04790549391737	14.6744211491006
57	0.528255195532181	1.17892127367707	235.347135881738	0.387060852502029	1.03690490691516	10.3363058464471
405	0.975597893538025	8.67889436421609	365.882452350019	0.357107597670486	1.21642636626596	66.3735601216255
424	0.959844029206662	6.82668422177672	365.242726407583	0.339206697562592	1.24394137361988	59.5456308135763
381	0.941907681187515	5.85611366731123	439.053216614655	0.317052257526598	1.30977153013808	52.2244652304576
183	0.55941489225436	0.650630895979752	913.509639296065	0.274865905389677	1.51497951588462	16.8040880511358
113	0.912403015039261	2.31949624660644	340.618563109225	0.356742345867942	1.17550117234524	20.3545216041018
557	0.961458548110737	8.74226962020675	344.361928620386	0.351091354061085	1.20206033561345	75.2248405112058
40	0.76478975307525	0.789978897783989	198.706980157821	0.409064856711916	0.915526743213084	9.23435587532789
64	0.75408678071988	1.2418541920792	235.779901410295	0.380792850343023	1.04920510063443	12.2057134212997
61	0.734170741468843	1.08954156196519	236.082033312216	0.397203663809999	1.02593395018457	11.4911823621556
137	0.897495761213174	2.47428825010729	365.741396412923	0.325371488436371	1.20940143456584	21.6093908765642
82	0.931075607818702	2.22182920306328	184.214520030272	0.422877968906809	0.897284926904233	19.4503889156033
36	0.873279017222718	0.943575197261559	200.752921061504	0.42783211172436	0.902614166612212	9.84372838502463
31	0.769575757795692	0.646087260563612	210.063466880228	0.394566104068366	0.932206357898435	7.94555663966253
36	0.943995347968182	1.47076559675324	157.154934751792	0.483793517406963	0.642386464960425	12.793955557984
34	0.883588295897497	1.0697594699024	134.145734743199	0.432569951057346	0.797398332153862	10.2360329163652
417	0.869028894830965	4.96146996468531	298.936277168944	0.373662022346233	1.13224531634474	43.8833128297277
115	0.741444614227162	1.8264487974919	338.80326849672	0.355212391800011	1.17262769020857	16.7293483245302
39	0.91676336946578	1.30017059265259	168.977093285113	0.417818485310745	0.810018804462769	11.8021835018659
144	0.896361180081583	3.03360758114938	217.563589078586	0.395321114985729	0.932740314526933	27.3997393485361
59	0.888180353222199	1.90198190007687	186.989218557114	0.494015199426964	0.898989291895185	15.2647148587836
32	0.916420161202385	1.11678913290547	171.050207507739	0.519125188536953	0.80173148669589	10.4109992720229
36	0.97618138295475	2.03186935547779	145.266773856373	0.578039215686275	0.558581114345606	17.2912802677554
243	0.988596556745176	7.38303553177685	223.140717506901	0.409854530285954	0.975195889384241	59.3424838049177
104	0.796727755183906	1.44940515093918	364.620815783324	0.358135294509844	1.17131016921272	15.6514185497689
67	0.905973437320643	1.77700735376147	210.044208872672	0.387816363896654	0.936366037906048	15.613181393819
158	0.970816620942599	4.04951165168544	279.019048470116	0.359413338414707	1.1059675861038	33.5220739414917
34	0.904078203434068	1.08365593454209	174.297482145379	0.457881987293752	0.822456359846102	10.3249906157306
190	0.87683857931325	3.22927263711832	273.170617745933	0.34988602641246	1.10214627086932	28.8831648802847
193	0.943565524970412	4.08795274100424	319.567815745401	0.358394997257556	1.14369632765864	33.1435555182212
41	0.963286179241257	1.74557426622907	118.339252776715	0.470895140664962	0.60554081748493	14.9730571123962
99	0.856009167475172	1.82813146441016	386.634243332914	0.372492300166508	1.17325452016908	17.0215949190811
54	0.767260925549761	0.807537396719608	322.370037758673	0.372747642321679	1.05243879391308	10.4501628361815
55	0.688415519285592	0.673971605437049	298.407596101089	0.3714548754866	1.07351211720035	9.9272063985174
68	0.832277699916005	1.41446651507261	244.868831925024	0.370363349775114	1.0195291111805	13.6837760163331
52	0.951694569232148	1.93944037456371	155.794554964761	0.397872946877115	0.856655178453594	16.597865131621
44	0.735762878875074	1.0897091767471	164.912973055227	0.423373868778281	0.766837556427939	10.140181007159
37	0.93676562082314	1.24254741898574	184.187386434746	0.472423097679439	0.652760864516887	11.5706451154804
32	0.937840006205451	1.23465232407148	153.963152612674	0.409636517328825	0.718069474694999	10.9810865718143
38	0.785341028131444	1.07977786761141	191.094412901495	0.457696218904486	0.830141150314998	9.78512027327231
184	0.971437874615883	4.35050875579332	369.010810006733	0.341091774901027	1.18775317332751	32.8314707132968
90	0.722344580273163	0.914082480402081	411.18063918475	0.31409403023675	1.23171986521649	13.1835819990911
148	0.854925965999188	2.03019056128518	410.938003226295	0.331150002794948	1.23526744484892	20.284822470047
281	0.759875437631143	3.16907306949573	509.214328233248	0.338221708711494	1.31291077025235	28.2855509532025
138	0.937633647489407	2.90885474005863	277.141025968188	0.364808266983579	1.11699476633784	25.4172234847312
217	0.915856442008845	3.66686169521876	400.620435018938	0.334426242873687	1.26826157857901	30.6560004759999
157	0.962625039908638	3.96529063439317	245.996651441809	0.383644464267302	1.06699392990713	33.8030632030898
115	0.825122921104811	1.50839892852562	405.686468724012	0.324507890474277	1.24160371756222	16.7239927788683
39	0.948066528991991	1.48527070207326	158.208980195873	0.502212628170534	0.631972378834025	13.3226642093875
33	0.796311350757911	0.758416732809749	207.354926778369	0.38570071511248	0.912259044739677	8.50456925489669
31	0.750171276987201	0.511671086595887	225.924079599427	0.357672282010517	0.99627631491405	7.69535413686653
43	0.513535068691825	0.440307951232377	262.029032646656	0.340652044112252	1.07286017522625	8.07146666044651
174	0.753939420465198	1.53755213199767	597.713319598316	0.292398941395481	1.37244015542233	18.9319602694307
88	0.537974596268856	0.990401101579569	381.079216478667	0.321374204567482	1.21306781950047	12.2114315230293
96	0.735940977342285	2.25564073356892	187.58841047654	0.411638129285188	0.887076681454518	18.1683613988769
277	0.671189397048314	3.45766749808739	366.559634855476	0.344765193080442	1.22609175813751	28.2278813623475
304	0.855361091985703	4.69058835287872	325.65004175417	0.374825296600741	1.15958600683045	40.5466566878318
289	0.892735185563763	4.10930347426281	310.852486710193	0.353231923186674	1.1904712781358	35.492029468681
55	0.922402170725368	1.47181681234738	247.064085366407	0.362648893237129	0.944029340578209	13.8801320677823
118	0.934030667059168	3.01135825334284	214.235287973606	0.445106735694971	0.960394798728637	25.6294567556968
58	0.913146311078313	2.0073258568357	203.89387045982	0.464633537206181	0.882489035037836	16.8407020463357
264	0.963588506469898	5.44075226477262	346.857267888803	0.366523468484253	1.22367321198308	42.6121476351763
405	0.949412284624182	6.1329909319898	303.745631146571	0.350459923776905	1.15954378933168	53.2725649523695
334	0.938062727783845	5.66916157068764	342.554510025362	0.353755975904175	1.20625636467	49.3312123559907
89	0.96528593673359	3.16950206925859	174.780043696829	0.442923861683798	0.824937933472243	26.0796635691403
220	0.969824623077089	5.98360195302454	295.032120933207	0.375938358183442	1.12688105771375	44.5638915139346
95	0.931721265734881	2.49893538876631	266.338034791213	0.357348741071017	0.980815513374052	21.0186091042108
46	0.864125121745786	1.08378766743679	193.760470799725	0.398997703968706	0.92654583398912	11.1033352421267
86	0.902698485760778	1.59556086151716	325.941875270586	0.34564282787193	1.17213790346079	16.1419678485087
126	0.943331526644501	3.03728636383051	302.82161664122	0.363953343414959	1.14813095414985	25.4607409485566
83	0.842271056723094	1.32197180891158	335.045388636419	0.32352963411787	1.18609602359357	14.4493552004507
40	0.908392533249988	1.61412616166009	162.804718118153	0.528847191664245	0.69379309796918	13.146331556952
51	0.962051551872389	1.89553768932721	160.295228431265	0.43963197586727	0.751811190025517	16.3555570836852
57	0.865737259284308	1.48220020196576	177.80472514214	0.423717403607965	0.894617502802669	13.6357446397763
34	0.860551361471591	1.18486094116469	143.293801498729	0.534113712374582	0.732285679864642	10.2638214340525
36	0.956320699955211	1.4972347050806	160.022128778812	0.457847573418508	0.712263609971776	12.8500799959911
36	0.64720055019237	0.46050356980929	291.867897000096	0.371993272694838	0.997981986992335	7.7734878764859
83	0.844555204590221	1.3568366375128	356.523349546885	0.319314974373798	1.19224278880042	14.5795812171707
196	0.921824388365583	3.5951545381779	456.01244192379	0.33869958718237	1.28432970333083	29.3834839979853
68	0.91757317110742	1.54796080407391	249.636503258033	0.350683669679892	1.00524467603668	15.0207202315102
46	0.7969781810178	0.840435270289313	252.957483626784	0.37086799391059	1.04390426713715	9.99090410349806
56	0.890621271939426	1.43601828675515	227.223460782511	0.370379779203309	1.0159338597215	13.2180418893514
100	0.722384534976633	1.64813784265334	286.960176308337	0.373256905043198	1.06778912233448	15.1931838757575
100	0.907545302446199	2.38773602977383	251.125058828625	0.385512133551349	1.064099755832	20.119355997415
682	0.918621316343453	9.49917261329275	395.698747997175	0.333611835565221	1.26694167007369	85.1360617999592
70	0.756546649179894	1.08938454792024	295.828819916377	0.36887032304989	1.11148617052728	12.3592607097369
111	0.884430121263866	1.9272335575237	326.788014726268	0.351061965959664	1.13833515926078	18.4610067041506
89	0.980037175213398	3.16611337127181	154.148855667974	0.37892616763205	0.86128783754288	26.1529650625207
63	0.973353905210393	2.38244747537525	188.103926583217	0.457549857549858	0.715786670564113	19.4941443885932
56	0.864451430701029	1.45381031966385	246.90592479225	0.373574971670858	0.981114816645935	13.1406545525733
241	0.934669617109847	6.89057276848901	242.912429481884	0.444353714233232	1.01828605637288	54.6960636253174
183	0.926855569859202	3.7070766589835	324.817241350278	0.351051700341761	1.1842053531811	29.9883808668896
62	0.496336546295305	1.48617018814591	191.81637890052	0.403767833492489	0.869106243114915	11.8510991615332
373	0.963730917609656	6.46530606138587	540.617384495889	0.322950819949509	1.36679032079023	49.5859214297174
42	0.730521907583102	0.573006217895879	267.979172448742	0.335603003250062	1.01315093203725	8.87620387279775
210	0.852427050609764	3.70045844432402	325.418215186522	0.376669496737207	1.15415086055067	31.5020416410116
50	0.639026452420189	0.587869975670846	292.942119367909	0.351614170028492	1.08985832782512	9.20229262675089
96	0.788477739626813	1.43651671867907	324.170826565465	0.340571746656939	1.17366926933144	14.9282811375308
31	0.594808864124745	0.397338901070447	211.321821584463	0.374121486834959	0.940415741960903	7.03683527570409
112	0.512739469751758	1.53885685328205	370.293718973934	0.344693613479192	1.22278119014657	14.2632423494937
159	0.97874372194902	4.75436921208222	249.876417678971	0.377062017427523	1.07268058846473	38.551708639552
182	0.921831476578678	3.22250609235373	347.79063403706	0.339760034163232	1.19819881381661	28.1865143741159
68	0.797652034507984	0.992550618459348	359.530557203738	0.337254828840162	1.17560595976082	12.2055690869998
536	0.983405315444837	10.2342050566062	355.243770537425	0.342958132329329	1.2397496222925	84.2415510104413
42	0.714625804763349	0.552495896236543	272.076950141057	0.362240912240912	0.977191947175879	8.74084636625033
36	0.914194546812189	1.42517643227914	130.811776704705	0.543966040024257	0.612799998893185	12.1104831371696
284	0.948590354171317	5.07062261585688	355.226814773941	0.349814588628273	1.23461604555456	40.9199532964941
375	0.939543089358518	7.74526533066798	254.726117417888	0.384547938695261	1.08567708106908	64.9464636418649
51	0.877510528586165	1.30337151359736	180.205516529187	0.440688950518173	0.830514889509726	12.5479500825993
34	0.909375176010041	1.11532308293974	159.878930135508	0.492593960661188	0.819295754463394	10.3009565326955
104	0.876657868497711	1.84881803779632	396.001877667049	0.346953366902216	1.21991584244555	17.222605380601
58	0.710467218200762	0.699243846275533	282.948801003787	0.35302066772655	1.1411029516625	10.4564868642102
403	0.987687008607436	10.733003355491	259.319055032997	0.376498069670259	1.10775316549996	89.7278022184016
59	0.9612932688502	2.16592244094687	175.651423269882	0.423239615638822	0.835136648683564	18.138836543542
39	0.813119865569988	0.769539344437624	241.46542307287	0.372163385104562	0.927833704690802	9.27637714902258
88	0.937633387273186	2.44505061792286	277.338169301978	0.371622185389394	1.08013184744215	19.8052538047811
81	0.918642590075531	2.4447035944012	221.124803717883	0.398426513391219	0.976690732159156	20.7146224542665
41	0.93994406335164	1.52744176650222	181.743044738014	0.452298566485418	0.670467729724901	13.0464183665064
89	0.804809009951669	1.25345279787214	417.535013497402	0.339146304403042	1.19540136128711	14.2076355264248
51	0.866601269273146	1.18786970970954	206.735520382682	0.395281189398836	0.894416648592254	12.0360851252968
97	0.815579096823088	1.53148051254246	355.004704323241	0.320060456870273	1.20063946513014	15.5162003327936
112	0.916762124659028	1.97197493513822	359.882076083941	0.307255671961554	1.23394920679004	19.0912352934772
53	0.506400455945729	0.711549786537214	258.718021115917	0.362602421425951	1.08141815000104	9.236042417766
48	0.873195054672076	1.18766303507704	261.696615913671	0.342512436535207	1.08218594133976	11.5786514492163
46	0.584504487372098	0.422352700430154	358.78765299655	0.326663888008426	1.1248200370586	8.51776898881349
121	0.898193383048543	2.52730341917692	259.37242323346	0.35619781997491	1.10465772705267	21.7255309186189
178	0.675838203750881	1.665011839828	613.481901392692	0.299537161523165	1.3796119046707	18.7476241971551
35	0.898754776954359	1.26468865293133	187.395802871303	0.437832896656426	0.838312009513437	11.0024972559943
56	0.949262376994052	2.13578212308942	161.287366527672	0.452953098236117	0.799758324748738	17.3590149726086
63	0.920849518368293	1.78865584789611	213.992040265864	0.395464577003038	0.961879824972515	15.4271443829147
62	0.754128285589038	0.814274283994811	328.234077848213	0.321586144183698	1.15729008176975	11.1116628350407
60	0.89818537810472	1.64059263901733	203.995514610587	0.390230817085037	0.917308690115196	14.5300484579254
31	0.839659430363422	0.785178493018165	175.469485441382	0.396489483367311	0.847322189211705	8.65026861760049
137	0.896824434553443	2.5985712271686	299.323591737207	0.348226399018007	1.16138632164885	22.3391974070033
76	0.864388250617622	1.23691596658007	330.194678058573	0.321442093677388	1.17040631599305	13.9926187857769
49	0.791030888397276	1.00399956007593	229.267328592693	0.431939853911026	0.99152776249626	10.643916427334
88	0.89854791883727	1.66682446725976	337.478633865832	0.33142114671928	1.14885672480926	16.4491434373836
299	0.726772284391954	4.7680541032511	223.84194083472	0.405509420146903	0.991232477206487	37.0232132181066
178	0.96777343235855	3.86013516230909	368.388284789328	0.316838218870305	1.23776516717143	31.464843013388
161	0.927504140310588	3.20861308874063	313.620562254319	0.349870136246694	1.09753463369194	28.0041598651015
83	0.974072778604158	2.66673058100199	207.540409221911	0.385577044400574	0.919644931297137	23.5833343077398
106	0.853744163236096	1.98287430103393	390.678498679341	0.360764933000227	1.19524873394458	17.8241344347519
54	0.625619262477462	1.01200532476644	215.941758956275	0.364919169330934	0.998569002857717	10.3150348416392
55	0.787157912037963	0.978453986909809	261.287882912586	0.388928013674464	1.04991318493366	11.1339215960453
94	0.922228680257434	2.47864400058629	213.633844563533	0.392608204492551	0.951905683464144	20.3599306895583
157	0.77312344491993	2.81620411514922	315.983193986952	0.357699882276837	1.13629056739522	22.1590901413602
38	0.82835837557859	0.836100417432848	234.070342583278	0.391428130865471	0.827460705943583	9.46078439937294
54	0.894252068399526	1.3051886697396	217.384493811343	0.381106480653992	0.955712041582708	12.8113943374566
37	0.876377094760926	1.06188671392351	165.139436549471	0.441505553270259	0.830894029062913	10.2986501116211
92	0.793997253713859	1.28275892354325	336.201629939702	0.347131124521429	1.18666729042714	14.6213134878184
50	0.805912037505983	1.4921410134227	152.301807370483	0.488858652659558	0.766471207921526	12.6989073756267
140	0.97047647090134	3.75823155084131	283.546173546874	0.363838101693682	1.10181006836807	30.4619804669136
104	0.907133863729682	2.2825655704637	284.201688888735	0.36755374614755	1.0884103665479	19.9557446698619
113	0.978820822485161	4.14836104475535	236.507636445822	0.417783496658177	0.981960279695756	33.2163215086014
167	0.980723632028168	4.26219652673557	280.21546934687	0.340906355965179	1.05227522439911	35.6593925058043
132	0.875267765716542	2.15672356196053	362.961215635527	0.35383478020578	1.19595250625222	20.2509036094001
39	0.666964322169429	0.775945155590192	196.61458800351	0.444257020321929	0.921587286682952	8.68996357428944
37	0.447002406020873	0.404962003860321	273.74245114262	0.360684761923152	1.00234757362456	7.32477667305653
65	0.906765660681762	1.71412364895216	236.623669312619	0.400496285688983	1.03848150145989	15.017517910098
563	0.928980903537485	8.8188298762905	318.797298151175	0.37249519089711	1.18093784937164	69.6481508780951
86	0.813996442811045	2.31051436737386	122.93156890872	0.488307322929172	0.622730142024232	18.888162649332
34	0.717023586618798	0.702641071296898	206.918837508821	0.395562293174407	0.925913369592807	8.16498003239511
128	0.843394717146175	2.25118070096464	259.758803737376	0.375315328871288	1.07870261372074	20.1941428252994
119	0.968603475086207	3.479952725581	207.284299075245	0.390807647466471	0.97596223377095	29.3983713590929
48	0.807077054645829	0.893704707685325	260.641845340045	0.389866585893076	0.969651198885244	10.4595133208543
179	0.962614838509356	3.88077564385277	381.717668510114	0.346727888397654	1.22304445689802	32.4810203837801
61	0.853622394680594	1.6113434549076	192.907829538243	0.401657648843659	0.927889827718535	13.8769712584025
129	0.954766292691725	3.3465337862457	243.958193254115	0.359895642248583	1.01937662100804	28.1915954410908
71	0.844138827913168	1.43224709847959	259.578148577147	0.382776504617937	1.07159101300907	13.9797626732227
183	0.919503011725531	3.91598248711481	281.108862893979	0.373484670221105	1.0896644710632	31.0651955476742
337	0.780839519502745	4.67777266078822	321.988903501178	0.352090165236491	1.17709254612544	36.561381280018
69	0.76059935971991	1.46858792001458	257.070169063368	0.399822076101146	0.96945029902707	13.1349745410885
44	0.804754110993862	0.734849861835712	258.665379117336	0.345257553441697	0.973281468710376	9.71586545890881
380	0.982500863563743	9.12100542313561	354.152743043961	0.368886826558916	1.22354877856179	79.1943086326523
720	0.925338440257131	10.2041582159162	275.193949069846	0.365754872271548	1.13260789388565	81.0105566172133
64	0.594480062505784	0.814506177329694	349.006145519457	0.347769134469902	1.15907768663308	10.5176698125547
73	0.963351607862472	2.64263820743667	192.804216233034	0.439105621458563	0.88770670851705	21.588794502079
55	0.956609435489583	1.94769912752787	197.599325632389	0.415977779063373	0.892962239936201	16.5238899299372
84	0.810913441676335	1.42222165366249	285.188334455318	0.342473764340772	1.10450243796247	14.3777208405875
48	0.925383078764452	1.5535337054175	208.518855317688	0.412494655047847	0.867522731639489	13.653098812157
79	0.879370707840607	1.61348095647278	342.927968525761	0.354821000101438	1.15959775993245	15.2833058526606
39	0.919206812473701	1.56048983817317	157.112889901069	0.504089157030334	0.708442325926843	13.3440888571112
501	0.95153472934741	7.91325440853713	317.876715899774	0.334455124616682	1.19838839978429	62.8314521965329
154	0.937276435271848	3.3299101420227	285.225161179339	0.351116207377128	1.10591463789239	27.8636397582998
135	0.575831099249333	1.31566738877935	492.939465200111	0.320614549640919	1.3254038253725	15.4903722419036
45	0.854877310186956	1.08790933118803	254.450675958833	0.383437992389399	0.934538107814662	10.9783665113218
126	0.871121789706257	2.12994516600817	354.66469066539	0.329123956002849	1.23625341219495	19.7731773728959
38	0.68498036555004	0.642437037470957	207.558737206654	0.399684161832499	0.914723707015812	8.38524870348828
263	0.508352532774543	3.87859078431884	208.679737295065	0.405146721996174	0.962337468616153	31.5396654243098
63	0.813919836805184	1.66357329267147	172.242352224966	0.476462918935501	0.822266272584217	14.0181513105703
81	0.772227010583045	1.36175329319221	322.308633518697	0.336795844764768	1.19437339547512	13.5515471106914
369	0.949016252958713	7.02668222370477	336.162320036057	0.362256342783726	1.17600332680289	64.0857733590165
478	0.933608811243196	7.19572916077844	350.95783138407	0.359225760150709	1.20087368339591	61.2014127651719
46	0.90661296626941	1.30310569810481	206.709687493096	0.431160048218872	0.911307270127813	12.3350165834664
71	0.960888797189644	2.56151520461374	187.467294129015	0.421391347767059	0.918085336829525	20.7409213983329
149	0.979757968785567	4.1717964342475	246.514270939182	0.361093702050043	1.04359081268087	34.0269484402138
47	0.918097930766882	1.60748173803936	181.277427662789	0.438964352548779	0.811915257786443	13.9333739473374
400	0.978374293922039	7.94453182898791	426.884141572792	0.348120919713966	1.26405504122553	63.4177829962274
41	0.869687500779717	0.959214676411183	211.706804512725	0.387831140772317	0.937305859986995	10.2986057908375
52	0.827427360438739	0.962128621905645	250.06576506656	0.340038911803618	0.999352191709647	10.999207074001
31	0.565238144552277	0.330960368331088	243.63753184863	0.365625061640242	0.955535960814372	6.93184995917291
82	0.875908791208968	1.38393134243397	338.911533553531	0.336221500755636	1.16192173151878	14.8006083331271
134	0.945297957615902	3.39562192337358	296.949101996003	0.386097430792318	1.10615759556173	29.437102771041
61	0.74935381774834	0.759511785118249	352.751214386713	0.342400027531568	1.14576362171113	10.9120634879153
1006	0.84096766247621	9.00443707744766	297.58702398573	0.364290926905696	1.15765397366225	80.3319589843326
189	0.736797895651425	2.56597901014816	268.777102300824	0.39157812502852	1.06684668316496	25.8240902369499
209	0.877622578336927	3.57116204941627	304.209117717796	0.348899571163053	1.18414395395197	29.6520408127872
52	0.836109100347645	1.03540999365508	272.844216320823	0.339611845494199	0.957927368901097	11.2181172148558
436	0.784352512568268	4.44485614461473	410.427955676091	0.338702884606032	1.25974708726046	40.8466390952632
38	0.898415682440466	1.07780195977598	177.473022331164	0.435558403075321	0.814359010078734	10.6489275420186
45	0.668869944565035	0.657271808928346	245.95438284115	0.368303067677285	1.0161466823544	8.95785801558753
32	0.589038696053926	0.437481685637154	185.204880679063	0.387451591863357	0.925487091129195	7.16752094891584
36	0.938895621722011	1.45682145740776	136.432624788507	0.50827149321267	0.659033668385618	12.7739624784793
49	0.92063259993541	1.60638922947367	180.555542659003	0.429172951231775	0.767592314952721	14.0404754784773
48	0.881317413252157	1.29583085586105	189.287475944904	0.47783416901064	0.879623848564607	11.948103476861
55	0.782981804928352	0.87984297276313	264.506912211171	0.380212791977498	1.07361196195501	10.887721277723
39	0.899732915479859	1.42396045830168	145.813559031043	0.445229138640903	0.788606344405161	12.6354073972745
94	0.932384590153307	2.42879427642187	200.878630439658	0.397848603003039	0.981561173988544	20.9170439575297
38	0.624089450913107	0.550923776473503	218.605283312354	0.4005830061611	0.947494979970476	8.00759906447472
31	0.331175813367398	0.222483561765333	226.626800291234	0.367954745927212	0.929047239555857	6.42575463123838
63	0.751484198624307	1.01465470412114	298.793905737268	0.357440761091877	1.07901941000299	11.5968102863679
49	0.904677447320862	1.27606054395292	218.950650726972	0.383108208021703	0.911444839624803	12.2510980171908
147	0.956145711589006	3.5289281076036	258.992050879753	0.396934833613034	1.05992849137015	28.0800361014656
848	0.723884513689697	7.67136102327402	360.504034561974	0.347262960310789	1.23185182332963	76.9179253738459
40	0.924835504158411	1.40659387855002	197.978122565252	0.481638006885274	0.856512057244054	12.33976192456
58	0.923027470182795	1.75140783165566	196.455940558957	0.405790838375108	0.858505038719491	15.0869532133642
40	0.936725522683659	1.41543061930185	130.590381828995	0.431611253196931	0.633088775157761	12.5994594418176
75	0.957335195725544	2.49941849087802	228.092203507897	0.390486677903558	0.977029829671452	20.5522996711741
138	0.963115278989209	4.15825215075807	223.386294569101	0.405027715287633	0.961253879156854	34.4196958324224
190	0.746620626651381	2.09166840445707	606.814738652755	0.330730672984094	1.3662378408485	21.0145313805603
76	0.958955208882953	2.41240446802173	228.968841306432	0.383489241216061	0.948103543979648	20.1692424793643
204	0.979184309293946	5.18827008755073	278.365454353692	0.365391749215279	1.10238113102674	42.0343636354113
48	0.801816695284109	0.917601877856047	245.787930566884	0.389395550595395	1.02135677438398	10.4032639313869
436	0.739089130188422	4.45668368042639	372.391481835869	0.349186683077405	1.21744616768781	40.9156794475661
191	0.847818126083283	3.52194651512733	289.309224558815	0.358004583039431	1.15032876598199	28.5547072905675
130	0.914956774163913	2.70327430131356	322.304113671099	0.355232193064866	1.1437372551983	23.3301603124899
83	0.963772834001565	2.72864046205886	198.951471328811	0.378939515346511	0.937772987908553	22.5684507508329
617	0.447348824255668	5.16320847675259	402.112287866712	0.335309919135411	1.26067416444664	46.7751362823621
84	0.970437982470378	2.88634559936428	174.380482135571	0.390659269832561	0.905122258158216	22.6704439228781
46	0.754949602314526	0.725094909482621	233.356454983766	0.344781367418284	1.02482870153677	9.5343169037085
69	0.919451868485334	1.9223139656381	239.339633914847	0.364279843349611	1.06743421928867	16.4791342621715
57	0.726348984120737	1.01003204582321	233.990929228742	0.405084142559357	0.983097255457254	10.9960287256345
114	0.834152742378017	1.89533529320925	347.187755626511	0.345347984738191	1.16743066171888	17.8133757844505
58	0.530869353515297	0.907080386598098	245.030343855979	0.362883698177816	1.06255742180877	10.0935854964018
57	0.878347189278402	1.66617169342687	224.410776559088	0.406116125803307	0.948271890391583	14.0843766971426
80	0.971144570633719	2.79612077326869	183.314232838351	0.387417115824576	0.935936409174473	23.576907554012
130	0.889063961367444	2.476657071571	347.462764983086	0.342191114612455	1.16785171626174	21.7025134360095
81	0.9677452390131	3.12653407724073	243.0129507643	0.493141977646999	0.963097800841214	22.7004945946963
74	0.703325122534062	0.872089472723609	314.290382309421	0.362725520895456	1.17889436331035	11.8590266880293
111	0.914688708474759	2.62167632704226	275.817722530952	0.353332853091112	1.10636316773909	22.0466193305275
692	0.850032233071324	6.61815803359678	423.305245022838	0.332058668210567	1.28963912894129	61.1822721491905
64	0.927405058065506	1.62114245004609	212.684324049893	0.417197260609025	0.983029599218068	15.1861317424905
129	0.972548871875769	3.72528891301417	246.614063621273	0.354672378457545	1.04696162325554	31.1083835712019
32	0.885894801196274	0.908299904806509	180.938311706531	0.426610185809185	0.822203875880671	9.491916444813
69	0.937941867026739	2.04223548265865	174.272702891397	0.435253968217342	0.88504440349976	17.3782025408434
40	0.880830866510884	1.23858821183791	164.321793346047	0.481210215507324	0.79988058246979	11.103093571667
96	0.695117061276017	0.880447835051334	525.68470522043	0.317721922227554	1.28138181729575	13.1910364141302
87	0.941126642770628	2.07257976483433	268.07685495166	0.379221301150214	1.06667679972507	18.5043924505084
110	0.727924742654277	2.62714634935249	283.126619134612	0.368659149085113	1.01933805571294	19.1797870363309
43	0.673431162395365	1.32238728721016	176.25132069906	0.439954751131222	0.700140339623431	10.4878768010701
163	0.919653357724595	2.91657289697291	423.576514094969	0.314566137410516	1.28635033894354	25.3071531299424
123	0.927075030678837	2.32495831979858	332.977120416328	0.324884928209736	1.18605712133421	21.3485423133916
272	0.990026476451186	8.38529734827961	211.265923237537	0.396631516337399	1.00917214251797	69.4524376363255
36	0.842674248550772	0.808467915418657	187.273316592252	0.399026358335587	0.911287776809869	9.29967051003006
52	0.970512914676696	2.22600662831313	169.089679790344	0.447864625302176	0.598046949075563	18.7930037011499
133	0.930287240847453	3.18682992411456	248.533616213677	0.395821422979202	1.05087726820719	26.5340109155547
215	0.958147715501698	5.2966407570648	240.561660345024	0.386079996097977	1.06379141146309	43.7764647692936
44	0.886878583968108	1.28456547044394	204.76613331808	0.410451525157407	0.914938866793353	11.8466039034771
141	0.947933201633048	3.10786794773498	279.541519091954	0.335634660069049	1.08009424571426	26.4713383276016
214	0.975677535128166	4.67681262801268	367.484398909631	0.350044172946777	1.20595756272305	38.2370109545468
216	0.805907638279624	2.79440401361646	381.184254735695	0.365814973840759	1.23215307271928	24.6739522031484
67	0.895122539324487	2.54667256488028	160.02959250453	0.516649137825608	0.703996382429067	18.5896623970189
156	0.696005813460689	2.96481955443288	245.16163562108	0.386745471020598	1.05175553505754	22.5804095747795
59	0.905083758409037	1.70942123918885	210.218450993511	0.403312799809826	0.944831568850269	15.0749191065306
102	0.765170388062756	1.69169997269675	346.571589489248	0.325634383385248	1.20963076724088	15.7178380119752
129	0.852565507409009	2.04998635328894	675.508810683936	0.321862006621096	1.43138032427468	18.8491258466552
222	0.901985381523603	4.70392285011429	333.951581748598	0.362043352561351	1.18489085562717	34.7507047634274
78	0.751197795610542	0.820048825223404	380.263642017287	0.313864746319107	1.23040120802242	12.4191502125574
611	0.916351359192504	6.99387844378342	370.032183799551	0.336644395324329	1.24611367036471	57.8861116715723
74	0.731575211950952	0.920069126178013	410.830568246214	0.349275771497994	1.17786138789747	12.0686963312317
84	0.908475982457552	1.88634699688196	273.942156613439	0.346078237963167	1.10292532828555	16.7445931673421
70	0.791904423229244	1.46764245682627	234.027539093586	0.39986910607378	1.01216130745391	13.9218404759958
45	0.23973416848077	1.09742646153159	149.077378452415	0.453487035839977	0.776259573530421	8.90094397035473
42	0.793952316583033	0.699658801877648	232.725060369599	0.345814129559078	1.02164668928122	9.38074519796997
153	0.902519732193839	2.8549190874319	475.78240422532	0.335412998915313	1.30906650839051	23.4629227247793
139	0.953396308494573	3.17462297541291	292.318019751003	0.373821199426736	1.11068224305103	26.597121821932
94	0.857348138525627	1.94533937400007	214.125388107041	0.39448510819735	0.978871583884398	17.5727588030373
46	0.740838046071666	0.96587247121229	211.953779723357	0.408881163824843	0.946911357201826	9.92899352385436
49	0.524869082892838	1.13168622923187	186.53433476664	0.45454832660715	0.90175398469845	9.90712409891387
102	0.978397027109808	4.48741018780318	156.180176180742	0.503069838445092	0.758952736135827	37.5376692436506
40	0.659018518843899	0.615876685148729	243.751102193753	0.38428867008494	0.963893569201113	8.46304694927098
34	0.647724460510919	0.47182536466939	212.216102284609	0.37059903993085	0.931960867686638	7.56680838837172
268	0.937048884381339	5.16517758964792	466.772214154544	0.371395954396616	1.25484896243713	41.4443298233331
70	0.89179500389522	1.79700359092442	192.729779316394	0.369339549677987	0.971160513603776	15.6831590706919
33	0.825438067785787	0.847125081624701	206.872464383168	0.431380701968937	0.845986499205364	8.93675704792042
89	0.793108862817138	1.48031925045327	285.606681231962	0.374390920609408	1.11519853740049	14.7248059050847
299	0.882227681903259	4.40389584686906	383.954886624667	0.345100073400857	1.21651096903904	37.2210484394735
59	0.621997032486362	0.628761169710794	339.067386140624	0.345431803219063	1.16993123438633	9.9139440324677
189	0.926321118507583	3.82677573863556	407.563172616089	0.361547710286125	1.24026427281258	32.0317281792226
129	0.875883216360653	1.85077302810714	434.083072146836	0.304689984101749	1.28611176169309	18.9829375678538
32	0.517368155254949	0.373513211266293	235.341406155067	0.355849510003543	0.961843023346912	6.92382862906078
1735	0.860730579405861	12.6421975299667	358.733102581759	0.344396772575854	1.24432047983673	121.931017972786
231	0.889452379225292	4.24239283832679	327.113927891334	0.365180024974952	1.14503228026776	38.1635534629691
45	0.844230196777606	1.34247544740381	196.321253442835	0.412696697507935	0.81892720998	11.6678951482859
46	0.813691299894406	1.20931707424705	201.092250499697	0.420523277556526	0.908116086053877	11.2307093953058
35	0.747255704257917	0.603450313559368	231.223567059048	0.363730297359598	0.844432660151747	8.23335932620354
95	0.930201993438902	2.12124147620216	273.394456815271	0.353981185441437	1.10259492299923	18.836481560341
35	0.865316025152002	1.25229170264787	161.681356221311	0.501928682075741	0.838010483392692	10.8502497342009
76	0.802724995884443	0.996680019167614	391.742803925256	0.338457671449999	1.19483238221174	12.835345709736
47	0.925513510956821	2.15664867826987	127.312258106456	0.575284231339595	0.571530086773722	16.8651878789994
36	0.865269546673347	0.930328841923375	197.217506790026	0.382527886304976	0.931428274885753	9.84708865018998
98	0.88336434675267	2.20549648125876	253.910201190332	0.411083815881075	1.05975891095832	19.1393152283412
69	0.813068219135921	1.17207107967749	309.46651098089	0.329654621585907	1.12470881495065	12.6397825246244
143	0.822493960847235	2.46573903665622	301.537868926421	0.345592479471854	1.13921318076589	20.995150201999
50	0.796185253224218	0.940001995568203	250.834635831741	0.366073382815464	0.985817038356911	10.612721004029
281	0.497692954214198	2.73184431944027	342.639124885724	0.33936867397075	1.21709549247771	27.4894789052685
64	0.88024526429826	1.30237028826737	261.421770108485	0.343773598505056	1.06410673526494	13.2834098033612
364	0.948611464331467	6.08791336461884	268.791748665907	0.362333661849233	1.10800151924301	53.8943094702064
319	0.764359329638341	4.47983428099666	255.471729397802	0.382341908874595	1.05584943263402	36.5156114940068
65	0.959071995883368	2.35621551598368	188.623685305974	0.397089645402575	0.88683864404829	19.2815275384188
579	0.977983552291509	10.9009539947837	350.388756463081	0.362930806398874	1.20999479158971	94.8075411679357
48	0.673834005017087	0.906830204864636	323.530004870706	0.378926419632302	1.0486652224663	9.5294747781643
31	0.900136501111865	1.2969915912136	146.371298137414	0.509039000215471	0.790736024518898	10.506380148695
73	0.639503700023357	0.91577098816005	331.499773301038	0.326690743239437	1.21637895743636	11.4094616502443
59	0.892785975667597	1.27023777728344	269.960677182758	0.393143586447717	0.98998775667094	13.3197452635174
136	0.534090969857454	1.96910953053964	398.034048018707	0.377326680599313	1.2026132129308	16.7605640506538
60	0.856866635110791	1.18530179692456	273.684588738951	0.349288697414269	1.05568886638633	12.4767954899326
50	0.614226028241938	0.516176147258893	273.45022017716	0.352902653785007	1.09346040769486	9.09467664215737
78	0.908168747758873	1.78165229916876	230.290780745036	0.391602029585223	0.971465636762289	16.5890412129094
97	0.914540892038187	1.91301154100317	284.295486476325	0.345438710584395	1.1456413315549	17.9874854764881
81	0.609826107411444	1.30678930071929	308.946126714581	0.373677629593532	1.09392141795693	12.744287414964
56	0.744496457419879	1.44638565138067	151.700915863351	0.522154977375566	0.769086980804569	12.6850588836815
78	0.947636484595131	2.02930784937011	284.529844392103	0.362157484772905	1.02602240728677	17.8066746927419
102	0.877096647981262	2.36891035926956	215.678086574503	0.423512115320801	0.953009059349101	19.5073280775297
166	0.783099275751208	2.7454974115593	254.538056045901	0.360560040053053	1.1047183011932	24.792777622493
158	0.950433326736194	3.34376982026583	345.777201762041	0.325304918400026	1.22247750373534	28.2704695162926
38	0.630821581775383	0.375886229989078	264.5	0.381066986151732	0.996569156205157	7.91109755820616
222	0.959777398205971	4.41819392174881	345.08200968214	0.342592471344533	1.17932408138051	36.5829167921217
123	0.934842692703576	2.92464318998809	291.075602384	0.365434633728751	1.13636641240862	24.9567142735876
37	0.586679939749632	1.03987844085875	152.164202449011	0.479390420899855	0.789360045415048	8.78904116235654
158	0.915003589413441	3.55445019291022	211.549010576564	0.412888974582523	0.979684127356005	30.4365696210227
37	0.356895860830902	0.322335177094526	246.522787367375	0.386626752662558	1.02043432925168	7.11974290327648
55	0.738257672576733	1.02681678089546	244.329306103315	0.373884386887483	1.01916150443746	10.9478520314202
73	0.801787551252366	0.927715793679134	356.780042894496	0.331930724087587	1.18684167004679	12.5340436357675
201	0.933849210925051	4.31608118799046	314.289000002535	0.347420147420147	1.15256299383866	35.9604914103361
88	0.626614460345231	1.88261904587914	236.703914660414	0.391513135513136	1.00910228352096	14.0971678757633
32	0.893426421414242	0.919299036574279	190.93767427241	0.452284338052839	0.772514296025454	9.53378843653515
993	0.875983659715626	10.8254859549726	400.533590056316	0.347580680086991	1.25758798933993	92.4587836688345
36	0.938419864647585	1.48884096295666	164.011935853819	0.502710361533891	0.718669737832176	12.8360612260751
32	0.90292856965405	1.23954049227077	173.577338373701	0.493029640551121	0.745442836546672	10.7093205704587
49	0.787776431440972	0.867899484525976	225.231386826838	0.340553637859141	1.03936386628417	10.2500776866592
124	0.590933769403188	2.29426491325717	261.964797602114	0.398760646093776	1.04945849124691	18.2080767952367
54	0.759272629686417	0.911802997971788	266.67380184876	0.369363949778775	1.04614279779575	10.605819908768
55	0.950960093048258	1.90312660989574	157.638572318476	0.460858357328946	0.783387886598766	16.3461416385601
106	0.914228525663157	2.15700333844173	318.323916522967	0.330285215804296	1.15237925801674	19.0948335559651
143	0.939178745798556	3.27767407519485	273.87720290369	0.373250017461333	1.12706730544808	27.1617054330638
34	0.837556161190877	0.705291060442083	193.330700106678	0.387626672492463	0.929702368568485	8.84762048422059
274	0.923011939566938	4.59428069619588	402.1597531975	0.338811813256958	1.26736553254079	39.0574646247679
179	0.724185448810546	1.70045227783833	532.122068675338	0.307943959448484	1.3677204252521	19.2598410756537
32	0.893258135158536	0.955620968718852	140.185503037396	0.415822507663115	0.814165492817622	9.79554397456507
42	0.853061260824902	0.925680461447159	227.035789137453	0.389874036932861	0.961296871952511	10.2763705382749
62	0.815827773206303	1.05021531168467	292.320556196	0.349283666052762	1.08425096857606	12.012759968976
41	0.633448091190643	0.769305088760757	196.524666994344	0.411796265686209	0.964597082401986	8.74045240070524
75	0.703240102180794	0.925421388745691	388.514849845491	0.338128681155247	1.18735264906757	11.9760767670343
77	0.932196141869669	2.01900988533722	262.477278982986	0.35169934812526	1.09328411643284	17.3782002468082
91	0.884906916702486	1.70569322137333	289.882600396103	0.383559783559784	1.13952806501615	16.7314989025681
351	0.887622796577473	5.95278623105999	252.620097992094	0.379947033053618	1.07350259578159	50.6866943465578
61	0.486847933692268	0.350011956900927	424.242932451271	0.320316463589615	1.20772079381857	9.4458337684232
36	0.715440161079785	0.512977190103008	219.589301907764	0.368044184578366	0.979741012170311	8.11145542408901
95	0.950422148019011	2.71227531607751	213.817051866711	0.407737039478058	0.97072336614491	23.3583772296539
40	0.549977341299008	0.963417300409425	159.531803074256	0.425284755812139	0.818797576005687	8.81817850269686
185	0.816278643394771	3.39749928704974	294.667464101457	0.344730849592696	1.1322568311647	27.3950644142242
38	0.86699714494085	1.15956284489573	159.638201593649	0.454458815520762	0.803714230840017	10.5123257598353
72	0.80437667165651	1.50099985980011	256.989117917213	0.398239936969765	0.970583324230473	14.0296628735304
142	0.970504178376629	3.76798935652969	275.145614360166	0.356081081081081	1.10465488559747	31.852493686577
98	0.900433685849659	1.93401140086887	293.5972462531	0.363358588427307	1.13727804503551	18.0067100208152
35	0.82848947145037	0.743726280267557	203.913472049132	0.391332107314349	0.924363142424886	8.93546773251964
37	0.596462821800202	0.554448911291406	202.239552462727	0.394591100473453	0.960683780014449	7.83670641009184
170	0.924780229533529	3.61669062938116	291.439012759615	0.34219610155823	1.12502765474823	31.8267983474146
160	0.900783340024874	2.6048801054003	307.9021123788	0.334717746482452	1.17329304021127	23.6207592763868
65	0.857993565879376	1.08675010680119	297.184071525111	0.321272824669676	1.12213121806866	12.7065980036368
87	0.80834784461385	1.22034994614987	260.589022623459	0.34383123565333	1.07072738755114	14.1945038683919
41	0.915329611908641	1.2609107842844	185.775537999137	0.454268971144574	0.757172868750369	11.7466806867167
97	0.898884514725827	1.70957557352869	354.760812942503	0.320537116301822	1.21154563457336	17.1588008778901
263	0.909988663055562	4.16499557836508	351.060516894746	0.354985896983474	1.1898198567828	36.9923926855439
102	0.909576161624075	2.47986953526418	208.854218525823	0.364043304239383	0.980091442629797	23.0373430089615
55	0.766651175531646	0.77229367119104	309.532879079003	0.35590829728417	1.10370671032088	10.527597885049
54	0.53132953350554	0.483409327013984	311.57158854339	0.335076992959346	1.16241904333119	9.09375445645176
133	0.774753117815006	2.15532205161374	271.844834196572	0.404584337092077	0.990218862393845	20.3524345676537
75	0.91249495081935	1.90726798545225	288.856136628182	0.371804781551274	1.08651352886026	16.447141176256
237	0.876702629152757	4.30605742312371	248.248799844357	0.38279154004849	1.0671009383367	33.9678654840896
84	0.949418585579835	2.34829475760211	221.689461152496	0.410813201525276	0.975317669556402	19.9556352798313
102	0.704226116291278	1.7313081048845	289.204572862104	0.329223185540624	1.13373056414779	14.8712909254999
53	0.905120760752838	1.38023019350598	194.944959364517	0.413764732403995	0.942074965659255	13.0516411333192
209	0.333649180767579	1.15068303549002	368.389810192842	0.321029751005577	1.23526936662574	18.218665946848
197	0.932959630064995	3.42004768495924	387.724532824346	0.332566190618264	1.23071246135023	29.4142070917494
290	0.883239067931077	4.50758998192635	225.699496947935	0.383744680951034	1.04914738958371	40.3218465251544
166	0.941585667259039	3.82118046655815	245.918645323651	0.369793772345676	1.07736678622779	32.2499389132875
45	0.704618673185228	0.55818178529823	244.032748792934	0.336201746156497	1.05749706677709	9.03224624841911
31	0.941714024998885	1.24293354919712	217.851121992338	0.352718644630409	0.962292435316757	11.0582671154429
56	0.827312554150224	1.05278604833767	283.275639259913	0.358405337767809	1.09055570205084	11.5676746160066
88	0.812106640977418	1.37654421253627	409.769535486652	0.331547197437581	1.18838492438201	14.5355200773819
60	0.537486369437261	0.921386922331593	284.038419062095	0.398636741051602	1.0770319351368	10.3149198256345
55	0.874911641333523	1.09233093217209	281.648414765501	0.34014461293873	1.02762985373267	12.0131907771306
176	0.937274762678143	3.61702955674587	305.796971255231	0.37899177613118	1.15529760047096	29.5814410153443
58	0.961543373363618	2.3698570055843	154.336303934316	0.450891348198223	0.772882925064625	19.9478525033903
84	0.390769235676947	0.695077717035702	407.437164032666	0.325033977849998	1.26216992147674	11.0642152172731
108	0.790477773738891	1.74126464722405	305.499069365498	0.331877407348487	1.17150514326622	16.6229224284913
52	0.976437058515045	2.42195855648843	155.606666182777	0.543048837572164	0.718398420168581	19.4326192141981
482	0.952360978269997	6.61361295248189	444.07014451817	0.336224002382495	1.29631180739876	56.3744575758704
115	0.962905671394828	2.89988620024573	298.067632102189	0.342352441619098	1.09483495446172	24.8029850161106
67	0.851486742711662	1.27853522480528	309.639685248987	0.403772664066782	1.01512380124557	13.283476888928
160	0.932943733696464	3.37818441584022	384.5450607535	0.329259125066851	1.25293055947367	28.3714455072115
70	0.83317656319764	1.26549169603391	310.088339451458	0.325150264374513	1.10172793064454	13.1453579463742
41	0.936589594716129	1.42453756539135	151.236853319939	0.484343891402715	0.760204131044967	12.5176535047028
46	0.906161029252898	1.46693993223625	196.071485903686	0.430759947118899	0.874634490146951	12.9599516187607
91	0.878055122809439	2.64774048772946	189.251854742434	0.404806479518874	0.915963391836394	22.5195304082227
85	0.954485826460281	2.70986420038707	224.98138597717	0.426661818296799	0.966767144020778	23.3457589520751
124	0.93898139722694	2.87292241609439	283.056374738055	0.355641563893991	1.12582601278893	24.0409837779242
34	0.837556161183493	0.705291060442082	193.330700106678	0.387626672492463	0.929702368568485	8.84762048413793
58	0.906918541907135	2.06789130507436	152.426545270351	0.514690799396682	0.747898332127643	16.9248132179846
130	0.913247275067406	2.85806287041064	209.5384461064	0.373415589716086	1.00052373812601	24.865114712378
39	0.963001986908833	1.78720799278889	133.40009147636	0.517194570135747	0.51695649013296	14.9027610599603
74	0.969799261365412	2.36046169309208	188.907673431943	0.477869203948477	0.802385723757377	20.0700561085177
32	0.751134855888246	1.0201315467666	167.610814973264	0.527750865051903	0.607606062830103	9.25445706425942
53	0.943285712913183	1.97963044786595	151.20258789946	0.471037727368074	0.716779370507794	16.7406725015646
35	0.338838124972241	0.487221222252041	231.501806801827	0.396532900062312	0.915518911472195	7.05108167307722
35	0.788248952194506	0.780848531088969	175.043017289886	0.428941703641875	0.822186586121898	8.90376378522376
161	0.877337383872693	2.41103745894309	429.29550288493	0.320821870560314	1.28344769601151	22.5193962383397
75	0.771011086171316	1.03950466112832	350.250373657703	0.329854994679953	1.17967702714776	12.63216173937
86	0.900222427882053	2.14354651143549	186.916080073132	0.37956774627059	0.974128926202995	17.921016366759
76	0.681712924842768	1.59346325270923	214.751181312098	0.408208678350153	0.959359703089933	13.6921139865651
39	0.469653821764073	0.649072308063835	249.742184692856	0.397783905050341	1.00318719235435	7.80852614526156
295	0.827704912102058	4.68768072131718	322.237463567096	0.369904985925011	1.17420814281229	36.6947518426685
36	0.777831327711668	0.630457066471963	204.310921192573	0.363079591314885	0.950991282454765	8.57991930108316
1371	0.659576999013827	11.5964704699708	348.759553222073	0.352139132727368	1.22545366792259	86.5503852834417
270	0.851047481513064	4.53121739775675	299.726305278631	0.36171228822873	1.14459772026891	37.348503645625
222	0.771744415595686	3.16640575540288	299.523109766054	0.35388863149075	1.14066547392376	26.8707910129801
60	0.926683762534501	1.50100096920627	204.08747609132	0.397024645507618	0.973711139115696	14.4707496982738
108	0.932442232022487	2.61175584106201	251.610392655038	0.369864655167249	1.04097369782956	22.6072169537069
80	0.910333774611852	2.156371323825	241.542564589264	0.391269588916648	0.974182802909318	18.0647751183075
45	0.908543623117333	1.23044573734442	213.585708734981	0.406973806716185	0.924510561266241	11.9859361308333
41	0.712808365352866	0.582797628982358	243.788898474891	0.367452343463373	1.02151363892001	8.68389172064928
35	0.924732163627388	1.3369807900132	142.777706235265	0.558448060075094	0.493327572931475	12.3688170985179
99	0.864603867633163	1.64538560446124	370.214388922283	0.326213898868907	1.23291770705512	16.5360238196967
67	0.957578847632055	2.76811147127609	165.715590782012	0.512169813555708	0.756710599493219	22.0468605731176
40	0.885630972508011	1.36865063474637	184.110977633215	0.506896204657787	0.835356419040936	12.139554221554
117	0.953873870284205	3.08736380257576	253.528386526877	0.340546026034153	1.10019267814855	25.6254423578144
50	0.6071411252242	0.472082629582786	320.696250974677	0.31274055314976	1.14279571717152	8.97683530623439
83	0.847063277795832	1.23012536035749	449.559732212931	0.330964285682864	1.14911440000149	14.2194051388056
45	0.705040522042321	1.03036347678343	224.910264338414	0.416122665585954	0.977947927411192	9.77903958281642
34	0.55986837367907	0.765739705763572	204.87892939749	0.42813616090927	0.914458439465819	7.78707990850972
105	0.949249435069623	2.70138776988336	305.755736757484	0.32633144298671	1.14186942336567	22.5867913472979
54	0.936989649816736	1.87719486841773	175.258963309066	0.456391042453238	0.732391288808985	16.5939186684399
49	0.826339107479459	0.928561651153024	246.04618783235	0.356851733322321	1.03625062332053	10.7076250635892
106	0.74296952789124	1.20028612611463	478.364548102886	0.304924706596881	1.30697340493631	14.6528511310736
229	0.905147320673406	4.10441518392439	348.383675544449	0.345888631454301	1.21512545896871	35.1157359799908
43	0.919741803380797	1.37581963648342	198.816815019089	0.409019582365171	0.876614881337456	12.4155209511249
127	0.782040744757791	1.88429946202515	458.540968945448	0.334963376971843	1.30313822677985	17.5259993511831
34	0.951039902641057	1.59078962013623	140.21716239213	0.464136622390892	0.620921113443518	12.9187862517427
45	0.774992568032171	0.798944560903712	218.612797929733	0.371659827729915	1.03366045211	9.70225054467821
135	0.950579760415998	3.53314514439643	246.749133198623	0.447209864464766	0.924337306354891	29.8241873425572
84	0.876104324433024	1.41474495139231	333.902819106328	0.322913922325687	1.16887827753836	15.2025563413509
178	0.959173824159814	4.22089816325471	350.132654335197	0.3165521589051	1.23435841002222	33.5020004401805
173	0.92278270470362	3.54115056617521	237.050865783232	0.374533377840893	1.0512102153598	31.873532366065
111	0.951784021887967	2.75468020119313	259.713223548046	0.377044303241486	1.03073125641889	23.9414787080185
55	0.96876531676974	2.58928448569559	187.598481622809	0.519162535524047	0.833603959467967	20.2025896124044
72	0.939242522571371	2.11917630475652	203.269541628275	0.38206904383375	0.943392716379397	17.973855043794
216	0.978441899831601	5.47582929045612	295.75667284782	0.37414139324448	1.09169174794039	42.0618495204048
67	0.887237313567986	1.39215087195078	274.771678110242	0.355538457009045	1.05530486485754	14.0095771361592
83	0.65726591231594	0.898299949441844	391.369069348522	0.323393115720482	1.24182908541233	12.2877524396046
32	0.937368266268538	1.24443986342656	123.448864391787	0.459869281045752	0.6359311834492	11.0526576210036
74	0.665661636019053	1.46712852552658	219.662165809157	0.405730979848627	0.971654868402311	13.0101611533179
458	0.952741346140969	8.17528174736265	327.036016847912	0.34178605185764	1.1965146495375	67.9554340081277
117	0.95878781289937	3.0644744976879	284.158467014133	0.37622295050911	1.11183150651107	25.1331721849624
85	0.731324570876353	1.01560271284581	403.957767793775	0.342561636512998	1.18647199681049	13.0584291942049
522	0.844189467940949	6.15255951805633	353.649310526303	0.361966271965934	1.21187738449329	53.5572492184391
179	0.890930866625462	3.28356479325959	364.817554010301	0.356899018236541	1.21630233014801	26.9238394666182
84	0.893477320145247	2.01703895847177	214.336569720661	0.431389257915762	0.968581083354545	18.2057384446263
70	0.860321772812124	1.23460492410898	321.549022559495	0.344965661064732	1.15632813480438	13.3711230803955
31	0.408710254271658	0.541343213635249	216.791696792132	0.417114547165698	0.896807008285045	6.81424444264036
32	0.802966664474052	0.86984784359739	164.925657702909	0.458482946528487	0.825534566749003	8.70727142950505
73	0.780324968972741	1.05357308405988	319.030645500372	0.336307325424972	1.16008416149784	12.6182448166086
65	0.875261309131329	1.24650786741122	266.164354846547	0.345580926757397	1.09548178500248	13.339595286529
42	0.448425067892257	0.581678171331026	315.026628504165	0.353275698253074	1.03913271439867	7.91377439479889
83	0.60637222325672	0.825478388616777	367.709843726978	0.315503752209635	1.23439924545085	11.8147237967276
115	0.87755039992466	1.9216570650625	383.698148428069	0.341375111826548	1.21973574260104	18.4704885239032
201	0.973896235297043	4.74156727083733	303.22454439277	0.344103986919802	1.14109823168207	37.95789244139
62	0.681966813396768	0.910535620725038	287.001296683387	0.35652826932756	1.09119162128812	10.9590570447577
233	0.981396216158826	6.52125207094907	329.90330657164	0.359939276576608	1.17328169722526	49.3334928314663
38	0.925663225930789	1.45852766489444	109.97352733216	0.437535014005602	0.600380929620357	12.9096272570823
31	0.809606690589282	0.686711991428949	180.155179599692	0.403153596248226	0.866138956311444	8.2286041498428
46	0.853437478785727	1.27395903734479	226.144157905311	0.422704247472049	0.889570956865265	12.0365635749925
78	0.983892200285432	3.08025487338439	149.880986327736	0.419702761741301	0.745850035136068	24.4810151310075
143	0.762876058853442	1.94685196925175	415.337949662768	0.326172170241601	1.27968998961431	18.2028749937128
32	0.839075598118705	0.722678356967502	181.251224247446	0.39731334841629	0.8479920877138	8.6067885776758
302	0.673086007802666	3.20017810475885	261.200306723708	0.355265734468694	1.09824793229274	30.9385980587574
41	0.626210848590738	0.568921645963874	237.298180096631	0.373019772186053	1.01258015552822	8.36560780531637
32	0.536531386546147	0.449459709389831	218.571007630811	0.398775292529083	0.943042498188086	7.03429997588273
40	0.517946303885841	0.535448910819082	205.875850475719	0.358631803603341	1.00059614572351	7.89388058023407
34	0.822507444017871	0.839443262315688	165.07188685403	0.438629415100003	0.823699616679113	9.06982916737625
69	0.969645713194749	2.34755679721695	182.736318222556	0.447889836407936	0.844433731708467	20.3334179152666
111	0.932234228584034	2.49412736924664	278.528306965439	0.382552779529447	1.0795888452829	22.0383626965765
31	0.907032275062725	1.31090281616464	152.667372086415	0.499569583931133	0.584811425122711	11.0627873167257
112	0.672308756840466	1.67653769101642	331.76559311061	0.366664856134323	1.19130909083366	15.7649089402564
113	0.884765181671075	2.50477167748538	199.491494293569	0.40052267199326	0.96011625438327	22.0963985537671
33	0.87054650087347	0.94672255741911	169.072764657938	0.401414027149321	0.765658938019298	9.54838878809474
152	0.874739487245515	1.91421053653384	521.732931093977	0.307110670707181	1.35432021921084	20.4365017074226
100	0.951053722862753	2.54229738752598	238.112343463049	0.360502648140657	1.05464399027182	21.942007562562
137	0.933056961898178	3.20460522339219	314.594115601186	0.34993762993763	1.15591119987641	26.5853033295992
63	0.912453832200586	1.71066345712798	190.784659898558	0.42530490177549	0.955626116417248	14.9816989797968
82	0.839613584932461	2.39787630559734	185.963497300139	0.443691226353765	0.870433683219504	18.5931935850327
38	0.555207478919512	0.357927498309322	217.266627273738	0.370628032741692	0.99404685927379	7.66744042242254
532	0.915923247859705	8.5795122408052	257.18835139368	0.387152940496271	1.08292847181661	74.5491470080163
274	0.650471790350931	4.30970268331427	205.964962337003	0.422533478048184	0.981594245399599	31.8955609084108
86	0.785887996700268	1.65876054444439	263.561182560191	0.380826709062003	1.04979197763045	15.2894242097438
300	0.428230134832135	1.84744660256338	297.111960875329	0.359608441677039	1.14030420205974	27.9158774080392
227	0.758880986999425	2.7505530547911	282.296121291785	0.384139310609899	1.12100773648479	25.5291665651825
85	0.950925489392266	2.36245271997838	219.567250778361	0.37472137743631	1.03160200065405	19.6752008825537
100	0.879958724899333	1.7547936248322	324.674553618953	0.339217942894413	1.15086481092495	17.1614065704324
114	0.970359223239997	4.30902071281898	203.368257210091	0.453978023617492	0.929229043292905	32.9866902541572
42	0.804416444488287	0.892595590048591	182.182427543816	0.389491867433044	0.914879027372647	9.87625166255951
269	0.957369789135417	4.96722151402611	371.418746276917	0.343758059083136	1.21187966571315	41.6480924850851
95	0.91116734436809	2.25868122617716	259.933526635105	0.362385478614641	1.12409439522326	19.1593788746517
35	0.866468251576712	0.977363548862505	176.58058970008	0.474445371875412	0.776854273485498	9.68102155295127
43	0.923333202094978	1.44396472515041	172.424736717256	0.483309005984528	0.785135122791825	13.0191630208792
44	0.952912927170581	1.60577169820425	166.507994646539	0.426071638285379	0.771368481259049	14.1973224733657
32	0.848071157013644	0.780372824384516	181.467698745143	0.401867111216956	0.848212390343438	8.77936994849672
1376	0.940315080120782	14.0310527931255	295.571024317047	0.380651351125937	1.14825063910903	118.856925643538
80	0.959242014754283	2.46433289446614	220.726610939188	0.347206971200779	1.16432675641776	20.2326046998144
528	0.989061775415471	10.8846493650495	303.155134511562	0.357731608676632	1.17226784770014	93.7158904650026
282	0.870888530397725	4.96813398344577	246.669749947725	0.367751843655228	1.05539076250109	41.1769973287184
94	0.880343146279794	1.79407470966075	351.363257256888	0.367033326556686	1.17348475752608	16.756147407457
196	0.932340788395106	3.89105166041887	232.560548850674	0.387192964901943	1.06295172264774	32.9586134756242
38	0.843186285774966	0.966951365852306	187.248228603945	0.429959514170041	0.844448953806593	9.84032223006166
92	0.900181548771782	2.08103677829692	264.361836662776	0.372739539710923	1.06650722260194	18.6763248306392
116	0.649576587518649	1.9335528513599	242.556764197537	0.377819133631273	1.05370603507469	16.4466908212714
67	0.918207242990554	2.15015028909903	173.956629397164	0.407515446631601	0.802801559428978	18.6648003591653
55	0.818965501695658	1.11512023337226	289.240771949263	0.358118110787271	1.08561323516428	11.6380792204711
142	0.949738825609226	3.55631246837716	215.924849281669	0.367523445724138	1.01121023116565	30.4804563578077
147	0.938642524653467	3.40781750980033	289.255847171814	0.369161789215265	1.12755827402461	28.9964235758536
33	0.662627227648516	0.444208972400289	226.409723413512	0.361255472667237	0.961133614278261	7.49496171235805
36	0.609994281331812	0.354352390977756	241.420319612115	0.384271650448121	0.981806377565336	7.57187779441061
174	0.904378415306371	3.17113761969877	323.744375531669	0.349340732487486	1.17394801813419	26.6124836461738
56	0.915565135191322	1.7162641301063	154.898556914629	0.431232622798888	0.847399045525792	15.3251587164408
65	0.923633769625896	1.91874855372036	216.978905851916	0.38200024458848	0.961224932848681	16.6892405379821
126	0.88473442988599	2.56318030744454	386.251343887678	0.31753489929516	1.24876897305468	21.2960362521064
182	0.961799756743228	4.27350282425005	316.474936695586	0.38115210973897	1.17551711438411	33.7044719054713
75	0.836640257161567	1.68452671464292	287.900373750541	0.38547186418936	1.04959181714762	15.2413148594292
303	0.646014828301239	2.99961497169461	322.312673874553	0.36240190229052	1.17789597574142	29.1451696307874
61	0.565759522187832	1.00556659809609	266.373239510089	0.372665920358228	1.09145443322615	10.3841696057507
32	0.743087931769663	0.760093974215408	139.877611730783	0.411833562856581	0.808146204068964	8.24823034088294
182	0.712295157949861	2.88639550446887	305.579801594314	0.335813239738007	1.17010496372238	22.8098581398902
40	0.889751897215425	1.20195287412277	196.796482674319	0.39973604826546	0.829530027004375	10.9751698022156
70	0.720018342732524	1.13244521360854	315.217102102041	0.342679881627796	1.143208488545	12.1816087084885
83	0.499650382116253	0.800375852536769	447.090612131787	0.334847015203779	1.2221429552024	11.4562901345811
80	0.755808231121564	1.47532576660883	266.897220809409	0.360635911013572	1.0579771852599	13.8510195479764
131	0.883599379230051	2.59549338717059	295.658401573209	0.380112894481265	1.13658153240309	21.6539958033057
71	0.889330481776819	1.73780601704676	200.256105631547	0.41869783122155	0.937325576716277	15.4811324920397
57	0.56136086055448	0.472929150870913	345.520166716409	0.331996512641674	1.14371148967089	9.43057399889519
108	0.723116082373846	2.13586249692899	233.307721462936	0.388166693561751	1.00820294991434	18.3066646021957
37	0.827667980567046	1.05318873412697	158.547585094955	0.416007306239362	0.805294014845216	9.87965484341562
125	0.978386134787378	4.37347735364039	163.185055403221	0.431187635893518	0.77950300291173	35.627751091284
39	0.708004382754176	0.645790969834611	247.403886627205	0.374658595246831	0.979728852044061	8.51992909627727
794	0.877455546586817	7.79778153936007	342.62367564176	0.352820558992208	1.20494675151388	69.1962073828189
53	0.870272144985845	1.27085218874532	212.536083044608	0.428405710404293	0.97053800164752	12.2088778361882
47	0.915830655316189	1.44895572413398	188.624466493723	0.37731011235568	0.876250729635332	12.9824669995246
133	0.782608708704193	2.26233790657001	403.384503766595	0.324223971914457	1.2634169320497	18.8372931764545
135	0.921456036620744	2.7415631768695	276.602375139865	0.381701232987998	1.08446433871891	25.1007109581074
59	0.950777009478193	2.0194731172373	167.664887654224	0.475109607969648	0.869823010734434	17.137457661713
147	0.962721313924547	3.84478940159012	225.481074415306	0.375715828520206	1.02617403837206	34.0966049761571
48	0.802111863656393	1.11340766796403	220.771075184957	0.41083876377994	0.913565210314673	10.9230193220263
136	0.831068782924721	1.75976166097949	459.27459917549	0.327415555302453	1.28996117816584	18.6491861566591
166	0.964299092780406	4.33159052479355	259.11401757023	0.380937231052679	1.08550835621066	34.8385908906905
37	0.961872005781479	1.91913386808181	134.346937463404	0.513738326754597	0.654243864191547	15.7152637671707
114	0.946358066125677	2.91463501473628	255.253808591338	0.381491032641928	1.06948799484566	23.1798726726608
242	0.6080475327861	3.24889432616111	315.781274809189	0.343668088024209	1.21222003351926	24.9485089713366
37	0.932479193443821	1.42337705010264	132.68872029106	0.453393665158371	0.644993767029775	12.3059600445267
105	0.874645511232792	1.76331826753879	455.362210725736	0.323216214143432	1.27269162372323	17.018798442664
266	0.927992665473054	4.15221281412345	240.790973926995	0.369842660204755	1.08780590180977	35.7333595330161
44	0.95397231714914	1.67187439725213	142.230579900756	0.414135886912905	0.655752087107648	14.2549581795576
56	0.959851545718324	1.97856971191588	151.731591281186	0.465272170590945	0.748163066673405	16.5828213215484
32	0.826528438558348	0.719202309942508	225.117808072253	0.401386945411713	0.90934660400458	8.53126874038645
304	0.836924791762936	4.81276202466342	341.858612873472	0.335307532092758	1.2300652459172	37.2457742089664
1104	0.976154824069524	18.3616681893876	328.176491313272	0.346467217750841	1.20686200123916	145.647770467601
46	0.766865903356923	0.699418095545257	284.382085334426	0.374750260084668	1.0113299729161	9.59535010585118
68	0.951481429504783	2.38660958368006	161.702215006734	0.487053420679409	0.766582338621713	19.7283415150579
374	0.819281823600292	5.29240186369898	331.677334222267	0.34093048667487	1.20002435962627	47.921996507815
35	0.94544440217215	1.44209885209872	110.697943843336	0.420180995475113	0.688621349081496	12.2053079933605
182	0.989635588545398	5.51992358913895	197.155780823894	0.376762132694676	0.99577096301616	47.4379947129234
199	0.757755705185902	2.65491764729313	421.043565861109	0.328295432846516	1.28750809111842	22.8131306374639
230	0.957702783256596	4.8697759844414	293.460539480831	0.350298238850453	1.14147586079753	41.0725558673869
64	0.683776342954255	1.03016623373945	284.710137321382	0.363563952430523	1.08672273499258	11.2178502876594
251	0.971777896245719	5.79738882641028	272.595312408942	0.383303654486653	1.079929857907	47.8443699183422
157	0.756799364007514	3.5464287065059	218.473364270252	0.40036797863562	1.00019016940083	27.0132276065385
75	0.790724138201346	1.38125852244229	309.355233569933	0.354724759953518	1.1380997905587	13.3044224882257
64	0.888932045089512	1.76830055437775	201.096640935191	0.359702213525743	0.998674779386729	14.9558646769794
1406	0.904758337167198	12.2914404545983	403.878692587957	0.340114574240335	1.28059794226731	101.398195450774
68	0.798079169606348	1.21348565120736	275.938736771545	0.357183735198108	1.06010681626261	12.4634816999896
31	0.918961091277799	1.08802382170368	137.632648926069	0.424719101123595	0.64181926383052	10.1910453917528
57	0.931971656220543	1.63592743209113	172.929435462095	0.358141407082584	0.919066807509317	14.8134326665904
227	0.963220507308249	4.4008488470028	324.063837513952	0.338883133447346	1.2031010177738	38.7315947641679
34	0.933965783842093	1.32678077736881	113.268239327688	0.465196078431373	0.601508888109516	11.7333255317322
72	0.777580105336276	1.16825399020897	335.231920918826	0.347224495640785	1.14197415828836	12.7687705611519
147	0.613868157910879	2.35028322631167	383.760398337382	0.322495665748261	1.25529610833611	18.00209595893
115	0.578033915953197	2.4359131139298	172.020308053146	0.428732394366197	0.856222415393235	19.7537308597696
51	0.492684682682082	0.362949391914789	310.715565816725	0.325908071790425	1.12305369614713	8.63619703085125
73	0.915832660187462	1.60962753092419	259.031726958208	0.37164294603741	1.08506715549941	15.5626553533459
41	0.527751818317973	0.771171381256782	198.706980157821	0.408552509596153	0.914892578333268	8.45521501817569
180	0.945665530877511	3.50486290649754	348.558768918161	0.338245011605943	1.22564900649298	30.1973071048755
116	0.987571858579932	4.32307019015159	169.873587267695	0.41141032740504	0.852142888655648	35.5866302189836
34	0.923118073113716	1.38130242771552	155.036045013413	0.513497641282372	0.732458555714044	11.3592619614554
36	0.918027642846777	1.18633293408911	163.528655365293	0.468021232161504	0.816489589330042	11.0681802443759
88	0.392951797847065	1.09616543638776	378.797835155241	0.332511756162038	1.20174833204601	11.9314143067709
52	0.913003711030214	1.49867894441171	225.562244112439	0.398159661586772	0.971912281704268	13.4210153365374
117	0.953675687314939	2.86174620513219	290.316008509567	0.365745415490668	1.08256936916967	23.9309002818341
281	0.809176955523236	4.47312487535915	314.134927349648	0.347678959406118	1.15421387911232	35.4173061049897
236	0.913557580823709	4.14364634864201	334.299679285259	0.354110136244441	1.21280253104335	36.194380461614
328	0.796575901951901	4.35254575551646	328.647251700863	0.358332969699704	1.20779210437752	35.4572745671753
55	0.816344904788839	0.90315094789683	293.583341706246	0.33155599037952	1.11447182901205	11.1148264468519
31	0.939077266922008	1.398574684987	163.234943244836	0.453658536585366	0.619282761417527	11.6302742402517
102	0.945741593769807	2.6451832482695	275.834539734927	0.355758553255424	1.08801444409626	22.4244030623478
111	0.969447546904982	3.79860149228361	187.302239742383	0.412894791239403	0.934287376066077	33.9045331079942
157	0.901471830573805	3.21076506441697	202.999910031986	0.376410462309588	0.970506873650767	26.9645673534676
168	0.79616036153364	1.97139568215027	668.532777665149	0.305645444372608	1.41259186371727	19.7893507904331
67	0.933652359708475	2.2257182583175	147.884618332131	0.418367028509016	0.810554535225844	18.856220863141
33	0.831082381452439	0.846514986349392	184.000036896729	0.409307222042213	0.886682873163284	8.97611370668973
36	0.878909027213314	0.945867079973531	194.575277884289	0.403058488352606	0.855448764905307	9.86639816681417
82	0.261161973451045	0.957927254976894	379.163846419461	0.358703788568042	1.18400019305723	10.9881669502885
65	0.571307499178288	0.656964757211031	383.472048472555	0.330940727110358	1.18753432963127	10.2277886104419
149	0.967951767024151	3.90096987205951	292.055674247087	0.383224914457994	1.12744823171684	32.814062975955
140	0.909616966754519	3.01164595445662	325.81136002932	0.339820116290704	1.17929999688777	25.2942028798021
132	0.878375279878587	2.230003694303	377.974530765623	0.346024873823948	1.22397665576673	20.5029159695518
95	0.91519258680159	1.99836363267752	328.313036552699	0.33810311927959	1.12476638982946	18.0038131863472
821	0.940735751436508	10.2045440565164	335.022758034393	0.350534539384312	1.1955927085405	92.0306182380518
41	0.685993902154692	0.462045456580042	300.550654289374	0.357012342238061	1.02788463832102	8.42446713191282
809	0.985923860649691	13.7351022387605	314.219413889131	0.362203182475874	1.1935905665515	112.844751608895
99	0.939056821756223	2.5609931678826	280.739991930808	0.370730450419685	1.08115138061662	21.8092455730589
33	0.445042812861429	0.326217957022413	213.265269471187	0.346045960839205	0.995872739046561	6.85786431990652
76	0.973216136762309	2.72306799680357	172.855751807311	0.433535313791068	0.835856555113671	22.1977408175966
43	0.887385415129892	1.26874667938088	221.604960590989	0.392132972707528	0.916254226115566	11.5113109731741
47	0.893564759627513	1.15089398642873	201.366741835597	0.402594662067279	0.944839688505562	11.6741084598581
31	0.730205523442694	0.526700741263533	210.063466880228	0.373928183036342	0.931717554771109	7.58606993829494
60	0.962863830977007	2.43083025676072	181.066748030337	0.493211247657212	0.869556058966844	19.2371754861181
36	0.941456080621913	1.29869152926824	153.47095943212	0.419744169857292	0.774536056880175	11.8780217080033
104	0.900775897929432	1.91247564657859	330.455534268717	0.332196528615966	1.16801419860798	18.4478456594272
37	0.768076675077321	0.699758199419205	210.065899256664	0.415121517506255	0.933455823498784	8.75420453424823
228	0.980614999081543	5.93504592180497	324.171665061557	0.364629460731516	1.13922059433486	52.2445061422597
90	0.947596312473853	2.38039734552499	246.180618116263	0.361696271365893	1.05430722824679	20.4748367117981
116	0.846379329682465	2.16410069366074	310.144285526235	0.337178744565886	1.1745106926675	18.9839044039432
406	0.873713493676501	5.5837054197358	339.5445350157	0.365347917999798	1.20730122478457	53.7215943336491
147	0.968070088702821	3.75747862713064	303.342929988165	0.362372707918927	1.1176122998	30.8545253644233
45	0.613260402096428	0.550624972490707	266.870665013583	0.369068858546903	1.03902728118616	8.63198339599896
161	0.873779027945525	2.44589183006797	451.921458194473	0.324625402570302	1.29444169974986	22.5267846328679
265	0.929918471701376	4.50751995710884	351.095389365298	0.364176787228175	1.22765013392656	45.6341821564477
68	0.483272720175385	0.653554294800234	354.38816616597	0.335968040438628	1.19099238480394	10.1528627611427
75	0.89313561214254	1.75567844254421	267.618286958543	0.354540034110451	1.1042358000392	15.7325121849091
373	0.763954650437993	5.09469547418268	283.795745425894	0.345433931500791	1.14550864884356	44.0251218830495
154	0.775878661739171	1.92662111643396	476.717576574195	0.315575831496207	1.29780591280388	18.9099056224627
214	0.960124566806805	4.43169090251036	267.643551685985	0.384554237495414	1.09792116041699	37.9668533340571
36	0.792839501073341	0.751518330927116	344.336886148176	0.317991875408755	1.18453819739914	8.85794855907757
78	0.937241587826072	2.0945590099513	242.247727678324	0.374261599214161	1.01031672708083	17.9912990047985
49	0.898302102244368	1.41363073464772	170.66716998147	0.45315025745046	0.825745191598573	12.8660067574238
153	0.8749960747433	2.74481109775973	277.175217503506	0.361447798472708	1.10530950712101	23.8979774290156
36	0.807258699263862	0.692146519109579	230.395139765329	0.358714354008472	0.918292009561346	8.77415287379995
35	0.882601201962033	1.02441221105745	158.710661440145	0.419971005579229	0.822113323815414	10.151605849554
65	0.732892171692274	0.892205415642888	339.928047707981	0.348850780260326	1.15563691045581	11.3302883049104
449	0.671561351802674	4.09251132988736	348.603693175178	0.342864404652331	1.22900649049089	44.9654733570429
44	0.80688678097144	0.779463030660465	231.269787857522	0.341591739289949	1.01376211275223	9.76563576093049
87	0.930010643078652	2.06313599026783	273.906567013565	0.341751253515959	1.12236306607535	18.328887296599
61	0.767371191601118	0.765230399435608	312.623165547523	0.327000786001673	1.13963831183464	11.0930136628901
104	0.917616170758731	2.24676542304943	280.639849069178	0.344482597884132	1.07927668422487	19.804906143967
97	0.878145965730604	1.88292922808208	328.927036967081	0.359913794098034	1.16722824795793	17.4012569328635
42	0.714104891643349	1.33932564977923	135.816822456296	0.528756436261507	0.699458107035505	11.095680239748
144	0.367069474541505	0.843417134430189	660.850134389416	0.295083452525908	1.41271271024839	14.3553996708229
142	0.817167815458282	1.53389296643804	369.31934880594	0.314008292499812	1.24207548933539	18.3048809552151
97	0.947439839762297	2.98367689789388	197.717766820218	0.447536065243767	0.882936529695751	25.3179894380822
110	0.816124275929597	1.94945334667162	313.207987639175	0.338452408046894	1.18220431642849	17.6645762544281
109	0.852081046511668	1.92199967191856	305.336723416907	0.340098394643849	1.14729599111602	17.7319150958747
50	0.577066332484197	0.470838109939761	296.890133561966	0.340383457007498	1.13213923300735	8.90007312400567
233	0.918501259769696	4.03388858738287	300.820330469329	0.357607489702699	1.13705104320882	35.0620995050661
51	0.649395971463712	0.577383559392081	285.987096280703	0.351171638474365	1.05552341036509	9.32119590054559
200	0.971250886209852	4.67074064893023	328.801759428994	0.363002384645172	1.15155033062568	37.4462254145414
55	0.671003573166843	0.625164994288647	325.198516398	0.324531262667416	1.14626199141182	9.81917762319125
84	0.763647288856762	1.14658801570055	306.513062727958	0.336334232349413	1.1570890511178	13.4120540984409
201	0.968232632252078	4.75521896494435	253.426124528028	0.376119936271739	1.07965551737015	40.619775766208
87	0.781594509653436	1.78407452568691	251.410222762665	0.377290529472693	1.05756298423703	15.4815861133212
110	0.893890585159814	2.39201590198281	229.254203004398	0.378241436862708	1.00929255028748	20.2274688114366
46	0.50337185854331	0.66450592992811	255.381464999498	0.367546845488022	1.0369718860836	8.6105583953296
91	0.976048472016851	3.42311312799203	208.521959548833	0.455627029744677	0.890658273582595	30.3557071604083
203	0.856699805583453	3.61145451040851	345.46112347752	0.358054313030092	1.20665607470534	30.2531330852727
49	0.964462322533025	1.94519848629126	139.629721973885	0.468904850805303	0.780209714555861	16.2346103249027
82	0.951830439595355	2.4687058869852	232.453941433887	0.366581904107259	1.02738761454102	20.4216692268052
65	0.776563261476485	1.92699151110431	156.867729900016	0.496348293995353	0.771606617769037	16.605297014181
80	0.897422023427238	2.02693918439111	251.045685360281	0.398005202097274	1.00518141591033	17.2621710738938
82	0.863787023022529	1.41623581470213	318.061382919258	0.329365825393609	1.17462233717406	14.8616209439673
62	0.839198171377464	1.28535484169187	290.086395026303	0.354207477736889	1.06909053060243	12.7291714322756
38	0.650529870115398	0.54096021259605	279.703752187532	0.373559778046318	1.01151356414898	8.07011274581007
35	0.690163370015476	0.508032305082119	227.486911129692	0.381685580366174	0.953438815566718	7.9235538149086
87	0.865874927151071	2.36525938041986	255.908557269144	0.407029600206945	1.03629662406013	18.9047246613063
96	0.975140758203894	3.23048207749692	242.333108368872	0.409390474017398	0.976899614195057	26.4081380918924
274	0.981522266958107	5.91818778181891	354.627686726406	0.333468341979785	1.22672797037117	47.7414525505709
39	0.923336352874652	1.32662954489668	247.641930926475	0.353091917414168	1.05677307136561	11.9895127043855
583	0.986755582138855	10.2979097777445	456.351986735859	0.328607329485117	1.31916194058375	81.5100628309937
117	0.864365931740757	2.07260638790039	324.907787413781	0.354932366242251	1.14510634913722	19.0297446554375
63	0.863350725487802	1.19884236781714	302.353091487681	0.346508379553362	1.0946079161195	12.7983439935427
55	0.888084648780097	1.66770479769922	176.310859299311	0.415299834715208	0.885091176374482	14.3456142655952
70	0.930449885251717	2.56716997739488	165.61447652046	0.479550726967866	0.726764651985293	21.4896285093733
54	0.909620594724495	1.46403928064118	199.660505437043	0.37545363059183	0.956006742771947	13.5139160713208
44	0.841654565688879	0.996803114122562	226.402741957737	0.368083541353438	0.941639613787886	10.4671938531055
73	0.542379954208526	0.733959828851068	381.265644481552	0.312409833265448	1.21510845695817	10.8196570902358
33	0.966584553501057	1.70605299490359	123.07453890204	0.524429065743945	0.59349188395262	14.9906152203551
43	0.747000990272525	0.807160191100245	187.707332377162	0.417361920148298	0.966113804844727	9.31654079980287
61	0.909021377865859	1.69954153847892	207.442425951738	0.394549796283542	0.934910814222542	14.8940344184754
32	0.934939364364867	1.28936534282239	133.055693683593	0.450920060331825	0.740776471648944	11.1286407876221
44	0.415087087212235	1.14684632565703	173.625182511038	0.502693385046326	0.805275081579041	9.13283558118596
48	0.967816310535451	1.96853689277795	176.2427246986	0.43748545572075	0.756671838755764	16.5947512919323
95	0.987186302894857	4.04568912044717	196.588431868735	0.459239768158174	0.826239293093269	33.4387941333063
31	0.833535698947084	0.871107130116473	164.601332047286	0.489673202614379	0.672657918499561	8.79791003413867
292	0.965781918829771	5.76506049541937	431.448546779501	0.336794200628055	1.28451373427727	45.8518091199583
40	0.689148033892329	0.748759703140541	220.922528838569	0.393501345750481	0.970237602498785	8.63293014402814
144	0.910672819662294	2.59886674519748	368.040186903214	0.345518441296139	1.18720872248866	22.9386342712542
73	0.787969377279015	1.80572484701325	188.093892139665	0.415119625745812	0.944086504418843	14.6810182465807
128	0.88568889487035	2.92830908216195	250.403170314204	0.393559030833062	1.00585192496654	23.8462508891429
131	0.963048605105358	3.5187793365448	284.141696413523	0.363558808749776	1.07131625491589	29.3675449898487
108	0.818151787657986	2.26202552968935	289.331211201357	0.373052677532842	1.08904732173228	19.024076609767
115	0.74853983006119	1.88971573907956	368.719947756772	0.361172055289702	1.22775746137995	16.5802895133949
346	0.975779635924019	6.76898612052909	319.111696086179	0.350390381578898	1.16574402829862	57.2119662832416
39	0.832149036207841	0.856611409795117	190.036537434193	0.395902939138233	0.920129236100423	9.63630247027275
48	0.500040000351599	0.521339169298093	260.832429756315	0.322439234549961	1.06960894628445	8.56242768846698
405	0.94590092347358	6.75853562157293	328.621253636688	0.359162063333976	1.19589655372145	53.4454157223618
48	0.947461982207108	1.66025617624787	180.890984115596	0.450646867631126	0.772126996853791	14.5358620938294
53	0.857980647941859	1.16365235599252	243.972123722065	0.363213453245155	1.00407128134717	11.9171124974054
442	0.974751598571921	9.2394048017363	315.162505575485	0.353575609037794	1.17998558786842	71.5120458272027
130	0.936725049030883	2.95449087241717	336.080427975308	0.349999288986977	1.17498606533195	23.6879531331427
158	0.909749464763683	3.46400687481585	214.181119979222	0.38681410631875	1.00935760681039	31.8030757713493
459	0.925855072981988	6.3921413701456	410.311190340347	0.342021041025218	1.27729446773782	53.3237623020397
184	0.961845271763493	4.00599958965362	270.077357378078	0.370198424956355	1.12762847437236	33.087950915046
54	0.897678212873434	1.38988424938736	209.309830862844	0.398770110708851	0.961875768378687	13.0859822664989
55	0.557914991579349	0.773918997005359	302.652472012258	0.347445440092499	1.09793561336671	9.57935061012809
34	0.939160245126542	1.26209360923635	168.938014264854	0.439119279749965	0.741016451874254	11.4820346332274
82	0.941760001860729	2.22205701997328	294.776415048018	0.358832782854254	1.05268481536557	18.9912852168696
381	0.991456980109401	10.2160661063604	435.030575218288	0.369683326021948	1.23449748858321	80.3261461326684
114	0.929013916228162	2.50730243307694	281.125126635786	0.330161965456083	1.1645764465086	21.323350337098
64	0.909721593365936	1.59616422763414	207.4948594069	0.392775074254399	0.988900950802587	15.0314392794559
70	0.838237447246897	1.29255844225739	288.749040742431	0.355880655906569	1.05195181405283	13.5168787534412
142	0.714375991185515	2.01236908057705	349.704116034045	0.361580931923044	1.17500451530191	18.5999432589689
146	0.938440704587512	2.99023380694719	339.532293927457	0.355076027902891	1.1719343292919	25.2509978648595
32	0.877644680755507	0.9000583033426	162.482142278873	0.401261191874458	0.822494165746771	9.32247971035983
33	0.831448074209115	0.867665433878488	170.125105583272	0.450006997247749	0.835995528023391	8.94437271745602
61	0.961297922179339	2.08106573009736	192.852283139228	0.445685446064953	0.889483463869008	17.8573562428828
69	0.859186532509191	1.79469581871706	199.693274543589	0.452210395244451	0.926052996697756	15.3973171523807
126	0.795201740041642	2.28061174818537	329.656721381826	0.331591599584679	1.19454495215343	19.2312212745122
216	0.836433910330587	3.43900528329438	356.009004726378	0.354869490334938	1.19418825353885	29.3191789072566
50	0.560174085605631	0.368791030028819	354.802432493188	0.316610124453262	1.13795905863773	8.76237849114048
44	0.76610078136465	0.766386451595306	247.74302296548	0.350459666827953	1.01046839654698	9.47988088227735
42	0.795555494260495	0.857593143417195	215.214522332214	0.394695463642112	0.901780510211789	9.68479752241752
863	0.792529654249921	8.65921085174158	399.045173200147	0.356557845705364	1.25512189706079	71.7708583349613
31	0.951279813167194	1.41021597375181	163.234943244836	0.493979238754325	0.598626497913063	12.1865516432601
332	0.970696271094951	7.03331230851557	377.589796925614	0.336355810404253	1.25259576151748	57.4255956455988
42	0.858767538627748	0.928033239632285	228.095151715194	0.389693534426777	0.944843378396103	10.2626340438714
31	0.847129900522594	0.88509258513852	156.545888958318	0.439097056281458	0.7602208762419	9.05263395796092
207	0.578906018487114	2.62667782293629	255.944836767586	0.373674880852906	1.09984648786719	22.5082102307889
232	0.964768448958297	5.50855740312973	274.330662392013	0.363024816766732	1.11486378183789	47.5254378941947
130	0.951468925080087	2.83268207623717	315.997201122191	0.333173411541533	1.14153353703627	24.4549594352969
64	0.880659195312105	1.35729849268424	230.922176463138	0.376612688176533	1.00730216504001	13.707141581968
44	0.491334796510128	0.498784215805599	252.93477976864	0.355788432724531	1.06138751856923	8.15461047249266
112	0.936528328812217	2.32851200101666	322.182430839015	0.353336235783295	1.14511324541008	20.8819405715758
83	0.950707246695017	2.56076977256323	179.924874100449	0.417704739335124	0.944004424147718	20.2950175744269
78	0.93889620691693	1.97859367187305	251.497494990201	0.373468411397823	1.03956831872329	17.4502813764191
402	0.915335442132565	6.21575412107617	236.5910139013	0.399803689189879	1.03846173567403	53.2011953635634
200	0.853694039612188	2.83331087522291	365.836022081856	0.342046161999103	1.22689845092104	26.2268738687047
47	0.968935907304959	1.89502246966356	156.077825378322	0.44628595963933	0.656278901689889	16.0073033657073
31	0.756562489907065	0.542035327012216	221.003143166637	0.361753462702229	0.902968135645361	7.74087527954677
51	0.840517748275713	1.03854981413018	237.306780141055	0.386097836930245	0.99942079313178	11.2331857196955
142	0.959207955935883	3.67611543008253	312.28904050919	0.391734757381816	1.05595744842863	34.4829074293397
65	0.924329035631972	1.82150874412293	191.894305513457	0.452963189433778	0.871042790991619	16.2344661875853
228	0.960640353918088	5.17222129229914	338.715014164175	0.338580374835811	1.21197758833318	41.1132709494389
71	0.955433278554374	2.20598868128516	203.482980626063	0.391381035498683	0.93688058349006	18.9043764866526
128	0.950816357366762	3.4364856058763	223.278579291589	0.39130538785364	1.02801216673604	28.0976276005909
48	0.894211207388787	1.37488922626857	210.675340107841	0.386634412258909	0.869747197113339	12.5072427630422
154	0.923011276111887	3.13690024908362	355.512929013138	0.333108390325585	1.21928322341371	25.660719790319
74	0.875301571140031	1.90865993645932	294.206117540765	0.370021745280518	1.08419216222088	16.0381579826199
48	0.836001649457177	1.19616246386793	158.800704821635	0.467013900192064	0.723929757636532	11.7470030213393
42	0.944822822692427	1.69984789767077	167.473509600341	0.416502445379451	0.829939360798028	13.9968231170384
79	0.912950503773587	1.96540711906442	232.529653701278	0.388019557095187	0.911842929446737	17.6521292265756
57	0.893008260248316	1.24553836251903	240.888377961355	0.364378187842601	1.01336863837991	12.8341726878908
36	0.80935030391545	0.919457115975417	208.018595670398	0.420691493166521	0.90692059378731	9.24688622040539
508	0.937092253729073	7.49277854694942	303.930381498273	0.347137791290411	1.17485656256292	59.4841075999646
107	0.922841126195401	2.65809221204418	246.815178355788	0.352390464714587	1.0859333214903	22.5983044196991
246	0.870907752678377	2.91431432225596	294.773495205065	0.366747541543591	1.15289752710714	30.5549389288647
44	0.914928586610263	1.31532385833406	157.810747889573	0.379031911384853	0.895949323213075	12.1546210382081
325	0.642236852533295	2.49624081846486	415.667732493724	0.3405033413504	1.27039329069452	27.657674672717
55	0.700786288023668	0.565877918945494	353.281268804979	0.339037482842938	1.09685952878765	9.88938714478276
157	0.975368397258905	4.06064215877114	279.011047143074	0.365935418820359	1.12960994935447	33.5011429154046
136	0.915076743836511	3.03304572620112	284.652679565333	0.358811464878881	1.13459973391112	24.6705167058586
36	0.900301921087996	1.06499969790022	185.522583712154	0.495107201759208	0.653398466729056	10.3716277184737
36	0.803817232438442	0.808908111972334	233.657931301543	0.382367435308612	0.919995333452505	9.03398292948521
46	0.806458697418817	1.14453795665928	172.058312541759	0.437486439856309	0.881479649949224	10.9223007532871
135	0.72627377117327	1.89099135849667	344.196446119549	0.342944314064889	1.14062657956771	18.2371633397386
84	0.947780385086021	2.90695945619377	157.554290939707	0.468852156247114	0.773860726132855	23.5626921779481
48	0.661661197319358	1.02044010857288	243.814641904389	0.428438724260225	0.967983343313064	9.94433585947715
125	0.859339364674583	2.86070135964313	242.446174926148	0.379021932755247	1.06147271045615	23.3016122401412
43	0.879178891987859	0.964710698294049	242.081682644138	0.394331476684418	0.975028251320733	10.7726741304276
411	0.934754819665526	6.20180267928608	311.06381690127	0.357385024121563	1.16176060399427	52.7037492214106
508	0.804273571281062	5.15819368543266	304.363727408494	0.355738290615467	1.17853423923438	45.2591038213958
112	0.929423044850916	2.45974395060616	314.141121499209	0.371061793152586	1.13307155166861	21.3184215353543
87	0.90438896789513	2.20679139500936	270.120267486731	0.376234653066252	1.06942899542965	18.7252316518988
51	0.794718762297282	1.01936067281181	278.22255869441	0.369858494728189	0.962895181837463	10.936278735396
31	0.570424246073847	0.389472868469202	206.709907211317	0.378247757722101	0.95048922623664	6.96832637816505
39	0.940282258170276	1.55468900804538	132.452575162867	0.501910507792861	0.676526543699169	13.5053786143834
322	0.941279001631347	5.75385742404703	287.101294064374	0.358229028255466	1.1444523610312	51.7862895862716
50	0.255673125814952	0.297627166348103	298.398066934451	0.322947230790368	1.16028508357631	8.11713649640249
33	0.864566745390373	0.811797584285176	180.380127122066	0.449951019265755	0.822109832429563	9.26634582811867
254	0.981065981780326	5.75642295454308	338.457354290393	0.34951317046176	1.20465667924282	45.6495698984937
36	0.909490875146588	1.03464748735019	172.341266984174	0.419418953778492	0.84307398906714	10.4851359318354
293	0.91349306380962	4.2540877659565	478.974189861414	0.332741124383645	1.29816574442855	35.5857211588599
178	0.906557702217678	2.84966876740142	317.463079872809	0.347695472954988	1.16894511609055	26.8684604733219
31	0.704384552728216	0.685003995898366	196.709327781577	0.407615033859378	0.887877809089088	7.71196653867455
322	0.920982749591848	4.71008765572497	331.975256599611	0.341268174423254	1.2164837923411	41.2644151446771
214	0.903637574988586	4.30883514107591	235.163891494453	0.408528631487947	1.03930227931974	35.8738878133228
101	0.94048713096423	2.65790734869841	233.475710686944	0.365918114511465	0.987875583997816	22.7395629351109
138	0.910925488779465	2.15485994814939	262.317876333345	0.352303487943626	1.12343151097566	21.9150278953676
96	0.868604520094256	1.57966825688026	376.941651369235	0.352266627189228	1.20528728689168	16.1502553687848
107	0.97646865988653	3.2939367740747	242.240447507441	0.358687486115262	0.942407738836796	26.934430924416
290	0.888978108676428	4.22083722437597	263.957858584215	0.394825161063904	1.10227199215712	42.7274430410217
278	0.598114267654818	3.59153797645252	439.352903404506	0.344131370894477	1.2913676822933	29.3565668516058
125	0.960717543678839	3.23157787927171	266.074162114407	0.371963819022643	1.06871429244863	26.941782404401
167	0.879304342006547	2.61183179947153	219.258261426562	0.419402211043078	1.0190311315382	26.1060519185823
109	0.926497114729138	2.84091109711435	238.36730913974	0.399579564525543	1.00164568316867	23.9479430097075
108	0.983781974024187	4.64924729348378	144.26833686185	0.477139802896513	0.70251134540192	35.7680358946336
35	0.399598439722595	0.278114948654495	242.124024376439	0.371604862781333	0.955877052295387	6.99590288610161
59	0.512546816637465	1.60597993935158	151.443623119516	0.470555126365743	0.670198991740668	12.2276060602325
353	0.774286998867956	4.0201403566986	286.311365889092	0.34991059850844	1.13928208898507	38.4447822873441
214	0.896183037870353	3.42265816885619	270.88940300662	0.35118569205084	1.13231225574979	29.1303296726834
167	0.97697595244147	4.90048008844387	196.227877616361	0.389873757403169	1.00473326422704	38.8742708835675
32	0.891882585015845	0.912424388207685	164.083059919535	0.500681114551084	0.661755718910541	9.38083151964686
51	0.830594266959711	1.07936881154955	244.728364484263	0.365696771432066	1.06472991688807	11.1849776996832
66	0.932765896816585	1.8164861903907	208.814601037865	0.373143830432833	0.970685650664745	16.1085456596011
132	0.909812018654688	2.97630360042885	232.165674836096	0.402176719312269	1.01573502047119	27.240580572163
104	0.895043053516029	2.25865286504588	243.245384414352	0.400742713798668	1.02262446166951	20.1159258544694
55	0.810345866764249	1.25782654272468	252.233423762847	0.37258177443936	1.02058187946099	11.7220795987278
264	0.782557343727295	3.67005126704096	363.546849294361	0.32747006558114	1.27396164613284	30.7644429500737
37	0.748370173208798	0.816239691010311	180.272775005362	0.411642411642412	0.864125645570394	8.81244335185772
48	0.786983632494279	0.978135463718495	190.281500659056	0.423100041714063	0.909282653361217	10.6097691100894
39	0.840572469117625	1.20653862784839	151.434649711231	0.470748408280944	0.77923781764203	10.6941466627494
44	0.949058028276836	1.88114744046886	153.088302377671	0.529818237594908	0.73610434735706	16.0961362884814
42	0.916356363804641	1.21928905672009	186.466635269751	0.391018061330561	0.916009539528747	11.7356065068821
39	0.186152999582364	0.783086102983877	204.402276961346	0.405639451278396	0.87435976939288	7.6905410833986
178	0.897504267294835	3.30427676669245	289.417437745721	0.345806217816108	1.1321275147779	28.2099178627206
35	0.845594992004444	0.865972742054492	158.469975162936	0.400893923857725	0.895799489533214	9.35724578138112
69	0.967385657194904	2.69015011812329	150.491726453864	0.478837627049274	0.765342913319918	22.8233791042742
123	0.922773628229986	2.22803794553031	436.1937365243	0.328122636074443	1.2131204686354	20.5442414097548
107	0.897993122393224	2.3249418928202	283.859756239527	0.379306317121443	1.10072202660918	19.6064627998373
141	0.955479758055826	3.33774084085922	253.765236759514	0.368828676520984	1.08298296251428	28.574261878275
135	0.876654902374681	2.03066775572175	496.060967266662	0.316123212672407	1.33993260999021	19.8543715876126
90	0.882042455965352	2.13858741741164	188.528225472032	0.426227258666705	0.92105119923033	19.7490788771467
98	0.407902313016254	1.47554706280612	285.861705602253	0.36335663353663	1.12631168604313	13.2087595731342
47	0.809946677175533	0.974313531031859	266.242046060605	0.357946974904379	1.03643446017427	10.4595432131652
95	0.939481816576642	2.27598920811443	299.989064951434	0.362123180873181	1.1116010936131	19.7989361786764
152	0.885176780687964	2.34754400127367	401.236363183141	0.310170492558036	1.29548482464973	21.8597080244743
50	0.816750758788601	1.01584387983365	257.071992818149	0.358384524447873	1.00490053133948	10.9598813510926
39	0.916150438968485	1.37310386819703	156.991178196536	0.477367485455721	0.723630098380701	12.253956997667
83	0.893060669271355	1.8377032443374	265.27983948691	0.34452605981143	1.06669606383947	16.5283574776464
37	0.728386361342918	0.542324062656596	225.641550815963	0.392859089143919	0.937545428238764	8.3546580456714
66	0.938616782253902	2.06898322262371	167.285567413559	0.466946737114804	0.842274700942891	17.6311594094814
71	0.700849402771341	1.33758177594303	225.936094112532	0.389763474086072	1.01098604056995	12.7843334543966
67	0.829882413851693	1.0251690930183	352.702625734891	0.365179368730978	1.08398139445703	12.5474863234917
57	0.750332928509663	0.919408441778807	291.328828728761	0.35400024458848	1.08358219718226	10.9020644099249
40	0.878520467811013	1.05686879375706	210.668924665465	0.362214031788068	0.880068797939024	10.6822241928182
38	0.851111674422278	0.800377233366835	229.917704317619	0.400742639888918	0.912597124611462	9.55065045554814
51	0.565341128092622	0.508336085874872	292.776373725337	0.34805730181754	1.11435752444517	8.95501647316547
54	0.704542300780879	1.01390670330955	220.998040753346	0.409804609166764	0.990711375059292	10.5507341022286
56	0.938196546713944	2.00840616705344	171.547339982726	0.409815400063078	0.913379685224622	17.9411827257751
31	0.944666081249894	1.26207573317382	161.489158735661	0.364874711933535	0.859793981337801	11.2662597769855
38	0.951104138179677	1.53159393232732	216.261970380562	0.416717747390016	0.908950246154284	13.2411807163818
