s.area	s.perimeter	s.radius.mean	s.radius.sd	s.radius.min	s.radius.max	h.asm.s1	h.con.s1	h.cor.s1	h.var.s1	h.idm.s1	h.sav.s1	h.sva.s1	h.sen.s1	h.ent.s1	h.dva.s1	h.den.s1	h.f12.s1	h.f13.s1	h.asm.s2	h.con.s2	h.cor.s2	h.var.s2	h.idm.s2	h.sav.s2	h.sva.s2	h.sen.s2	h.ent.s2	h.dva.s2	h.den.s2	h.f12.s2	h.f13.s2	m.cx	m.cy	m.majoraxis	m.eccentricity	m.theta	Cir
76	32	4.46967253337195	0.730579355320423	3.18995003879371	5.80308377072053	0.027240136534391	10.8078602620087	0.834400587979809	33.6325441925211	0.313865710243825	23.6113537117904	614.345465881412	1.37122895104914	1.70839334796472	10.8078602620087	0.804744659739931	0.314252893080185	0.686364628681546	0.0403690888119954	38.7450980392157	0.405528485978221	33.5878508266051	0.2246656931479	23.3725490196078	584.094621954515	1.18047122848359	1.46148946114209	38.7450980392157	0.9463561382526	0.153898603471396	0.465032236243322	4.90789473684211	5.35526315789474	11.5402936694741	0.647757589862197	1.07898700341751	0.93266031903447
181	92	7.29552268628273	2.83121507318763	0.560283650819993	12.0906361696466	0.05703344036338	9.04070796460177	0.646395266091231	13.7836353669042	0.350284685839085	17.3203539823009	303.408013414117	1.15513886121135	1.46675370194447	9.04070796460177	0.781652529750587	0.184264832280322	0.507420017068567	0.07867431640625	20.6796875	0.2783464093146	15.3279876708984	0.332227350598528	16.9765625	288.514317056919	1.10577002220215	1.39459098278041	20.6796875	0.909978268306716	0.0690248795797139	0.308047572652609	55.1878453038674	8.49171270718232	25.0009578445773	0.772434205683755	-0.412235269235511	0.268727916020677
157	80	7.71751614260179	3.35416358257625	0.277545041389687	15.2086170064868	0.0687434395138864	8.23926380368098	0.631399484062811	12.1764138239636	0.401470456937797	16.480572597137	273.846871719559	1.07341581116947	1.36003871033346	8.23926380368098	0.727470363091157	0.179523681246528	0.485049633361502	0.0550054341263132	19.4285714285714	0.320901255307834	15.3046733486294	0.303031681091498	17.032967032967	292.609456216353	1.06990547666127	1.36985894949916	19.4285714285714	0.829659659035005	0.157367326345027	0.456753321754867	108.331210191083	9.29299363057325	26.8817585370947	0.798428098669583	1.37663732338971	0.308268779133498
41	20	3.23722771673985	0.616730662421863	2.0591260281974	4.38634243989226	0.0719821439642879	8.36220472440945	0.341255421404289	7.34707669415339	0.367166596532044	15.6062992125984	230.741758149005	0.98728227927486	1.24294313713155	8.36220472440945	0.736015059098057	0.0951943687286991	0.341799933293422	0.0929752066115702	19.5909090909091	-0.19398098595983	9.20402892561983	0.262299465240642	15.9545454545455	243.143942825191	0.791473990834003	1.08217472370239	19.5909090909091	0.70266706345647	0.0549807072742206	0.243611710163806	209.975609756098	4.82926829268293	8.89051451539705	0.731252300585563	1.00896325087181	1.28805298797181
40	20	3.12769848993833	0.835165945209377	1.64924225024706	4.4407206622349	0.0718818163791394	7.30081300813008	0.340714831439215	6.53691585696345	0.395377476582641	15.4308943089431	223.699254721376	0.979167619662925	1.23376333620863	7.30081300813008	0.719685010951514	0.0706144657900059	0.293857478104914	0.105442176870748	9.04761904761905	-0.236825790452571	4.65759637188208	0.328032751562163	15.5238095238095	222.156362025859	0.807369886928933	1.05106083579977	9.04761904761905	0.714334058247707	0.0609624058393159	0.252889489677434	219.625	4.525	9.5073677776338	0.810922617344502	-1.56995514320088	1.25663706143592
126	52	6.51747968873843	2.60807291034943	1.77298931871017	11.8349722453134	0.0394236547707099	10.9927884615385	0.859759907783808	40.1927454118898	0.328303043950669	23.1322115384615	620.811957405428	1.33694223020552	1.65868779600794	10.9927884615385	0.769767859952942	0.332346269018932	0.695504599036968	0.0609	36.64	0.603912445624443	47.2524	0.302626802501695	23.52	648.821536170414	1.14921690752838	1.4095141339647	36.64	0.809825526702978	0.201783517314487	0.520751924317269	236.753968253968	5.14285714285714	22.72129465873	0.930261357055689	-0.322851616820958	0.585563127740109
60	33	4.45966592288812	1.9500871548028	1.49931113658823	7.79117958584212	0.100122428260026	9.08743169398907	0.383358340433593	8.36848666726388	0.402988724203768	15.3715846994535	230.959940434495	0.860436383092503	1.11393779509443	9.08743169398907	0.651443504366587	0.130821816514238	0.379971143690856	0.27359693877551	4.57142857142857	0.325301204819277	4.38775510204082	0.650420168067227	15.1428571428571	221.010767362094	0.581566831715094	0.699828615725944	4.57142857142857	0.402816677454994	0.118117076035119	0.290003019224094	291.583333333333	7.11666666666667	17.063349839696	0.956499864264677	-1.44526390291423	0.692362017320065
156	70	8.20920647027233	4.08915321630263	0.243276948084654	15.3381610264552	0.05916	8.832	0.578960054216521	11.488316	0.368731026048673	16.644	274.389332697951	1.11119379191412	1.42608799057239	8.832	0.761278440305014	0.158909955201118	0.46713846220508	0.0836754301685738	16.4485981308411	0.214180798504473	11.4658922176609	0.38121062567168	16.0747663551402	251.188584021183	1.04900137357001	1.30955599588261	16.4485981308411	0.853601352144989	0.0626919921992422	0.285066721785212	309.538461538462	17.0192307692308	36.0559854210418	0.956598551947305	1.21407828022409	0.400072207314292
40	21	3.16273451991459	0.713850132639483	2.09577915092051	4.55776728567677	0.0474334856221446	10.0737704918033	0.635522117762881	14.8194537758667	0.336285803643566	18.6147540983607	348.604735552298	1.19635316886559	1.51050636329095	10.0737704918033	0.783275929527551	0.205554624431921	0.540859432178864	0.0680473372781065	33.5769230769231	-0.0121513455664327	17.5869082840237	0.230643087380809	19.1923076923077	366.649620292044	0.9199539787635	1.24981599056786	33.5769230769231	0.861837243481184	0.0783054954853187	0.311191004457789	330.125	3.225	8.99259566493873	0.740926091566364	0.503018315464157	1.13980685844528
58	30	3.85383667014334	1.14995102691504	0.508811250749128	5.32217582907175	0.0461440029961612	9.37988826815642	0.70613286946795	16.9594035766674	0.350538128816144	18.7877094972067	362.905893744804	1.2250170012854	1.55627257627573	9.37988826815642	0.792729762354153	0.214503291263508	0.558547294650738	0.0408631772268136	26.0909090909091	0.233665529378449	18.02318640955	0.203625902191182	20.7575757575758	426.141247774215	1.15810098841615	1.44777291711574	26.0909090909091	0.839623938378087	0.201387388894364	0.526213748150514	343.724137931034	3.58620689655172	11.4129984383653	0.74019882509058	0.047924470550831	0.809832772925369
98	56	7.11898375972052	3.7015466740075	1.02332491299248	12.6763579556751	0.103539034661484	5.87755102040816	0.275035389743825	5.05368133648017	0.453279357481038	13.9455782312925	181.297773814698	0.870388003644373	1.11643810797367	5.87755102040816	0.656597197745712	0.0475768922700247	0.230124350200729	0.091604938271605	9.28888888888889	-0.162546353522869	4.99506172839506	0.355917546505782	14.4444444444444	191.095732507184	0.864887217403035	1.08564254755662	9.28888888888889	0.678247720146205	0.0589857691233374	0.252692884099861	373.897959183673	13.7244897959184	31.9481095109863	0.980057203481591	-1.39575430940108	0.392699081698724
135	43	6.33866129413087	1.52280637321865	3.3152384289814	9.16211188608217	0.0313524810023837	10.5874730021598	0.748317608539005	22.03340035173	0.326174068285617	20.9503239740821	458.796289460246	1.32253344495002	1.68656073965261	10.5874730021598	0.81059584398105	0.242345053664705	0.609851138355811	0.0262229193216351	30.8910891089109	0.348319718746768	24.7011077345358	0.199620945188996	21.5049504950495	471.871378920948	1.30697938179866	1.69668312735149	30.8910891089109	1.02591114098323	0.169179218346402	0.518811541041374	396.503703703704	9.57037037037037	16.266870062218	0.642091274065147	-1.33659006269269	0.917501369896424
130	47	6.55171737272121	2.54917004439569	2.22225868890155	11.0858414425297	0.0342882876278348	10.4210526315789	0.704891822228469	18.6563264194712	0.305163251616341	20.0411899313501	411.980335080747	1.28549527520792	1.64707440755346	10.4210526315789	0.80763176579328	0.214698393865012	0.571921944437919	0.0287534626038781	30.2	0.267468033783736	21.6134349030471	0.204121724103873	20.3684210526316	416.483542037873	1.28361551456847	1.6794931681876	30.2	1.05134411289999	0.129572061883539	0.455632753094773	433.076923076923	11.2923076923077	22.4768516875152	0.928854611231689	-1.49570952908392	0.739532901705157
50	23	3.57023389941822	0.90687816882192	1.96615983558176	4.97346455868003	0.042354659418232	9.64968152866242	0.590350489683197	12.7779727372307	0.328641778360774	17.9044585987261	317.309050959898	1.17583517838342	1.5147552182597	9.64968152866242	0.800287889347034	0.174476469562451	0.501396845077327	0.0703125	25	-0.0217113665389527	13.234375	0.303197218850016	18.25	323.229506345948	0.949942013220056	1.17571450996804	25	0.813629751732007	0.041647834322302	0.220856356324662	448.64	4	10.5171520034079	0.782771928482991	0.720245626267899	1.18774769511901
46	22	3.40126555391777	0.741054132148088	2.11498002256943	4.53476014655426	0.0728418549346018	10.2896551724138	0.397233862339514	9.53536266349584	0.348862284034698	16.7310344827586	270.82792494082	1.01556027867397	1.28265053531497	10.2896551724138	0.730585475148436	0.125074349153733	0.396593984399257	0.127551020408163	9	-0.0416297608503087	5.32015306122449	0.485132514544279	15.9285714285714	239.306030133273	0.729051110864847	0.922570393791691	9	0.58977508466702	0.0230202297305007	0.145794094334169	468.195652173913	5.06521739130435	9.74726342694379	0.780173306244946	-1.52509940643953	1.19432447987711
198	50	7.76869527963581	1.76039019883784	4.29516006686599	11.9334990677504	0.027161290187463	10.6758321273517	0.744700987671514	21.9084869345586	0.313623882737699	21.3878437047757	475.004862996614	1.33674030905876	1.72590794046847	10.6758321273517	0.830793354812321	0.238543675190702	0.611070916365098	0.021474435196195	30.8	0.263823837024236	21.9189060642093	0.227498530048997	22.2758620689655	490.800622565281	1.34920446894625	1.78308818797937	30.8	0.995462950148201	0.100570304406273	0.414807148266838	505.838383838384	8.77272727272727	20.8725693811783	0.747331207079909	-1.24823714423955	0.995256552657247
34	21	2.81950983785948	0.791408865905887	1.42936485902887	4.29786636935093	0.107855902777778	6.52083333333333	0.0590003757985726	4.46484375	0.389470211161388	13.625	171.468314505822	0.813685748950061	1.06392715253488	6.52083333333333	0.648977130981389	0.0298264864990028	0.178045743081679	0.2608	2.24	-0.136363636363643	1.9856	0.552	11.76	130.22653937913	0.423151258875758	0.591728056447588	2.24	0.297895527222605	0.0136390030273484	0.0899614880793252	536.764705882353	3.88235294117647	7.75313453879993	0.483208021636977	-0.603935277891936	0.968835829678485
154	50	6.91706125006697	2.73024974367217	1.10453610171875	11.4725759966975	0.0302886281852909	10.8620037807183	0.675414931600408	17.7321371778974	0.313648060295453	20.8506616257089	438.745043559628	1.28849153574298	1.66133382230626	10.8620037807183	0.815569628200395	0.207583799120969	0.565170009958493	0.0257140769961283	33.0854700854701	0.1080899852204	19.547538169333	0.224866959093581	21.2735042735043	440.82713429754	1.2804441849216	1.7144034139232	33.0854700854701	1.0090777152222	0.0712704660925047	0.344968503553531	552.863636363636	10.1753246753247	24.0364994897479	0.92162322219278	-1.38186170192911	0.774088429844525
389	143	12.1965851542777	5.36841836926119	0.350279154863464	22.2178573448661	0.0393406672249614	9.27147239263804	0.735068443878492	18.4978634639994	0.351687634251691	19.1211656441718	379.514464261891	1.26634884873723	1.61596787094885	9.27147239263804	0.802583623890406	0.213831125473333	0.566434895245817	0.034605691417282	27.3985765124555	0.334679094041025	21.5904972074822	0.271069000537099	19.6120996441281	390.471077012493	1.29523133387867	1.71666212405578	27.3985765124555	1.00301331395422	0.097333425308932	0.401343877728524	643.272493573265	21.8586118251928	47.2422159739479	0.90982247552966	1.28532378080012	0.239049252725596
997	410	23.4991736998418	10.9970576982371	1.2849585136943	47.0556743043342	0.0537258755612237	8.67980446073938	0.617491158062803	12.3458873483563	0.370961455045134	17.0867705468989	291.097733705114	1.13703735877225	1.46386854302125	8.67980446073938	0.766354465160094	0.164785161978945	0.480799864549563	0.0478298878287336	22.687134502924	0.17561251727326	14.7599945282309	0.31709528877411	17.2046783625731	289.408759027527	1.17171496158178	1.56204624054006	22.687134502924	0.945540327904597	0.041933793706494	0.254393891171821	668.557673019057	38.8776328986961	94.9777376330564	0.907460784629156	-1.29709900771591	0.0745310618829036
53	25	3.65521180922261	0.661684690558543	2.04978047605104	4.86637442044893	0.0597318021077693	11.1183431952663	0.640642213514777	16.4697402051749	0.330412913113923	19.2603550295858	379.972105879424	1.11616895652122	1.3904290914019	11.1183431952663	0.717116150720682	0.238687403327451	0.560341898607601	0.0765570934256056	35.2352941176471	0.122911283376398	21.0865051903114	0.314687380304732	20.3529411764706	423.072146573382	0.911711278910529	1.20388745117263	35.2352941176471	0.766476453502303	0.155515671461184	0.428636234674032	716.735849056604	3.92452830188679	9.70262388964121	0.664467673700364	-0.201960054595761	1.06562822809766
145	53	6.50559789762292	1.89180876080715	2.62860730458059	10.0218699975847	0.0436142017646361	9.65843621399177	0.656033115620305	15.0397762874901	0.366751618385605	18.6707818930041	351.885709469975	1.19551249496602	1.53259491028031	9.65843621399177	0.797037820874473	0.201877683908171	0.539597470328001	0.032153710420547	29.3762376237624	0.119616901573964	17.6837810018626	0.255024834506441	19.4950495049505	370.746630668314	1.23614087697861	1.64002659270333	29.3762376237624	0.973195882122949	0.114417696751423	0.424827573812714	730.772413793103	9.24137931034483	17.1025848956695	0.536681428614886	-1.37735444018956	0.648673456419395
543	181	12.9954258904478	5.21112070836971	2.10409488532923	22.3959011106315	0.0396994443373569	9.86046511627907	0.675991269565852	16.2163571380727	0.349838791851963	18.9789075175771	366.254538106878	1.22363859055525	1.58162262941694	9.86046511627907	0.796275454651829	0.214170135598828	0.561872649879257	0.0448878307426002	26.1702637889688	0.203922065647128	17.4369986025568	0.33860548576092	18.9856115107914	355.905761070728	1.199998492133	1.5679066662429	26.1702637889688	0.950116823726971	0.0549798154414779	0.291247234729274	780.826887661142	19.1675874769797	45.9193588739722	0.739117031749965	-1.5295593333329	0.208282385873356
94	46	5.72292909302302	2.7516915895122	0.419852345996292	10.3504974629999	0.0521976443550704	9.09152542372881	0.516358559375806	10.3990347601264	0.348107610640013	16.8338983050847	275.998124201352	1.10197183104556	1.42756984378021	9.09152542372881	0.778913223208655	0.141815617516037	0.442488773626415	0.0435366836871809	25.655737704918	0.0584237857350678	14.6238242407955	0.208482466014747	17.5245901639344	296.99393744435	1.1491702247058	1.49661989429272	25.655737704918	0.959130668116705	0.0868074597963361	0.356361797920413	877.308510638298	5.25531914893617	22.7443928407201	0.95096507894235	0.508345263943598	0.558241416705937
61	30	4.23523222447898	1.86949999383714	0.683942817622772	6.6784063301892	0.078371266201954	7.68253968253968	0.422412486740416	7.65054169816074	0.367115272997626	15.0793650793651	217.642058866037	0.982470678259076	1.25067158984374	7.68253968253968	0.719363890430027	0.1116139984353	0.370720369646051	0.107638888888889	23.3888888888889	-0.146444780635401	11.2006172839506	0.269142586877007	15.5555555555556	232.475610516364	0.890562194852997	1.13305858024898	23.3888888888889	0.809857019201331	0.0671814245441391	0.275216474028135	27.4754098360656	7.83606557377049	15.784503259953	0.930363489200684	1.42427346702195	0.851720674973233
55	23	3.76681631797239	0.834136030509497	2.33733566186358	5.31876159953999	0.0550103305785124	8.79545454545455	0.544094859755218	10.6461454028926	0.334233770998477	16.8295454545455	276.786039404318	1.11341004095849	1.40885720536638	8.79545454545455	0.781020709448724	0.151269212416812	0.453769706138324	0.0650109569028488	20.2432432432432	0.0285854496380822	11.4194667640614	0.272909176816269	16.5675675675676	263.544567206833	1.00768506820947	1.329946957406	20.2432432432432	0.883993442203253	0.0774202762745456	0.318707061399096	166.054545454545	6.2	10.727764565729	0.781435618155943	-0.0564174264598437	1.30652246463092
85	51	5.48579345465927	2.33618943008655	1.22764516411753	10.0077056048083	0.117442580276504	7.00398406374502	0.513858499857878	8.20364756114983	0.445611561336895	14.5338645418327	207.514971121993	0.906525662171015	1.1501441363919	7.00398406374502	0.665234681478944	0.134276574135805	0.390607820490338	0.168204536716647	13.921568627451	0.119063838069288	8.90157631680123	0.466398765664526	14.0392156862745	192.666750528105	0.811138959540903	1.03482547750585	13.921568627451	0.718456501094954	0.0718501145724721	0.272440823037771	74.3176470588235	13.1764705882353	19.2096039896218	0.880533246602488	1.47465180659994	0.410665706351607
166	57	6.85876512183545	2.35991982536125	2.0092889857803	11.4080018139143	0.0391252772353133	9.95026642984014	0.679421269647597	16.519224277453	0.327494660216424	19.0550621669627	369.011309746619	1.25380718124196	1.59002477923765	9.95026642984014	0.807484419826653	0.19245154821737	0.535929562128437	0.0261280982981428	31.1008403361345	0.185480955150677	20.0915366146459	0.234334477599382	19.8571428571429	390.089462579223	1.28770138851559	1.70243941048138	31.1008403361345	1.03194675353195	0.086405726108758	0.377501416104973	262.909638554217	12.3493975903614	21.4288552779833	0.813770840195628	0.256147456351052	0.64204909879459
33	17	2.82391713418263	0.67420899075466	1.54740546329008	4.06350965627541	0.0905519844913784	7.7979797979798	0.32827084322101	6.80440771349862	0.369537863655511	14.7878787878788	208.46875810931	0.893667509317667	1.14503951696364	7.7979797979798	0.636658310873328	0.0942735475451389	0.327269863181235	0.16	7.46666666666667	-0.0994764397905746	4.39555555555555	0.410196078431373	14.5333333333333	199.311333589543	0.633844924259161	0.834531588035149	7.46666666666667	0.471291426436094	0.0453965231650587	0.194994840393773	277.606060606061	7.78787878787879	8.31768658223604	0.785265220087885	1.14251291377201	1.43491429160503
82	37	4.70167186292191	1.49634852325601	1.35809130015147	6.80270860848674	0.0655473372781065	7.59230769230769	0.469002377508645	8.1490976331361	0.382573353025842	15.6230769230769	234.261390451853	1.01974485085393	1.3149517623243	7.59230769230769	0.746692932631326	0.105896175454945	0.369776888383639	0.0986116055535778	11.9056603773585	0.0849192125100866	7.50525097899609	0.345283018867925	15.188679245283	219.531007123883	0.856349930574348	1.10197400656892	11.9056603773585	0.725586619147216	0.0871024461398539	0.309004765553418	92.0731707317073	12.3658536585366	12.977688742618	0.535722104327178	0.0802920625541335	0.752697144176371
92	35	5.23039039125254	1.45003730704689	2.08336462561529	7.83383556068402	0.0458855146466004	9.78360655737705	0.612062829010467	13.6097823165816	0.338334272259055	18.2295081967213	331.535489986559	1.17430467176713	1.51479411449513	9.78360655737705	0.795345945094866	0.185385253782581	0.515939331571027	0.0541838134430727	22.5185185185185	0.00382304751501839	12.3024691358025	0.257371781691936	19.7777777777778	372.853306446115	1.06516309085003	1.3731341274367	22.5185185185185	0.928082445918708	0.0705207997198571	0.309031856001358	699.54347826087	10.4021739130435	15.3860320093596	0.836928214963628	-0.35688884256722	0.943760078792689
193	70	8.06179598564887	3.26832300755205	0.557874976850422	13.7808281496358	0.0438792880358784	9.28197226502311	0.622148409139936	13.2825634317107	0.351230828399323	18.0616332819723	324.454193418612	1.19136618400396	1.50987985753901	9.28197226502311	0.779531850880035	0.168840357512207	0.492982615466079	0.0359901966007779	27.6788321167883	0.0786714526907201	16.0211518994086	0.253835509532176	18.5693430656934	334.230090452318	1.19625137274852	1.57579654688321	27.6788321167883	0.961324883786612	0.0456029340671902	0.266268463755767	829.865284974093	17.3937823834197	26.0004147867271	0.760839024480457	-1.49878292433964	0.494961128279861
57	24	3.86781778152975	0.907177887733919	2.21931233093095	5.46278444466637	0.0594577032136106	8.80434782608696	0.563106796116503	11.0760869565217	0.364006412471886	17	285.157033645817	1.07338599557905	1.35798982560801	8.80434782608696	0.74925768306384	0.157082437491044	0.454594475393654	0.0579584775086506	27.6764705882353	-0.070982643480007	13.9210640138408	0.203995743773867	17.8529411764706	306.390780757933	1.04868590315351	1.33869189264617	27.6764705882353	0.926599777046928	0.0872766031153529	0.339116547027604	358.789473684211	11.3859649122807	11.1608165014745	0.795096724887564	-1.54094835960949	1.24354709204596
421	152	12.9068829877199	4.84119088231769	0.8967662742836	20.7716654240226	0.0429075153891296	8.91448763250883	0.651617368311172	13.7941045586785	0.353928484229877	18.0310954063604	325.608287857306	1.19820031207847	1.54110871465561	8.91448763250883	0.794798849239447	0.176076292443052	0.507309860649006	0.0313699167943668	21.6797153024911	0.2296179888951	15.0707564493864	0.262188798567901	18.6761565836299	338.986551875417	1.22957407070312	1.6350972651868	21.6797153024911	0.966790436602004	0.0654435283247179	0.323615300590343	573.543942992874	20.1140142517815	44.7768368605033	0.835110894334021	-0.830879163872584	0.228983813566708
95	40	5.83150479916902	2.63162056103623	1.3759087905817	10.3243946553781	0.0584099342216225	8.57142857142857	0.480686695278968	9.25265643447462	0.362789515730692	16.3636363636364	258.533860193516	1.06348397789047	1.3674262803676	8.57142857142857	0.752705340362784	0.116822913162887	0.395025858363385	0.0735017468422467	24.7049180327869	-0.13374649276971	11.8952566514378	0.263844209167256	16.672131147541	265.973240780998	0.9528076185836	1.22443460308568	24.7049180327869	0.809811751016372	0.0241358074047254	0.171670400950648	810.073684210526	14.9473684210526	21.743242478956	0.959984460862881	-1.11740187898373	0.746128255227576
46	25	3.45259728800146	1.25585507399739	0.512249938994624	5.35372767331325	0.109834558823529	5.5	0.0831846284179631	3.9995134083045	0.410646792653713	13.4558823529412	167.461739965354	0.768735852165828	1.04307879720426	5.5	0.60551580315754	0.0266850453357831	0.166783680973595	0.145	8	-0.374570446735395	3.91	0.303529411764706	13.4	168.525408049463	0.559228681677151	0.868225812659254	8	0.458146007804834	0.12653429732665	0.332662222440565	181.652173913043	11.3260869565217	11.3026136567063	0.801624172360119	-0.316362037892519	0.924884877216835
40	22	3.27796717696185	1.24348441920691	1.42367816030599	5.65119017669934	0.109876634958383	5.22413793103448	0.210583056329171	4.30885850178359	0.444070837884225	13.6206896551724	172.403801321322	0.799125583452381	1.05179128598344	5.22413793103448	0.613276897866067	0.03960599394868	0.203981436338828	0.19375	3.4	0.140328697850822	2.9775	0.545882352941176	12.3	141.872616417908	0.579820120070356	0.805592616818342	3.4	0.412108737602191	0.0556489587487043	0.212288491928719	418.275	12.35	11.2726291034832	0.884057980562161	1.36287009621064	1.0385430259801
35	18	2.96303251432232	0.822938905706583	1.91162783712057	4.58122847290851	0.090657596371882	7.12380952380952	0.251144164759727	5.75646258503402	0.390267009090538	14.5714285714286	198.964699178489	0.894343415513128	1.1442623385699	7.12380952380952	0.682520586181208	0.0709223523461614	0.284068747954283	0.178638941398866	12.1739130434783	-0.246612466124663	5.882797731569	0.39933110367893	13.6521739130435	176.790048792944	0.635539520461558	0.831863430677197	12.1739130434783	0.524417242477484	0.0453619092297751	0.194614363037046	745.114285714286	12.4	9.31931765075637	0.85850705487976	1.20855964318674	1.3574783071067
1190	373	23.3991546072528	10.6438027816214	3.02824359254645	43.7402921194882	0.0431768114752254	9.2710094480358	0.630152439186942	13.533554943089	0.351212591478189	17.9935355544505	322.982152273839	1.19713885904235	1.53965076179871	9.2710094480358	0.7939894643613	0.169198216238827	0.497665515001557	0.0302995116144535	24.8066037735849	0.144764486387258	15.5027909732111	0.255208727594258	18.4268867924528	328.816713049773	1.23351152956411	1.68162848922022	24.8066037735849	0.986179228870223	0.0389641956233452	0.254246551436338	615.497478991597	52.5756302521008	94.480372693677	0.898955469645454	1.46650192195756	0.107482847077801
41	21	3.27919650077333	0.864872300495291	1.75222566599757	4.52756736152559	0.080864	7.728	0.323339871112357	6.7104	0.377829717500306	14.88	209.08515220956	0.952632976417985	1.21619732792735	7.728	0.716704542710942	0.0831503103498607	0.316446006109671	0.152423469387755	17.1071428571429	-0.0813076954085539	8.91039540816326	0.38462280962281	13.9642857142857	188.922748866334	0.758669102751669	0.962939456952228	17.1071428571429	0.729051110864847	0.0673816071873079	0.254837042773688	893.219512195122	12.5365853658537	9.94035382234187	0.8317918546436	1.1999595338128	1.16830202990641
187	62	7.94886540958915	2.7764399552497	2.2491182224054	13.4677805678411	0.036841112751977	10.6760563380282	0.755922900613253	22.8702540403261	0.320568317983397	20.9358372456964	462.718976658857	1.29114287709956	1.62861229306325	10.6760563380282	0.798191980353901	0.255606979789925	0.616062627206938	0.0351414568946313	34.4253731343284	0.303399542129858	25.7095539095567	0.248483422421226	22.1119402985075	499.788375225583	1.24628591812234	1.57993651958399	34.4253731343284	0.92859478187134	0.13697286296853	0.455309669138334	524.368983957219	22.144385026738	24.1792248385293	0.853814995165829	-1.4666639416676	0.61131927806586
59	24	3.89725167646739	0.49015182822935	2.86289723105033	5.08555279416331	0.0499674479166667	10.0104166666667	0.626251823043267	14.3919270833333	0.326186126737598	18.125	330.593172365265	1.18286670166363	1.511584873273	10.0104166666667	0.79833861417205	0.185689302676061	0.51587010565384	0.0479024943310658	27.8333333333333	0.0265576208178448	15.296343537415	0.249587569865565	18.0714285714286	317.532623248935	1.09554619575784	1.41909401956787	27.8333333333333	0.955712208020751	0.0457403788365089	0.253516834903917	326.35593220339	14.8983050847458	9.66513697430851	0.575327865469338	-1.28475245967602	1.28718032334582
69	32	4.6849507455132	1.71262151382473	2.3768496087258	8.0443715766056	0.0704801784361586	8.98165137614679	0.408999778466992	8.5986869792105	0.351178232074077	15.8348623853211	240.618998601096	1.02925864685773	1.31852438826531	8.98165137614679	0.743626438597876	0.113601462859523	0.383195358847393	0.051875	30.875	-0.220370804975356	13.64984375	0.188747277830925	16.975	273.756665044822	1.03660955288075	1.36405323740308	30.875	0.951807897319003	0.0869080478644436	0.34140971499445	158.869565217391	21.304347826087	16.0290775286531	0.933523111802019	-1.51135546793005	0.846757394912874
76	35	4.70345872485418	1.78609324639492	0.829063893059817	8.12413888686434	0.0663591323681308	7.7907949790795	0.60030429534252	10.7459078097372	0.397378912072488	16.3096234309623	262.825527179103	1.09013950675408	1.39046892655389	7.7907949790795	0.759417167644891	0.160977376717228	0.464826241954743	0.0440214158239143	19.9024390243902	0.0344588744588759	11.3063652587745	0.230452159126268	17.5121951219512	291.783978795386	1.06649791007606	1.42176921990756	19.9024390243902	0.913547760300165	0.0856628872667924	0.345659064482642	718.776315789474	18.0921052631579	13.9121111785792	0.70669793069776	-0.918918797071954	0.779627891176569
136	44	6.59179147543921	2.25635924558864	2.86480856239532	10.9493810912303	0.0344779743322928	10.2451612903226	0.652323243991156	15.7337449416117	0.317873342617176	19.6086021505376	385.411180866726	1.25863314809511	1.61702652714882	10.2451612903226	0.81176530576713	0.186250453580929	0.531585818510453	0.0347251145356102	29.7857142857143	0.126969424611377	18.0588036234902	0.243793780184799	20.1734693877551	397.298369493179	1.2301626731149	1.61237451765311	29.7857142857143	1.00977037670257	0.133468763763864	0.453800574586746	213.661764705882	22.4044117647059	21.3300567742754	0.908128199177046	-0.917411755598515	0.882761572083082
43	18	3.28295717901039	0.283225797098686	2.54466277568862	3.65570752808047	0.0556236347168203	9.62043795620438	0.531347978654928	11.2639458681869	0.315515925477282	16.9489051094891	282.783360690362	1.094946134715	1.37860297091468	9.62043795620438	0.777958341017297	0.163794256818792	0.466945980126354	0.0623818525519849	38.4347826086956	-0.256923837784372	16.289224952741	0.176797663024533	18.8695652173913	343.674229554748	0.954428813989859	1.26854707033488	38.4347826086956	0.865471420572694	0.0589293586841807	0.272272865392646	236.53488372093	16.9302325581395	7.93456163499673	0.503577854826418	0.108158696150544	1.6677590630168
194	79	9.87449741893367	4.46013391666541	0.457275743498403	16.9289352276224	0.0568503937007874	8.71496062992126	0.637605294415986	13.0241279682559	0.370618953296119	17.051968503937	294.38424512659	1.08316473272461	1.38188011233656	8.71496062992126	0.735445305213467	0.19290493692337	0.505459188404591	0.0716836734693877	21.0285714285714	0.216768333238318	14.4242346938776	0.364594868344346	16.7857142857143	280.177876871627	1.05327933353067	1.31111884199218	21.0285714285714	0.877069450994693	0.0754331543512028	0.312526766817806	754.139175257732	27.9484536082474	38.2446066236511	0.954235306083809	-1.0649730374951	0.390622640471988
705	233	18.581118170709	9.27668381923593	2.69050792839284	37.4291117143888	0.0437669696402861	9.20875420875421	0.606125333061509	12.6899549294857	0.347027920557333	17.7584175084175	312.435441331892	1.17878012327837	1.52389161843517	9.20875420875421	0.79252964078932	0.161066308726905	0.484030215015052	0.0359469169360038	19.9915074309979	0.170494852317896	13.0502612231283	0.285836767987011	18.1061571125265	314.42528199748	1.18824516879173	1.59168596655847	19.9915074309979	0.950257382105136	0.0448541664140513	0.265383828198204	47.7205673758865	50.9985815602837	75.5617185654601	0.935661590437935	1.01230872301971	0.163187593861062
42	19	3.35025990446411	0.929731806393599	1.79642612272379	4.65841507649659	0.0806804733727811	6.36923076923077	0.323962768964088	5.7107100591716	0.40144608235106	14.8153846153846	205.578135065448	0.919179176560958	1.19107032995576	6.36923076923077	0.708959282331486	0.0718264566167888	0.291400024166076	0.0919421487603306	17	-0.180149168100974	8.20247933884298	0.308051408051408	15.0909090909091	214.530405760822	0.852914554969356	1.08552864252789	17	0.742082624635446	0.0437001714174568	0.217578129230095	143.97619047619	19.5	10.2886110164311	0.848948646733668	0.729163637776326	1.46201541773708
179	72	8.3238121196327	3.36782395870224	0.562457131425467	14.4081274217876	0.0552287120122449	8.55008488964346	0.491507420806789	9.40728580858466	0.379181699964682	16.553480475382	264.433803645739	1.08238661292212	1.37862420227342	8.55008488964346	0.766605370952433	0.130914892461098	0.41907053919525	0.0449753770390889	17.3070175438596	0.0327162790097595	9.94619498307171	0.352211439885683	16.5175438596491	256.859053249069	1.07794247682054	1.43446081269967	17.3070175438596	0.889391909703076	0.0260383741928336	0.192708578959711	172.983240223464	28.4078212290503	28.6701817857963	0.827412140638478	-0.960020204635819	0.433908244593035
387	158	15.7062838220591	7.90935405938048	1.60547552906022	31.8019238694924	0.0630530632574502	8.03489294210944	0.421121852982471	7.94005550520999	0.374985076902323	15.7383029341792	235.922506629201	1.03465789118154	1.33631796211094	8.03489294210944	0.746579315834754	0.0902437224081979	0.344446396436497	0.0621241149521033	12.5795918367347	0.059970470406917	7.69106205747606	0.39240190458761	15.4938775510204	224.609079293796	0.987864215143926	1.31061634138512	12.5795918367347	0.800969625425511	0.0420405919301346	0.233939339217777	701.198966408269	47.2170542635659	64.1201846212569	0.954502966739279	-1.31011324865754	0.194807940544664
76	27	4.48987983537625	0.59498791075978	3.5441561088651	5.45401024102358	0.0385950771901544	9.91338582677165	0.671802629593861	16.1027807055614	0.328500720765658	19.0787401574803	368.920319303439	1.23434097151822	1.57672595768059	9.91338582677165	0.808612072194636	0.193970804277253	0.535998238831379	0.0413302575932334	30.9019607843137	0.153526970954357	19.2533640907343	0.197896333030634	20.078431372549	402.649967977976	1.09058072010938	1.44328686767169	30.9019607843137	0.869903174053099	0.0685864860541985	0.312132268951929	858.078947368421	19.8947368421053	10.5012857802239	0.397934774511564	-0.229411791418912	1.31007430273155
98	48	6.40628172762899	3.07196760754447	1.75049596146667	11.2981223857969	0.0798548777210427	7.29180327868852	0.360032002173734	6.6970061811341	0.377914943353709	14.8131147540984	207.650276906485	0.951150410592155	1.22351978014388	7.29180327868852	0.731426743423565	0.0828196149477358	0.316722936244236	0.0663988657844991	10.4782608695652	-0.0427993603612108	6.02410207939509	0.276133481504325	15.3478260869565	217.407189274512	0.932936499224783	1.24502578680299	10.4782608695652	0.754536144461219	0.0634327384641291	0.279865449104131	874.132653061224	26.2551020408163	25.999165576924	0.971868720748927	1.44290730768648	0.534507083423263
52	24	3.67106572719373	1.0971927734811	1.79891942874358	5.46834323884097	0.0756473829201102	10.8	0.396985233798197	9.95500459136823	0.33974673974674	16.4242424242424	263.372552404915	0.985572337753691	1.25467750929629	10.8	0.725827074518545	0.144080123292185	0.420722479909422	0.136834319526627	12	-0.0787234042553215	6.56213017751479	0.484580577793247	16.4615384615385	259.060287537374	0.687770147425468	1.00667637868541	12	0.560184951605311	0.103299053968921	0.322264241168074	193.769230769231	22.5192307692308	11.5697781607949	0.862826161443057	-1.49089176611572	1.13446401379631
159	57	7.13116169303271	2.93675435413121	0.685109620693585	11.9705445404909	0.0415966459952834	9.49532710280374	0.620995335584662	13.5266625906193	0.339491964582674	18.2766355140187	332.270529796816	1.19860264904437	1.54056011284714	9.49532710280374	0.797039754809258	0.172283656232023	0.502055120753851	0.0336710629749323	21.4205607476636	0.11095160413268	13.0469036597083	0.264410118079408	18.5794392523364	329.5064616915	1.18003099227397	1.56092911235411	21.4205607476636	0.962655266949296	0.0901104215694211	0.370078769708852	291.150943396226	27.9308176100629	25.3788524477611	0.916010995426132	-1.27167422474969	0.614974739206866
43	21	3.35191637445142	1.0002421122326	1.51260763564461	4.89921091337125	0.0806072084481175	7.39393939393939	0.301155410903173	6.29011707988981	0.37119377707613	14.7727272727273	205.553856912951	0.923997078686696	1.2002736994569	7.39393939393939	0.697412102284385	0.0823701417633022	0.313010170078302	0.109375	16.7916666666667	-0.0936846271272687	8.67664930555556	0.324754901960784	14.4583333333333	198.67443609995	0.865706451659792	1.09147894840778	16.7916666666667	0.79534519967245	0.0894951118231227	0.311774334358715	477.441860465116	20.6511627906977	10.6400010930605	0.858289362524533	-0.675568496261432	1.22529237282867
203	94	10.1007070666647	4.52516019981713	0.721053753311936	19.331616794176	0.0691324683737235	8.03395061728395	0.535215459090549	9.64266117969822	0.378777684169841	15.8518518518519	245.720415967683	1.04699717961093	1.33657975681223	8.03395061728395	0.740683632286787	0.136647342647975	0.42191891084334	0.059653645316941	16.3821138211382	0.151653000765017	10.6553142970454	0.345248599512541	15.8292682926829	241.260403562889	1.02990140771635	1.33851620743394	16.3821138211382	0.874538208974325	0.0760217605269679	0.316819808452191	252.344827586207	33.0886699507389	39.6844585602357	0.943255700355594	-1.35159851148932	0.288702267396436
37	24	3.37482016404666	1.59790400014438	1.00778221853732	5.89623820753538	0.15366124260355	5.84615384615385	-0.083333333333333	3.698224852071	0.438914027149321	12.7692307692308	152.39373991036	0.626455371973784	0.873630123593916	5.84615384615385	0.472516853161059	0.00850591166948084	0.0862263428505971	0.237244897959184	4.57142857142857	0.151515151515153	3.69387755102041	0.569747899159664	12.2857142857143	142.569493408733	0.608154104919678	0.758669102751669	4.57142857142857	0.449321606423193	0.0418504957110698	0.178631122929564	445.189189189189	23.2972972972973	13.3910205581186	0.962234828628329	-1.30267507889109	0.807214779047377
81	30	4.90611122096157	1.38004243847768	1.78667910443432	7.23824717885637	0.0480877946746566	9.01503759398496	0.573241095083896	11.5622138051897	0.344026478082206	17.5338345864662	302.469707666672	1.12542546065818	1.44447494746899	9.01503759398496	0.778260110896728	0.153225026302824	0.461660885522358	0.0548760330578512	18.9818181818182	0.160403567773066	12.304132231405	0.280835871773554	17.2727272727273	290.110590568485	1.02847044686161	1.35034614198021	18.9818181818182	0.814978432989838	0.0847834056577376	0.335685677982592	460.666666666667	25.1851851851852	14.5472003653378	0.836943764185662	-0.890251980252394	1.13097335529233
37	16	3.0623647732048	0.343534198929751	2.46300756190475	3.58000087290492	0.0688846880907372	7.87826086956522	0.464902009121162	8.36151228733459	0.373033163007588	15.8782608695652	243.515198459188	0.980361347168952	1.25798392156483	7.87826086956522	0.737060348713046	0.108528695200354	0.36663986322845	0.05375	18.7	-0.232289950576606	8.5875	0.238262198850434	16.5	252.25235696067	0.988637810924847	1.30471930637203	18.7	0.882983055491438	0.0708536969040342	0.30230802630482	887.594594594595	21.027027027027	7.63764794231296	0.583326963551195	0.676191420668961	1.8162332528566
32	18	2.78165678273179	0.822171387239811	1.06863244787063	4.00385616593939	0.106439565414215	6.42553191489362	0.132077779136604	4.70167496604799	0.44093578511601	13.9574468085106	180.697820202802	0.830503057069352	1.06406263747885	6.42553191489362	0.669587556037532	0.0266797534430636	0.168412469115031	0.124444444444444	11.8	-0.339218158890289	5.40555555555556	0.299276018099547	13.6666666666667	173.453133285644	0.719431013314971	0.960255009846156	11.8	0.664144095126236	0.135740485344829	0.361246937867228	58.96875	25.5	8.72219301492472	0.832054056549759	-1.37090192878102	1.24112302364041
608	208	16.667791156076	8.47660168163821	0.730674335943951	36.6455900430133	0.0449666589943189	9.0215897939156	0.651172439081151	13.9313030343012	0.359989825215248	18.0029440628067	325.209494815941	1.19503305421754	1.53651046042273	9.0215897939156	0.79150819103204	0.177264194243235	0.508265898636016	0.034255175124465	22.5841121495327	0.181884195538679	14.8025155035374	0.289344288722206	18.2056074766355	320.893184712427	1.22717307154945	1.64284257752913	22.5841121495327	0.979861298706962	0.0381772583021548	0.24887442953802	730.490131578947	58.2006578947368	65.5569758006431	0.904903253599964	1.51264347608088	0.17659840360416
42	23	3.54920098381828	1.22688702476976	1.5555255495651	5.47981344459133	0.0993008314436886	6.65079365079365	0.137507964254793	4.8555681531872	0.413150901386195	14.0793650793651	183.731269893082	0.852128371302168	1.09941113498721	6.65079365079365	0.692448076812328	0.0410544455777037	0.212216886426372	0.105442176870748	10.1904761904762	-0.204825737265416	5.22902494331066	0.306054729584141	14.1904761904762	185.833157914813	0.807369886928932	1.05106083579977	10.1904761904762	0.714334058247707	0.0609624058393159	0.252889489677434	816.690476190476	26.9285714285714	12.0345550515666	0.924013739672754	1.06792453582079	0.997708063899972
149	58	7.03579029797299	3.14484417655942	0.757051668968957	12.7585274926699	0.049959927952938	8.69512195121951	0.591519468643208	11.6432513715381	0.344529868131016	17.0650406504065	287.292830321196	1.14602853324726	1.47016725710814	8.69512195121951	0.775158138824395	0.15358891049956	0.465800234812026	0.0406	24.21	0.0975021947359876	14.412775	0.249651684064295	17.33	290.948050710143	1.1588234593106	1.53156111098878	24.21	0.955988519476669	0.0733856194060524	0.331852807870412	510.187919463087	34.9463087248322	26.0296155632236	0.902823246040003	1.4253512936163	0.556596082502829
184	87	7.91389045413111	3.06571543032365	0.473920186852602	13.7379164166166	0.070471829572159	7.32989690721649	0.404282294159511	7.15215632786576	0.395827749193425	15.233676975945	219.910730839392	0.998790167995151	1.28357520375723	7.32989690721649	0.727279049524961	0.0825099303075007	0.323391814482684	0.0854434038617181	7.24731182795699	0.164351419810691	5.33633946120939	0.345851792531109	15.4623655913978	223.479153773505	0.854795370562887	1.14624286382352	7.24731182795699	0.605647132228805	0.0517512650451485	0.243060025851857	16.820652173913	36.445652173913	25.8676864649008	0.723465137207944	1.39469214944834	0.305484501657034
49	28	3.90074712512153	1.80905839430886	0.63587477909876	6.69573805963654	0.11973840665874	6.53793103448276	-0.0107947526325073	4.23405469678954	0.413574660633484	13.5586206896552	170.507103099354	0.748124393778155	0.993801964245025	6.53793103448276	0.567436095951447	0.0084429086631747	0.0916010333971073	0.176268861454047	5.48148148148148	-0.199999999999999	3.28395061728395	0.405664488017429	12.4444444444444	144.901336894064	0.559705662863685	0.817718577508633	5.48148148148148	0.454515950150606	0.0806458614913791	0.257698767807546	433.34693877551	32.6326530612245	15.4684985327623	0.959813755875259	-1.40049433831954	0.785398163397448
58	39	4.70696610930521	2.29418252644718	0.762362499862498	8.56598321128802	0.2108984375	3.325	0.075887525784386	2.7990234375	0.518529411764706	12.0625	136.203101099806	0.55893501562206	0.778530617127247	3.325	0.396879671062657	0.0261060947141094	0.142767665033284	0.275887573964497	3.69230769230769	-0.181818181818172	2.56213017751479	0.522171945701357	11.5384615384615	124.87359889989	0.478742469600051	0.652413620944656	3.69230769230769	0.421248030529627	0.0990778587249512	0.256413289655034	475.120689655172	32.3965517241379	20.5130624922309	0.967110393147407	-0.76567013283086	0.479190989896668
47	24	3.56938806120774	1.17958183817491	1.30437298687488	5.35736772014848	0.0876081959998044	7.88811188811189	0.531702898550723	9.42212333121424	0.380710178900224	15.4545454545455	234.639033918278	1.00329455777069	1.24778016562429	7.88811188811189	0.744461668533619	0.16279277863744	0.445405966337021	0.0927467300832342	15.3103448275862	0.0169491525423728	8.7871581450654	0.326286936023244	15.2413793103448	221.064678933326	0.915654505622008	1.16478277789565	15.3103448275862	0.831140755261531	0.0561004021035113	0.254991065194495	70.3617021276596	32.8085106382979	11.1909575182306	0.840101930056322	-1.24493205527559	1.02538093554667
40	21	3.1727473337532	0.960383510729562	0.626330782760283	4.70176306971319	0.0896875	6.23333333333333	0.202544465964216	4.90826388888889	0.421387631975867	14.1833333333333	186.376450615825	0.88007326695852	1.13105412989482	6.23333333333333	0.71414176273548	0.0334041191372554	0.194151481274051	0.0875	8.25	-0.240834743372813	4.324375	0.324592760180995	13.95	178.541032905622	0.778305617513675	1.09220092735452	8.25	0.676245626185713	0.0625486822148943	0.260944531789562	116.7	30.95	9.68145874812366	0.801024057129569	1.27919308816839	1.13980685844528
326	127	10.3424017092414	4.09398172157604	2.2775922319091	18.5442231915071	0.0477368738170776	9.43726937269372	0.677132297810703	15.6147621900573	0.348035422007638	18.1881918819188	337.568861710682	1.20151821332947	1.53696883126582	9.43726937269372	0.785778595090338	0.195911760479858	0.532737551399644	0.0327374369080416	26.0986547085202	0.21564290376387	17.6369723903557	0.273883914123822	18.8251121076233	349.450008670433	1.24669426591952	1.65252626989004	26.0986547085202	0.978303620106305	0.065271492036896	0.324823364914424	535.889570552147	40.8374233128834	34.7674380652732	0.749227367836737	-0.599612452266927	0.253991990841409
198	80	9.9227711480148	4.61048603664787	0.737923607157267	17.9922075146437	0.0535227618622892	8.9062980030722	0.504539936635684	9.98790706015323	0.36228272812713	16.8141321044547	273.771492344326	1.10661281887731	1.41332919780625	8.9062980030722	0.776872393739824	0.12284882130821	0.410957757588828	0.0542715526843395	24.2089552238806	-0.0496810118757259	12.5315771886835	0.28499870649467	16.910447761194	271.900335780272	1.09959761803542	1.41191998607423	24.2089552238806	0.921192962290841	0.0255657244111329	0.189482866155106	82.1060606060606	44.5656565656566	39.3011666027972	0.957580894194564	-1.02740331802911	0.388772090881737
143	53	6.32738397988442	2.33394559464048	0.994287707641925	10.1993305611017	0.045367551496377	8.56540084388186	0.597546178545751	11.6414703840197	0.352760882768329	17.4050632911392	298.124919623981	1.15315758959814	1.49376548206706	8.56540084388186	0.784679651455696	0.147296740213653	0.459802854974903	0.0303103489916677	25.3076923076923	0.00834451218791233	13.7603248399952	0.214655155668242	18.6043956043956	329.073621436093	1.18773649928006	1.62252086895269	25.3076923076923	1.00211921480841	0.0617581758908439	0.313418015723702	342.909090909091	33.9020979020979	21.1213798531453	0.872584431636638	-0.309318199652106	0.639726236330851
257	78	10.6518936130317	4.49203210843692	0.808505898739884	19.169616443967	0.0300217869896924	10.4774774774775	0.748817578177564	21.8563111253145	0.339260891073292	20.9481981981982	458.510766914825	1.31244000323552	1.68122466289406	10.4774774774775	0.827644946532241	0.229800333938589	0.594731399659183	0.035768552102735	30.8415841584158	0.337006387278548	24.2593373198706	0.268001857153169	21.1485148514852	456.852419011433	1.28254762382754	1.59463444879979	30.8415841584158	0.98485929808928	0.102370712802002	0.397571623796164	484.540856031128	44.8054474708171	35.4483589522547	0.917575350375071	-0.639963580048612	0.530827950014843
56	23	3.76767364441975	0.612799949374911	2.64467936099922	4.84036274789309	0.0619641347663326	10.4945054945055	0.588715650385823	13.7582115686511	0.345394009194914	18.010989010989	326.874643512365	1.08951440821678	1.36868583157241	10.4945054945055	0.736623478266914	0.198977121297739	0.510858182533379	0.0575510204081633	25.6857142857143	0.0106745900737314	13.9814285714286	0.254336741084066	18.6	335.920168770944	1.00226807878517	1.31064968255021	25.6857142857143	0.875862435588809	0.0932262122691287	0.346825838609982	801.446428571429	30.7142857142857	9.77233936346558	0.64538978624402	0.131837962002468	1.3302774185333
209	92	8.6667016261473	3.46119158607949	2.17839212483139	15.6575360682257	0.066122797594414	7.78635014836795	0.601074762391979	10.7591596298286	0.39476667746872	16.160237388724	259.184283043219	1.06275433119842	1.35052066455042	7.78635014836795	0.725655810449035	0.151705868681013	0.445918187512516	0.0603930052280512	17.9147286821705	0.246619670793023	12.8895649299922	0.317346345229477	16.4573643410853	266.630241845971	1.06299164168071	1.41607195806795	17.9147286821705	0.862328512408282	0.0668987023081362	0.305551635016371	854.224880382775	34.0334928229665	33.49172547193	0.901169415047404	0.215021400108177	0.310299085349843
33	17	2.79817122610188	0.482204859411118	2.01379326689691	3.48054404529106	0.0844301601877359	6.78787878787879	0.317479533003672	5.97265585144373	0.387237669590611	14.6262626262626	200.729762913709	0.928561421468693	1.18743140415954	6.78787878787879	0.703912872254437	0.0776853057140929	0.30250988056611	0.099609375	10.875	-0.229681978798587	5.421875	0.306843891402715	14.75	200.830261906512	0.820974122124987	1.06556099360197	10.875	0.73151388686505	0.0607723967728099	0.254174568366386	404.787878787879	32	6.9838286747219	0.419193107448918	0.565841835445801	1.43491429160503
38	20	3.05048257693736	0.737940409383853	1.80277563773195	4.47772263544761	0.109282104637336	10.5	0.358988086056241	9.19017538644471	0.369383637030696	15.7413793103448	243.938589094102	0.852528194549401	1.06273017428028	10.5	0.615253285696487	0.147712546210373	0.394855302924995	0.302734375	4.75	0.0485133020344288	3.49609375	0.614705882352941	16.125	248.981416376727	0.512599756068026	0.644300379171017	4.75	0.427383338004377	0.0811522297674068	0.230302692679838	718.105263157895	33.2894736842105	9.03087704828093	0.800108196975767	-1.447303290587	1.19380520836412
206	79	9.47908904639983	4.34902927059098	1.21900771569657	16.5473591166379	0.0501151730996439	9.466472303207	0.535891859883406	11.1985630987089	0.35288323823738	17.3265306122449	293.587532551299	1.13209476348282	1.45644747454448	9.466472303207	0.784687438329774	0.144897153224623	0.451101208822556	0.0573220472786281	25.3311258278146	0.00887775772910665	13.7790118854436	0.308025801540306	17.1721854304636	284.216283200154	1.09638493760494	1.43170052760152	25.3311258278146	0.925625491330171	0.0479948127289273	0.260734570387412	885.218446601942	44.9611650485437	37.6827594344786	0.944863211714141	-1.05628606642028	0.414784865655823
36	22	2.94944418386121	1.08576156675441	0.276489205922626	4.39876954996725	0.110053825451749	6.15686274509804	0.0477776126059173	4.23289119569396	0.406583266790879	13.4313725490196	166.598421045889	0.789231946724005	1.0540168589701	6.15686274509804	0.649045076891999	0.0278398532377754	0.171229365341978	0.214285714285714	7.47619047619048	-0.34434250764526	3.78061224489796	0.466300366300366	12.1428571428571	138.503217561473	0.530064237699851	0.716416139777553	7.47619047619048	0.467729303612434	0.123488873872852	0.299970744385955	695.5	35.0833333333333	9.9213143947318	0.831693800424282	1.32984944726322	0.934688723382087
50	20	3.56182149217333	0.317691135998749	2.87445647036098	4.03267901028587	0.0496494436823654	9.69135802469136	0.58226026857278	12.5997561347356	0.32327455660789	17.6543209876543	309.223312087241	1.1462730844954	1.44756211916182	9.69135802469136	0.78513265612074	0.172742283473806	0.489321572656862	0.0816666666666667	23.4333333333333	-0.060998616526222	12.0430555555556	0.341046431046431	17.8333333333333	306.975447438402	0.914806253545544	1.12552725051033	23.4333333333333	0.72295566825654	0.041138665285425	0.214883786452636	315.8	35.7	8.10041664464218	0.216425896655666	0.337370471130262	1.5707963267949
44	28	3.54621735232936	1.6318280847569	0.763484225943992	5.97710342106631	0.150497178177909	5.19672131147541	0.0971612662246731	3.87798978769148	0.487641866330391	12.7868852459016	151.440546460018	0.74008863349355	0.978468701826086	5.19672131147541	0.595630724605167	0.0135898553961826	0.115321275407264	0.135555555555556	7.73333333333333	-0.262699564586357	4.06222222222222	0.356862745098039	13.8666666666667	180.360484399928	0.606013257261367	0.909887172601482	7.73333333333333	0.471291426436094	0.0491906869965278	0.211777482972103	586.681818181818	37.9545454545455	14.1958764314306	0.929615990665327	-0.936308381727163	0.705255493663015
126	55	7.7653979670099	3.79657296976957	0.109090909090909	14.9396693071923	0.0605976129791197	8.12376237623763	0.606875253499177	11.3322958533477	0.37052097346215	16.5049504950495	270.255014765659	1.10853553154239	1.41945912462766	8.12376237623763	0.755863215771989	0.153596694279327	0.458635447448435	0.0685505678745268	19.4186046511628	0.191456301934379	13.0083829096809	0.365290786507263	16.3255813953488	260.915896833013	1.08415856657552	1.40035325642575	19.4186046511628	0.910035676902654	0.085174283278323	0.342245516797128	107.619047619048	39.6428571428571	29.5407395161298	0.962444484862983	0.626195939613886	0.523425685093969
43	20	3.27894806592383	0.784856407869865	1.44308696896619	4.39118435049136	0.0741421222228503	6.75187969924812	0.387643560295325	6.51303069704336	0.390091040245839	15.0225563909774	213.049450039832	0.960223478160076	1.23572976312014	6.75187969924812	0.730524252786743	0.0793853667972352	0.311623415953151	0.0789930555555556	9.08333333333333	-0.161634103019536	4.90972222222222	0.263763197586727	14.8333333333333	202.523680694705	0.834471767507717	1.13857618876174	9.08333333333333	0.734128435619723	0.0583181987250187	0.257113927410384	814.209302325581	36.4418604651163	8.99407068452151	0.681872800893387	0.150907161262758	1.35088484104361
40	26	3.69078306690646	1.74592058703476	0.463138253030479	6.74701336512034	0.157166772959184	5.85714285714286	0.349759274992918	5.50382653061224	0.493420569891158	13.3571428571429	169.903834460853	0.797458498228951	1.00352679093402	5.85714285714286	0.603240108708332	0.090507630021565	0.301242454197841	0.286848072562358	10.2380952380952	-0.17501626545218	5.35657596371882	0.522193492781728	12.6190476190476	153.840934044972	0.509021796276123	0.666704174957256	10.2380952380952	0.509021796276123	0.0624826077911685	0.205156995039739	126.975	37.675	14.3135622159748	0.950394695788054	0.640503081467304	0.743572225701726
312	115	10.9616121173837	4.92532106327158	1.32596578206168	21.8632491527693	0.0479959183673469	9.51619047619048	0.548913649614304	11.5480807256236	0.348289010406657	17.6590476190476	305.040061929775	1.15559557096172	1.47852153491339	9.51619047619048	0.791386329531551	0.142720772478774	0.45084732311136	0.0350637943786982	24.5384615384615	0.0200398396812827	13.5201322115385	0.284444805784955	18.125	313.315358344786	1.16111804341077	1.57800157838463	24.5384615384615	0.968401426605447	0.0571706976819012	0.29780563913518	373.807692307692	51.1987179487179	42.7430789785335	0.917310135259923	1.30620007643891	0.296461824701706
43	18	3.31145187528057	0.509504778855003	2.24776981379377	4.4531165394115	0.0576340830449827	9.05882352941176	0.481263157894737	9.73161764705882	0.342093317698854	16.5	264.158921149062	1.06331401853887	1.34446119176475	9.05882352941176	0.769016415512055	0.121468046631061	0.399490765670703	0.0695600475624257	25.1379310344828	-0.122580645161291	12.1964922711058	0.232487174657761	16.7241379310345	267.704838750917	0.974318862201459	1.23382747915317	25.1379310344828	0.886187400352021	0.0939517253410938	0.338419391543152	157.186046511628	39.3953488372093	8.63683876983879	0.670612274790412	1.16277357737716	1.6677590630168
137	46	6.22168308134781	1.72275384408021	2.10510676217412	9.10070210631999	0.0369505110299007	10.0385438972163	0.739774979175305	20.2881988545961	0.33381021976563	20.3126338329764	429.239112791502	1.28305524409713	1.64398118294309	10.0385438972163	0.800546210652591	0.235256604506721	0.595716341991451	0.0273980034722222	30.7708333333333	0.287677839401978	22.5989583333333	0.235543263027434	21.25	453.715973453555	1.29778274342537	1.70833218184135	30.7708333333333	0.990149224524669	0.118752261758408	0.440456757614084	266.481751824818	41.9197080291971	17.5793316188832	0.754881709876278	-1.0872109938741	0.813607171156525
33	21	3.00431220252601	1.22296775912807	0.874169511937426	5.01449147138104	0.150165406427221	6.21739130434783	-0.0837349149470735	3.86850189035917	0.419437340153453	12.9347826086957	156.422583196994	0.639825636834974	0.87704868081993	6.21739130434783	0.474626514017923	0.0140303685424776	0.110976494822691	0.132231404958678	6.18181818181818	-0.165109034267908	3.65289256198347	0.379679144385027	13.4545454545455	169.578327833927	0.603530873283343	0.911268706598317	6.18181818181818	0.463431089703855	0.0649710156132086	0.24363750644964	501.545454545455	39.7575757575758	11.1516486022649	0.93188562959335	1.27902125738527	0.940340658217353
35	19	2.96940628387129	0.875850361609648	1.31578947368424	4.3157894736842	0.0956453402366864	6.76923076923077	0.291586036070903	5.77773668639053	0.415399666983377	14.3461538461538	193.357540025313	0.891941715784357	1.14100220165914	6.76923076923077	0.684417014797371	0.0740182733926633	0.289767205129383	0.126666666666667	4.53333333333333	-0.00196463654223999	3.26222222222222	0.394509803921569	14.1333333333333	187.071613860817	0.622002595568762	0.923032591232743	4.53333333333333	0.402859089616099	0.0248201526311095	0.15142885128322	758.114285714286	38.9428571428571	9.31332074873782	0.84677996030686	-1.45380799576058	1.21834618144757
119	41	6.06921705581731	2.12708936059034	1.89507643477374	10.018572877337	0.0397704788286506	9.3734335839599	0.59644238866644	12.6135011714751	0.33553965628269	18.2055137844612	327.042140464338	1.17725581829215	1.51632411994193	9.3734335839599	0.80447758786769	0.167913023634337	0.492607589674226	0.033728569139561	27.1898734177215	-0.0115646907339421	14.4395128985739	0.212415746977558	19.0379746835443	346.823032638447	1.14230888252219	1.56153906811787	27.1898734177215	0.994651527637228	0.135218025498929	0.450164281688081	213.899159663866	40.3697478991597	19.8227552976282	0.902895819664803	-0.227993876031243	0.889588401611387
57	25	3.90046023723158	1.26206574225568	0.976524449258707	6.11830041759965	0.06375	8.35555555555555	0.45151970695852	8.61700617283951	0.361554495672143	15.8555555555556	242.44667472276	1.01189678869629	1.3250117589341	8.35555555555555	0.75601055176319	0.120303435423753	0.394971287284821	0.0810185185185185	9.61111111111111	-0.0484848484848466	5.58333333333333	0.363373554550025	15.3333333333333	217.117482114228	0.897431564063559	1.13156600513554	9.61111111111111	0.75101580035162	0.031680588040654	0.189130212673273	239.017543859649	42.3333333333333	12.240854874411	0.843673215428366	1.19517651889372	1.14605300002956
469	172	18.3385500824211	9.8043809960409	0.968490180008193	36.5953144951128	0.043333681344651	9.02290076335878	0.617325887875759	12.7892751005186	0.353774924452966	17.7786259541985	313.205608264585	1.19334909109279	1.53400712100486	9.02290076335878	0.796208528238519	0.156629448276179	0.479037969093535	0.0372536917019704	23.8165137614679	0.154764488821361	15.0886850152905	0.26900982216887	18	314.213988399028	1.2168011958586	1.62015772519431	23.8165137614679	0.990540304190494	0.0619703125005353	0.313727693845937	416.567164179104	68.4477611940299	77.9682507615117	0.973730674061257	-0.84028339355869	0.199216732630288
472	155	14.1488487721345	7.53696719304622	1.26402228671456	26.798730303686	0.0344868091927972	9.89714993804213	0.766796743646971	22.2200080153674	0.347959030368827	20.2676579925651	434.550921623508	1.30537860689835	1.66826475347093	9.89714993804213	0.814272399755087	0.238479078449584	0.602876245305702	0.0243602126678327	30.0560471976401	0.366534507891888	24.7235078880274	0.259210894117354	21.1710914454277	458.216445806604	1.33732071336231	1.80232792462655	30.0560471976401	1.0396252217633	0.114494559164203	0.44338230096985	553.438559322034	64.6292372881356	64.1331531078397	0.966808091191312	-1.11376895966322	0.24688145390125
158	59	8.40263819172218	4.16101978699824	1.09555000753847	15.5655059532843	0.0498285714285714	8.60952380952381	0.446054897757091	8.77109841269841	0.366134931311402	16.7466666666667	267.853643204637	1.08209602577878	1.39428745441516	8.60952380952381	0.788002145680518	0.105471975575734	0.379202907676483	0.0437364501838062	19.1844660194175	-0.106840256251292	9.66632104816665	0.300401690967639	16.9320388349515	267.282276822617	1.06378566551381	1.44611028145375	19.1844660194175	0.923079540233481	0.0378571825493281	0.232966834719601	195.677215189873	53.1582278481013	33.6759569824251	0.976203926861352	0.840252950600213	0.570378212315067
135	61	7.57979546341204	3.67279975715235	1.57590360901187	14.1540076021348	0.0671876690102759	7.64186046511628	0.529751540226946	9.12534342888048	0.381578107624619	15.8046511627907	242.435713869779	1.05418674232674	1.32987853511636	7.64186046511628	0.748129720991164	0.125150261744711	0.403331473675507	0.0493421052631579	14.7105263157895	0.105279784343871	9.22074099722992	0.253514286535468	16.3421052631579	251.771938164995	1.05814306443911	1.39342689445587	14.7105263157895	0.836228518096504	0.0553517352792859	0.27615100082192	635.748148148148	55.5111111111111	30.85476147602	0.965768053129039	-1.54520860559805	0.455915085444367
33	17	2.91650721398262	0.659668205521226	1.95538472218766	4.33860915637313	0.0914202415660142	6.24489795918367	0.367661943319839	5.93794252394836	0.418928153381935	14.4081632653061	195.881577419713	0.903545340940292	1.17408540266878	6.24489795918367	0.704004763944047	0.0811636965548548	0.307490773265259	0.100308641975309	8.55555555555556	-0.119547657512117	4.82098765432099	0.296279537456008	13.7777777777778	175.106200081662	0.801730420437642	1.05258875015763	8.55555555555556	0.700687294488101	0.106195321106228	0.333686487939575	717.909090909091	44.7575757575758	8.13565575162888	0.737451178438305	1.38797133637739	1.43491429160503
108	41	5.93076484945467	2.28130982616556	1.40978985527987	9.58465211765859	0.048389599708258	9.40389972144847	0.52111583064978	10.8185535493983	0.356226769630014	17.4707520891365	296.995346156039	1.12679199129316	1.44583074577269	9.40389972144847	0.781481775641821	0.141391891793967	0.444370937636436	0.0484444444444445	26.5066666666667	-0.0779196367895215	13.2952888888889	0.264192580473823	17.7866666666667	301.787273301138	1.07999780623105	1.39715801815848	26.5066666666667	0.887229450744247	0.0383398056642232	0.230541016326976	797.805555555556	48.3055555555556	20.5984103285791	0.921149840037331	-0.74750403554279	0.807357540958234
36	18	2.91977218606637	0.396269033492784	1.89622757398623	3.40524287127155	0.0876552227903579	9.53153153153153	0.39767971442639	8.91234477720964	0.353262887444128	15.8378378378378	243.764943131397	0.95002082008503	1.19110678580643	9.53153153153153	0.679020273678843	0.139612543437732	0.404603775475938	0.0899653979238755	7.94117647058824	-0.216538563477335	4.26384083044983	0.338434921479904	16.0588235294118	237.514375888784	0.814146129165703	1.06205318441839	7.94117647058824	0.76536355429329	0.150511230504219	0.398427244923486	837.083333333333	43.6388888888889	7.54773032843398	0.594495574170874	-0.178524133185466	1.39626340159546
1006	366	29.3478408130917	14.6890071766858	2.22569117698848	64.2081879991435	0.0437546662489884	9.15103244837758	0.622145874932096	13.1092133726647	0.351453638397938	17.9333333333333	319.566519630134	1.19174742912902	1.52931145098432	9.15103244837758	0.794271099570084	0.163522569638899	0.488270296566374	0.0316036546943919	21.8376811594203	0.175267316346635	14.2392480571309	0.271469365224749	18.2840579710145	322.085661487828	1.22632217699056	1.66741316897649	21.8376811594203	0.971172540310711	0.0379428205364841	0.249908669259042	270.201789264413	106.376739562624	123.37764838215	0.956853426253607	-1.11647779019354	0.0943725464932166
43	19	3.36254364994205	0.729818732487615	2.21303116227671	4.51927236562272	0.0647462277091907	7.82222222222222	0.428942245295265	7.84888888888889	0.377458182164064	15.7333333333333	236.754568485114	0.996263232672854	1.27714644182622	7.82222222222222	0.735664397198309	0.0993253217159526	0.353492331932876	0.113165680473373	11	-0.088726207906296	6.051775147929	0.36557605290637	15.1538461538462	214.882438657202	0.812460653641294	1.03244411201113	11	0.686299017745721	0.0674496807521177	0.263690854744239	407	48.046511627907	9.62665012169244	0.797009698839746	0.759809693148001	1.49682530863558
34	23	2.8253786299954	1.2564522554133	0.217391304347819	4.6675892507791	0.205493827160494	3.6	0.107219398689605	3.01617283950617	0.551674208144796	12.1555555555556	137.41518188569	0.625139668534611	0.829451027664817	3.6	0.505404224875206	0.016517760486907	0.117131472817227	0.3624	6.8	-0.231884057971016	3.76	0.609230769230769	11.6	129.018774302603	0.429558007732946	0.562011205825098	6.8	0.429558007732946	0.0927078714938725	0.230585621645592	457.205882352941	48.1764705882353	10.7042144793777	0.870409770060018	0.522393865144875	0.80766843268093
141	55	6.66145562759633	2.51958621735576	0.800206584896907	10.9047263996507	0.050215737611709	9.32762312633833	0.615577282638151	13.1319873996396	0.363329797187966	17.9443254817987	321.18427508237	1.15194778803092	1.47790748764324	9.32762312633833	0.782312325359192	0.178113222983884	0.500964028569463	0.0340909090909091	23.8636363636364	0.0590535545168477	13.6806559917355	0.229353180771223	18.9318181818182	342.407367605776	1.16813669394888	1.60253447179537	23.8636363636364	0.965311627745745	0.0534693561700285	0.290303200493574	649.148936170213	51.6028368794326	20.7770081583519	0.792423533326396	-0.767788725824104	0.585738266652775
108	35	5.56106975502599	1.6026168384101	2.46526895498411	8.53181321494407	0.0386197222405828	10.2384823848238	0.704560645639009	18.3275534110355	0.346473170002582	20.1842818428184	418.844303886131	1.21661006616611	1.54691694509588	10.2384823848238	0.778155919323848	0.245093244689469	0.592325161059766	0.0293472761005228	33.9090909090909	0.150138757083164	20.9497807387418	0.233753765605654	21.0779220779221	439.126960312408	1.24771965165997	1.6526785289547	33.9090909090909	1.01310028984319	0.148353289494355	0.482347440135611	819.648148148148	52.8888888888889	16.7924493774533	0.858091578789166	1.18881462852947	1.10789226640881
100	48	6.23252546151016	2.65406880708444	1.08353363532882	10.759060296895	0.0775762156714538	8.12063492063492	0.272723498277868	6.58290753338372	0.371227232403703	15.0412698412698	212.545230173592	0.958151047455294	1.22257655826527	8.12063492063492	0.716021869665482	0.0679064116515793	0.286966027381869	0.0742148760330578	15.4363636363636	-0.0816413986402771	8.13561983471075	0.302477903654374	14.8545454545455	206.593484369972	0.944571742582764	1.23565983091805	15.4363636363636	0.817092489583537	0.0411693033862984	0.224976843408452	105.14	55.83	23.8883693000579	0.921867308917778	0.727544504842135	0.545415391248228
50	26	3.828490878974	1.46590265958023	1.03846153846155	6.0892037547502	0.0891836911357341	6.53947368421053	0.39651701549768	6.41810941828255	0.451254642353714	14.6578947368421	203.181283536233	0.944823616654879	1.19707103093128	6.53947368421053	0.709920437991894	0.0865549566401738	0.320376453379933	0.0621301775147929	18.8846153846154	-0.289820661783278	8.32063609467455	0.251870161146179	15.4230769230769	219.936500004426	0.94762974482564	1.24865974048962	18.8846153846154	0.845780512520918	0.071549486241583	0.297477257504275	866.94	51.3	12.8069700117227	0.900675795604393	1.55901059627121	0.929465282127158
66	27	4.33715814445361	1.28344111495968	1.59431431481706	6.38177274114459	0.055834570704865	8.7196261682243	0.463624567822631	9.12828631321513	0.372093940263264	16.588785046729	265.357027001685	1.04647157938928	1.35172690270813	8.7196261682243	0.763638268058284	0.124391298902097	0.405142210999218	0.0817111815301041	26.2553191489362	-0.111967483415775	12.805794477139	0.27123534761741	16.4255319148936	260.76751149369	0.940066060290782	1.19469188183117	26.2553191489362	0.867568132685961	0.042020717561291	0.223576865155119	764.530303030303	51.1212121212121	13.4199855152433	0.857552028434796	-0.906084816226891	1.13769610500371
71	34	4.64024310456535	1.58582998247033	1.26504783338866	7.4249416014853	0.0717169872575277	7.83783783783784	0.440712126301643	8.0069799529259	0.382684457724203	15.4234234234234	227.432687588491	1.02750019444553	1.30656642932874	7.83783783783784	0.744817429820322	0.0999714958911881	0.358411377053398	0.116257088846881	21.3913043478261	-0.023146473779384	11.4536862003781	0.344440339150588	15.4782608695652	234.179243110697	0.857870907015972	1.10654785995578	21.3913043478261	0.698265227139073	0.0606248010751986	0.258539188631423	779.718309859155	55.8169014084507	13.6907196232244	0.75052041472599	1.4160719819031	0.771809959878461
219	70	8.88214640372049	3.40058904825622	3.7891628497652	15.5503986430954	0.0330726672768862	9.8937583001328	0.715235838238666	18.3718459495352	0.327569977722309	20	409.379922942092	1.29742537926704	1.65738820275271	9.8937583001328	0.816988942310964	0.204937107784242	0.561310808321136	0.0236838191552647	30.3475609756098	0.237329398952648	20.8955885633551	0.196700944016424	20.5548780487805	418.852884904347	1.32942378557682	1.8003546516769	30.3475609756098	1.03513164093768	0.0869763405445451	0.388599758836393	340.159817351598	64.1872146118722	30.0515805714244	0.92609506746779	-1.54035252454456	0.56163982949891
183	81	8.87031007574876	3.84521365492312	1.20741750608013	16.0873719434323	0.0634942825600064	8.13921901528014	0.493977004770866	9.04234105170919	0.381567911818586	16.0203735144312	248.132350603846	1.05032991354986	1.35369969836222	8.13921901528014	0.762792672715611	0.122594321403908	0.402550124699065	0.0471062730049338	18.5044247787611	0.0012321699929613	10.2636267522907	0.305260621714375	16.3097345132743	250.512783767045	1.07941273280486	1.45420394522835	18.5044247787611	0.938912193952317	0.043833760698803	0.251183817350345	264.710382513661	58.2459016393443	34.6251151856075	0.943984745151441	-0.110559349005366	0.350502335379931
110	37	5.50794029599663	1.15113903938392	3.06014699561476	7.80070420675315	0.0356760897213551	9.70967741935484	0.680353830218779	16.1881648167418	0.328714293040669	19.3279569892473	378.008076610178	1.24578082699942	1.60777320093221	9.70967741935484	0.807894333183804	0.194076510943149	0.540535774851364	0.0302749198853095	30.5974025974026	0.138684467909335	18.7620172035757	0.189623479097493	20.4155844155844	408.65639507652	1.2268968924728	1.65834030086502	30.5974025974026	1.04274770388263	0.110234610887958	0.419410871018686	307.509090909091	58.9	13.7523543119551	0.534240985159162	0.73466439752822	1.00971568121221
38	19	3.00742079110865	0.606764013005814	1.80872002920417	3.81932685400559	0.0820731974578129	9.07692307692308	0.381334581412252	8.33589013076193	0.360914760914761	15.5213675213675	232.419750089254	0.955890782066133	1.21952433210072	9.07692307692308	0.714561405627595	0.124196645104018	0.38616593992212	0.34	5.06666666666667	-0.269487750556783	2.99555555555556	0.589019607843137	16.5333333333333	261.960191445267	0.438469684028589	0.57895034867178	5.06666666666667	0.438469684028589	0.102692456649911	0.246471719842038	834.789473684211	53.7631578947368	8.41709838808359	0.720470883763238	-0.14986971667963	1.32277585414307
31	16	2.73830922142528	0.497751301211059	1.75111571576524	3.3825147819337	0.0842293906810036	7.29032258064516	0.274974703339159	6.02763325239912	0.378013862643844	14.6021505376344	199.681728599607	0.93242054137422	1.19265495547592	7.29032258064516	0.719521334036713	0.0842176218972935	0.315511697817177	0.107421875	19.5	-0.190839694656489	9.1875	0.269279686926746	14.5	201.345073076121	0.785224279044124	1.02981115052111	19.5	0.656256387949055	0.0885477477450995	0.301664351044331	21.5483870967742	56.0645161290323	7.69796877263227	0.747070216502548	-1.06683227982159	1.52170894158256
79	30	4.72051008079081	1.44110533173407	2.4166091947189	7.10211236182588	0.0465128227712453	8.97318007662835	0.632110288311538	13.1954756976556	0.355680754869396	17.8773946360153	318.66032907719	1.1785441856641	1.49621624131923	8.97318007662835	0.783840900194253	0.18142793145406	0.508032559628201	0.0395710059171598	22.2884615384615	0.0922331925020494	13.2765347633136	0.283752643278579	18.0961538461538	314.584912540618	1.13245038771575	1.51495550588468	22.2884615384615	0.961617167685024	0.107466766052686	0.397573741506556	154.227848101266	59.4683544303797	14.7005498256022	0.870456704930158	1.48933394391764	1.10304808726042
42	28	3.80835293921667	1.88550294609887	0.608192370211661	7.10220575107566	0.167954815695601	5.6551724137931	-0.0963577685569355	3.57907253269917	0.453144016227181	12.551724137931	147.309252349902	0.608184686290324	0.846328007425407	5.6551724137931	0.471337078850247	0.0155974731331365	0.114961836634337	0.288194444444444	6.66666666666667	0.11111111111111	4.75	0.607843137254902	13	165.922827472587	0.446534576490279	0.571963741350271	6.66666666666667	0.294969887565967	0.00926788460434973	0.0728794664327934	235.309523809524	59.3809523809524	15.9526448425081	0.973564169698118	-1.34360560081513	0.673198425769241
55	31	3.97212155902687	1.5059999868102	0.584218396008849	6.40962140988891	0.108956722189173	6	0.340477183001888	5.54874330755503	0.455809125536529	14.0121951219512	184.334042223179	0.892017188974883	1.13369439716119	6	0.708083325205787	0.0715858204406263	0.284120057629565	0.0843195266272189	7.15384615384615	-0.00666111573688621	4.55325443786982	0.360424643230073	14.3076923076923	188.269197152801	0.846264985332759	1.12298257740589	7.15384615384615	0.70119949862775	0.0364725506705526	0.202140003503918	451.818181818182	57.4909090909091	13.5912343348696	0.865842236351132	-0.897205874317769	0.719199150665717
585	225	17.514488762203	9.0288414110463	1.87214539901729	37.1678241307893	0.0505504285222386	8.82684426229508	0.527913493627618	10.348757212023	0.359154613500081	16.9784836065574	279.735078698075	1.1302378325836	1.44963509837143	8.82684426229508	0.781159141027227	0.126907026473448	0.422307747310434	0.0433095971941758	20.4226804123711	0.0443516100957361	11.685248166649	0.285077278658374	17.2061855670103	280.892537531917	1.12594224553993	1.51531776424587	20.4226804123711	0.930284658506464	0.0302253311067701	0.213164361451294	834.063247863248	81.0871794871795	69.1168662279572	0.869519090585713	-1.25244423173453	0.145211393765928
115	48	6.13750013505286	2.16925288162731	1.80866452420318	10.1786345201331	0.0504196574108496	9.29946524064171	0.671477589632126	15.1534716463153	0.353302761953281	17.9197860962567	328.345612458754	1.15580115489699	1.46355030039252	9.29946524064171	0.769202453056448	0.201887773777334	0.529248107280388	0.049127640036731	28.2121212121212	0.188628170762304	18.3854453627181	0.291926488805384	19.6060606060606	386.489645774212	1.02757881837245	1.33401069260963	28.2121212121212	0.856968958073117	0.0587939494387579	0.278618977621135	87.6869565217391	63.7304347826087	19.8624212238521	0.842306683802348	1.33594154175002	0.627227699935462
181	68	7.73001855413317	3.05132933827399	0.551225435705626	13.7673215840488	0.0475363704664982	9.03471074380165	0.521521013731347	10.4410736971518	0.35480829619867	17.401652892562	293.064188300472	1.14328260966872	1.45746659370182	9.03471074380165	0.796584569693405	0.126401316613602	0.422522780501074	0.03808	22	-0.0255071599045335	11.7264	0.237568556300402	17.68	294.64453645946	1.13494223462911	1.52350710005491	22	0.953585281039785	0.0405731316815999	0.247273577296639	493.325966850829	64.767955801105	25.2789363308339	0.826816857545104	-1.55879386438609	0.491892967387329
36	25	3.58335790359578	1.66407515898101	0.624819974072524	6.06550904706274	0.205070803831737	3.87755102040816	0.152827699167389	3.28852561432736	0.547178871548619	12.265306122449	141.14078936232	0.609224537052496	0.814280275799877	3.87755102040816	0.435186531882094	0.0186609248582106	0.123374647542307	0.155	7.6	-0.148036253776436	4.31	0.383529411764706	13.4	168.489144114897	0.638764005203223	0.849485002168009	7.6	0.472903250637018	0.041205700097259	0.187373525272358	133.916666666667	57.9444444444444	14.1867785329767	0.961964424897516	-0.499366987816684	0.723822947387088
162	72	8.55152020512639	4.27039558072586	0.78824797909237	16.105871992982	0.0641178157356315	8.08858267716535	0.359023014404061	7.3095734003968	0.378597328400478	15.7303149606299	233.81712039704	1.01068828490821	1.30036215687513	8.08858267716535	0.747533521193181	0.0820983795818649	0.324583306966723	0.0862476370510397	8.95652173913043	-0.084613843820643	5.1288988657845	0.404033051347629	15.3695652173913	217.662632103021	0.874615808062101	1.1230689661652	8.95652173913043	0.726791594638629	0.0110261800267253	0.111241204361918	14.6604938271605	65.2469135802469	35.0220302957531	0.97025901151062	0.56376468311389	0.392699081698724
58	28	4.36041224970096	1.62476651773343	1.6659862556701	7.32343178170073	0.0560615755203433	7.61963190184049	0.555358860712231	9.56829387632203	0.356856392800095	16.8343558282209	275.274715900149	1.06663017431943	1.35485095205426	7.61963190184049	0.756501780118682	0.154282227385951	0.450202494645607	0.1016	12.72	0.111731843575419	8.16	0.342443438914027	16	245.995255596853	0.831768211262941	1.06055100796757	12.72	0.672592207794126	0.101361504274615	0.327203170908975	897.120689655172	62.4655172413793	14.4902181845122	0.922461142162192	1.04937598561994	0.929654968919429
123	50	6.34368621665838	2.66136152834943	0.121655250605969	11.301982127043	0.05495625	8.14	0.545605519720666	9.956975	0.391011251070074	16.61	268.497978412481	1.09194347179775	1.40799887829513	8.14	0.765545335687813	0.151293526053812	0.453681846487331	0.04453125	21.2	0.00863643670266377	11.69234375	0.281295306006856	17.175	281.274736097576	1.0596234577787	1.45205554494505	21.2	0.932027861046113	0.0819966499777438	0.341695773367052	466.918699186992	62.219512195122	22.2005619065201	0.900956966409449	-0.262896489545073	0.618265434226471
47	25	3.45946678073823	1.1703373842481	0.32	5.01022953566002	0.101377551020408	5.54285714285714	0.13688726463812	4.21096938775511	0.459043309631545	13.6428571428571	171.703861876505	0.82088999782274	1.08151056556377	5.54285714285714	0.627471887140923	0.0197220571790985	0.14598516137161	0.119822485207101	10.5384615384615	-0.167103538663171	5.51479289940828	0.38478941872607	13.6923076923077	174.825419724375	0.757675511019989	1.00787358710922	10.5384615384615	0.701167728817472	0.0528239316326304	0.230685648760021	123.234042553191	62.5531914893617	10.8368256487732	0.753571786156621	0.798650165989878	0.94499107019981
33	22	3.04720546344935	1.35057135900176	1.05724575905574	5.55383122918891	0.172199905482042	7.26086956521739	-0.143878196776237	4.17379489603025	0.431713554987212	13.0217391304348	159.476618479851	0.610360945037812	0.840400036305892	7.26086956521739	0.469683585258629	0.0110069590487314	0.0962201355731627	0.193877551020408	8	-0.289473684210526	4.10204081632653	0.368067226890756	15.1428571428571	217.225149124328	0.55460893208755	0.769630357561822	8	0.468600361897841	0.145715611231708	0.337536123684702	165.121212121212	64.4545454545455	11.6207364525505	0.942377041182067	1.53364128089652	0.85679799643358
73	29	4.36216854545988	1.34040802243674	1.41505410542643	6.11123602125553	0.0510733705246805	8.84033613445378	0.486508270183248	9.60806087140739	0.337806699052374	16.7478991596639	270.757937657766	1.09012057179928	1.41301256429929	8.84033613445378	0.791140162738659	0.123667684541765	0.41224177072636	0.0471604938271605	22.0888888888889	-0.0823170731707314	11.2044444444444	0.190381526875071	17.0666666666667	274.162938470708	1.08436240283103	1.39111031590695	22.0888888888889	0.957952569528877	0.0891597866910223	0.348919880168715	217.095890410959	65	13.471371857031	0.826538724602801	-1.36336112517279	1.09077889993843
614	219	17.5131633897332	9.63238617515879	1.45066128820582	37.6213936259112	0.0418636843890222	9.35907335907336	0.612498300952431	13.0761707394791	0.335573269595527	18.0183397683398	321.856898798465	1.19837278859744	1.54148524582653	9.35907335907336	0.801337379981248	0.161801509275502	0.487508484265341	0.0338598733869004	23.2072072072072	0.111967939836337	14.06664941969	0.250218284652769	18.1126126126126	314.67744308044	1.21237437142538	1.63678987352848	23.2072072072072	0.988576118392	0.029761184247242	0.21964961054282	524.661237785016	96.4478827361564	74.3645588872137	0.952098091953701	-1.15690523814723	0.160875535481256
32	18	2.74619798791463	0.806073592090088	1.06863244787063	4.08626123298518	0.105098855359001	7.26881720430108	0.231743083390359	5.73072031448723	0.406468444798616	14.0430107526882	185.51998392867	0.85718806788681	1.10593749018209	7.26881720430108	0.635343120228815	0.058756360565588	0.254471710687969	0.109375	11.375	-0.25085910652921	5.546875	0.336821266968326	14.25	187.348545448541	0.813629751732007	1.03940224847999	11.375	0.714946239701955	0.0660528869863703	0.261798567686052	805.375	62.78125	8.23880507898991	0.750884590783841	0.972429258572925	1.24112302364041
45	24	3.51956216511835	1.33131678727853	1.1577036657875	5.6279313349677	0.0938271604938272	6.99259259259259	0.1971170807923	5.35467764060357	0.371131855837738	14.0592592592593	184.234095329063	0.875633909635529	1.14534423693348	6.99259259259259	0.69896879549203	0.0617878378418087	0.265371075508477	0.1875	3.4	-0.0776545166402551	2.5775	0.432941176470588	13.3	166.295570119974	0.517763493035599	0.787187364031475	3.4	0.343521441549444	0.0703395055913287	0.236163161892969	599.688888888889	64.9777777777778	12.3024859063575	0.907707885856045	-1.39525239215389	0.98174770424681
37	18	2.98910031749583	0.503538376774419	1.87988047952095	3.82688668873214	0.0720991074176669	8.29824561403509	0.411048975490411	8.04493690366267	0.362257637489836	15.5087719298246	230.279180031043	1.00368047784028	1.28635390627213	8.29824561403509	0.746504637972905	0.107640314843141	0.368965687056466	0.0692520775623268	19.6315789473684	-0.152264043573691	9.51869806094183	0.246599898302685	15.6315789473684	228.837377255496	0.989374060156362	1.2428730038734	19.6315789473684	0.862624588297843	0.0674149523501416	0.288197810541558	752.297297297297	64.1351351351351	7.98704660964568	0.663727891285241	-0.774584541850659	1.43504849608423
60	31	4.03882025278803	1.78037096357993	0.54074369723354	6.85815858886107	0.0922840335632596	6.25136612021858	0.35103566712338	5.81641733106393	0.395335310089408	14.3169398907104	192.944806358477	0.903122270269875	1.16561593304223	6.25136612021858	0.664213143008543	0.0756020918940811	0.295831471172635	0.0941358024691358	8.44444444444444	-0.102336825141017	4.83024691358025	0.342936148818502	13.8888888888889	177.321020557112	0.833450277059892	1.0947201681639	8.44444444444444	0.692789798665338	0.0536062633406583	0.241905016570061	868.5	68.6166666666667	15.3562365729639	0.925482983217365	1.5582524600508	0.784580891635328
101	53	6.10135212086551	2.7410339906958	1.77398630544047	11.4222494338406	0.0933641247996984	6.93203883495146	0.363139167232764	6.44234978686859	0.434130778848083	14.4595469255663	198.118819992768	0.921398614949961	1.18628945229754	6.93203883495146	0.717702851346009	0.0833403991240517	0.313084050848878	0.119437522249911	11.2641509433962	0.118057781556171	7.38599145603418	0.426085361379479	14.0566037735849	189.150505344238	0.832735562524379	1.05505308377036	11.2641509433962	0.653536246448205	0.047929648814183	0.224701327250582	240.821782178218	72.9009900990099	24.3312228626506	0.927713599424654	-1.56713302783583	0.451834614471441
33	21	2.80291623506639	0.757957506374107	1.36193806153097	4.3312396826092	0.152034778408405	4.54945054945055	0.275527864312909	4.13983818379423	0.499169608671871	12.967032967033	156.732038950388	0.771864384161246	0.993566525353632	4.54945054945055	0.610301561152919	0.0444493346036329	0.210148387055462	0.188775510204082	13.5714285714286	-0.350253807106598	6.02551020408163	0.351971557853911	13.5714285714286	176.024112974291	0.552461610513681	0.767483035987954	13.5714285714286	0.552461610513681	0.121386663201833	0.307281657258098	173.090909090909	69.2424242424242	8.50439167901325	0.757309442373793	1.32392160241493	0.940340658217353
36	17	2.97479510160945	0.465121541188018	2.24764390288739	3.68528355474756	0.072843113383654	7.45945945945946	0.435794177951848	7.6105835565295	0.357731805426559	15.4234234234234	227.816009335182	0.972363442628805	1.23530564589807	7.45945945945946	0.72502233885874	0.119871741439295	0.381758653576398	0.0761772853185595	19.5789473684211	-0.231788079470196	8.94736842105263	0.199701344592985	16	242.909866418632	0.811210051395061	1.13196721599719	19.5789473684211	0.644752545763629	0.094815166500305	0.326425614163584	572.75	68.25	8.02772971918585	0.707106781187625	0.78539816340219	1.5653610453873
56	34	4.13203741040644	2.08300182351986	0.295584577091794	7.00623795215482	0.117969821673525	5.65432098765432	0.187943262411348	4.48148148148148	0.4566337076141	13.5555555555556	170.576146943023	0.815675571632951	1.04631156111724	5.65432098765432	0.627017903691024	0.0266716777883031	0.166996487566023	0.132154006243496	7.80645161290323	-0.166355721393034	4.34651404786681	0.426682236169902	13.0322580645161	157.711221897799	0.698093426437265	0.959094595043903	7.80645161290323	0.647832028503368	0.125022517544029	0.346499668534052	37.1964285714286	70.6071428571429	17.314816038668	0.942659206898242	-0.354697427800652	0.608751517650617
102	54	6.8613144976104	3.33367341742477	1.56752450028218	12.4444582230964	0.0979916753381894	7.00645161290323	0.296755541815326	5.98151925078044	0.397128373447159	14.2193548387097	191.213155204922	0.866694811033425	1.1320302257971	7.00645161290323	0.644000198222667	0.0723099055006725	0.285343945391844	0.199588477366255	4.44444444444444	0.310344827586209	4.22222222222222	0.613071895424837	13.3333333333333	170.125300983812	0.617954591849957	0.81211292638774	4.44444444444444	0.432134731179767	0.15112593116339	0.352601291945918	478.323529411765	77.1960784313726	28.2889745946272	0.969677087453102	-1.12291529885638	0.439564404205979
195	93	11.4222438747346	6.18414431992695	0.678783402240278	23.0916475758525	0.079979262889999	7.5210355987055	0.291524928769308	6.30790419036248	0.381561273965614	14.8802588996764	208.102047120873	0.937824895596277	1.20568852328324	7.5210355987055	0.695282555529656	0.060295808544478	0.268732855576647	0.102923522350117	14.7563025210084	-0.110364836285961	7.64479909610903	0.350117721051977	14.7394957983193	203.78684897458	0.884390056710845	1.14841357593438	14.7563025210084	0.759804614147741	0.0384550718126923	0.209831806719575	798	86.1692307692308	49.7632863521416	0.990269774200671	1.25051975534177	0.28332087753498
155	51	6.93229923354888	1.87932091409842	2.16015791069869	10.0917170386109	0.0543155670166016	7.68359375	0.569207183530442	9.91796875	0.374638419881986	16.625	268.487460322799	1.11696404850701	1.40491737507644	7.68359375	0.773314779419061	0.134623459740123	0.428422607622775	0.038154958018918	19.4226804123711	0.0923773764825093	11.6997555531938	0.253609764898217	17.5876288659794	295.000059420277	1.10661804686173	1.49510416665525	19.4226804123711	0.910002658777004	0.0648434449993199	0.308771969839006	451.38064516129	76.3225806451613	19.1917598180867	0.715340490361221	1.55876370110844	0.748860993935283
118	38	5.88411288114615	1.83319259853269	2.98518966578676	9.47383040822866	0.0439109891784788	10.9432098765432	0.700202029919668	19.2509739368999	0.342421033401425	20.7259259259259	443.736494154332	1.18940094620458	1.50340617531363	10.9432098765432	0.755996982004459	0.258331485272711	0.599837689124944	0.0494505494505494	33.2087912087912	0.154984021632253	20.6498007487018	0.308370569464425	20.8351648351648	432.261614145795	1.16612311067354	1.48076852069715	33.2087912087912	0.901036937259101	0.159283902262308	0.475467207783858	687.906779661017	77.228813559322	18.5363394115878	0.894433129009374	1.52014006319603	1.0268917815058
251	115	8.67956397859031	3.74402977199941	0.742804169365309	16.905479475451	0.070916070173693	8.37905236907731	0.488675693727609	9.19348138382224	0.368597766925477	15.8154613466334	242.443205009723	1.0490016543608	1.33284058885396	8.37905236907731	0.735737389824961	0.118329131484799	0.392854664662022	0.0660166468489893	18.8275862068966	0.0506511259802866	10.9160523186682	0.310168407513453	15.9310344827586	244.324746983319	0.98151529599067	1.31537514111967	18.8275862068966	0.812972494212563	0.0376226908497895	0.221778989319698	265.262948207171	81.0478087649402	29.2389454258651	0.684559418607044	-1.16484613049228	0.238499737179898
570	228	17.8954779433802	9.19181073387309	1.02778609631197	37.7265581038747	0.0644177185493274	7.35070575461455	0.485891295894597	8.14898006580677	0.396652855782957	15.6112920738328	233.373284230931	1.04667502695104	1.34396140080148	7.35070575461455	0.744920800207583	0.1024353981674	0.367511950528444	0.0518185505678745	14.3837209302326	0.0858218254002362	8.86702271498107	0.336719272535474	15.906976744186	237.529504978111	1.05958185321546	1.41742627756751	14.3837209302326	0.854940207527326	0.0436912396874048	0.24768856245863	655.008771929825	98.2070175438596	66.7970774356334	0.921162113908754	-0.838578152034918	0.137789151473237
97	37	5.22774148240781	1.89771580461095	1.54716451690398	7.87154912389768	0.0482716716176073	9.18633540372671	0.60482208040175	12.6230373056595	0.355897734670113	17.7950310559006	313.692370057714	1.17015342510877	1.49328441119755	9.18633540372671	0.780435466266994	0.161216436637252	0.479971786867258	0.0501708984375	23.578125	0.0854848560890501	13.8910522460938	0.263729043343528	18.171875	319.729111821425	1.09138824355625	1.38646978064453	23.578125	0.931016433443873	0.0518710266475861	0.266782187546455	186.731958762887	76.8041237113402	17.3804535759107	0.876333500394279	-1.22443423762535	0.890385646159854
93	44	5.15254607267338	1.97461377172613	1.7919989761656	8.20378994255018	0.0786268313702959	9.34237288135593	0.423671286634607	9.10507325481183	0.386328996378847	15.9932203389831	248.569692423338	0.976836876729343	1.2458509930721	9.34237288135593	0.732599849865967	0.134014236062258	0.404789707867052	0.151601239669421	8.70454545454546	0.00422489437764645	5.37073863636364	0.490343480049362	16.75	263.469766732144	0.79094747044064	1.03644775837689	8.70454545454546	0.674506673501822	0.0623354065817628	0.253990056074224	117.94623655914	79.1827956989247	17.9471371334674	0.878162134593193	1.41601862422891	0.603653133850931
34	16	2.8570257281642	0.267916010361099	2.52796855201959	3.41183601598905	0.0741043083900226	8.28571428571429	0.45640531276778	8.62122448979592	0.382378448260801	15.8285714285714	243.043467778156	0.967740896441445	1.22586628757379	8.28571428571429	0.678831992920782	0.129554549241243	0.395196952581311	0.0743944636678201	21.4117647058824	-0.299454010919784	9.23875432525952	0.199666208662748	16.4705882352941	256.667432017706	0.814146129165703	1.13722413717233	21.4117647058824	0.664261639603268	0.0895404208610225	0.317985652556802	324.5	74.7058823529412	6.96406992327027	0.467859694848171	1.5707963267949	1.66897109721958
43	21	3.27118902094171	0.863732833352435	1.26526954815105	4.72389592854924	0.0789581026746693	6.56488549618321	0.301818271959942	5.70141600139852	0.384814789574556	14.6564885496183	200.615129399191	0.931534965369671	1.20087679402559	6.56488549618321	0.718248048362211	0.0669968810140694	0.28261804049784	0.133680555555556	10.4166666666667	-0.037344398340249	6.02083333333333	0.433521870286576	14.5	198.615961193178	0.754117179078253	0.954803842854241	10.4166666666667	0.647624996010183	0.119561417841104	0.338133978725958	887.325581395349	75.3488372093023	9.05422014036197	0.644188037949392	-1.34579803685477	1.22529237282867
110	44	5.66579791332106	1.79573487950556	2.0486086792409	8.94510924130292	0.0513961679238189	8.86980609418283	0.612115041824605	12.4335525356619	0.367135303162678	17.5235457063712	305.580752010941	1.13097580527038	1.46026643435624	8.86980609418283	0.777437922185777	0.171504861542072	0.489507056282381	0.0451869806094183	25.3947368421053	0.0670516848787074	14.6099376731302	0.227479830329601	17.8157894736842	307.368817358005	1.13275007711172	1.48346575800989	25.3947368421053	0.939914973392748	0.0635997494731094	0.304712065682943	307.118181818182	80.0090909090909	16.2948453688585	0.723851881163122	-0.000123560048047106	0.713998330361317
32	16	2.76775335385302	0.389924828954745	2.30488611432322	3.78318648760539	0.0796577744712509	8.84536082474227	0.378762092439986	8.11914124774153	0.388538129957172	15.4845360824742	230.659768639586	0.957713839693026	1.21671792543345	8.84536082474227	0.688282662028758	0.110818667366669	0.364725086932958	0.12875	24.7	-0.244019138755979	10.9275	0.303303167420814	15.3	226.434255601181	0.75956480702243	0.985337303770416	24.7	0.710720996964787	0.0745406530602529	0.271023119731769	349.4375	76.59375	7.09101149322015	0.577474234245684	0.965874128278656	1.5707963267949
65	28	4.21271485398243	1.38936297539668	1.87116955677566	6.48083910540943	0.0615419501133787	10.5047619047619	0.470797082906856	10.9250793650794	0.32863828275593	16.9333333333333	280.660994647216	1.07567149144565	1.37518095265399	10.5047619047619	0.767611822075445	0.164251377398111	0.467059377388622	0.0532720389399675	36.1860465116279	-0.217217290059671	15.8642509464575	0.205607557331425	17.7209302325581	302.486074948986	1.01119900567171	1.36719298589849	36.1860465116279	0.889023401520863	0.0931461483623058	0.353600545832211	424.876923076923	79.7538461538462	13.5523636854751	0.881064593249307	-1.55876294202453	1.04185470654764
488	168	16.0059094668048	7.2196560168838	1.19395325554111	27.8977179574524	0.0451654836386761	8.65688073394495	0.645586580207508	13.2129697275762	0.361591171477842	17.7211009174312	313.638726800532	1.1849668884578	1.5227035266425	8.65688073394495	0.785704843267775	0.169755789234309	0.496059610169947	0.0404610600324499	21.078488372093	0.248979193661226	15.0332253075987	0.284747011892639	17.8110465116279	310.854065107321	1.20382963916493	1.58792959910701	21.078488372093	0.970375622024823	0.0625914678475158	0.312271945843338	363.549180327869	99.3483606557377	63.5911254472456	0.946351265344332	-1.43167688280825	0.217275682391131
502	191	16.5904501586641	8.89741674548448	0.856913091625754	34.136487005443	0.0542176113479002	8.3680387409201	0.614651227460118	11.8577467183369	0.373551664578584	16.9975786924939	286.40629741112	1.14376687076815	1.46305251106945	8.3680387409201	0.773968537449141	0.152912262769739	0.463822925488418	0.0382229552870307	19.748502994012	0.166538416431165	12.8472784968984	0.283209727388964	17.3712574850299	289.784859149877	1.18038820150179	1.57429032383011	19.748502994012	0.944651306823277	0.0417474734746879	0.254795090543368	489.611553784861	103.605577689243	73.9625896532957	0.953725094033062	-0.830356189087414	0.172920644949653
138	58	7.16903633537034	2.96029734194027	0.451250080286278	13.1305187706611	0.0574029416454082	8.13392857142857	0.545974569200476	9.95756935586734	0.372396115410821	16.3660714285714	261.076919806857	1.08927297618566	1.41019235910966	8.13392857142857	0.75637952807836	0.127466952644151	0.417952265593108	0.0441975308641975	24.1666666666667	0.0563422717686055	13.8047839506173	0.24456594952903	17.0555555555556	280.276682947981	1.14253529502115	1.48581630370103	24.1666666666667	0.95895649819007	0.0550484307423529	0.284019298413575	859.036231884058	84.4855072463768	23.8379901214173	0.867338220368295	-1.04066756624329	0.515505096546244
124	44	6.12452804437745	2.21785374673323	1.48581446624375	9.90997702459997	0.0419719628328402	9.31730769230769	0.654204068187432	14.4722633136095	0.345588470475349	18.2692307692308	335.812274271579	1.20346009488241	1.53113728446523	9.31730769230769	0.785647771222151	0.191209067821261	0.525874857273731	0.0306122448979592	24.4047619047619	0.16907130931586	15.6852324263038	0.209266144809563	18.7380952380952	341.188111147412	1.22090529943902	1.61064914840584	24.4047619047619	0.949982533337588	0.082764946436623	0.360311152576096	96.2661290322581	83.9758064516129	19.4424874096274	0.826254658956993	-1.25017157150003	0.804870845134575
61	38	5.15685839774262	2.50697582938522	1.47462376064445	9.07662060192263	0.144179591836735	4.98285714285714	0.105342150931009	3.78478367346939	0.492674854557207	12.9028571428571	154.926395236336	0.705721508401187	0.947743152729184	4.98285714285714	0.537462613829696	0.0212983108509182	0.142112188061183	0.247222222222222	8.56666666666667	-0.206667188355895	4.54972222222222	0.492775263951735	12.3666666666667	144.554128406938	0.580152924905875	0.750736589115464	8.56666666666667	0.580152924905875	0.0902463937935883	0.26171401705865	880.44262295082	82.983606557377	21.2447790323629	0.978470194954456	1.29087223375982	0.530850836202153
41	23	3.34295180504324	1.44348620887327	0.956521739130437	5.40146307981888	0.122201821905233	5.34453781512605	0.371906587661206	5.25457241720217	0.460966042280921	13.6470588235294	175.853205230507	0.833805787050973	1.08590417893509	5.34453781512605	0.644350134725575	0.0808400794905688	0.295673011614165	0.18005540166205	18.5263157894737	-0.164345403899722	8.95567867036011	0.437662763978553	13.5789473684211	181.001347872872	0.628852813518959	0.818977021306736	18.5263157894737	0.563232877845383	0.0339878825481331	0.16709084093703	437.926829268293	81.3658536585366	12.4871313263428	0.920880158597077	-1.151923421775	0.973953109997592
48	19	3.52623772308787	0.450296162370398	2.7231438569003	4.3401111848607	0.0569235958846349	8.57142857142857	0.55532416623281	10.637839433294	0.345240133475428	16.8181818181818	277.835596725079	1.074749296545	1.37435453078591	8.57142857142857	0.755110114634909	0.142442152439662	0.435942674712831	0.0481569560047563	27.1034482758621	-0.140955050555613	12.8775267538645	0.218948525899302	17.7241379310345	299.176753313473	1.02772829980307	1.39482428957737	27.1034482758621	0.903164163666248	0.0828101667966453	0.336924676440082	465.166666666667	80.2083333333333	8.63030768375145	0.544756450255571	1.27784068400787	1.67087476312809
92	39	5.55112072973154	2.42120728268898	0.69040574450442	9.75020018675453	0.0633268714076795	7.67003367003367	0.352282061542997	6.92081306896122	0.385859162329751	15.7037037037037	232.092844450674	1.00405657035854	1.27336752489647	7.67003367003367	0.739955350336063	0.0759853909818664	0.309331459678165	0.0618992695117262	11.078431372549	-0.111068268137034	5.98548635140331	0.295452572615202	15.8627450980392	230.904737542	0.961697366119956	1.27358061780679	11.078431372549	0.802571821062029	0.0441400248320061	0.236354685024602	701.771739130435	84.9565217391304	20.4194624107623	0.941889057284598	1.46512527115556	0.760096052939542
206	72	9.3259910621289	4.28492407763162	1.90358863501493	16.5222504763264	0.0400270476668814	9.60114777618364	0.589798656490439	12.7029696856172	0.328769763810696	18.2008608321377	326.222782463273	1.20050638003915	1.54253484476779	9.60114777618364	0.801408766752466	0.152414601217984	0.474020678713855	0.0304542824074074	21.9027777777778	0.0558731452186241	12.5994888117284	0.230251558104658	18.3194444444444	318.294412319225	1.17887167542388	1.61105379667729	21.9027777777778	0.975549518157796	0.0365363842517066	0.241237104338433	138.830097087379	87.878640776699	37.0295619102875	0.967555565093499	-0.558232984499199	0.499358091542822
36	23	3.09808180734968	1.17197855246814	0.824941998304788	5.08899996118243	0.137996122844608	4.58585858585859	0.324749857275925	4.39567391082543	0.483075094839801	13.2525252525253	164.180533337617	0.795250418912023	1.02032218475197	4.58585858585859	0.626171143308803	0.0646483167765658	0.256698534905907	0.115384615384615	12.0769230769231	-0.342321604735284	5.49852071005917	0.257744517925513	13.9230769230769	180.08093329344	0.725964605220163	0.980682293858916	12.0769230769231	0.725964605220163	0.163910348751698	0.400776414762072	386.25	80.0277777777778	10.1023489385336	0.801559657076365	-0.683783349880845	0.85517834048569
335	104	11.9515821512779	5.71272118535562	2.65219081595956	21.1359036669022	0.0320646242051919	9.9254119687771	0.705219968026421	17.8352854539122	0.333176666598431	19.918473547268	404.775985294537	1.28087028269384	1.65789019850762	9.9254119687771	0.815568992141559	0.209049655294049	0.566509963054185	0.0241689650166933	27.6184738955823	0.247294179031556	19.3461274818148	0.220271594380246	20.3654618473896	409.296696416873	1.2989818265468	1.76863719235875	27.6184738955823	1.02030865969786	0.0685642175224188	0.343520020266603	585.865671641791	96.6805970149254	49.8230812876696	0.969145359969531	-1.19892647113712	0.389213586890747
65	26	4.25797628835547	0.849534539450734	2.80004226510789	5.75742381574284	0.0538208616780046	8.19047619047619	0.622803866364798	11.857052154195	0.372663859722683	17.2190476190476	294.580171469466	1.11493513051966	1.43742356460725	8.19047619047619	0.768437902254221	0.173116764853894	0.488331456264187	0.0490625	23.825	0.0457475436510439	13.48359375	0.263857707669042	17.875	307.994204825455	1.08557386848928	1.37907811426166	23.825	0.955670959427175	0.0561389774404542	0.276705598751412	23.2461538461538	84	10.6520685024932	0.577728997297119	1.02867103106225	1.2083048667653
101	33	5.35566081697969	1.2597101512884	2.45622837929205	7.40002233635226	0.0340978231476473	10.1627906976744	0.696316733356461	17.7325496890211	0.310592672015381	19.9941860465116	407.129484729685	1.27622470796637	1.62313110702227	10.1627906976744	0.81095206443833	0.201495405760571	0.55217456601642	0.0265704894083272	31.1081081081081	0.177634882014445	19.9138056975895	0.200931731161416	20.4864864864865	412.681366364849	1.2996615359482	1.69174935456952	31.1081081081081	1.03137476291512	0.0984045864007054	0.400773211488684	54.8712871287129	86.3465346534653	14.9550676445452	0.79014337967677	-1.05431914239817	1.16547606248878
185	75	9.22649565465816	3.77697706007754	0.594044517598548	16.6138362684708	0.0545861516844754	8.44884488448845	0.463886388258693	8.87971495169319	0.368448893317851	16.3531353135314	256.922595579081	1.06089608388299	1.36778537541709	8.44884488448845	0.777548735235333	0.108804837216741	0.381606925293673	0.0543388429752066	14.7818181818182	0.0691162693869042	8.9396694214876	0.291759591759592	16.3636363636364	252.717103462496	1.00980153456634	1.32276597496565	14.7818181818182	0.825736452519058	0.0536525928855837	0.265199036007417	228.091891891892	93.3945945945946	33.0524700259916	0.900704033794955	1.49079887808953	0.413293966872257
191	74	9.10765066681544	4.34392999704228	1.88303913313491	17.3385961789875	0.0697488145585031	7.1078431372549	0.433564585594899	7.27418674441454	0.401435518563546	15.2581699346405	221.246124016121	1.00133928488817	1.29015231131849	7.1078431372549	0.738746384499238	0.0912991027335167	0.340750912691127	0.0695920712438955	15.8135593220339	-0.041235553369776	8.59365124964091	0.303950040249921	15.2881355932203	218.776307217891	0.997745061770135	1.2951531853154	15.8135593220339	0.837019470332508	0.0367755443240902	0.217632232487577	478.764397905759	96.9895287958115	34.0897486440187	0.94363951960348	-0.783600265566245	0.438308397980753
46	21	3.42408253134804	0.655632389266326	2.28621026364913	4.68920698322425	0.0659690844233056	8.51034482758621	0.498685987414616	9.48803804994055	0.375506066216006	16.248275862069	256.958566139537	1.03260109006621	1.31569226404188	8.51034482758621	0.736087026710537	0.132173115052751	0.412184921080048	0.0727040816326531	21.4642857142857	-0.149492810546808	10.3364158163265	0.246845586264524	16.3928571428571	256.54983285363	0.879364457371737	1.21153597332047	21.4642857142857	0.790058839322315	0.0789612398523407	0.307891896164549	812.173913043478	85	9.10098326620809	0.66608709920311	-0.696870114198093	1.31077788721207
35	22	3.01701435945391	1.21241016344952	0.963164550018955	4.74058440446616	0.143760840730538	5.17171717171717	0.195428571428571	4.2139577594123	0.46580739521916	13.1515151515152	161.516463992533	0.748598150801128	0.960839817453931	5.17171717171717	0.579607098575634	0.0558505377614335	0.231751797540888	0.229938271604938	8.55555555555556	-0.232	4.47222222222222	0.460683760683761	12.3333333333333	144.455989014796	0.538306598244418	0.722269373372407	8.55555555555556	0.538306598244418	0.0830369042214518	0.246283291719882	172.028571428571	85.8	10.8772634133518	0.903036403773746	0.824832760857922	0.908725147732585
32	17	2.73881548280269	0.424912521366722	1.86944100965541	3.48451840461643	0.0881618923611111	6.875	0.329254091592388	6.12489149305555	0.404118258530023	14.6458333333333	201.85748962398	0.926032910158142	1.18091416280008	6.875	0.709778229679707	0.0792010969505464	0.304621840840615	0.20375	12.55	-0.208037540608831	6.194375	0.397307692307692	13.65	179.10548159768	0.577969492168396	0.773638989349983	12.55	0.515630553278499	0.0504469426817307	0.198107785637235	726.71875	85.90625	7.18112147524418	0.599654069902018	1.31258196197952	1.39143204034427
71	32	4.58481507544918	1.7505518162665	1.17634563904492	7.01846059064949	0.0656135380077238	9.33039647577093	0.536750763111647	11.0706010207844	0.350067746698998	16.6079295154185	272.153966790393	1.07725151402314	1.36636602693949	9.33039647577093	0.749219231154023	0.161965666883813	0.462607295145283	0.0514285714285715	23.0857142857143	-0.0228587962962971	12.2848979591837	0.262239942682575	18.3428571428571	325.183383278173	0.932242399915056	1.33309482714176	23.0857142857143	0.727401968089262	0.0454431600340987	0.245165907151435	338.704225352113	89.4225352112676	15.5405314918159	0.896468601899009	1.41640089449896	0.871301087519044
72	35	4.80377882109795	2.00357712176715	0.672491559767976	7.52297162302347	0.0656138453217956	8.17674418604651	0.465722985064499	8.65215792320173	0.394025442890012	15.8790697674419	243.759564210911	1.00198414208666	1.29313869750389	8.17674418604651	0.738522697264157	0.135167349489903	0.413445469447981	0.06103515625	15	-0.0346221204364812	8.2490234375	0.246234866087807	16.0625	241.718229507687	0.972034938985925	1.28957349018638	15	0.795847200473974	0.0930634043222192	0.343903550725179	895.611111111111	90.6111111111111	17.8649510971962	0.934486214452534	1.01682577146627	0.738594844272539
44	22	3.31785123841082	1.03857595739549	0.955627092801297	4.95475395724748	0.0797783470706171	7.08955223880597	0.258054739590619	5.77767877032747	0.407466702198923	14.6865671641791	200.918330683884	0.942580557616212	1.20327600836918	7.08955223880597	0.747043636410704	0.0504443003610931	0.245702834898763	0.112847222222222	18.5833333333333	-0.225555301122054	8.58159722222222	0.319150258856141	14.4166666666667	195.662255513743	0.854985356512408	1.08075785326039	18.5833333333333	0.775155613629105	0.10826112166286	0.341108652352268	37.25	89.0909090909091	10.5193467388178	0.843916799192833	0.194011564538209	1.14239732857811
127	46	6.41693434606694	2.38193518467135	0.965374057007591	10.8696521735652	0.0422617866825365	9.62441314553991	0.643051438114814	14.4815127069144	0.344553973385788	18.5023474178404	343.309051375958	1.21051658088618	1.53831292870425	9.62441314553991	0.795170364799172	0.180247335892128	0.512528862523522	0.0327186198691255	21.8658536585366	0.218950125238058	14.9977320047591	0.273965401203072	19.1829268292683	356.455477609383	1.22936441817887	1.59961205049516	21.8658536585366	0.981904314334275	0.0671825087482117	0.324409344420475	209.236220472441	95.3779527559055	19.9030763156321	0.839093098312455	1.28292899663215	0.754219786400574
37	17	3.01094959633556	0.27577353106754	2.26985663312644	3.42643903040251	0.0646880907372401	8.78260869565217	0.468980021030494	9.2695652173913	0.341272391809476	16	247.899405318377	1.04661399065536	1.32042181271259	8.78260869565217	0.770510453043493	0.1313369976969	0.411584276351004	0.0622837370242214	16.5882352941176	-0.192537313432835	7.95501730103807	0.173680840808868	16.9411764705882	267.191401850832	0.942440022330925	1.26117766479867	16.5882352941176	0.827513410430589	0.111439535930869	0.371875716180011	247.108108108108	89.972972972973	7.21390166080885	0.428981494994898	0.482934568819803	1.60884329664806
105	47	6.33409026629987	3.09962649080105	0.664702100077153	11.5249645381342	0.062102918244598	8.36417910447761	0.630921777451343	12.3311739808421	0.361967294504608	16.6089552238806	277.474205443554	1.10045147191719	1.41716659322241	8.36417910447761	0.754267258731852	0.171190692293437	0.482738093802633	0.0704775022956841	21.2424242424242	0.275281954887219	15.6556473829201	0.378961701514591	16.7272727272727	282.003545412024	1.08683219246783	1.40451682979054	21.2424242424242	0.89964297814546	0.0911230444571193	0.354247895570503	416.038095238095	99.0190476190476	25.7190926148021	0.958970702445981	-1.33997009904305	0.597315035992627
66	31	4.35701272189276	1.62920758422706	1.70602165447448	7.57590792270325	0.0933560090702948	9.21904761904762	0.392720895981644	8.59045351473923	0.388068042185689	15.9904761904762	246.643038557733	0.973809712265278	1.21704800641914	9.21904761904762	0.681866040456114	0.118278351793249	0.376655169037273	0.0578703703703704	24.8888888888889	-0.135454801464376	11.9598765432099	0.241411278219665	16.7777777777778	270.918331662022	0.904286845469558	1.29268562146281	24.8888888888889	0.734834865845646	0.0402305292306279	0.227352635168778	769.257575757576	94.7575757575758	15.0422238348079	0.909446054412545	-1.50600302157958	0.863038980798861
95	42	6.01053586731557	2.9364760673789	0.588051858820396	10.8830622107888	0.0681384588395245	7.20529801324503	0.447403650160445	7.5194947590018	0.396704696665741	15.3377483443709	224.030151813446	1.01442921818075	1.31021573610461	7.20529801324503	0.735193382290121	0.101977053684192	0.362393224924734	0.0658664204370576	18.7543859649123	-0.0852888528707177	9.64027393044014	0.288310983629265	15.3508771929825	222.878106280707	0.960901636232601	1.29447064782897	18.7543859649123	0.869763398533479	0.0896158296577414	0.338174316087943	323.589473684211	97.7578947368421	24.5938692747281	0.960360654688713	-1.18808431901975	0.676760322201883
165	72	8.36735008924391	3.60795678679609	0.198858625878856	14.4773996390457	0.0625157379921337	7.66101694915254	0.504419849195161	8.72934200119875	0.397321272495749	15.8568738229755	242.566258391727	1.04775813917846	1.35555697020059	7.66101694915254	0.74923595232967	0.121512784925126	0.401068100736399	0.0510244093716302	16.8316831683168	0.0678205350938133	10.028134496618	0.27597143271047	16.0792079207921	244.666438889481	1.06636062018565	1.4303764748295	16.8316831683168	0.886337336380017	0.0537531728187548	0.275626683839831	761.933333333333	103.581818181818	30.8268421030941	0.922479089663631	1.00990054396169	0.399971286915367
50	22	3.59867262671753	0.905658038521565	1.70621130719304	5.34298798998809	0.0614084281365166	9.53164556962025	0.409628629840616	9.07258452171126	0.342483470927254	16.253164556962	254.427035097434	1.03250942716524	1.33290502799844	9.53164556962025	0.76104602479117	0.11655693716584	0.389979530233141	0.0749219562955255	31.4838709677419	-0.166473899298328	14.4953173777315	0.242449190880718	16.7741935483871	272.55837825726	0.960877017245512	1.2133537878024	31.4838709677419	0.89431294442225	0.0735226602677811	0.297412750382868	68.78	94.18	10.6135192636034	0.804936287520813	0.484295135595822	1.29817878247512
39	18	3.08821915517969	0.53857491903022	1.78124661576459	3.96590406612774	0.0694624684106277	7.86776859504132	0.429923192651832	7.90062154224438	0.383252157583708	15.5537190082645	231.887895404724	0.988240031217835	1.28288132058942	7.86776859504132	0.727880444723266	0.145378979127955	0.426835578183471	0.12476370510397	28	-0.205992509363296	12.6086956521739	0.34968814968815	16	252.00531813209	0.716985391507525	0.926397562404208	28	0.590664247009265	0.032897921268931	0.174674246193168	547.692307692308	93.1282051282051	8.0388275828404	0.619074345794344	-0.142066949263277	1.51261868506175
191	74	7.91139078739616	3.67819839528912	0.495597860024104	13.3751361072517	0.0486097332486105	8.73534072900159	0.662619477569607	13.9458284462818	0.364899304938459	17.7337559429477	317.361580115028	1.17134044704546	1.48781421640177	8.73534072900159	0.789815153939557	0.178664420653452	0.503143243492189	0.0702862170695098	23.9208633093525	0.250047665602473	16.9482557838621	0.328295682002035	17.5611510791367	310.821723170524	1.10060542158243	1.41279946746533	23.9208633093525	0.946433343924777	0.0902292795387875	0.353512833850956	627.759162303665	103.848167539267	29.3843213255114	0.881602801782762	1.22768008856127	0.438308397980753
121	43	6.22383517377491	1.83807842618366	2.71545862091539	9.91366189992829	0.0383776672433679	9.98529411764706	0.740826036396795	20.2636906478277	0.308250724773216	20.0637254901961	419.704452049976	1.28514770655358	1.63561708278126	9.98529411764706	0.805974210716184	0.233414889835823	0.592396765884517	0.0243764172335601	29.2619047619048	0.269301548653775	21.0232426303855	0.223668660812266	20.952380952381	437.157551473742	1.29719116153679	1.7068629143205	29.2619047619048	1.03403931084237	0.107189934165423	0.419262906267622	430.157024793388	99.8760330578512	18.5005472697893	0.863873949672626	-0.775334734691473	0.822353079684943
67	27	4.51123097407307	1.34254616872637	2.52287205421132	6.82818736277642	0.0525706640616704	8.38709677419355	0.554208571783323	10.4069740279046	0.363716031647721	16.8110599078341	275.852659744638	1.10717948269035	1.41780683579932	8.38709677419355	0.77726724745069	0.137167423888464	0.434096787519102	0.0779478458049887	22.6904761904762	0.0275864582194543	12.6670918367347	0.321946866064513	17.2142857142857	289.252176663721	0.927042684624181	1.1724904481179	22.6904761904762	0.809181504661787	0.0688495273214258	0.283203219722243	565.283582089552	94.4925373134328	14.0677694959361	0.897188643808184	0.561469545572998	1.15493392477649
406	171	14.0573550638257	6.3361931222212	2.05569488684533	29.3100611162343	0.0588813635895965	7.94238059135709	0.575840214522048	10.3624865714314	0.378889195577418	16.3730098559515	262.661844444305	1.10361960126427	1.40942685144566	7.94238059135709	0.762028666650696	0.138398479826586	0.434813108425512	0.055164954029205	17.4186046511628	0.142102428109721	11.1519139474791	0.324332288375224	16.6201550387597	264.223672923828	1.09486528993135	1.3861481209376	17.4186046511628	0.905905124621963	0.0410012417793488	0.237427982734202	182.322660098522	115.926108374384	49.9280748579044	0.797788129850488	-1.28137002643512	0.174479206231997
49	21	3.51599832588607	0.709907687163455	1.70167317954339	4.56596896204499	0.0569937541091387	8.65384615384615	0.486819597350761	9.43158284023669	0.348944506636814	16.3461538461538	258.08660899337	1.08135369068935	1.38465711708986	8.65384615384615	0.766246477754308	0.120119467486322	0.402715743900235	0.10888671875	21.09375	-0.0802430546873046	10.763427734375	0.289169310782474	16.09375	250.413475781308	0.847323702542362	1.12817295747338	21.09375	0.757975448794967	0.0823049561025986	0.303806246342683	80.7142857142857	96.5102040816327	9.29800567060379	0.642452233536809	1.17149435372994	1.39626340159546
62	25	4.10321777345217	1.06677265789213	1.88297636735038	5.89453984633236	0.056725	7.98	0.537925703317033	9.634975	0.383168888345359	16.51	264.529745440901	1.08372872529135	1.38791024256112	7.98	0.770055254476854	0.14183979487244	0.436972167668945	0.0449233016800585	21.9459459459459	-0.0515189696206064	11.4353542731921	0.211109343584276	17.3513513513514	285.084920791684	1.06364280641288	1.42044270092878	21.9459459459459	0.900133714514321	0.0898618569945121	0.353698356131404	166.854838709677	98.4516129032258	12.0629518598813	0.817341194437762	-1.1233537463159	1.24658396494443
83	41	4.70709016366852	1.39101197936202	0.927150137012148	7.34389393362052	0.0886459350585938	6.9296875	0.356136455790241	6.38133239746094	0.408026228292773	14.6171875	201.760942272462	0.936350530624981	1.18916797469868	6.9296875	0.717379557066936	0.0928201937217452	0.330609814950337	0.156550068587106	7.81481481481481	0.17284936479129	5.72393689986283	0.521451315568963	13.7407407407407	178.557352459376	0.799472654701415	0.981259320083335	7.81481481481481	0.632455732021951	0.0424978274474843	0.20423472747204	784.144578313253	100.048192771084	12.7363328319509	0.530589756652764	-0.523579404622257	0.620469221291976
68	34	4.3666510151906	1.87655515707791	0.382352941176464	7.44977415416714	0.100269223923104	7.47169811320755	0.308775338811401	6.40468138127447	0.404134699029261	14.8490566037736	208.903116055063	0.893552720245327	1.12990048456707	7.47169811320755	0.637100671285019	0.0799103745804671	0.299602039348949	0.144390581717452	19.6842105263158	-0.198414706130364	9.21260387811634	0.334672018308657	15.2105263157895	223.359868134596	0.712469095994605	0.926358829755855	19.6842105263158	0.604025259531722	0.0405288114017855	0.193896412933709	813.926470588235	101.676470588235	16.311205278076	0.918509667725685	1.3870328782997	0.739198271432893
77	28	4.6101707417303	1.06013053559554	2.27900801907769	6.19166655221981	0.041722655200215	9.26229508196721	0.602827398744178	12.6602895726955	0.331460694430801	18.3360655737705	331.916241659943	1.17397425449567	1.50063422489378	9.26229508196721	0.790717483799133	0.155088578762995	0.472212599467832	0.0468554768846314	28.2857142857143	0.0376636626424068	15.6963765097876	0.237900102370045	18.8979591836735	347.089930550096	1.1049791410651	1.43583416256976	28.2857142857143	0.987103836517132	0.0705329576413737	0.315679662257069	5.72727272727273	101.077922077922	12.8306403001619	0.766700531640453	0.807156316245259	1.23419711391028
144	55	6.93043890816099	2.96314971097812	0.824420658091261	11.4743839748941	0.0490894887366711	8.89075630252101	0.481385099944547	9.57163600734411	0.347653337964756	16.7773109243697	271.01222954947	1.10515594100466	1.42662323290646	8.89075630252101	0.782288568051001	0.113768914812507	0.397618823378974	0.0593079109891187	20.7821782178218	-0.0400749642472539	10.9907116949319	0.301035406057779	16.5049504950495	257.700769429083	1.06085450767694	1.37019205502824	20.7821782178218	0.912862961625822	0.0391156659895166	0.23064654030513	395.590277777778	105.993055555556	25.98334677869	0.919077822298287	-1.50349083346004	0.598200782964536
54	21	3.70895713504891	0.34154478972115	2.86744175568091	4.53382350291185	0.0483438791322314	9.43181818181818	0.619566491224871	13.3961454028926	0.326684047272283	18.0795454545455	326.593005468096	1.15499990559957	1.44523554355786	9.43181818181818	0.784000975003317	0.18689099075381	0.507598555643873	0.0385674931129477	29.1212121212121	-0.0768238230250749	14.5218089990817	0.174106765148936	19.0606060606061	347.428413233251	1.10336826193179	1.46734212025073	29.1212121212121	0.963032839834957	0.075125670117615	0.328970247232455	725.62962962963	98.3333333333333	8.8267860135475	0.466866269500777	-0.710154366201849	1.53873925890112
62	29	4.05896372891249	1.52051688331244	0.497317417305365	6.32775063208333	0.0756429036458333	6.88541666666667	0.207666614640238	5.34502495659722	0.390986022787493	14.5729166666667	196.70074114179	0.927182608651786	1.20507352447075	6.88541666666667	0.732648542469092	0.0373899832193398	0.211844015549447	0.127777777777778	6.56666666666667	-0.223729164509781	3.68305555555556	0.375128205128205	14.6333333333333	197.583841576544	0.72584304856275	0.946598378716336	6.56666666666667	0.556818805955783	0.145375185787947	0.371365897897337	866.709677419355	99.5161290322581	13.7413289021119	0.84877740775493	0.543392912977517	0.926414956112091
130	48	6.0394336943368	2.69589728652393	0.391422796417838	9.92613780911566	0.0443840387351611	9.69585253456221	0.655158037208685	15.0584000509673	0.349672595213392	18.3133640552995	339.230710651426	1.20509228454141	1.53908478143585	9.69585253456221	0.792132077493261	0.185864086999633	0.520076864105099	0.035078125	25.3	0.198860037998732	16.79	0.257937997048163	19.3	365.541509617549	1.19802470398469	1.5465186600359	25.3	0.960762335532755	0.126856941808701	0.43472821302669	105.623076923077	101.261538461538	21.7456427338347	0.907839479847391	-0.137582522814272	0.709040008622696
47	21	3.44780092037791	0.645386464627733	2.1001025782095	4.38948444536999	0.0615963244898878	9.16778523489933	0.472570471990007	9.69100490968875	0.336778638397272	16.4026845637584	260.461858152245	1.07735834379199	1.36268740559477	9.16778523489933	0.767229556859639	0.131011021260191	0.417015052379528	0.0584319526627219	24.1153846153846	-0.242388446442862	10.7052514792899	0.295026485132215	17.5769230769231	290.775868941635	0.961561280083988	1.28455022083678	24.1153846153846	0.921409308498364	0.121828957607068	0.391792411288566	880.851063829787	100.234042553191	9.3897320777128	0.718222046370109	1.23429637163772	1.3392730586732
42	21	3.27849526831101	0.908385887597899	1.83811991101132	4.61339860753632	0.0791015625	7.265625	0.349074246218791	6.58099365234375	0.388848485080103	14.859375	208.658674257441	0.945341629044411	1.21835575391621	7.265625	0.708943047997683	0.0834914462313351	0.317354103282988	0.0775	7.75	-0.0474742355127508	4.699375	0.341651583710407	15.05	207.639014433753	0.886966623150499	1.12779061968168	7.75	0.722956496486255	0.0948019186809761	0.325833501729847	53.9761904761905	102.214285714286	9.60348250274633	0.755390979168523	1.42229449083641	1.19679720136754
31	15	2.76998466791707	0.430072920889161	2.14683229174728	3.50364889159224	0.0750375765984507	8	0.345281126398062	7.10949242687016	0.363132626130729	15.0537634408602	214.965796934735	0.963773120520944	1.24388048785607	8	0.741300085099717	0.0821817670079521	0.317992362297482	0.1125	12.55	-0.225735563423271	6.119375	0.302285067873303	14.65	200.531926731445	0.771800306543898	1.01262430307508	12.55	0.722956496486255	0.0806187982165449	0.285565876828332	20.7096774193548	102.258064516129	7.46086360397338	0.703506883282277	-0.799904370084894	1.73136661797837
401	150	13.7346871854408	7.19223123518081	0.629955906746211	28.4536496389791	0.046399701938903	8.62584017923824	0.635492628044074	12.8321889252231	0.360832598182684	17.5339805825243	306.163164386666	1.17976862153356	1.51455818307514	8.62584017923824	0.785987461522262	0.163380174121354	0.486013367380464	0.0379275683235243	19.6603053435115	0.207246823332246	13.400016753103	0.273951986270997	18.1030534351145	316.087647158856	1.18714714872372	1.54945003011856	19.6603053435115	0.958141117023658	0.0422788262859897	0.254427590670009	46.9177057356608	122.197007481297	54.4678494402181	0.938791533611088	0.863087791544165	0.223960649615912
67	30	4.33845556197503	1.52644212435001	1.81138375589246	6.63936074566755	0.0792931241426612	9.63888888888889	0.434915911901005	9.52872085048011	0.377988055929232	16.5740740740741	267.130944029277	0.996688237026642	1.24780517029556	9.63888888888889	0.70386377827766	0.126438650927699	0.393699779992267	0.0844671201814059	24.2619047619048	-0.183916789997096	11.2464569160998	0.294750374162139	16.452380952381	258.256912578574	0.9110492952777	1.19811700749598	24.2619047619048	0.778914956025375	0.05432670970314	0.254397303856563	302.149253731343	105.417910447761	14.7180927603145	0.90892796717027	-1.38051724970731	0.935496479068961
84	35	4.88865956152303	1.62122010544681	1.20169947684646	7.46332529706404	0.0521005246279972	8.88644688644689	0.686188757345423	15.158904587476	0.335133701649539	17.9047619047619	327.5910257065	1.17628754984707	1.49578938544881	8.88644688644689	0.781449548498671	0.207614326393252	0.541160041547773	0.052687789248843	23.2264150943396	0.220890727903465	15.9057493770025	0.285058373871372	18.4339622641509	335.025951234062	1.15306619883096	1.45699162029384	23.2264150943396	0.940779628995738	0.088055181618152	0.354384882658527	746.738095238095	106.964285714286	14.3422031781414	0.764219445598757	-1.12140526414607	0.861693984984629
39	19	3.05267999133262	0.622507880796042	1.94095672785113	3.91070694489684	0.0738888888888889	8.66666666666667	0.402155688622753	8.24826388888889	0.378685744568098	15.4166666666667	228.680979815837	0.982173571065821	1.2689736597511	8.66666666666667	0.731641076515992	0.122110221181091	0.390041350793708	0.127599243856333	35.304347826087	-0.212569796130373	15.5576559546314	0.325632221666156	15.8260869565217	249.57610308284	0.771193164455262	0.993693596032987	35.304347826087	0.771193164455262	0.0736728851309808	0.270538982765898	289.538461538462	104.923076923077	8.39023596621197	0.685870426039403	0.394046787329965	1.35758574504157
47	22	3.4139494533879	0.690782552378932	1.63888694339273	4.45732751713864	0.0680966264056643	7.80952380952381	0.490163141993957	8.65884585126567	0.385560128417271	15.8231292517007	242.016761890769	1.01803207892837	1.30324539289849	7.80952380952381	0.738737845600683	0.119659875191973	0.390952424667908	0.0862068965517241	22.0344827586207	-0.107750246585168	10.9456004756243	0.333562254299404	15.8965517241379	241.775117915218	0.929013557447276	1.21306678979703	22.0344827586207	0.801673649991543	0.0571531639450671	0.262455321887914	377.936170212766	105.446808510638	8.6608130038161	0.505287055826578	1.45711342394413	1.22028805552661
216	58	8.6817501973442	3.21772117549557	2.67124557336061	14.2428821115753	0.0251696675900277	10.6078947368421	0.769592767422837	24.0198822714682	0.306919530390118	22.3315789473684	521.158729412908	1.36286188923926	1.74711097966332	10.6078947368421	0.831996103752609	0.240831094832527	0.616604748338289	0.0233161561910292	34.1385542168675	0.30699300415964	25.6307428509218	0.201341533454796	23.1385542168675	540.100988578322	1.32762641928163	1.73664284594072	34.1385542168675	1.05565147091646	0.0945973084994388	0.397981630010801	541.796296296296	116.587962962963	28.7578720220863	0.934117329507069	-1.16129229425591	0.806877542420208
1394	511	34.4846929422204	17.5132931014649	0.639921722113513	67.2250252536835	0.0459897294195256	8.93470348961679	0.634506901089009	13.2228073748017	0.360332274837545	17.642474844787	310.816558212476	1.18464897978022	1.52034339866246	8.93470348961679	0.789188886935636	0.165159247649053	0.489326543826496	0.0338459748543245	24.5182481751825	0.182051931779863	15.9876557741217	0.269507138590203	18.1345151199166	321.262451674741	1.22800522717299	1.66169809915269	24.5182481751825	0.976966027105915	0.044663208834282	0.270374251162789	586.345050215208	154.696556671449	151.324812087019	0.954602947773078	-0.941427203921749	0.067085836207799
65	28	4.27201889437588	1.39737635894716	1.24386248337625	6.36205668837695	0.0648089803729375	7.71980676328502	0.38889997339718	7.31632010081916	0.415004498891967	15.7391304347826	234.752601651091	1.00118186616901	1.2706877471919	7.71980676328502	0.726326984115774	0.0981970659396829	0.350678870256543	0.08	14.8571428571429	-0.0556844547563833	8.03673469387755	0.336368559897972	16.2857142857143	252.774745619315	0.810413005902405	1.14515564784187	14.8571428571429	0.651777875909589	0.0191541543703738	0.14799713633265	689.676923076923	105.292307692308	13.7361482254465	0.857310651595863	-0.578265703120175	1.04185470654764
133	65	7.20598772448143	3.5664961461884	0.511408311956754	14.1942566933575	0.0795277447107062	7.01199040767386	0.327970951868643	6.21702925429441	0.417669083517581	14.7865707434053	205.227919489043	0.952851327444168	1.21759304493874	7.01199040767386	0.725248014539669	0.0639489671254167	0.278003192454009	0.0743103771814599	10.4109589041096	-0.0819454736924218	5.81122161756427	0.299643336387897	14.958904109589	206.137018818076	0.912442232948043	1.21336110169905	10.4109589041096	0.755288802304437	0.0409012782075065	0.222265853150043	851.481203007519	116.872180451128	28.532795188454	0.913133263528374	-1.40024503408365	0.395580424073318
36	16	2.98047454118142	0.224422056334546	2.29214010261153	3.22163099221497	0.0648118622448979	8.80357142857143	0.468750000000001	9.28571428571428	0.331957450339803	16	248.246338479003	1.03647592427782	1.31786188659935	8.80357142857143	0.764677289497252	0.133407364542518	0.414365103184342	0.102076124567474	17.2941176470588	-0.214285714285711	8.12110726643599	0.203644368350251	16.4705882352941	257.69720901582	0.77005010448042	1.03566480653687	17.2941176470588	0.706131865870524	0.126754122187564	0.361633416234734	891.916666666667	105.027777777778	6.92820323029168	0.30848761570085	1.24904577229568	1.76714586764426
151	65	6.40285247706675	2.01401619209204	0.837296296873091	10.0495458992466	0.0604714767837203	8.27811860940695	0.706991450157496	15.1260700649462	0.386896109667673	17.321063394683	310.845353200919	1.11553373501003	1.43176546542917	8.27811860940695	0.73023903238658	0.217070103563201	0.542537971976462	0.0550004712979545	23.3980582524272	0.275883595290604	17.1562824017344	0.291958899534724	17.7281553398058	316.418220109535	1.13926903737357	1.4602573843623	23.3980582524272	0.925281227227	0.122068001171316	0.415819969681267	339.172185430464	112.324503311258	19.8740943446612	0.710287964996056	1.46114521254464	0.449117624323843
51	28	3.77994858946944	1.4734898487731	0.505076272276105	6.23109385358983	0.108372439805272	5.28476821192053	0.220985259891387	4.39195649313627	0.438045009139672	13.682119205298	173.863748738343	0.814303113290835	1.06102612646299	5.28476821192053	0.633362118952757	0.044611361632	0.21739471717595	0.203333333333333	8.5	-0.164472182053428	4.64972222222222	0.466923076923077	12.6333333333333	150.670215927744	0.609551605488502	0.790169602886891	8.5	0.559723091627468	0.0457564703826946	0.19059303685072	712.21568627451	107.176470588235	12.4661334955765	0.802065590561812	-0.24484112250144	0.817455231291222
46	24	3.56595439064224	1.13005523732908	1.60943399298566	5.78131569031748	0.0877024998706071	7.43884892086331	0.419166855258478	7.4036022980177	0.416453590215757	14.863309352518	211.858384628535	0.946311674953796	1.21257231447764	7.43884892086331	0.729559346061831	0.101021160864981	0.347903033669817	0.126297577854671	12.4705882352941	-0.0719809637120749	6.81660899653979	0.236809127466567	16.7058823529412	268.294504429166	0.659117673470708	0.924732375527162	12.4705882352941	0.512769948853468	0.23639781416648	0.468580327151562	74.0434782608696	107.369565217391	11.4706949986763	0.860242793193159	0.465356074822223	1.00356431989674
88	50	6.18999963876805	3.17608319665141	0.9035485598461	11.277251438183	0.111017941563417	6.53992395437262	0.425176058575213	6.68863219072128	0.466298450955127	14.3878326996198	197.687254483842	0.916654218309028	1.14455185703661	6.53992395437262	0.663955639271985	0.098206356724211	0.333897471621148	0.143676035502959	12.1538461538462	0.0677937255346906	7.51886094674556	0.432489816652713	13.9615384615385	185.587233828854	0.859415114701986	1.08081753872876	12.1538461538462	0.758291434848418	0.0223989616299772	0.155518824451722	561.397727272727	111.704545454545	24.7862759312451	0.973240389262009	0.936937604825181	0.442336245625443
81	36	4.95479721877041	2.05877749350884	0.211549252940674	8.55961303498247	0.0665339369256158	7.06614785992218	0.363641073887729	6.55201441354146	0.390944801519304	15.3151750972763	220.358422951033	0.989795061940761	1.2621350416261	7.06614785992218	0.747686461563573	0.0679122813712353	0.291384488980921	0.110809948979592	11.375	-0.136503385105536	6.00438456632653	0.318350032320621	14.7678571428571	204.582268850939	0.770009787437363	1.00115781982221	11.375	0.700426398194734	0.0646005955494239	0.254263028923281	702.308641975309	111.814814814815	17.6788935417175	0.928131374578297	0.926263719402448	0.785398163397448
48	26	3.72479844033842	1.28607273811716	1.65563409615623	6.08677390479122	0.084804602261456	6.66197183098592	0.468837731611456	7.27112676056338	0.43833786625833	15	215.340362982959	0.967258722128059	1.22214461970413	6.66197183098592	0.707839226099607	0.107448414553837	0.359964416057387	0.0987654320987654	19.2222222222222	-0.150256515493535	9.35562414266118	0.316955416955417	15.1481481481481	218.993731764764	0.837541682440932	1.08282538261158	19.2222222222222	0.725582562079908	0.0256178938866171	0.166458733050055	131.395833333333	110.375	11.5714560370547	0.853561522657216	0.625096912915165	0.892286670842071
78	33	4.87431599552142	2.04371339003681	0.430686981925818	8.33597754192215	0.063376	7.352	0.360061723752782	6.744304	0.380327944233827	15.528	226.539737816346	1.00510353213431	1.29115183141286	7.352	0.752641534171002	0.0859269009298181	0.330844657234724	0.0590123456790124	12.4888888888889	-0.131644889923035	6.51802469135802	0.293488782900548	15.5111111111111	221.548590760063	0.952080206427937	1.28230695404461	12.4888888888889	0.795178940482659	0.0549817182453086	0.264444572352993	156.615384615385	110.371794871795	17.5161776941968	0.920288834456676	0.309158256551306	0.900070622516084
60	31	4.29122115111529	1.79593413267628	1.09487501603079	7.1553302719531	0.0838185672907522	7.67213114754098	0.464950166804802	8.16954820985996	0.396800702490192	15.1256830601093	220.934969443716	0.986061150319172	1.25928509454026	7.67213114754098	0.73111283090336	0.115000680561428	0.377400489842872	0.0874089490114464	17.9354838709677	-0.0277877161598079	9.72528616024974	0.34448078205194	15.741935483871	240.310585344502	0.797206494208063	1.10512625024012	17.9354838709677	0.67174802386555	0.0965110191046023	0.325597130240412	200.6	112.383333333333	15.2528658095742	0.907367331057148	0.64560611135996	0.784580891635328
198	72	8.82104612052058	3.96980621555153	0.389879690211641	15.8547856622239	0.0490652802542475	9.61094224924012	0.586418782499314	12.6191715708465	0.346873820966437	17.7234042553191	311.235295464145	1.15929995022618	1.49259751118328	9.61094224924012	0.789776274141584	0.167075686499579	0.488086132081012	0.0368180596613814	19.5573770491803	0.0959201928094014	11.8161784466541	0.270288201433837	18.4590163934426	322.452460987762	1.17477142149416	1.55685079170797	19.5573770491803	0.944943194927785	0.0481728728588631	0.271974852860705	447.823232323232	120.136363636364	32.0465730598193	0.919267184893061	-0.989361166460612	0.479965544298441
31	17	2.80414702754378	0.67971976835187	1.40316005198548	3.95169798378081	0.0886505190311419	6.42352941176471	0.168160309721823	4.86103806228374	0.422741549108331	14.4235294117647	192.431512970694	0.880601732221993	1.12329580897676	6.42352941176471	0.691881344730435	0.0424969497161432	0.218180425556715	0.131111111111111	10.2666666666667	-0.159638554216867	5.42666666666667	0.364766214177979	13.6	171.927860136493	0.774717931503706	0.995473261657292	10.2666666666667	0.719431013314971	0.0809944965338226	0.28389633805461	4.2258064516129	111.774193548387	8.43894731368937	0.830295745928899	-0.602639060301264	1.34794978908351
411	153	16.2704332790219	8.91096757790199	1.2776398635099	33.5878276692971	0.045475709209715	8.68850072780204	0.647720621274776	13.3318327051141	0.363357779720482	17.7976710334789	316.997128798708	1.17364328127476	1.50614057371867	8.68850072780204	0.784191320427096	0.175054460614884	0.50094749069535	0.0279140495867769	23.7636363636364	0.171755652190142	15.3457884297521	0.241407212098677	18.5709090909091	333.833045724686	1.24423807858493	1.68770387418151	23.7636363636364	0.991285679624699	0.0371913499723309	0.248907534546122	305.540145985401	142.892944038929	68.2743421296386	0.974906205102485	-1.2484673610093	0.220632163804589
90	40	5.52304804935127	2.17047005152274	1.29807549857472	9.61691218635173	0.0549105420524691	8.59722222222222	0.657715569379644	13.55859375	0.375358559917384	17.5416666666667	310.318894524406	1.15015234532867	1.46565431035233	8.59722222222222	0.781600543160888	0.184901697491782	0.508084912144123	0.0276967930029155	22.6938775510204	0.0623946037099493	13.1020408163265	0.221278856141415	19.1428571428571	347.737035688393	1.19786480588171	1.60182793852787	22.6938775510204	0.973589857019249	0.0458378634482605	0.26905865247015	782.477777777778	114.277777777778	18.115858040929	0.894649130178148	-0.198714434911601	0.706858347057703
74	37	5.02076905868335	2.28982585729532	1.65461922865012	8.76309413654064	0.0955765595463138	6.28695652173913	0.163577468047539	4.75824196597353	0.433063151682077	14.4086956521739	192.372752631774	0.857801169165826	1.09221343053235	6.28695652173913	0.674418742235424	0.0324644078187349	0.188152338246041	0.109410430839002	11.9047619047619	-0.296456352636127	5.59126984126984	0.294031458737341	14.3333333333333	189.99462264262	0.785849980979558	1.0295409298504	11.9047619047619	0.713460398630178	0.0727526590141443	0.273468822109274	864.959459459459	118.581081081081	19.7724045117457	0.964311144783169	-1.56231670513372	0.679263276451847
126	53	6.53727554989193	2.87948611303086	0.906446199959571	12.0075032908369	0.0605255691250777	7.75429975429975	0.507945324704479	8.87951028982971	0.387544917592613	16.019656019656	248.098994824924	1.0418306294365	1.35454555356343	7.75429975429975	0.748440836248019	0.128378936852659	0.411800232543898	0.0482253086419753	13.0138888888889	-0.0221895620421349	7.3656925154321	0.283315803663723	16.3472222222222	247.358348400476	1.02046564336196	1.39029032446929	13.0138888888889	0.870945477450364	0.029527005906346	0.202015206467922	22.452380952381	119.84126984127	24.6356584310707	0.903193064210667	0.818972892425647	0.563674865578233
59	25	3.98118829385628	1.09969985398822	2.16813283725884	5.96161052065634	0.0590027700831025	9.54736842105263	0.485672672574084	10.2814127423823	0.332175228336219	16.8526315789474	276.607617679199	1.07196824907678	1.36900222182596	9.54736842105263	0.757301182930378	0.143736511434795	0.437087493816704	0.0785246876859013	27.6341463414634	-0.113646988312857	13.4070493753718	0.288016709714579	16.609756097561	266.703850278638	0.966553128903494	1.22532961823033	27.6341463414634	0.921479647097185	0.0564901858630002	0.262208454873455	730.135593220339	114.305084745763	12.2427594662387	0.861262711228448	0.348411906011232	1.18626538599551
35	17	2.93904383125924	0.544313708536106	1.80061504294282	4.15945165403852	0.0724517425102629	8.76635514018692	0.359003180523445	7.83806445977815	0.363888225350567	15.4766355140187	228.681527720136	0.981959766655093	1.25075456977567	8.76635514018692	0.74257917957205	0.0932383974521728	0.339316352950066	0.0761245674740484	10.0588235294118	-0.315087084370052	4.82439446366782	0.30298110194304	15.2352941176471	212.623763807312	0.834425759035746	1.14625105289833	10.0588235294118	0.765363554293289	0.0743758134145838	0.291099944075455	883	113.514285714286	8.14059133164052	0.739080100854695	-0.449718207646001	1.52187879412654
168	58	7.82954096313482	1.69904514900742	4.05791896198304	10.9757326088977	0.0744318503024478	7.39473684210526	0.528428304648462	8.8405223585279	0.396345011360491	15.4736842105263	232.90505712517	1.01900661006894	1.32046564893763	7.39473684210526	0.7380820594278	0.128843315224916	0.407764700253448	0.06715	12.38	0.190542820154047	8.6471	0.327735843248612	15.54	229.519884350899	1.00344317415919	1.30661780020074	12.38	0.788488924701242	0.0701174833983786	0.300960843859233	417.755952380952	121.922619047619	21.2162224262744	0.620834644467435	1.30429232951671	0.627571421882384
59	23	3.9162098001991	0.669178493112961	2.66177875913286	5.03015481540268	0.0466589707106231	9.63730569948187	0.586391403835827	12.6502724905366	0.324893974695865	17.8238341968912	314.86004991783	1.15361327288526	1.48636110520324	9.63730569948187	0.794814546246801	0.173011127908106	0.495334194051485	0.0640581717451523	29	-0.0650050864699882	14.6149584487535	0.258622505311322	18.5263157894737	333.08291192758	0.987128860412045	1.25841323058931	29	0.834876753551406	0.0513358537048464	0.253285008674215	810	116.661016949153	10.4540965938365	0.719766403061154	1.17000287821715	1.40154228024044
219	82	9.08884924084126	4.54014609416688	0.680308569803967	17.1321802534865	0.0430701342350958	9.17373461012312	0.747484496221865	19.164695776825	0.341741968522366	19.0861833105335	381.445061296599	1.25475003108506	1.5870987965578	9.17373461012312	0.798492723467302	0.218240431914276	0.567561816817601	0.0495125898603636	24.441717791411	0.38894555582739	20.9996236215138	0.298321337179579	19.1411042944785	376.645653525505	1.22215128848902	1.56429988082655	24.441717791411	0.933023237100388	0.123035206842909	0.430601722782564	120.844748858447	122.625570776256	34.4689313077439	0.920937813713086	-0.141805839105406	0.409285420069105
49	20	3.52359090545057	0.426388474311896	2.54017715917611	4.47800178651148	0.0508337052213072	9.04458598726115	0.559769043632114	11.2725465536127	0.339837932869031	17.1082802547771	287.383436121868	1.12898628117867	1.44856581250222	9.04458598726115	0.790401836185935	0.144102717923947	0.448825185441671	0.0600475624256837	26.1724137931034	-0.0965749159297534	12.9337098692033	0.246532067204999	17.7586206896552	301.620791638347	1.02367623337935	1.28318485033106	26.1724137931034	0.940633475954808	0.0404774572680133	0.227227403331352	224.510204081633	118.530612244898	8.53444989911153	0.49054523354599	1.44397290975928	1.539380400259
171	53	6.82604788451881	2.15084759896089	1.15972523476447	9.78859850710803	0.0410853684364383	9.10880829015544	0.665556471652024	14.617857004364	0.34655019354806	18.3246977547496	337.93779251962	1.21986882276901	1.56193638129511	9.10880829015544	0.794195197367055	0.17864005936573	0.513713404994767	0.0387377173091459	21.7142857142857	0.257383384530542	15.6201184177375	0.295887572852775	18.3015873015873	328.709197521147	1.21524744881359	1.58855928802637	21.7142857142857	0.953066267565124	0.0709475357215245	0.332085645956628	296.801169590643	121.40350877193	20.2270402665516	0.762883879818385	-0.319707185066282	0.764987317570459
89	38	5.10654179170074	2.05838355050053	0.539954856017964	7.99848496734559	0.0613296398891967	7.56491228070175	0.578903941359328	9.98240689442905	0.380610999186851	16.119298245614	255.012363239648	1.06447682712377	1.39073333200382	7.56491228070175	0.751512452036739	0.144609349664251	0.441473916165541	0.0634	22.44	0.0449763372033649	12.7484	0.248924833187674	17.08	283.611770752891	0.984715884679419	1.28957180315237	22.44	0.849599383480318	0.050703158530165	0.254725965636468	666.370786516854	118.516853932584	17.7428199347166	0.888132841074278	-0.345421462571189	0.774520072491667
196	73	8.19994453931846	3.28284140103014	0.74779967473731	14.4168954905837	0.0479375933515966	8.70046082949309	0.506425909352178	9.81373333238949	0.355801734549362	17.0076804915515	279.107934033719	1.11574978651584	1.43333662989312	8.70046082949309	0.78462174644527	0.12542348632175	0.417767856531777	0.0373891427035743	18.016393442623	-0.00675787292195321	9.94772910507928	0.270620029840577	17.5081967213115	286.660282953348	1.11046029289998	1.47411281005217	18.016393442623	0.915919890975916	0.0213924182673198	0.17712456129017	750.760204081633	127.214285714286	29.6414179827031	0.897894711232132	-1.02450674430759	0.462189649167648
101	37	5.46669721549545	2.02824077311211	1.82367355760405	8.56462563523538	0.0460899478309583	10.698224852071	0.563228528402111	13.2469363817793	0.319169730655982	18.2781065088757	331.526842851719	1.1539328886197	1.49593087679164	10.698224852071	0.796209253682199	0.193184776844621	0.523231393913532	0.0668145956607495	33.2820512820513	-0.0394661190965072	17.0092044707429	0.280295796664887	18.2564102564103	326.879380450171	1.04813858697027	1.36687641135528	33.2820512820513	0.927765892286928	0.0739164828219872	0.315588816789417	894.277227722772	122.485148514851	18.6324651191264	0.913692302606008	1.33449024762631	0.927102580022116
86	28	4.81570182427288	0.769531808959796	2.98849836021029	6.05354509054531	0.0343406431194719	10.1443298969072	0.698111563126422	17.8014548718131	0.321402626678551	19.7182130584192	397.777662024193	1.25971440782882	1.62248521818547	10.1443298969072	0.80811061302733	0.202128377139203	0.552882266502753	0.0287557108304219	33.9508196721311	0.161952840733825	21.2559123891427	0.195887002244099	20.672131147541	424.190489787899	1.25261364829658	1.65776974905856	33.9508196721311	1.03617739714428	0.148105582127151	0.482615218475298	72.1976744186046	122.116279069767	11.8120083497825	0.567357557871255	-0.362145120763134	1.37845391943226
199	55	7.59030621598601	1.69972636897307	3.88329756778951	10.5678758508983	0.029121921567905	11.4964234620887	0.832558750131235	35.3297230255362	0.323039832406154	23.8798283261803	632.152548643294	1.37804884092093	1.73449248192161	11.4964234620887	0.792507284626619	0.313139833692306	0.689052736700412	0.0224523313571543	38.1962025316456	0.486532745767932	38.1943899214869	0.231433012895864	24.6518987341772	651.004619125035	1.40489329324499	1.75867443637891	38.1962025316456	0.990594971126113	0.196612895066947	0.564368447521072	381.27135678392	127.27135678392	19.2056117159615	0.605251521210892	-1.50956159763848	0.826680248680157
217	74	8.50525438619575	3.80233645385937	0.329075558429352	15.7925801571641	0.0384774862325882	9.0530612244898	0.669992145706588	14.7164329677449	0.351188924634303	18.5442176870748	345.435253098068	1.23460814637234	1.57654031812644	9.0530612244898	0.800806779273235	0.180319715581738	0.518024319980753	0.0310444444444444	25.0666666666667	0.210214558378308	16.8692888888889	0.256322270371615	19.0533333333333	355.183726565394	1.25520877829932	1.6525588161433	25.0666666666667	0.959616817324928	0.092663157967337	0.385152556001541	688.133640552995	128.944700460829	30.9155793994764	0.907729220579904	-0.650550639478759	0.497973415506928
130	46	6.34523596588329	1.9540524051088	2.05523905213888	9.62594359894824	0.042977128416403	8.9815668202765	0.63955316261242	13.4589341459789	0.351420388422286	18.1612903225806	329.467463739601	1.17266783645888	1.5090750440258	8.9815668202765	0.793766972126937	0.169134770770704	0.493275497853576	0.0441975308641975	22.9444444444444	0.15357096500197	14.5536728395062	0.279387253526022	18.4555555555556	330.991134835539	1.14310662647685	1.45218083704177	22.9444444444444	0.941890651957425	0.0622041398043607	0.298357634129981	154.138461538462	126.892307692308	17.1593580617615	0.610860426839344	-0.231130163326635	0.772036001827359
138	44	6.70939963243927	2.47382369615577	2.52722776284395	10.7882751246568	0.0370724810307282	9.32622601279318	0.706220140917685	16.8728138169948	0.323939970998795	19.3049040511727	380.085928032449	1.25162460456627	1.58217628212123	9.32622601279318	0.803003291844532	0.197745739237294	0.541603069358204	0.0275065104166667	29.3645833333333	0.199875823225492	19.3500162760417	0.19588894635738	20.28125	406.597715152841	1.24018297679964	1.63726890991467	29.3645833333333	0.988925549665357	0.087428241431157	0.372857290693217	204.753623188406	129.5	22.4670534818378	0.922271953387787	-0.995824930881624	0.895743359907834
79	32	4.67874086654429	1.59191349992026	1.13751717020008	6.90879478002495	0.0521506760132629	9.11284046692607	0.493743859932442	10.0002271041197	0.358007108293215	16.863813229572	275.365602218556	1.10064304496118	1.40781908649482	9.11284046692607	0.788362968367014	0.123118670061358	0.410664467159847	0.0638216070742022	18.5294117647059	-0.032620922384701	9.97202998846597	0.291598072020104	16.8823529411765	269.476459405012	1.00413669325197	1.25204374850466	18.5294117647059	0.894176984813767	0.0361100381703464	0.212129130475205	820.974683544304	127.341772151899	15.2080193895928	0.869926501876148	1.38277892112715	0.969475857943725
43	21	3.53144178863723	1.08823145132485	1.85469924706197	5.48260493890447	0.0958579881656805	6.70769230769231	0.393011276625363	6.52538461538462	0.415804554990076	14.6	203.41005734095	0.888099650773997	1.15372103913301	6.70769230769231	0.700799380786602	0.0852485732539422	0.312459881669801	0.106648199445983	13.5263157894737	-0.0339862361037565	7.54085872576177	0.301838275522486	15.3157894736842	223.141602963701	0.807016822280259	1.04467208201498	13.5263157894737	0.704187748474695	0.0585315163884126	0.24707658354609	405.674418604651	126.581395348837	11.2994432371772	0.894187175440449	-1.08123319778231	1.22529237282867
434	142	13.7949557535493	6.36287221244753	0.476589417343345	24.8576586550454	0.0369976577631638	9.72214765100671	0.664451935290138	15.4869672537273	0.34227273585347	19.0496644295302	365.303460135338	1.24298762639156	1.5932216296664	9.72214765100671	0.801573718477849	0.192116121461883	0.53594725033801	0.0265185702778506	25.3426791277259	0.195998860195182	16.76035024893	0.263958235963864	19.2990654205607	362.578930583596	1.27463176189614	1.72747295806266	25.3426791277259	1.00443853908363	0.0598057378192494	0.317840508934416	647.101382488479	144.951612903226	51.7677788356546	0.898212874804831	1.46826487411235	0.27047236890656
252	102	12.4587062689258	6.3062825972306	1.89469503642291	24.010244273338	0.0528773922892011	8.92307692307692	0.600618860343126	12.1711295765533	0.357112350777509	17.2740384615385	295.99707876608	1.1422178146634	1.46712184762875	8.92307692307692	0.773051009619276	0.166634800067156	0.483830998385792	0.0489961377637333	22.7796610169492	0.188594037792481	15.0371540744997	0.298899203629857	17.2881355932203	292.788141599511	1.18164043386113	1.56733271900131	22.7796610169492	0.967051774425265	0.0585252998435533	0.300277510793162	787.103174603175	144.281746031746	51.5129649183109	0.982593129375967	-1.4784714453674	0.304375758825309
315	115	10.9552671523503	4.06755392915321	0.905392373347852	18.1611792293862	0.0491843427986707	8.68064823641563	0.74850084323701	18.2578078355072	0.372085445551492	18.4213536701621	356.058674244601	1.22518865760801	1.5457545628354	8.68064823641563	0.780302116610582	0.22109661888402	0.564827972852555	0.0440790123456789	23.4355555555556	0.396824396169835	20.4268098765432	0.274616436693394	18.6177777777778	356.27551460105	1.23952036656324	1.63085792463836	23.4355555555556	0.971809420063176	0.0860811154975463	0.369387470140594	334.95873015873	142.28253968254	37.3922470621912	0.879966377966689	-1.43015851488764	0.299312419169992
65	35	4.28938645562227	1.87386443371897	0.344045559394079	7.29019470079572	0.0966137218757102	7.34673366834171	0.427875293497629	7.42057018762152	0.423250163007775	14.8542713567839	211.638465704348	0.950929362061793	1.19955965605615	7.34673366834171	0.681739789176278	0.104820385939812	0.35251367064349	0.113412228796844	17.8205128205128	-0.0127977580569819	9.79766600920447	0.37821098593861	14.5897435897436	205.9866813843	0.855970249252079	1.1135016264861	17.8205128205128	0.730050315639713	0.0614477476040914	0.261069067635048	557.153846153846	129.784615384615	15.6087261502678	0.884351670347152	-0.366293798699947	0.666787012190487
112	49	6.51649894537369	3.02138117458704	0.819636148082627	11.7176984291484	0.0618402777777778	8.45555555555556	0.554753416831965	10.495362654321	0.358030790971967	16.3277777777778	261.801008477699	1.08720320147092	1.38283216838796	8.45555555555556	0.750949789870044	0.140960169441403	0.434943641063474	0.0584961142617097	19.4492753623188	0.118248647825095	12.0287754673388	0.329614849581185	16.6376811594203	268.244051080414	1.03068834935665	1.33058921361342	19.4492753623188	0.865742009562009	0.0891053187592183	0.341614828439216	725.5	133.6875	25.0643698804574	0.955758231311114	-1.24830362385376	0.586186384343285
64	25	4.20167339657087	0.889236002728509	2.43211841816968	6.05600528401354	0.0508043639053255	8.92307692307692	0.596541136191196	12.0582239275148	0.351948476495988	17.4134615384615	301.292322196552	1.10449150937725	1.40563376512024	8.92307692307692	0.780527031311537	0.163532849523028	0.470596608290468	0.0415625	20.9	0.0770589534113493	12.3225	0.249533937862418	18.1	313.050243615873	1.1099957735181	1.46076827026609	20.9	0.882090337013014	0.0702119230500189	0.317554066077591	769.25	130.671875	11.3082954648432	0.73577149336057	1.09809748137434	1.28679635091038
72	29	4.40711481245812	1.37306435978591	1.56545647762981	6.39792252251015	0.0547525854639471	10.4067796610169	0.478085791106812	10.9698182993393	0.309745814531458	17.3474576271186	293.293114650419	1.10490175945794	1.39175638791299	10.4067796610169	0.762645888806611	0.159284151223288	0.462660354455075	0.0478967097042899	19.8979591836735	-0.182534869617946	9.41326530612245	0.254720977078017	17	269.096437717845	1.02059651685868	1.39669528989116	19.8979591836735	0.911052750258933	0.0449501157365211	0.249411507962321	12.375	131.722222222222	14.0043485606977	0.875049043420743	1.49279188955396	1.07583672322694
184	77	7.28581696838985	2.8396788808123	1.53186208599129	13.7707049832683	0.0559522260458858	8.25623960066556	0.643035427347892	12.5645084039081	0.382476802247772	17.1148086522463	292.981726157606	1.14671759092527	1.44832885038881	8.25623960066556	0.774538466190049	0.165613671694103	0.479706611572343	0.0657741957516563	19.5123966942149	0.253856008399575	14.0754900621542	0.323638913573164	17.2644628099174	295.824275836115	1.04611787950868	1.30538275928744	19.5123966942149	0.883029766491106	0.050135985011089	0.254805519580267	359.820652173913	137.75	21.896477019725	0.681910458064254	1.4105943846372	0.389983503633342
197	73	8.95513180955029	3.21273381399127	2.87246914721271	15.353964624377	0.0605276125232859	8.21085271317829	0.474080458336684	8.8061871281774	0.379650731442797	16.1116279069767	249.059858597882	1.07680290638724	1.36914144376096	8.21085271317829	0.764164862517501	0.106161421517323	0.377223177356831	0.0525732330018812	13.1229508196721	0.0971088085536213	8.26718288094598	0.332465733346511	16.172131147541	245.273917566804	1.02854713111039	1.36740924184456	13.1229508196721	0.816513723730711	0.034832756150373	0.217528708146295	459.609137055838	134.482233502538	27.0248887163976	0.797739972081051	-0.132221395424515	0.464547759622585
114	41	5.90016452202197	2.21711563572203	0.964880021700134	9.65902930499813	0.0428099558674378	9.69633507853403	0.533778863522385	11.3988583098051	0.327753813371307	17.869109947644	311.117777476909	1.15927214722766	1.49498976605508	9.69633507853403	0.801750775114508	0.13762315350933	0.445244290915846	0.0506011362135024	27.0574712643678	-0.0504831859496523	13.8785836966574	0.22421909234868	17.8390804597701	306.105347669947	1.05669433181783	1.40351269437557	27.0574712643678	0.924235806006585	0.0316214226008879	0.20998193473485	507.824561403509	132.789473684211	19.7515487095306	0.896459900021548	-0.928924713781775	0.852210737678135
34	21	2.99915649184204	1.39584060516885	0.761904761904759	5.33269554009565	0.1474609375	5.125	-0.0243331164606371	3.50162760416667	0.422058823529412	12.8125	153.309784778577	0.629385687070397	0.884418619974686	5.125	0.448952947803398	0.0226013804803311	0.141472787805626	0.393333333333333	7.46666666666667	-0.304347826086957	3.86222222222222	0.56078431372549	11.8666666666667	137.768515291672	0.300064180653325	0.440544845296516	7.46666666666667	0.300064180653325	0.132812781308716	0.246471719842039	482	131.764705882353	11.961575357871	0.945784310639122	1.37857511884049	0.968835829678485
41	19	3.17637364965056	0.673488474952773	1.95588465011179	4.28390015686835	0.067535400390625	9.09375	0.407967829867044	8.68011474609375	0.344404656353186	15.828125	241.3523369171	1.00497999184721	1.29854094437543	9.09375	0.736080448086655	0.129274396569487	0.405321685947718	0.10207100591716	33.8461538461538	-0.239973986559722	14.6479289940828	0.283931183906904	16.1538461538462	253.651889392806	0.892577292357987	1.12413882748413	33.8461538461538	0.892577292357986	0.0851912468664577	0.308524691920989	492.780487804878	130.853658536585	9.11128112868925	0.779652347517908	-1.45914999178023	1.42720552683858
92	41	5.45017174290706	1.86915070126116	2.36786437060333	9.3311412116482	0.0607270118931926	8.36054421768708	0.621103429328238	12.032752556805	0.387003949188823	16.891156462585	284.942845271686	1.10596152358751	1.39544292660726	8.36054421768708	0.761949081867895	0.172119931975745	0.480733214603472	0.0580357142857143	22.4107142857143	0.180498953468713	14.6733896683673	0.28238945944011	17.5535714285714	302.595593870164	1.11238079399728	1.41746871433096	22.4107142857143	0.903654543145566	0.118568528834506	0.404485851801161	809.152173913043	136.663043478261	16.6508939632743	0.850799321002931	-1.43994420606902	0.687749016371829
31	16	2.71668068651799	0.490652420253014	1.5625	3.3825147819337	0.0845762515897792	6.98924731182796	0.304916750988868	6.02763325239912	0.371271636546779	14.6021505376344	200.25383491018	0.922510585778532	1.19000129815747	6.98924731182796	0.730210342645778	0.0884802377568683	0.322976711412106	0.0918367346938775	24.2857142857143	-0.31419105466593	10.2397959183673	0.209678715561068	15.5714285714286	233.041630620932	0.726626072466968	1.05442865454701	24.2857142857143	0.683621787372113	0.163047323071642	0.413166777023492	607.41935483871	131.096774193548	7.42763081435286	0.694281858075083	1.21709435434439	1.52170894158256
47	24	3.56494997800941	1.18636044216552	1.12190933481973	5.51591762286404	0.0842496141975309	7.48611111111111	0.307395773843517	6.40432098765432	0.409095803948745	14.7777777777778	205.547065453182	0.94246453182359	1.19893619012432	7.48611111111111	0.736107008545743	0.0788783634624726	0.306205394798705	0.18310546875	14.5625	-0.320113314447592	6.515625	0.337245475113122	14.25	192.332717789261	0.654680298379858	0.871045607763344	14.5625	0.571164788853166	0.0820391062099901	0.267969736965923	708.914893617021	135.723404255319	11.4868610176545	0.877026914933687	-1.45192460156369	1.02538093554667
136	63	7.59055759249187	2.89889490076762	0.784069145093872	12.6332454819977	0.0667025798846866	7.44110854503464	0.584733750566288	9.95944295398663	0.414768851176948	16.1200923787529	254.461384733674	1.0846435506413	1.36086673905053	7.44110854503464	0.747587892996504	0.15211637733658	0.448024170117177	0.055546875	16.3375	0.218392007505111	11.4512109375	0.314911466452303	16.4125	260.695947929903	1.07533584948301	1.40093319419063	16.3375	0.874213446316349	0.0674852799103281	0.305302372668326	128.830882352941	138.139705882353	25.6595765734907	0.858793594381222	-0.820220945526869	0.430593702079327
51	22	3.58247953694475	0.674608453637522	2.21191364738118	4.78461722434209	0.0598803536046334	7.80246913580247	0.530994044892349	9.31809175430575	0.373993601444582	16.2469135802469	256.402858558088	1.05043501853179	1.35028927268107	7.80246913580247	0.762707340325696	0.134627603447704	0.420818316960134	0.0510204081632653	25	-0.180722891566263	11.5867346938776	0.223831474276238	17.2857142857143	283.336237293429	0.976535933696699	1.32341561992629	25	0.902839995928088	0.0492459774542032	0.254233605067157	283.549019607843	134.882352941176	9.23546304322504	0.593688321743557	0.315857400107207	1.32414235812462
61	27	4.1982944163982	1.43677078054176	1.36585843811746	6.3955145461498	0.0657747900945903	7.52577319587629	0.370451868151407	6.97712296737167	0.386772049840576	15.5360824742268	227.72287215773	0.998539577157861	1.2670994011988	7.52577319587629	0.735113886477437	0.0770171669786903	0.310670287261145	0.0692520775623268	15.7894736842105	-0.170190925887908	7.74653739612189	0.24476612835746	15.4736842105263	222.336830163795	0.943021656343931	1.25549747342615	15.7894736842105	0.822617620854571	0.0713593185184719	0.297860916532081	220.180327868852	136.803278688525	13.8980962278195	0.896730323225865	-1.04577471951684	1.05150700613979
195	75	7.40972985854087	3.58442201773531	0.497817458735885	12.9432539271322	0.0468945961505845	9.28284389489954	0.634487688746377	13.6984011332771	0.340159897356006	17.8052550231839	317.91019053618	1.17999021633135	1.51087798332369	9.28284389489954	0.78348128314557	0.174509002073496	0.500887181243255	0.037808602039232	25.0719424460432	0.115667122146067	15.1756249676518	0.235954118070434	18.0503597122302	317.036840148643	1.15638792569999	1.55561189716757	25.0719424460432	0.963051813843804	0.0485891645852213	0.273026189229228	526.420512820513	143.589743589744	28.6034027109823	0.879320428495486	1.18233359080798	0.435634181297785
32	16	2.74848928305403	0.365111847160759	1.82002747232013	3.28823660949148	0.0776915718992454	7.48453608247423	0.386952434013512	7.10436815814646	0.38312944656183	15.0721649484536	216.220266186819	0.955248513314252	1.22584484006459	7.48453608247423	0.719975273563955	0.104399961085323	0.355397345332349	0.087890625	10.125	-0.192272309107636	5.24609375	0.31566742081448	14.875	203.524700625446	0.851258501190005	1.09584537266699	10.125	0.747595529586126	0.0665970164620211	0.269656412827837	660.125	134.4375	6.7151201352524	0.407778245833211	-0.436961791060732	1.5707963267949
104	47	6.11950347797443	2.55413589779732	0.222134181040647	11.0292832167479	0.0734160421671627	9.01197604790419	0.377361972841107	8.23693033095486	0.361819665060243	15.8982035928144	241.973117994127	0.997285073534694	1.27682134525373	9.01197604790419	0.725352899196689	0.0975977202788531	0.350412821071389	0.0560333243751679	22.0819672131148	-0.190058585405062	10.2776807309863	0.306229544381342	16.4098360655738	253.532325268608	0.966275285825546	1.33238249376603	22.0819672131148	0.817735733724388	0.098794950210947	0.359601347893407	73.9615384615385	142.451923076923	21.7726542223386	0.903806907161847	0.730044030047402	0.591626321364126
44	28	3.99601055619306	1.88577154731721	0.89285714285711	7.31027024263866	0.16353130878796	4.52459016393443	-0.00874775314559371	3.24267669981188	0.465380906460945	12.5245901639344	146.505015717177	0.605743781760376	0.857837591023962	4.52459016393443	0.442004574073746	0.0123213372509022	0.102853645085117	0.427083333333333	6.66666666666667	-0.263157894736845	3.63888888888889	0.607843137254902	11.6666666666667	133.204376524698	0.294969887565967	0.420399052425959	6.66666666666667	0.294969887565967	0.108405728790234	0.216893891813273	836.068181818182	140.909090909091	16.7898650183043	0.951611961732665	-1.32493403515722	0.705255493663015
256	100	10.7222179122968	3.90797172983915	3.5357884552105	19.1865004625648	0.0493640138408304	9.04705882352941	0.700177054474069	16.0873356401384	0.346708975677834	18.2352941176471	342.05921798753	1.18369788003618	1.52635382250256	9.04705882352941	0.768125800456913	0.205105266860016	0.542671323297515	0.0354154266307202	26.792899408284	0.238278014907309	18.587059276636	0.241093293732576	19.0295857988166	359.209532983968	1.26292614412321	1.65656053879986	26.792899408284	0.984381018616639	0.0796262407203982	0.35826905475856	384.859375	146.45703125	39.1395069209382	0.893697843727489	-0.564520903301788	0.321699087727595
103	40	5.31792701020915	1.38099685520568	2.08865985742054	7.8078486153357	0.0438094436495245	10.7217125382263	0.69340295754941	18.4850227721198	0.327576827522861	20.17125382263	418.945388800225	1.20478313749797	1.52156693916389	10.7217125382263	0.774798904192068	0.249471625507691	0.593197060508662	0.0628621819098009	27.7619047619048	0.169042815934843	17.7047745023935	0.32753325304399	19.6349206349206	385.018706537387	1.03487995513401	1.3191747978861	27.7619047619048	0.853901294143677	0.0978927471101161	0.356326550397248	895.359223300971	141.300970873786	14.7450134504366	0.715164053832596	-1.28747124586041	0.808960108299372
112	40	5.94317078255422	2.20595127992298	1.60078105935824	10.0629270095733	0.0417885559444832	9.24932975871314	0.696493060272608	16.2374271359673	0.329520354122152	18.5898123324397	353.485395167177	1.21785169519379	1.5616335365058	9.24932975871314	0.798842492370882	0.199471067648253	0.540827833821963	0.0374939913475405	31.3164556962025	0.214988030782578	20.946482935427	0.218244935943328	19.3164556962025	377.269423753514	1.18361400748731	1.52943607573113	31.3164556962025	0.993231533736983	0.0874685754744719	0.361318705989383	865.991071428571	144.419642857143	19.1919513580996	0.890017697374567	1.23873836913158	0.879645943005142
56	29	4.04894397992587	1.95815022168982	0.341361894365957	7.24540118197417	0.0981058086201464	5.49112426035503	0.22862173780458	4.55929414236196	0.412696457736486	13.8934911242604	179.136987499796	0.840103242537721	1.10046279602513	5.49112426035503	0.677618768620484	0.0498085582997013	0.233798353485822	0.0969084423305588	8.72413793103448	-0.236746734091865	4.52705112960761	0.316757684506163	13.8275862068966	175.367568766811	0.789814074380388	1.0755779567697	8.72413793103448	0.658087957816322	0.0328624090979424	0.187878981056416	877.75	142.642857142857	16.114923035251	0.944296490766129	1.56215901946384	0.836761895843179
34	23	2.93134445846513	1.15558903483574	0.495728445695267	4.5809253570271	0.173155273879584	5.4468085106383	0.0595591683601683	3.89588048890901	0.487359198998748	12.7659574468085	153.020052187786	0.64641377789141	0.845148992496786	5.4468085106383	0.469706089995929	0.016116643273303	0.116780863179251	0.193333333333333	6.4	-0.058823529411767	4.02222222222222	0.472941176470588	12.6666666666667	150.939102648787	0.614687005221069	0.795305002619458	6.4	0.471291426436094	0.0258481858325766	0.143565255029359	431	139.647058823529	10.4519458770042	0.872004721505536	-0.0283407714421974	0.80766843268093
31	21	2.8740230503343	1.15011214499126	0.362655862183992	4.64840937854736	0.189795325881841	3.75903614457831	0.118464052287582	3.13209464363478	0.547554925584692	12.3132530120482	141.873608990944	0.604099901725326	0.83024748100121	3.75903614457831	0.430434967224075	0.00949560079045115	0.0888257650898773	0.21301775147929	8	-0.149659863945576	4.4792899408284	0.442533936651584	13.0769230769231	162.351606255609	0.569547393259628	0.75479662136054	8	0.439649697282997	0.029191393971567	0.148700349521301	557.870967741935	141.903225806452	9.55694607445267	0.780241758973921	1.25719071550955	0.883350315295089
100	45	6.04315260138198	2.6375840927422	0.949333749479736	10.0891091508017	0.0678283195175591	7.55205047318612	0.503225215199817	8.60108071530217	0.379607801986722	15.5583596214511	233.95356466836	1.02903436938461	1.33357139355466	7.55205047318612	0.726926934050532	0.109899583695434	0.379016933163627	0.0791715976331361	13.2	0.137194838949225	8.64946745562131	0.350513204564546	15.0461538461538	215.563684754583	0.969015822674166	1.23253347268667	13.2	0.808807588069897	0.0311744439645159	0.195652788768454	774.13	148.36	22.5637754277384	0.944346610812732	-1.17639905896126	0.620561511820206
34	16	2.88428378772957	0.553088629281376	2.06155281280883	3.64005494464026	0.0750306343670468	7.2621359223301	0.386436034658515	6.91799415590537	0.365300968499141	15.0873786407767	216.030260799502	0.958669566759694	1.2367979117821	7.2621359223301	0.738980507179953	0.0955831025662198	0.341691288998577	0.09	21.3	-0.266349583828774	9.41	0.187130977130977	15.6	230.706317926081	0.822777056358642	1.09370405245622	21.3	0.751208868150693	0.0954839308316088	0.322284640555586	101	142.470588235294	7.96708028044326	0.727029993041739	1.22015235701342	1.66897109721958
97	42	5.54945552523954	2.04997794781803	0.690886577549866	9.13398627190887	0.0605194321812223	8.85530546623794	0.623950214435495	12.7741131708729	0.357237282677041	16.9967845659164	290.902957787797	1.10144529396176	1.42215110443589	8.85530546623794	0.748225185854265	0.183699178029594	0.499991242998375	0.0663371488033298	27.1451612903226	0.117965537207897	16.3878121748179	0.321075215402562	17.3064516129032	297.183989047371	1.09602590478494	1.39685273443105	27.1451612903226	0.93305085412639	0.0962273401774007	0.362894813442077	158.876288659794	145.721649484536	16.7500892484137	0.740963963440876	-1.42599631774467	0.691007907932449
51	23	3.55581586907628	0.917603297434947	1.31589095221058	4.99924379914874	0.0646484375	8.125	0.423474563586874	8.0465234375	0.365897028249969	15.6625	234.596114728876	1.01548593641435	1.31698240310307	8.125	0.753697343047075	0.10843280842355	0.374358006340296	0.116257088846881	12.5217391304348	-0.205240174672491	6.19470699432892	0.410843777084186	16.7826086956522	266.113242743941	0.72470864934909	1.04735370406299	12.5217391304348	0.630430393231659	0.087062137695001	0.30154858132317	760.725490196078	142.549019607843	10.3170543932783	0.759634023793313	-0.300251323482241	1.21150264902139
42	20	3.29054996060169	0.670657108203731	2.22991031209778	4.67680446458905	0.0746649840754762	6.94573643410853	0.455742336488206	7.38092662700559	0.396425405727731	15.2558139534884	222.441623947663	0.977730963333534	1.24809248466098	6.94573643410853	0.731336269992425	0.0977436187395335	0.346953345460822	0.0850661625708885	9.91304347826087	-0.203304268012852	5.11909262759924	0.261302380483966	15.0434782608696	208.942691995851	0.817468104690322	1.11529000408644	9.91304347826087	0.740245605909899	0.0581011292241585	0.254086828785422	416.571428571429	144.166666666667	8.84465138593267	0.685791263945446	-1.44522762732652	1.31946891450771
87	40	4.82420129118082	1.96823700355656	0.357945526581929	7.98298972816578	0.070579972694812	8.70289855072464	0.44281507180894	8.80970384373031	0.380179205371021	15.9130434782609	244.464157328143	1.01578733815418	1.29638016844541	8.70289855072464	0.734929336041834	0.114132776911279	0.38108059360091	0.0741676575505351	25.2586206896552	-0.12612403665834	12.2148483947681	0.296229829035944	16.051724137931	246.236528246167	0.997297700608694	1.27870511283186	25.2586206896552	0.903253625216618	0.0713643895564789	0.300484802121676	665.413793103448	146.310344827586	16.8566829324668	0.879224957939582	-0.789382372864744	0.68329640215578
41	20	3.17361970111402	0.760353860186811	1.91049731745428	4.80104155366313	0.0785777273872512	7.49206349206349	0.361559601511509	6.86747291509197	0.373804962040256	15.0793650793651	215.736561869259	0.945762081510821	1.22383284813619	7.49206349206349	0.719637569542029	0.101912418430331	0.350928735361576	0.0857438016528925	10.0909090909091	-0.135285913528593	5.44421487603306	0.343109831345125	14.6363636363636	197.669418992612	0.852914554969356	1.12322426856566	10.0909090909091	0.730386884474664	0.0378041652893602	0.205809160060179	186.09756097561	144.146341463415	9.05108367148414	0.72754843326848	1.48565994353658	1.28805298797181
324	98	11.73292447091	5.96456105393228	0.636672550604343	21.2530248722954	0.0357710683970809	10.1294964028777	0.706469076624759	18.2545643341442	0.335650715333322	19.8669064748201	404.832155983094	1.26735284981626	1.63052037820803	10.1294964028777	0.806684583293773	0.222874134319491	0.57937013384628	0.0265494946492271	27.8836206896552	0.212607240900347	18.706297376635	0.291157003748162	20.5818965517241	415.189584250946	1.28816660041453	1.71013751846794	27.8836206896552	1.00663316050044	0.100462616712269	0.406784869878538	479.046296296296	162.518518518519	49.26048402404	0.971419818824484	-1.29495360850896	0.423938367248269
47	24	3.58117805233225	1.4433121175286	0.61941953113831	5.81380660344172	0.0960927184703409	7.27272727272727	0.272663249735904	5.99955988067876	0.378252663320537	14.5034965034965	198.886575117521	0.859411233038352	1.1094345759119	7.27272727272727	0.598797321763175	0.0684915855028209	0.275073931605458	0.108888888888889	17.5666666666667	-0.245911974467079	8.04972222222222	0.339562594268477	14.0333333333333	185.131108661356	0.823530668678036	1.07192945792599	17.5666666666667	0.722345927456755	0.112585503139767	0.346472657053961	686.276595744681	148.297872340426	12.8515134420977	0.918260236290735	-1.03860390497346	1.02538093554667
101	35	5.25443536171656	1.05554456829877	3.46280528013967	7.3361837379345	0.0378676470588235	9.78235294117647	0.71127160088464	17.9404065743945	0.326262544151817	19.5117647058824	391.247393386864	1.25613214958723	1.60687623196588	9.78235294117647	0.798224282939285	0.21289722881627	0.563992355261398	0.0269387755102041	28.6142857142857	0.223409057550589	19.4230102040816	0.237795109026038	20.3285714285714	409.039404437794	1.25079248720215	1.64018803796249	28.6142857142857	1.017299333423	0.105111670454546	0.407885477440292	20.5940594059406	148.663366336634	12.7307047320105	0.447889608257904	1.06304609250079	1.03608443432676
40	22	3.18198511826603	0.823826265299891	1.30241352562675	4.71611445335988	0.0984746839912436	6.48739495798319	0.318446198587452	5.75926841324765	0.417064259970834	14.2352941176471	190.460379245381	0.896977111728599	1.14784262826321	6.48739495798319	0.680922092004101	0.0734403323216966	0.289467703758871	0.1796875	7.29166666666667	0.0383514596451054	4.79123263888889	0.465478883861237	12.9583333333333	157.003941236814	0.746426137979876	0.934569885269865	7.29166666666667	0.677317490243958	0.0946505168489811	0.297777451700196	267.4	148.675	8.60239586897025	0.558134573776556	-0.973516678279294	1.0385430259801
77	38	4.7035650861473	2.18874459546993	0.633768135725898	8.0119370775158	0.0742532307040463	7.09243697478992	0.384045505419863	6.75727349763435	0.389404385944178	15.0672268907563	214.513801447223	0.975486599668193	1.24169594897478	7.09243697478992	0.736648531853189	0.0800548933595139	0.313636444159483	0.060570987654321	14.4166666666667	-0.218667449368947	6.91493055555555	0.256315478374302	15.5833333333333	224.141308188944	0.923925001705886	1.27801134987484	14.4166666666667	0.805479757526919	0.05208987062228	0.257036983942573	465.701298701299	149.233766233766	18.196863633438	0.924215708680907	0.517744303634089	0.670090399796161
61	33	4.24201776736969	2.08139152470994	0.433873365553815	7.359208046185	0.100573015122873	5.76086956521739	0.335617884904929	5.33550921550095	0.451096128589735	14.0760869565217	185.463450186393	0.889643808742781	1.13102817364064	5.76086956521739	0.651138245007542	0.078737521772495	0.297551245524964	0.136326530612245	9.45714285714286	-0.0752239083020086	5.39775510204082	0.402314156431803	13.4571428571429	168.690262500266	0.786058256792115	0.992478825247417	9.45714285714286	0.710933199153194	0.0374357487769436	0.192756486460736	568.770491803279	150.44262295082	17.2431527252527	0.937964325693678	-1.30959417924723	0.703901384275399
83	33	4.93745500231135	1.60859005817685	2.01600574284606	7.43481004244961	0.0517490230252856	8.8929889298893	0.508272134944142	10.042592012636	0.37616841767048	16.9446494464945	278.793555305661	1.08538791939281	1.40693395101488	8.8929889298893	0.782856911043089	0.148014595817605	0.448771840697134	0.0626594387755102	20.1785714285714	-0.0741809539976212	10.3925382653061	0.279613019691929	16.9642857142857	273.029616326162	0.97560113132177	1.26969403020151	20.1785714285714	0.818242922056533	0.0276227314579912	0.18691881863322	821.240963855422	148.638554216867	15.8980053869864	0.894857750948924	0.5660155780078	0.957767457292756
55	23	3.84087359117954	1.00662084208383	2.00424879506368	5.32994536372937	0.0619755102040816	7.80571428571429	0.464304121978654	8.28558367346938	0.35299764146823	15.9771428571429	244.637554132348	1.03388572477091	1.31870049421735	7.80571428571429	0.759739055624865	0.117008347211755	0.38879570448976	0.0608740894901144	15.6774193548387	-0.0960279353993886	8.15192507804371	0.284855633622237	16.1935483870968	244.385622374983	0.979891975252612	1.28825241548121	15.6774193548387	0.855064032300838	0.0265383498692088	0.184538553682637	40.3818181818182	149.272727272727	11.4793191330206	0.830007467730414	0.675444370512764	1.30652246463092
47	30	3.78332638369815	1.58036470016404	0.767390962214752	5.8925565098879	0.143378257963912	5.52238805970149	0.138218730445665	4.20405435509022	0.525224555953265	13.2537313432836	164.406561593978	0.719269558535171	0.941428734298303	5.52238805970149	0.543617090041335	0.0770498700091595	0.269569651749153	0.155328798185941	9.90476190476191	-0.198025233132199	5.13378684807256	0.433656539538892	13.5238095238095	170.938308912557	0.705544296992419	0.891896199070122	9.90476190476191	0.573017812462098	0.133266990756838	0.345790181628446	283.234042553192	147.489361702128	14.453676104144	0.930355621740817	-0.0782280537121178	0.656243798749868
93	50	6.62178055653294	3.12282280334994	1.97989898732237	12.3967737738494	0.0935180055401662	7.41754385964912	0.537428597751981	9.01772853185595	0.401174196344475	15.0526315789474	222.177322965705	0.998310083480914	1.26694858155111	7.41754385964912	0.724990431855296	0.148032894265657	0.428190822704281	0.0706	13.86	0.0686860813589398	8.4411	0.321520847588566	15.34	222.081612650746	0.981127737501602	1.24515965944337	13.86	0.784932361970879	0.0598816780253769	0.271999736062788	744.204301075269	155.612903225806	24.2019311714399	0.969182599219792	-1.296574862045	0.467468986854161
42	19	3.21354016931579	0.581360064669185	2.32116600749474	4.21381450552592	0.0618686868686868	8.45454545454546	0.490280478605982	9.29333103764922	0.370976241564477	16.1969696969697	254.334845272458	1.04388200579578	1.34142488120587	8.45454545454546	0.763140157741975	0.129147497468729	0.4111721830906	0.0643491124260355	29.8461538461538	-0.219535783365571	13.2366863905325	0.20942680712684	16.7692307692308	268.654919485285	0.971942148416491	1.26139406732417	29.8461538461538	0.864901526295846	0.0683217582392964	0.292170693584096	204.02380952381	148.666666666667	8.8348419411578	0.73096487448295	0.190293574648716	1.46201541773708
92	46	5.63812516462478	2.17354653789848	1.47008609240841	9.89006203378605	0.0803749955101112	8.48442906574394	0.483136593591907	9.2076124567474	0.369853242680436	15.6470588235294	238.036737715138	1.02889488431007	1.30923678667821	8.48442906574394	0.737685020060579	0.134202152988743	0.414327361364641	0.0485537190082644	13.7727272727273	-0.000300120048020812	7.88429752066116	0.277572904043492	17.0909090909091	271.987346214806	1.02159412713764	1.354471878759	13.7727272727273	0.847749923571559	0.0454612896629823	0.247111875225738	702.75	155.391304347826	18.3461715625186	0.881993422014479	-1.40011798134731	0.546363939754747
42	20	3.22551052172022	0.656568255608027	2.06518764280635	4.37778482796951	0.073491124260355	7.73846153846154	0.411621796717536	7.57609467455622	0.378188163799024	15.4153846153846	226.719118607265	0.987869186610978	1.26692291136873	7.73846153846154	0.719100632275696	0.0979479920234376	0.34975481280689	0.090702947845805	17.3333333333333	-0.160643789857272	8.4671201814059	0.219725478549008	16.1904761904762	249.66198690898	0.791552867182128	1.08906923360035	17.3333333333333	0.621337563617304	0.111632837991802	0.34758836756559	846.761904761905	149.071428571429	8.78965695423519	0.677909336181083	-0.353731241585395	1.31946891450771
104	54	6.71675411956282	3.09820317786859	1.49358481862437	12.7660305636155	0.087783203125	7.50625	0.426562658533821	7.5449609375	0.389691894949248	14.7875	210.327298124284	0.94359504603979	1.22455645235212	7.50625	0.692332013858175	0.116461842565242	0.37486502902171	0.111726685133887	14.859649122807	0.0341978655090679	8.6929055093875	0.413320670620376	14.6491228070175	205.612690191563	0.875934458751202	1.11887094648003	14.859649122807	0.738705389332163	0.0435699053440495	0.220484400307511	445.461538461538	159.75	25.4508207708534	0.955919273477546	-1.24813505026521	0.448183314092371
458	168	14.5235179624033	4.99095706950798	3.94569231083614	24.8868278833905	0.0426844431609431	9.47368421052632	0.684531404158905	16.0152572005906	0.346448520442329	18.5666016894087	351.583568991896	1.21735892783378	1.56629938116901	9.47368421052632	0.789803625440591	0.201164496266505	0.543633348042663	0.0278558830939783	27.047619047619	0.220683735468039	18.3534290753339	0.249376989773778	19.3269841269841	367.816324108181	1.28674502506353	1.7420670560922	27.047619047619	0.994026659620408	0.0559458767102649	0.308874450187237	502.189956331878	165.917030567686	53.5134315304309	0.876839530557538	-1.0401537600707	0.203918570768725
116	55	6.91124939948387	3.24481842545417	0.552978411845308	12.355946806603	0.0765437904983726	7.0655737704918	0.419786250332568	7.08876795365643	0.406572012261501	15.0109289617486	214.285850224926	0.975390062910723	1.25578842140424	7.0655737704918	0.71476945826214	0.0872179170926891	0.328948559697223	0.0757117661879567	13.5555555555556	-0.0771171171171178	7.29251700680272	0.305883129412541	15.5238095238095	225.936522729988	0.88406873859298	1.21643748865829	13.5555555555556	0.738311481266102	0.0700362921522068	0.290691171458218	427.724137931034	161.215517241379	26.4210534705668	0.949967521228007	-1.53637139366958	0.481883964054765
336	110	11.7374437828701	5.5318327681288	1.38641579633623	21.9949242829994	0.0369324240303488	10.0034662045061	0.644411350755639	15.0660651370112	0.339172269346599	19.1473136915078	366.932277590099	1.24001117977923	1.59397350829352	10.0034662045061	0.806848215524834	0.184968619938863	0.526675458732613	0.0261393080323122	27.0946502057613	0.146650793498404	16.8754762993446	0.255570972201192	19.6543209876543	374.530103181399	1.26620395001878	1.71554878699106	27.0946502057613	1.01082459196116	0.0492984592294493	0.28819819818438	612.96130952381	163.654761904762	46.098269542729	0.933254260766795	0.517655706983601	0.348950456729313
41	21	3.23580533171452	1.04386520116139	0.981691815623233	4.98205396177163	0.0938925242910966	5.39837398373984	0.235008710964576	4.52838918633089	0.418327631240113	13.9837398373984	181.174366241475	0.851368251127634	1.11232410092907	5.39837398373984	0.672638790652535	0.0414055509468607	0.214339140698493	0.120498614958449	6.31578947368421	-0.250000000000001	3.52631578947368	0.331269349845201	14	183.36226443112	0.599522741823356	0.932903068247117	6.31578947368421	0.441748864795358	0.0398632378370001	0.192961015222229	317.292682926829	154.243902439024	10.4881736468545	0.862537830931204	-1.0047375702567	1.16830202990641
68	37	4.76058382617524	2.12950612711654	1.08647304012119	7.96559438693561	0.103283759666865	6.73170731707317	0.312067154307058	5.89270672218917	0.467090142785982	14.3121951219512	192.83109159831	0.896086445191533	1.13194981447904	6.73170731707317	0.662755715814698	0.0723955703024305	0.285502200193397	0.109274563820018	15.8787878787879	-0.178410794602698	7.73737373737374	0.334947617300558	14.6666666666667	205.670384320754	0.716767840866995	1.04390898821231	15.8787878787879	0.604980799497387	0.0455464326261828	0.217921289767158	547.514705882353	153.808823529412	18.529872126427	0.951456681694981	0.15197901798666	0.624187875658454
67	30	4.64648521693977	1.78049856185289	1.56204993518132	7.43236167042483	0.0692417230331079	7.08490566037736	0.36005723679715	6.53557760768957	0.42523034004721	15.3490566037736	221.479050493883	0.981675293197124	1.2488378028813	7.08490566037736	0.739799140627487	0.0829105674938157	0.319984712335291	0.0849107625743645	9.74418604651163	-0.0532253821646749	5.62587885343429	0.329737977480796	14.7209302325581	200.617981328702	0.869625169082106	1.10764888658386	9.74418604651163	0.75007025572782	0.046255844204217	0.226045521382721	219.65671641791	156.746268656716	16.2787371999604	0.937624919093697	-1.00656126038985	0.935496479068961
67	25	4.26403788921698	0.981621556060162	2.29224780510311	5.77012998120493	0.0472417355371901	8.66363636363636	0.580007171488726	11.3140289256198	0.353428685781627	17.4454545454545	298.456729766745	1.14011031640186	1.46698782197029	8.66363636363636	0.78002912608442	0.15520756918519	0.467693421158644	0.041914548404543	20.7674418604651	-0.0240142939050899	11.1402109248242	0.217784308615445	17.7906976744186	299.303343263626	1.07214685729351	1.43789908958858	20.7674418604651	0.889053320298006	0.0726648162959379	0.320550926867015	809.194029850746	156.014925373134	12.1665770001365	0.799539158400193	0.813813920709851	1.3471149298593
61	24	4.01456573418436	0.781468183273227	2.75031563845154	5.45260513679267	0.0477008156359688	8.77386934673367	0.632049696281674	12.9226282164592	0.349688026779366	17.7386934673367	313.826679296006	1.15828226082846	1.47282513925727	8.77386934673367	0.780891582274149	0.175820314602079	0.4971584799456	0.0311634349030471	25.0789473684211	-0.0151513027877822	13.3523199445983	0.190818082234605	18.6578947368421	330.242908781181	1.16753806891766	1.57091576407159	25.0789473684211	0.96642767678865	0.0726043792243683	0.334090600792256	255.967213114754	156.72131147541	10.518994786277	0.680766941135821	-0.816947554952548	1.33081355464568
104	34	5.37064340205322	1.39653395771138	2.87484014900878	8.08957208204416	0.0337495686507395	10.0623229461756	0.682915529516015	16.866943800207	0.303692350651191	19.6317280453258	390.538083213802	1.27055621564266	1.63354418384744	10.0623229461756	0.815153283105862	0.197717097987489	0.548830261177434	0.0291724376731302	29.9078947368421	0.0840290462921968	17.3257877423823	0.197852888086918	20.1973684210526	395.760639479489	1.2140762079827	1.61458821174759	29.9078947368421	1.02176393753219	0.0833664599794842	0.361993309892341	349.048076923077	159.096153846154	15.5885125978386	0.812694837041991	-1.18396629278547	1.13053853277972
98	36	5.196687997518	1.34622995473293	2.1118419787498	7.95919376771911	0.0381506643080281	9.55828220858896	0.670082280014471	15.4858575783808	0.332785435131159	18.9631901840491	362.587305514465	1.23744175388314	1.5906072555628	9.55828220858896	0.807356974393471	0.188101346708424	0.530339909126916	0.0394082840236686	22.9692307692308	0.220149388663659	15.7266863905325	0.275049177867916	19.4307692307692	369.401114208571	1.16978351214847	1.47081350781245	22.9692307692308	0.972733531204588	0.0511753769970477	0.272649721269141	720.5	159.020408163265	14.8671416785182	0.784493431639274	-1.25197162791378	0.95023481497469
64	34	4.61595966875524	2.06176497543577	1.55326422664834	7.64281556481546	0.0629672348242129	12.0915032679739	0.556336836033506	14.6268956384297	0.318572498503294	18.562091503268	347.158895665917	1.10520700516317	1.36355381311519	12.0915032679739	0.708895522852137	0.224896607837306	0.540500932262758	0.102076124567474	33.3529411764706	-0.122837672549363	15.8520761245675	0.322882248234432	19.9411764705882	392.410184476378	0.800778847900817	1.11517612482968	33.3529411764706	0.827513410430589	0.208471838569672	0.478111266268235	2.53125	160.5625	17.7188705681248	0.964387510991432	1.5623411521009	0.695716020172134
80	41	5.56522522355645	2.54203435172628	1.12855954158627	10.1599638853246	0.0909346288584837	6.3739837398374	0.246021227936431	5.22689867142574	0.430455043941414	14.3170731707317	190.396532502732	0.905774890666999	1.1501652876803	6.3739837398374	0.691435472621103	0.0504909105293481	0.24049315758002	0.093125	13.75	-0.235955056179771	6.5625	0.293597285067873	14.5	196.567741336186	0.786220749327132	1.13529896034581	13.75	0.713170086394156	0.12157843792506	0.369692886255327	362.275	162.7	22.0171912365807	0.967077598204386	-1.35389456835475	0.598042622932025
109	35	5.44964871664619	1.21525267711624	2.93187966454063	7.07885612805009	0.0350404312668463	10.1185983827493	0.699694893838148	17.8471966928459	0.338147594973344	20.0862533692722	412.585751544019	1.23643737135373	1.60428535786545	10.1185983827493	0.788380663719568	0.243586255840472	0.59930041546876	0.0273009495982469	33.1081081081081	0.159831317484591	20.7032505478451	0.222249530750015	21.4324324324324	453.6610118852	1.23450883118253	1.62569023007313	33.1081081081081	1.01381337200574	0.111522347126131	0.417970325988223	403.825688073394	159.688073394495	14.7679885430359	0.71823209626336	1.12520821404404	1.11815052813482
44	27	3.64739509806193	1.74103821729438	0.269633699602974	6.25969755204457	0.119708994708995	6.41269841269841	0.251444789200478	5.28338372385991	0.420043055337173	13.7301587301587	177.471333540481	0.816967913875575	1.04939546186708	6.41269841269841	0.603720269615587	0.0754886176225043	0.281117646783793	0.259515570934256	9.41176470588235	-0.180555555555558	4.98615916955017	0.44636678200692	13.7647058823529	184.7113543472	0.416354584350578	0.593431052388214	9.41176470588235	0.294232081372403	0.0237290696824856	0.11895202501044	757.954545454545	158.295454545455	14.8106678411763	0.947357270236722	-1.50892864140807	0.758464070002474
44	27	3.69024913608201	1.56370120253845	0.928884163258108	6.2250875236932	0.147518266565886	4.41269841269841	0.145554335894624	3.58219954648526	0.475702075702076	12.8095238095238	152.528566163928	0.701160320154767	0.950095974535523	4.41269841269841	0.537163850098219	0.0278554256010863	0.162733421936326	0.184210526315789	5.26315789473684	-0.289009497964718	3.0415512465374	0.422910216718266	12.2105263157895	139.323112971662	0.530626235726738	0.79378413046358	5.26315789473684	0.454262545554532	0.0599949077512641	0.218883622957471	150.590909090909	158.204545454545	14.0928553496094	0.918277301598071	-0.264763637456221	0.758464070002474
53	31	4.21802304497478	1.84355857812533	1.06402725822394	7.33110204758124	0.122416279442397	6.75949367088608	0.364993828461332	6.32238423329594	0.461365082362849	14.2784810126582	194.426674972476	0.865926009595683	1.0691621643258	6.75949367088608	0.627790269921646	0.0901262277142568	0.309810664452826	0.128826530612245	20.9285714285714	-0.248326232501521	9.38265306122449	0.322850678733032	14.5714285714286	204.102866294568	0.73304624262145	0.989998292403642	20.9285714285714	0.681474465798245	0.0980601425463948	0.311523403372032	456.905660377359	160.962264150943	15.6037365613084	0.953061355550425	1.54237274840672	0.693046454277873
81	32	4.7814794114874	1.35883737530366	2.24522061833576	6.96265147950118	0.0510317159730113	9.1685393258427	0.630299328039098	13.3999495013256	0.351498104439281	17.8651685393258	318.973340207235	1.17558851082376	1.48031441718987	9.1685393258427	0.783219336322539	0.179479216325255	0.503131114037935	0.0403305785123967	28.6909090909091	0.0830234130673653	16.6442975206612	0.222416317287767	18.5090909090909	334.985037969996	1.15689344080867	1.5064949162521	28.6909090909091	0.947554851381564	0.0676579428465418	0.31641926748971	283.888888888889	159.617283950617	14.6340972089765	0.854270052844114	0.0146071448750528	0.994019550549895
31	19	3.0405141185241	1.18701874763795	1.36842105263159	4.97667690526425	0.140309155766944	5.10344827586207	0.0267573696145135	3.62187871581451	0.444156654704322	12.8275862068966	152.404071670219	0.702405586269775	0.967731905829567	5.10344827586207	0.577144203681777	0.0201059225173518	0.139509268550551	0.266272189349112	2.46153846153846	-0.238095238095241	1.99408284023669	0.507692307692308	11.8461538461538	132.48852096917	0.401778456043568	0.587027684144479	2.46153846153846	0.289361050951787	0.0415687522192679	0.156882169905419	392.58064516129	160.58064516129	11.0674239561408	0.944131919178713	-1.07559307617625	1.07910661785356
81	39	5.17296066656841	1.93937825122067	0.929465074891873	8.46363610363029	0.0719433024872621	7.29880478087649	0.530296715778809	8.76959095887367	0.390362726664578	15.4820717131474	232.669359575514	1.02905124955932	1.31929124012051	7.29880478087649	0.724694363100976	0.124351198484353	0.400606850124593	0.0664036817882972	10.5384615384615	0.123068085455588	7.00871137409599	0.330899050808553	15.8717948717949	236.183969402066	0.949074427983574	1.2637629672536	10.5384615384615	0.778960833556697	0.115389608831724	0.378647289140298	674.061728395062	161.086419753086	16.7047211898778	0.790277124923499	-0.285513199054445	0.669215003131554
71	36	4.84406505755627	2.1330012217506	1.37913239858961	8.33412033320825	0.087944214876033	6.96363636363636	0.282087110626408	5.8499173553719	0.427948680889857	14.6181818181818	199.674191855289	0.934682309743272	1.17777220846891	6.96363636363636	0.707412778282364	0.0627412396825655	0.271018014941385	0.11037037037037	11.1555555555556	-0.195744230362056	5.66469135802469	0.380653594771242	14.0888888888889	184.461674026515	0.786315297663317	1.02506523723286	11.1555555555556	0.623435656878151	0.0892834095601452	0.302245538799351	69.2112676056338	163.577464788732	18.1094616296518	0.943476992409872	-1.34671366350674	0.688435427175541
75	29	4.57623125860742	1.29016603397068	2.23925628897299	6.73747571962471	0.0506890739639104	9.01626016260163	0.542365119544267	10.8509319849296	0.343328948637413	17.3414634146341	293.542274856898	1.11941646981916	1.38562543943912	9.01626016260163	0.7719208813634	0.139967706250055	0.433853701035242	0.0426905456059975	24.7755102040816	-0.0349711183798432	12.9691795085381	0.206401531403611	17.7959183673469	302.329322153223	1.08579825038931	1.42832669004282	24.7755102040816	0.897328225789442	0.0590082382682681	0.288411368019544	117.64	161.653333333333	13.9186748423529	0.853774615384239	-0.75494389109803	1.1206632533614
114	48	5.94389871995274	2.51141808242316	1.69199504202059	10.026440738811	0.0580953154536862	8.40217391304348	0.560121727942998	10.5505671077505	0.362587666360045	16.5652173913043	269.588872251868	1.08010267639476	1.38267771111145	8.40217391304348	0.750946375343199	0.149262839661147	0.44710954638636	0.0535111111111111	21.76	0.025958523658705	12.1699555555556	0.30761983791539	16.9866666666667	275.669612032206	1.08856018161683	1.37148914328084	21.76	0.924299605971033	0.0434237445881543	0.243024652555731	128.377192982456	164.824561403509	21.480256974597	0.928093230550476	-1.15071499607434	0.62177354602298
68	27	4.26897571918606	1.13226284426629	2.27980939207589	5.91399261429834	0.049133593052512	10.6306306306306	0.500871702535082	11.6491964937911	0.314410778639713	17.4324324324324	297.650525861629	1.13260511687182	1.46492751874911	10.6306306306306	0.797733528655202	0.153062040281727	0.464302875428697	0.0440625	15.65	-0.0104107820192063	8.744375	0.29448599432674	17.65	290.796953690968	1.0527275225425	1.41411064581478	15.65	0.888402488550556	0.0974842622765719	0.367295514294728	877.632352941176	162.147058823529	12.6132572778306	0.81395301679423	1.35995088761199	1.17217174454928
45	26	3.4731865489401	1.17001190548792	1.156407413721	5.16932234351121	0.114393125671321	6.46616541353383	0.130481055768414	4.71824297586071	0.440696764535774	13.7894736842105	176.753378327752	0.814629876370555	1.05818301750256	6.46616541353383	0.65391382168361	0.0306679538313441	0.180056917498028	0.193047337278107	5	0.0595436839176442	3.65828402366864	0.569822485207101	12.5384615384615	146.863990124071	0.654402718790682	0.804917716622672	5	0.520370371493639	0.0484965784533808	0.198030705679137	182.044444444444	161.777777777778	10.6649706488262	0.746165735351212	1.38434287973281	0.836518753914442
122	56	6.88520837920062	3.51043851023904	0.196428571428555	12.5883738271567	0.0671882950813173	7.95372750642673	0.50766986605755	9.07763628313321	0.376490708624385	15.8303341902314	242.670186648371	1.05490292673638	1.34864700977879	7.95372750642673	0.744210560236891	0.123616933789047	0.403491684412624	0.0519868827160494	18.2222222222222	0.0756042665622847	10.8562885802469	0.283903428003461	16.1388888888889	247.542507697207	1.09430263341343	1.42202428141379	18.2222222222222	0.909412688758072	0.0605772606341592	0.291550341842204	840.008196721311	168.245901639344	29.1391430094794	0.96994629754555	1.2857370380834	0.488870285380044
36	24	3.17237357658717	1.53328942020973	0.356000156054893	5.74108608578938	0.166961682632237	5.6734693877551	-0.00713467154633563	3.81663890045814	0.464585834333734	12.7551020408163	152.41296318512	0.63817681322486	0.857481788475021	5.6734693877551	0.47229594926413	0.00990833468252514	0.0922072024202795	0.224609375	5.25	-0.315068493150685	2.99609375	0.514705882352941	11.875	132.683955356872	0.475457011052047	0.712699512136051	5.25	0.465446465962691	0.111157990593376	0.283659137632943	99.4444444444444	161.166666666667	12.7599244181723	0.944472804667169	0.271171904175706	0.785398163397448
54	28	3.87290066293002	1.39033751810843	0.4180249968114	6.39445311283497	0.0852708907254361	8.15757575757576	0.395985748864531	7.75280073461892	0.381649934591111	15.030303030303	217.106417318856	0.95007610961896	1.22950336091483	8.15757575757576	0.707999963724717	0.109923907102981	0.365042958510909	0.107988165680473	11.0769230769231	0.0912621359223293	7.09467455621302	0.346248859371031	14.9230769230769	213.726550635287	0.765931183650574	1.02938901773175	11.0769230769231	0.548785656594623	0.191333426805535	0.442388131557185	593.907407407407	166	12.4062230456695	0.821289472532005	1.18562797815748	0.865540833131882
309	104	11.1490819138004	5.55335928987552	0.548161262066876	21.7214113615682	0.0378186037097544	9.31939163498099	0.680511389544221	15.5848573783053	0.34291363469176	18.6996197718631	353.572204981909	1.24819670370993	1.59778124531475	9.31939163498099	0.803085866794459	0.181020303395887	0.521926882703623	0.0324638768999813	22.8812785388128	0.279554422441952	16.8799493338337	0.26182829219404	19.027397260274	356.442288768659	1.25652868352352	1.67245402380371	22.8812785388128	0.975316711070372	0.0768229881000299	0.353657173894801	800.702265372168	178.954692556634	44.5786184719193	0.958692968856844	1.27215796443469	0.359005965221615
63	27	4.07521546758302	0.915661006775459	1.81519270442116	5.22799785684929	0.0517375	9.32	0.514335442048545	10.5951	0.346053320288614	16.86	277.381421017081	1.10179512072896	1.43211680067323	9.32	0.78657262730384	0.138066926733357	0.437436534944746	0.0592560553633218	13.2647058823529	0.0179011752649962	7.75324394463668	0.2583203245833	17.3235294117647	281.176791441915	0.970287484069711	1.28773913500432	13.2647058823529	0.796667190334654	0.0908704482857273	0.33966343156504	192.984126984127	166.047619047619	11.057703840881	0.701699690352599	0.102151434781912	1.08598264568536
372	156	19.0571893011378	9.32986465784103	1.31616473592682	34.1520203610314	0.0576627279557407	8.06776859504132	0.63490682907289	12.0489174236732	0.373314770213166	16.7107438016529	279.200471448834	1.11995901225943	1.44565771492587	8.06776859504132	0.758348175071227	0.163535273461399	0.476439005372301	0.0466972094960432	18.4816326530612	0.232807745504842	13.0449812578092	0.320496364055999	16.9387755102041	279.542791757611	1.13230533563837	1.51774314322634	18.4816326530612	0.944137992955722	0.0453653881330074	0.260819130783433	232.287634408602	187.478494623656	81.7467193196997	0.986240037764348	-0.886584108991694	0.192089491639613
854	307	23.0374304662904	10.0179209432303	2.75068463388234	48.3685243592487	0.0421298237524516	9.50226244343891	0.617986961675227	13.4370917876374	0.337814535953804	18.0180995475113	323.140996548318	1.19862001212712	1.54575773464524	9.50226244343891	0.797275774610807	0.165380186581751	0.493172821568225	0.0294732611911612	24.5324232081911	0.132156819518693	15.1341337697585	0.277001610267416	18.4402730375427	327.898590079051	1.23868944159988	1.6848742760532	24.5324232081911	0.999566570726644	0.0413529845085908	0.262056747846577	23.6346604215457	193.114754098361	90.0729723271398	0.890278725626257	-1.42272798732044	0.113865192253103
76	29	4.59901659988372	1.09046671550877	3.09692801645761	6.64399633331109	0.045624	8.84	0.6432809628896	13.390704	0.345691867433044	17.928	321.437981548437	1.17344343921818	1.50166175692853	8.84	0.785023994534288	0.181915717151897	0.509469520181994	0.038646449704142	24.8269230769231	0.0862354102154011	14.5849667159763	0.236848098636478	18.2884615384615	321.968588532679	1.18712694885431	1.49168617662168	24.8269230769231	0.963509938252805	0.0819077435211135	0.345856722341919	272.5	167.842105263158	13.0312920106979	0.796814391277354	0.122277467169818	1.13560543007289
102	43	5.89009555635165	2.83627755852042	0.751418345181567	10.0883066891851	0.0641148933081725	8.90361445783132	0.434858471606217	8.8773316156191	0.372817379337578	16.3915662650602	258.340133241229	1.03792105499419	1.32164346993089	8.90361445783132	0.750006748085807	0.108741471094166	0.375493266219378	0.0630119722747322	22.4927536231884	-0.148372152876079	10.7933207309389	0.277569279859842	16.4347826086957	254.009243968713	1.02930583359565	1.31973943813613	22.4927536231884	0.825803050051424	0.069075995135986	0.300171074103967	315.372549019608	172.352941176471	23.6789674044595	0.964001401185613	1.38353454804289	0.693223257255076
208	80	9.1895870089673	4.00773743583826	0.742988055085678	16.9639921967089	0.056307158830849	8.58997050147493	0.644238143289605	13.0726412056978	0.368714247423253	16.9616519174041	290.380522231544	1.12877700757718	1.45259451227435	8.58997050147493	0.766470012392562	0.186126540830336	0.507720283311452	0.0634030775004691	21.1917808219178	0.18112834048169	13.9396228185401	0.348863415673287	16.6986301369863	274.307313865114	1.0864360755204	1.39988672598247	21.1917808219178	0.896741070943662	0.0544181308134014	0.274448958485021	751.956730769231	179.951923076923	32.9406603618194	0.918175999849082	-1.49044572739964	0.408407044966673
37	20	3.01969943633933	0.684773914640375	1.66207701385946	4.40028408173837	0.0983737244897959	8.25	0.351123595505617	7.35714285714285	0.381374150491798	15	215.267115496729	0.925606795738671	1.15648641292678	8.25	0.686395898292754	0.120398662440421	0.37108696114104	0.215555555555556	7.2	-0.175616835994197	4.06222222222222	0.463529411764706	15.4666666666667	227.961258733659	0.536416506512952	0.71703450391134	7.2	0.458146007804834	0.106628896362864	0.278544735872498	151.648648648649	167.459459459459	8.7790156722284	0.781433796188385	-1.04900637194973	1.16238928182822
278	80	9.55064912137178	3.70979802151553	0.850000000000003	17.0740299870886	0.0385259622132133	9.22198731501057	0.748358149701962	19.323635961364	0.351762291023577	19.1987315010571	385.64060780488	1.26641287589222	1.60657671950357	9.22198731501057	0.790673290803658	0.220780524216373	0.573426645063182	0.0305027101711128	25.5515463917526	0.381987526746417	21.6723549261346	0.278126105576474	20.0360824742268	408.734099312783	1.28518313579512	1.68625685478032	25.5515463917526	0.974113315991071	0.117710942467185	0.436059589460313	174.956834532374	179.974820143885	30.0768251205358	0.810027550226256	1.05636056597261	0.545851723561227
57	25	3.92663367127463	0.836628956953039	2.47418673507073	5.51013611447123	0.0592625377735722	8.32044198895028	0.511776358445482	9.52113793840237	0.364416835525058	16.2430939226519	255.375295732946	1.09016727568743	1.37997685137074	8.32044198895028	0.772361562645008	0.123058862924645	0.406847409928322	0.0648038049940547	10.551724137931	0.0498929336188406	6.55291319857313	0.268301754711491	16.8275862068966	263.973191608488	0.94321454944259	1.2457155380425	10.551724137931	0.739659722304937	0.0863285359676016	0.326046390075819	228.771929824561	167.40350877193	10.8394957881833	0.749915309130956	0.380945843675852	1.14605300002956
38	17	3.05696379291086	0.329028214692697	2.47688273781497	3.62421689429398	0.0631664430478074	8.58823529411765	0.481633975227816	9.28394887366711	0.369856833524654	16.2016806722689	254.955615126413	1.02248257336191	1.31682249881795	8.58823529411765	0.747109090912023	0.138178044401985	0.421359520384247	0.0652173913043478	18.5652173913043	-0.126713703894914	9.23865784499055	0.267022028914612	16.0434782608696	242.223037049024	0.94931968675996	1.24046951801076	18.5652173913043	0.851029793847351	0.0756462138152724	0.304829176397519	774.157894736842	166.578947368421	7.37033417112981	0.446433114297635	0.671845318080709	1.65232554790882
47	22	3.41290158489698	0.850884009870897	1.92847303959967	4.85151420513687	0.07411263825258	9.17006802721088	0.390064023639497	8.51723818779213	0.353272785205558	15.7687074829932	239.894656480106	0.970201755854798	1.2456625117149	9.17006802721088	0.723590130137281	0.12699557506504	0.394237540768881	0.0733418367346939	30.8571428571429	-0.230393652731156	13.5395408163265	0.249462420940183	16.3571428571429	257.764659712415	0.914874911525176	1.20408017512851	30.8571428571429	0.879190531806793	0.0901558051635763	0.327804510291001	851.31914893617	167.085106382979	9.74793085829816	0.729105612891921	-0.217585929689886	1.22028805552661
124	53	6.32917362073255	2.37719718168321	1.91023176710535	10.2978255869456	0.060990625	8.4	0.418060391822014	8.21724375	0.3747914883209	15.895	241.29024343821	1.03494386153907	1.33453020424824	8.4	0.749996650714703	0.0998547778589268	0.361759074317023	0.0980017006802721	10.4761904761905	0.121234456358925	6.96074263038549	0.444362526715468	14.8809523809524	208.354774630823	0.917142206595527	1.17221109155732	10.4761904761905	0.739894478914823	0.0345166606253489	0.20083658433495	889.701612903226	172.887096774194	21.9534157690308	0.820388713487191	-0.837295530149834	0.554727645489689
139	56	8.0057623121249	3.7439051703014	2.23564011743702	14.8178782322613	0.0562666418670217	7.53982300884956	0.572721947062895	9.82308716422586	0.387889948171052	16.2654867256637	258.011990113914	1.09118395862166	1.39419396638902	7.53982300884956	0.761282138132739	0.132346308410756	0.423432536871705	0.0652064133316501	17.1573033707865	0.121599829365324	10.7662226991542	0.278040246642136	16.5730337078652	262.736816268434	1.05436015492889	1.3746394045736	17.1573033707865	0.862477428141092	0.0777741200321354	0.324458584290493	209.978417266187	176.726618705036	30.3281417914966	0.971059586377576	-0.907969007650455	0.556991554654313
257	86	9.9825603921924	4.16347950271206	1.73271421179352	17.6095236106933	0.0445912010202187	8.72875436554133	0.582576715871271	11.455519250394	0.355298679122551	17.5646100116414	302.345241074991	1.15571247283781	1.49414499204396	8.72875436554133	0.793589549629562	0.142656295519263	0.452863439098337	0.0384	18.88	0.0723449041540698	11.1761959183673	0.266911876550729	17.6914285714286	295.322812868724	1.15365274771956	1.53841285561081	18.88	0.951160633983124	0.0474989418883664	0.268547837806669	68.5097276264591	179.599221789883	35.8276770418711	0.90192975308401	0.564987275981193	0.436662689006261
46	26	3.77047686684328	1.34265966120624	1.66986871893018	6.32607546344735	0.108960793049677	6.38805970149254	0.429401464501751	6.59768322566273	0.444164648203279	14.2388059701493	193.743848368665	0.906845305359312	1.15644694077993	6.38805970149254	0.696983134526231	0.0990245407728467	0.336907884898051	0.177295918367347	10.3928571428571	-0.00748068006182279	6.1578443877551	0.452892695539754	13.8928571428571	186.092044884259	0.631879634539885	0.82539891746673	10.3928571428571	0.581457584002525	0.0576520704549963	0.218671747670132	543.239130434783	171.195652173913	12.4781925721729	0.888883631086809	-0.854703875480425	0.855108059556985
64	25	4.06238622729554	0.590100110387639	2.99813275223094	5.21428806262182	0.0508524067294086	10.1800947867299	0.639911715493804	15.1355540082208	0.31132044742304	18.5402843601896	347.913056085845	1.17506236795199	1.47463544209541	10.1800947867299	0.758195558739146	0.204184451719164	0.533759965316929	0.0425342058298632	29.4634146341463	0.00991524068447406	15.879238548483	0.238582876207401	19.4634146341463	367.270638910095	1.09994275788315	1.41279104781641	29.4634146341463	0.910512150975952	0.0926838584295241	0.358185022856881	827.328125	169.953125	10.4492206436776	0.653506497428354	0.868206623169566	1.28679635091038
54	22	3.74580530045597	0.666445243546817	2.10567905852735	4.94306426192505	0.0516250495441935	8.98850574712644	0.566767279257251	11.3737613951645	0.334584951623491	17.1034482758621	287.971512116855	1.12017663694773	1.44958023739323	8.98850574712644	0.7956079931531	0.159193524760647	0.47091399949426	0.046875	26.25	-0.0442079092533603	13.5693359375	0.207967924607092	17.6875	299.157338867207	1.10045701105205	1.38267263198703	26.25	0.974918302932458	0.0842974528598759	0.338485511046815	90.5555555555556	170.777777777778	9.68563475188373	0.647057787640845	-0.346403266795483	1.40203308507313
105	53	6.06788142294401	2.75063728912576	0.592164333074511	10.7874708120993	0.0826249193390007	7.24159021406728	0.457024692552686	7.66843419465253	0.399425628459627	15.045871559633	217.566848582107	0.969838666180269	1.24645332178639	7.24159021406728	0.717675079165951	0.11036473329865	0.368097388095649	0.107109879963066	10.0350877192982	0.158910329171394	6.96552785472453	0.456187981265381	15.1228070175439	217.191185708135	0.862226313780963	1.09208871385749	10.0350877192982	0.695045909540581	0.0586199651988913	0.25263309607572	705.219047619048	171.161904761905	22.6002549796439	0.910315782680469	-0.126159976110608	0.469729054648527
163	72	8.19122186856002	3.73927829951965	2.41051259852638	16.2028637348426	0.060455328798186	8.50285714285714	0.587859330529925	11.3154793650794	0.37036999248764	16.6133333333333	273.268728365021	1.10495920683122	1.41329323142697	8.50285714285714	0.769063996681374	0.15495027270506	0.459684146221705	0.0411634349030471	19.9684210526316	0.0995305656945696	12.087783933518	0.276574723925943	17.7789473684211	301.809243620646	1.1228215001645	1.46600619917582	19.9684210526316	0.958538399408508	0.081665203826113	0.342553324478276	142.263803680982	181.19018404908	30.2843904290724	0.950542254006604	0.830558030271793	0.395123150104272
62	29	4.20150913993213	1.27823493998997	2.23367375733814	6.50116608949402	0.0707567222871718	7.28865979381443	0.514876489063693	8.51216919970241	0.417140735454865	15.6907216494845	238.167454682007	1.01395641742431	1.29707331459778	7.28865979381443	0.728523736155226	0.127290490884948	0.40206544791401	0.0769896193771627	11.0294117647059	0.174944187400912	7.68403979238754	0.345471516232762	15.6176470588235	230.941076281745	0.946780387869803	1.20137108375494	11.0294117647059	0.766680866914216	0.093035428716771	0.33258559911367	720.048387096774	175.516129032258	11.7689381864322	0.683987417885952	-0.786650730142774	0.926414956112091
86	40	5.28578721492846	2.64335554144705	0.590021186060312	8.99711759398532	0.0644125756920415	8.92647058823529	0.497515791652148	9.88233942474049	0.358569049486004	16.2426470588235	257.323444107658	1.05315868702736	1.34636394132828	8.92647058823529	0.753787953218215	0.135142725761754	0.421043979312469	0.073972996265441	26.4745762711864	-0.153878900185305	12.4719908072393	0.259320200748598	16.1016949152542	247.821477558754	0.988518855901802	1.24873122503507	26.4745762711864	0.847930600479261	0.0789076494192401	0.312242813915202	734.604651162791	179.093023255814	21.8458000281551	0.957245664178816	1.34297250775857	0.675442420521805
34	21	2.97578241521477	1.12970717076372	1.07433468311223	4.87578123282674	0.160325220533532	6.96907216494845	-0.0194334753272616	4.41811031990647	0.444511825348696	13.4845360824742	171.376400096037	0.652037067030667	0.841344590077088	6.96907216494845	0.471284308781238	0.0201312420063205	0.130245893588464	0.282312925170068	3.80952380952381	0.0140845070422521	2.93197278911564	0.56078431372549	11.7142857142857	129.076633522166	0.526870187220166	0.684552565901299	3.80952380952381	0.433834358538941	0.0892853670284807	0.248943898982746	395.911764705882	175.352941176471	10.6239133071399	0.90672413492025	-1.55080400248455	0.968835829678485
131	63	6.65320762674278	2.99766993687731	1.7190556801171	12.1414772532695	0.0779114431143369	7.46601941747573	0.363394607215229	6.86393038929211	0.398870381166212	14.9757281553398	212.286887453939	0.965118414352584	1.23772579901574	7.46601941747573	0.711401974736619	0.077502122223234	0.308181269831179	0.0673849525200877	11.1891891891892	-0.0685361515119817	6.23575602629657	0.342032530267824	15.0540540540541	209.489687822452	0.921260526005351	1.22886727706136	11.1891891891892	0.782844364874978	0.0356856593924263	0.208967681410912	408.496183206107	179.442748091603	23.5169601539359	0.821937453100433	-1.0605187752168	0.414763051267587
225	77	8.80894128684558	3.94554643536059	0.328548328329167	14.7310572566993	0.060681050403135	8.96912751677852	0.472216709117574	9.49697941534165	0.382245568475336	16.5986577181208	266.304621485868	1.06527974224963	1.34874171858892	8.96912751677852	0.748927575715291	0.124746614975628	0.405295923277989	0.0604892693415555	24.5414012738853	-0.0703412180304384	12.4642886121141	0.312924794704031	16.6305732484076	264.651717924787	1.03134362799958	1.36280176155828	24.5414012738853	0.886898631356705	0.0289741694831966	0.198177817411517	340.044444444444	183.831111111111	32.7217296128306	0.914006063741444	0.618381734372165	0.476882001725555
190	69	8.82556181982735	4.02562502502139	2.408807266463	16.5994422461042	0.0438429568893101	9.26760563380282	0.665067128047526	14.8350195067116	0.349646925620414	18.3661971830986	340.314505748655	1.21271259962075	1.54371031258075	9.26760563380282	0.786889293175663	0.185995368159925	0.520913206248371	0.0435795248693132	25.0431654676259	0.237441501102013	17.4204880699757	0.264051916118811	18.3812949640288	336.652547663018	1.17624451798995	1.55466334091729	25.0431654676259	0.943405286977633	0.123937634513336	0.430914018230946	433.431578947368	187.557894736842	32.3802480027346	0.957628022820426	-1.25640970622194	0.501493471272473
64	30	4.32753704031365	1.63950563288723	1.088321847821	7.21002388653771	0.0687235464468701	8.65671641791045	0.533152150698389	10.2714536768892	0.335764859206474	16.1691542288557	257.081261593521	1.04790549391737	1.33217821106732	8.65671641791045	0.733913533543659	0.162852228881277	0.458651247863632	0.0632716049382716	26.3333333333333	-0.0628464652756164	13.3881172839506	0.245692110828409	17.0555555555556	282.031210345965	0.967918235442452	1.25513861004676	26.3333333333333	0.837607292851793	0.0718008992173169	0.298730716163279	596.359375	180.46875	14.6744211491006	0.900219287189776	-1.04569725394939	0.893608577021097
57	28	3.91268759579759	1.17892127367707	1.10886962116141	5.91133466748586	0.0757844783057851	7.48863636363636	0.538566813603017	9.1145402892562	0.387060852502029	15.7045454545455	240.109204027877	1.03690490691516	1.31745645734108	7.48863636363636	0.756633401074938	0.146933809628965	0.434219423806208	0.0872359963269054	19.1212121212121	-0.0125702059374145	10.4419191919192	0.329577041800858	15.6666666666667	235.347135881738	0.945910190341359	1.19444340540464	19.1212121212121	0.78020871236867	0.0571181263149045	0.260424030000368	687.438596491228	177.350877192982	10.3363058464471	0.528255195532181	1.12638017008688	0.913626434972542
405	157	15.713181202353	8.67889436421609	2.10900174311655	32.768180004946	0.0468188722735792	9.01040118870728	0.702829719664001	16.1603336284495	0.357107597670486	18.1560178306092	338.580692303942	1.21642636626596	1.55113618266348	9.01040118870728	0.785832538961453	0.200476484149633	0.540565692031565	0.0311476442428823	22.3611111111111	0.306728181468666	17.1272321428571	0.269535135653784	19.25	365.882452350019	1.25737276299812	1.61241753314235	22.3611111111111	0.971816401117617	0.0796441795901694	0.353818460921229	362.935802469136	204.153086419753	66.3735601216255	0.975597893538025	1.56878024621108	0.206474100321127
424	151	14.4704076821353	6.82668422177672	1.1351001105038	27.6700708911595	0.0406084841340702	9.47838214783821	0.695705093604244	16.5743358640236	0.339206697562592	18.8716875871688	363.556397877543	1.24394137361988	1.59134859277387	9.47838214783821	0.794346004624935	0.198441143850258	0.543797434848852	0.0283822640028011	27.0944625407166	0.246299123170516	18.974280894227	0.233783656518888	19.185667752443	365.242726407583	1.28482795729953	1.74055796225897	27.0944625407166	1.00434487118108	0.0568023344837267	0.311049359802164	384.964622641509	202.554245283019	59.5456308135763	0.959844029206662	1.3992760544609	0.233680151769146
381	119	13.4226217959207	5.85611366731123	1.68821835345854	24.6327921875871	0.0318430961510855	10.373576309795	0.716514475840263	19.2964832870084	0.317052257526598	20.1609719058466	418.180112443353	1.30977153013808	1.68295893458652	10.373576309795	0.822582284678432	0.211240799373483	0.572710505785203	0.0269060685172359	28.7737226277372	0.300110934284397	21.5559166711066	0.234723231275054	20.948905109489	439.053216614655	1.31212144825863	1.75696456108113	28.7737226277372	1.01514933399681	0.0968295044888253	0.404612828272402	629.133858267717	192.41469816273	52.2244652304576	0.941907681187515	-1.12336537059677	0.338096688374468
183	42	7.17157965309201	0.650630895979752	6.03579646792929	8.56084002066446	0.0192807118746945	12.4870624048706	0.874395259426737	50.7077671904719	0.274865905389677	27.7412480974125	874.161170067452	1.51497951588462	1.8939381926102	12.4870624048706	0.828303477400917	0.328523829686569	0.724587102047109	0.0249947970863683	47.7935483870968	0.571660602280469	56.7893444328824	0.19499648777663	28.5935483870968	913.509639296065	1.42470943598163	1.76231536589243	47.7935483870968	1.02199248498777	0.194228146059882	0.561719049193977	777.967213114754	180.972677595628	16.8040880511358	0.55941489225436	0.295803711781683	1.30365409434678
113	47	6.25971191797002	2.31949624660644	2.5200868006924	10.5613600849856	0.0536340394448503	9.53513513513514	0.65457089690475	14.8018699780862	0.356742345867942	17.8810810810811	324.748744864368	1.17550117234524	1.48492098600653	9.53513513513514	0.777702377892268	0.190989782030523	0.518796557779998	0.0437429899054639	32.5063291139241	0.115663932068036	19.3789456817818	0.254488691976279	18.506329113924	340.618563109225	1.19710875320238	1.53398178822457	32.5063291139241	0.953049944979945	0.0871436476004302	0.36116323434968	297.150442477876	185.300884955752	20.3545216041018	0.912403015039261	1.45190382727415	0.642824753020637
557	210	18.9105119210622	8.74226962020675	1.25110382102168	36.8673752253814	0.0460717024562188	9.14994606256742	0.666074621325694	14.700584991313	0.351091354061085	18.0819848975189	330.584247118303	1.20206033561345	1.5403278475854	9.14994606256742	0.789839731429493	0.185301511097913	0.519516535657269	0.0286315464780664	23.5853658536585	0.226357975001112	16.2430743751882	0.259004210453094	18.7777777777778	344.361928620386	1.25707582342413	1.69768292892219	23.5853658536585	0.980837741371687	0.0500943754513544	0.289020750356409	601.752244165171	209.529622980251	75.2248405112058	0.961458548110737	-1.19180810185191	0.158718105038505
40	22	3.13338189523501	0.789978897783989	1.62750125363352	4.50390097215097	0.0988541666666667	7.66666666666667	0.302995100762663	6.49972222222222	0.409064856711916	14.6333333333333	202.510439866169	0.915526743213084	1.14436968385248	7.66666666666667	0.70498803490484	0.0836432413258031	0.308332681954748	0.15495867768595	12.8636363636364	-0.18331274351421	6.43543388429752	0.368264088852324	14.4090909090909	198.706980157821	0.631250694301537	0.850181600238978	12.8636363636364	0.577884445182366	0.0603746756837908	0.227048261967046	654.575	179.05	9.23435587532789	0.76478975307525	-0.745758971939869	1.0385430259801
64	28	4.12633926339506	1.2418541920792	1.25458343358931	6.15302314944053	0.0630166282199154	7.86274509803922	0.472341194076061	8.45059592464437	0.380792850343023	15.9607843137255	244.294833228828	1.04920510063443	1.33801956381047	7.86274509803922	0.746512060719748	0.112379767142933	0.383764511511316	0.0626731301939058	13.2894736842105	-0.0458050628082499	7.35370498614958	0.262071085136101	15.9210526315789	235.779901410295	0.965968039711642	1.25907619338447	13.2894736842105	0.828929201765384	0.0796665162146548	0.31495384125439	105.890625	181.359375	12.2057134212997	0.75408678071988	0.129870519967349	1.02582617260075
61	26	4.00785468608213	1.08954156196519	1.52542553961933	5.52093916202395	0.0614201183431952	7.14871794871795	0.464471465271322	7.67445101906641	0.397203663809999	15.825641025641	238.580415646864	1.02593395018457	1.31328717469093	7.14871794871795	0.753748028078396	0.110779644386737	0.377812205758117	0.0718367346938775	14.0571428571429	-0.0128220209387138	7.93959183673469	0.260859204388616	15.8857142857143	236.082033312216	0.973276228092043	1.23130193866117	14.0571428571429	0.849728976820297	0.124539166351271	0.388403658216157	874.426229508197	180.918032786885	11.4911823621556	0.734170741468843	-0.249253885713114	1.13394764419513
137	44	6.3736370225367	2.47428825010729	1.00232168505454	10.460102278153	0.0379059293779587	9.46351931330472	0.638296569145116	14.081876623257	0.325371488436371	18.8068669527897	352.534779844801	1.20940143456584	1.55498033217637	9.46351931330472	0.799790902937422	0.175400349567411	0.508343698593972	0.027420554787969	27.659793814433	0.081360604728901	16.0547613986609	0.204815201321821	19.4948453608247	365.741396412923	1.24156772000876	1.65099349893709	27.659793814433	1.01751088363673	0.0535539934667492	0.294695287193405	259.335766423358	183.941605839416	21.6093908765642	0.897495761213174	-0.364758351457462	0.889252465995458
82	38	5.23701784213514	2.22182920306328	0.566859453382569	8.75426291092364	0.0794485911974443	5.77431906614786	0.248265476678545	4.84066374964042	0.422877968906809	14.5136186770428	194.992880727576	0.897284926904233	1.15344884682326	5.77431906614786	0.702842198833839	0.0376042153393494	0.207949193032568	0.0939192003331945	9.57142857142857	-0.0894308943089421	5.39285714285715	0.355388309169822	14.1428571428571	184.214520030272	0.868275415726449	1.09558377979925	9.57142857142857	0.734414839135927	0.0257167784445223	0.167745092570517	580.80487804878	184.426829268293	19.4503889156033	0.931075607818702	-0.662553370187601	0.713602763419288
36	20	3.10639112912602	0.943575197261559	1.86010752377384	4.63249392876019	0.103153113809066	7.02803738317757	0.405696052942565	6.91283081491834	0.42783211172436	14.5233644859813	202.148125139089	0.902614166612212	1.14751429379655	7.02803738317757	0.679385078077954	0.120156442438497	0.369380746061503	0.144628099173554	23	-0.238540275923456	10.2851239669422	0.327102627102627	14.3636363636364	200.752921061504	0.703020521232483	0.921951427169925	23	0.703020521232484	0.1082149405431	0.316391988423133	832.944444444444	182.944444444444	9.84372838502463	0.873279017222718	1.41245695346699	1.13097335529233
31	17	2.72966726222521	0.646087260563612	2.00345721952075	4.11764705882354	0.0921386306001691	8.30769230769231	0.34574710894705	7.34899166767298	0.394566104068366	14.7912087912088	209.160222809502	0.932206357898435	1.18346959585387	8.30769230769231	0.718754998984567	0.105726529976492	0.351786091219918	0.13875	25.1	-0.277028745866191	10.8275	0.29981288981289	14.7	210.063466880228	0.705234304204018	0.931006800952004	25.1	0.705234304204018	0.116307515983592	0.329554536951311	823	182.838709677419	7.94555663966253	0.769575757795692	1.52933664938988	1.34794978908351
36	25	3.47102989895032	1.47076559675324	0.865332306111367	5.74358772893737	0.166753436068305	5.3469387755102	0.0454663742146531	3.80081216159933	0.483793517406963	12.7959183673469	153.564647573214	0.642386464960425	0.865357463034201	5.3469387755102	0.468583514188702	0.0119411688385918	0.101693660345854	0.177777777777778	7.46666666666667	-0.173184357541899	4.18222222222222	0.410196078431373	12.9333333333333	157.154934751792	0.608857176937501	0.809543840713489	7.46666666666667	0.471291426436094	0.0413603922554803	0.183336389730286	863.416666666667	183.694444444444	12.793955557984	0.943995347968182	1.40769955572849	0.723822947387088
34	20	3.06032917780982	1.0697594699024	1.04403065089105	4.82597140480546	0.112765514369013	6.02040816326531	0.0966471893259996	4.33225739275302	0.432569951057346	13.4489795918367	167.371129778106	0.797398332153862	1.05557210761982	6.02040816326531	0.643210886556533	0.0266197926260306	0.16756035139521	0.366213151927438	6.95238095238095	-0.109261939218523	4.13378684807256	0.613919413919414	11.8095238095238	134.145734743199	0.470962688142939	0.599975543427503	6.95238095238095	0.470962688142939	0.0518050800838019	0.177213399498935	45.5	184.970588235294	10.2360329163652	0.883588295897497	0.514869221151524	1.06814150222053
417	139	11.6888359523295	4.96146996468531	1.05235348370492	21.2844617306621	0.0588356780718854	8.41081871345029	0.646891395413374	12.9096768022639	0.373662022346233	16.8845029239766	287.361508232802	1.13224531634474	1.44283918738154	8.41081871345029	0.761936198004638	0.172584506203892	0.488414282829331	0.0504449982200071	20.3962264150943	0.273630004039266	15.0398326806693	0.304705007619379	17.3622641509434	298.936277168944	1.13965114127813	1.50346114313469	20.3962264150943	0.905886679161286	0.0850037557182518	0.353480732074948	279.230215827338	201.42206235012	43.8833128297277	0.869028894830965	1.57015042877664	0.271216631964586
115	44	5.6793025409925	1.8264487974919	1.13840725330618	8.48932849800899	0.0466270113209616	9.31937172774869	0.581233217549822	12.1271620843727	0.355212391800011	17.6858638743456	307.876245882833	1.17262769020857	1.49920233226835	9.31937172774869	0.790086789578985	0.15384339167247	0.470204091006095	0.0575852082869236	20.4925373134328	0.115951430232612	12.5901648474048	0.255910157771889	18.7313432835821	338.80326849672	1.04137023610309	1.33799508465298	20.4925373134328	0.855405739909151	0.0662781546097458	0.296038549040346	468.173913043478	188.95652173913	16.7293483245302	0.741444614227162	0.913513699863748	0.746452799923195
39	22	3.23520961042555	1.30017059265259	1.09845872487223	4.96600010318097	0.111457371498923	6.35087719298246	0.238639927679279	5.17074484456756	0.417818485310745	13.7017543859649	176.528948488656	0.810018804462769	1.07749165618529	6.35087719298246	0.611726459999979	0.0604927537711323	0.254959501350084	0.1975	7.8	-0.0901467505241095	4.5775	0.456470588235294	13.3	168.977093285113	0.553741988916381	0.73435998631477	7.8	0.438816683411558	0.101983656302787	0.275469090538294	120.769230769231	184.923076923077	11.8021835018659	0.91676336946578	-0.39670204611604	1.01257945033059
144	72	7.08930595998017	3.03360758114938	0.806273626316628	11.9005167695658	0.0840819241968045	7.21158129175947	0.278362929548829	5.99668156407954	0.395321114985729	14.5701559020045	198.754248870134	0.932740314526933	1.20371597159396	7.21158129175947	0.706065635491689	0.0555422894187725	0.257790056938878	0.0868875223170006	12.8591549295775	-0.184663322276738	6.42734576472922	0.321147185507927	15.2816901408451	217.563589078586	0.834774866322041	1.14121707953196	12.8591549295775	0.695840350400676	0.0431234465614509	0.221480772654746	726.076388888889	191.756944444444	27.3997393485361	0.896361180081583	0.844140708973414	0.349065850398866
59	33	4.59553264763816	1.90198190007687	0.948634899545341	7.51301289218176	0.111297959183673	6.33142857142857	0.486768201332974	7.16819591836734	0.494015199426964	14.6514285714286	207.470941239294	0.898989291895185	1.14066470814117	6.33142857142857	0.683173499965987	0.121846818771487	0.370906549236307	0.215976331360947	11.025641025641	0.00356506238859366	6.53254437869822	0.497830374753452	13.8461538461538	186.989218557114	0.584001604984173	0.746094679572471	11.025641025641	0.465571053953647	0.00519981358468523	0.0623065892753112	703.28813559322	186.559322033898	15.2647148587836	0.888180353222199	-0.392416176287651	0.68082265036473
32	20	3.01666737188976	1.11678913290547	1.3793114224134	5.10906057901058	0.142345679012346	4.86666666666667	0.28052564336558	4.3820987654321	0.519125188536953	13.2222222222222	162.930318506357	0.80173148669589	1.01907664868632	4.86666666666667	0.626169746319078	0.0510941824065872	0.228104071338516	0.177083333333333	9.75	-0.345471969333972	4.62326388888889	0.209615384615385	13.4166666666667	171.050207507739	0.520653641231891	0.796597803923873	9.75	0.520653641231891	0.254060966229164	0.454887451517212	667.125	190.5	10.4109992720229	0.916420161202385	1.34941326495731	1.00530964914873
36	30	4.02248627233943	2.03186935547779	0.700793201387611	7.36372490282225	0.26141975308642	3.86666666666667	0.0617698160685395	3.06061728395062	0.578039215686275	11.8444444444444	131.746513574805	0.558581114345606	0.738185748085058	3.86666666666667	0.435658419125455	0.00982115006521232	0.0852005506046019	0.197530864197531	6.66666666666667	-0.221719457013572	3.72839506172839	0.419607843137255	12.4444444444444	145.266773856373	0.569266118367554	0.769952782143542	6.66666666666667	0.477121254719662	0.101481563982779	0.281097854107438	481.194444444444	194.083333333333	17.2912802677554	0.97618138295475	-1.19130449561377	0.502654824574367
243	115	13.8694579505201	7.38303553177685	1.49731959632372	25.9609784244767	0.0736817274050876	7.12873862158647	0.348937350522205	6.47469481416596	0.409854530285954	15.0793237971391	213.696464673388	0.975195889384241	1.23977850343954	7.12873862158647	0.73588702596723	0.0647696144347787	0.282200917219102	0.0613375544123467	13.3533834586466	-0.1081981364886	7.02481768330601	0.320618165200209	15.5187969924812	223.140717506901	0.945024995076982	1.27521548625715	13.3533834586466	0.806546618683357	0.0304966306065352	0.196779874018197	878.407407407407	213.950617283951	59.3424838049177	0.988596556745176	1.53529924389292	0.230898151931136
104	40	5.36823757935796	1.44940515093918	2.82511061730332	7.96123420080079	0.0477182126494913	9.13702623906705	0.702565388123002	16.3597225645777	0.358135294509844	18.5247813411079	353.44482573304	1.17131016921272	1.49612077200635	9.13702623906705	0.764783095029309	0.21699469992832	0.552467649189519	0.0437755102040816	26.9	0.193277413787298	17.6723979591837	0.260936702640351	19.1571428571429	364.620815783324	1.13406809320233	1.45930602010512	26.9	0.892245823499408	0.0929895116033304	0.364216790824658	102.605769230769	195.990384615385	15.6514185497689	0.796727755183906	-1.29435246134643	0.816814089933346
67	29	4.38220484458153	1.77700735376147	0.509131829663209	7.38478688175506	0.0737629433301139	6.93838862559242	0.284841805999935	5.85094674423306	0.387816363896654	14.9383886255924	208.522034897419	0.936366037906048	1.22066589505508	6.93838862559242	0.734397269420476	0.0543737618244724	0.25681053799079	0.0810546875	7.21875	-0.218294190358467	3.962646484375	0.36720871040724	15.15625	210.044208872672	0.824035483911699	1.133717124346	7.21875	0.726291425070214	0.0426295140032565	0.219506034273287	492.537313432836	196.208955223881	15.613181393819	0.905973437320643	-1.39468646824049	1.00112583966952
158	67	8.44117845438343	4.04951165168544	2.08875251220701	15.4452878544881	0.0585057238146746	8.98062015503876	0.523806830560718	10.4295978306592	0.359413338414707	16.7170542635659	272.443798418833	1.1059675861038	1.40525062834983	8.98062015503876	0.771483486414682	0.140611797943888	0.437572813470428	0.0436721890010783	21.4059405940594	0.0251000071433664	11.978531516518	0.266790916399579	17.1287128712871	279.019048470116	1.11275635916763	1.47153523737481	21.4059405940594	0.951124365262519	0.048822628732789	0.266450188087389	445.405063291139	206.556962025316	33.5220739414917	0.970816620942599	-1.37956097798248	0.442300413693194
34	19	3.06805271031321	1.08365593454209	0.822131544832274	4.87659342522041	0.104019997959392	6.08080808080808	0.109520678938559	4.41434547495154	0.457881987293752	13.7171717171717	173.850257965447	0.822456359846102	1.0756350402349	6.08080808080808	0.639955175511264	0.0226519118838957	0.156022814994982	0.195290858725762	11.2631578947368	-0.193075117370891	5.7202216066482	0.398190045248869	13.4736842105263	174.297482145379	0.563232877845383	0.769200769615476	11.2631578947368	0.563232877845383	0.108720109891577	0.290924936595028	69.4705882352941	194.676470588235	10.3249906157306	0.904078203434068	0.53460287548267	1.18353629054906
190	71	7.99820743286558	3.22927263711832	1.13605322986344	14.597237729634	0.0494136556641564	8.78164556962025	0.463467417530832	9.18370203092453	0.34988602641246	16.7626582278481	269.204797308753	1.10214627086932	1.41333526653105	8.78164556962025	0.789915932200554	0.10465493512481	0.380143465838983	0.0491428181135168	17.404958677686	-0.0669765104886349	9.15620517724199	0.271821403966963	17.1074380165289	273.170617745933	1.04659259311951	1.39437894784474	17.404958677686	0.867774444667447	0.0448272991473717	0.248873692636611	328.936842105263	200.226315789474	28.8831648802847	0.87683857931325	0.359227493774233	0.473638249698124
193	78	9.429529452087	4.08795274100424	2.23625173621951	17.6090245301853	0.0518469436395809	8.62875197472354	0.625168798639374	12.510183708562	0.358394997257556	17.2290679304897	296.151162460689	1.14369632765864	1.475320850003	8.62875197472354	0.769217175044608	0.167682583945094	0.486456031805095	0.0342649825315776	23.1147540983607	0.140248199479213	14.4426901370599	0.221235636677143	18.1803278688525	319.567815745401	1.18292191101518	1.58415257056456	23.1147540983607	0.968654198472685	0.0617940565657794	0.309964491568332	864.150259067358	207.844559585492	33.1435555182212	0.943565524970412	-1.09790723280135	0.398637332112314
41	27	3.70420653636771	1.74557426622907	0.844574388962294	6.33409135597985	0.165897920604915	4.90434782608696	-0.0515223241788526	3.33202268431002	0.470895140664962	12.4869565217391	145.591782048451	0.60554081748493	0.855561433318774	4.90434782608696	0.457406607834272	0.00373144238731057	0.0565096100399117	0.348771266540643	2.26086956521739	-0.393939393939392	1.8109640831758	0.547826086956522	11.1304347826087	118.339252776715	0.29732507167025	0.467472460523805	2.26086956521739	0.29732507167025	0.192148798130984	0.307560630142025	889.219512195122	197.317073170732	14.9730571123962	0.963286179241257	1.34118236221935	0.706750610684123
99	37	5.7874901923443	1.82813146441016	2.97297297297297	9.601558188616	0.0477822485207101	8.49846153846154	0.697082898015492	15.0277017751479	0.372492300166508	18.1107692307692	334.491750133927	1.17325452016908	1.51093646020452	8.49846153846154	0.766394787535607	0.198651809642873	0.532362159778138	0.050991094513071	28.0677966101695	0.166689410480351	17.8411376041367	0.279668324812105	19.6949152542373	386.634243332914	1.05792275205132	1.37406306834387	28.0677966101695	0.902147332775959	0.0522636577358209	0.266622052646394	157.868686868687	198.787878787879	17.0215949190811	0.856009167475172	-0.791965096869679	0.908744113090985
54	23	3.69514837836785	0.807537396719608	2.11574348879938	4.77746759249641	0.0613522261857577	9.66666666666667	0.531789632653846	11.3229951116396	0.372747642321679	17.2298850574713	293.335081390204	1.05243879391308	1.32713905382209	9.66666666666667	0.76313916595396	0.162924617011697	0.457979460218419	0.05810546875	31.4375	-0.21241337752335	13.96484375	0.218263104871785	18.375	322.370037758673	0.998344316046514	1.289967124346	31.4375	0.899903806237472	0.0573828314479435	0.270881912450248	401.222222222222	197.388888888889	10.4501628361815	0.767260925549761	1.48121310140561	1.28276751072854
55	23	3.70859835835201	0.673971605437049	2.39762011808037	4.51190401967924	0.0604406009342255	9.43820224719101	0.553771543684251	11.5755270799142	0.3714548754866	17.3370786516854	297.367502494087	1.07351211720035	1.35853577118965	9.43820224719101	0.74288323052457	0.167202352879082	0.468551831196571	0.0608163265306123	27.2	-0.0877513711151748	13.5028571428571	0.250948056480338	17.6	298.407596101089	0.998910652319804	1.33312525334133	27.2	0.897479077750377	0.0840813560747555	0.332300842851573	416.454545454545	197.109090909091	9.9272063985174	0.688415519285592	-1.32615741446835	1.30652246463092
68	30	4.3097249241898	1.41446651507261	1.15132773594468	6.50068372472375	0.0619748799725652	8.16666666666667	0.39366780817558	7.73448216735254	0.370363349775114	15.6851851851852	233.852730083734	1.0195291111805	1.32257390974863	8.16666666666667	0.777220993261303	0.0941518748389371	0.349995124924256	0.0799853907962016	17.8378378378378	-0.141868512110726	8.81081081081081	0.237653404903007	16	244.868831925024	0.786077871908955	1.13255975924026	17.8378378378378	0.646056791164973	0.0752114938314421	0.291043018212421	642.588235294118	196.823529411765	13.6837760163331	0.832277699916005	-0.419196840582579	0.949459113084915
52	32	4.17141227985345	1.93944037456371	0.981269904256724	7.3544469965457	0.0906441812883626	5.69291338582677	0.254315332984128	4.81723913447827	0.397872946877115	14.1496062992126	186.278592650974	0.856655178453594	1.12953168461082	5.69291338582677	0.631072153807646	0.0692225675944017	0.278925146095433	0.180555555555556	10.9166666666667	-0.365175857577073	4.99826388888889	0.390987933634992	12.9166666666667	155.794554964761	0.639933954911806	0.840620618687794	10.9166666666667	0.589762288967809	0.172901024218842	0.383519858957101	898.461538461538	200.057692307692	16.597865131621	0.951694569232148	-1.54564837405417	0.638136007760427
44	25	3.24563305228936	1.0897091767471	0.662117814289869	4.56928878492047	0.115875244140625	5.34375	0.108340971585701	3.99652099609375	0.423373868778281	13.328125	164.428276224416	0.766837556427939	1.03298423363467	5.34375	0.610259388726544	0.0310030118858368	0.178903546000701	0.134349030470914	5.68421052631579	-0.138734739178688	3.49584487534626	0.338699690402477	13.2631578947368	164.912973055227	0.589807742541195	0.884653005242667	5.68421052631579	0.422343102670504	0.100359750373034	0.298727917493149	122.727272727273	198.227272727273	10.140181007159	0.735762878875074	1.27465371048943	0.884672491250886
37	22	3.17034970214422	1.24254741898574	1.36363636363637	5.04033319113786	0.157857082737143	6.67889908256881	0.0375509411992997	4.46974160424207	0.472423097679439	13.743119266055	178.55755041512	0.652760864516887	0.850906091097105	6.67889908256881	0.46721783292533	0.011206739484587	0.0976922888848166	0.153061224489796	8	-0.166666666666666	4.42857142857143	0.368067226890756	14	184.187386434746	0.640617502277259	0.855638927751531	8	0.468600361897841	0.0381416909858245	0.180894010761701	536.621621621622	199.243243243243	11.5706451154804	0.93676562082314	-1.51697277614765	0.96065229903159
32	19	2.97994392088658	1.23465232407148	0.868022236972136	4.73684210526315	0.126313247192368	5.67032967032967	-0.0170240415854459	3.78770679869581	0.409636517328825	13.0549450549451	157.678996607024	0.718069474694999	0.992785087718811	5.67032967032967	0.582905865752692	0.024963724187894	0.157431129260253	0.16	4.8	0.0163934426229505	3.44	0.491764705882353	12.8	153.963152612674	0.59331524890261	0.856863623584101	4.8	0.458146007804834	0.0838191318401968	0.268742276199928	200.84375	198.75	10.9810865718143	0.937840006205451	1.05738915362863	1.11391650875206
38	22	3.14941113550108	1.07977786761141	0.569543822097339	4.8201111060203	0.117117117117117	5.90990990990991	0.335050134239217	5.44387630874117	0.457696218904486	13.8378378378378	181.065768439647	0.830141150314998	1.06698206502487	5.90990990990991	0.604716346796686	0.0786999719260252	0.289308931291284	0.159279778393352	20.2105263157895	-0.170731707317073	9.63157894736842	0.367509638717069	14	191.094412901495	0.704187748474695	0.910155640244787	20.2105263157895	0.646997745507945	0.0933936019927592	0.292073174559263	792.973684210526	199.894736842105	9.78512027327231	0.785341028131444	0.744731297039396	0.986615874681092
184	69	8.51425412242363	4.35050875579332	0.660017248506411	16.1398139327199	0.0490228422408647	10.168284789644	0.655574060084158	15.7612064180308	0.341091774901027	18.8187702265372	359.729303213051	1.18775317332751	1.50211409775725	10.168284789644	0.77511862934193	0.204441973020384	0.538233324435886	0.0360301768990635	26.3870967741935	0.146249184605354	16.4536290322581	0.272632285675281	19.5	369.010810006733	1.23573459862416	1.59719843668744	26.3870967741935	0.934019129281298	0.0848066042978199	0.363183503494124	49.070652173913	200.108695652174	32.8314707132968	0.971437874615883	-0.200902576419865	0.485656835337553
90	29	5.02565418120917	0.914082480402081	3.27640648833647	6.74488399948201	0.0367804353668369	10.255737704918	0.686707154402238	17.3676538564902	0.31409403023675	19.6590163934426	394.780135060218	1.23171986521649	1.53862523290735	10.255737704918	0.794831066771436	0.196569211674155	0.533813374861115	0.0523076923076923	32.0153846153846	0.142288266980331	19.6632544378698	0.247023014912341	20.2923076923077	411.18063918475	1.09483374262734	1.34492020056357	32.0153846153846	0.937807302063881	0.0748902471950001	0.31519991728657	186.066666666667	201.4	13.1835819990911	0.722344580273163	1.00617501091707	1.34479590403368
148	52	6.70083989354703	2.03019056128518	2.85147631232724	11.1982207483597	0.0422089951832861	10.499001996008	0.688151149525943	17.8334787510807	0.331150002794948	19.7564870259481	399.870487779606	1.23526744484892	1.57560137218628	10.499001996008	0.783755731268348	0.215116613432365	0.562132658557154	0.0303248750480585	25.9509803921569	0.249093677645441	18.2797722029989	0.285115392427681	20.4411764705882	410.938003226295	1.26384884637383	1.65183635411139	25.9509803921569	0.990817083721089	0.104227820524728	0.407544588498891	253.952702702703	201.310810810811	20.284822470047	0.854925965999188	0.526909489907305	0.687804308774097
281	96	9.47887756949203	3.16907306949573	1.79801443341754	15.5497702845662	0.0364719192591166	9.96652719665272	0.792999105526104	25.0736331646855	0.338221708711494	20.7364016736402	463.600004336079	1.31291077025235	1.6803444795399	9.96652719665272	0.805048798701621	0.259438222756764	0.627718259365019	0.0207642334365834	29.7958115183246	0.436368260704197	27.4319851429511	0.222562576980702	22.2041884816754	509.214328233248	1.38875672588979	1.86990914022825	29.7958115183246	1.02846960590348	0.121263211055546	0.463100772157231	709.879003558719	207.950177935943	28.2855509532025	0.759875437631143	-0.0204280562755102	0.38315431235188
138	53	6.7147501743561	2.90885474005863	1.66476692488899	11.882194378726	0.0484800022983112	9.2472647702407	0.487266907765592	10.0176203860205	0.364808266983579	17.0415754923414	280.415488072844	1.11699476633784	1.44295974021343	9.2472647702407	0.786338382213	0.127557367691984	0.422468908087783	0.0440004251248804	23.9484536082474	-0.0898481048780073	11.9870602614518	0.306653380838416	17.1443298969072	277.141025968188	1.10870585134452	1.46843156155556	23.9484536082474	0.90656195717257	0.0639888533551462	0.304148873088103	809.731884057971	204.463768115942	25.4172234847312	0.937633647489407	-0.578606132896381	0.617358186109493
217	74	9.0557419784767	3.66686169521876	3.62708845156833	16.1787009747413	0.0427089865328914	9.59562841530055	0.763588829971693	21.2943634476993	0.334426242873687	19.2158469945355	393.697647638551	1.26826157857901	1.59929722711274	9.59562841530055	0.798297122845827	0.227937924510107	0.580774177753372	0.0523093359631821	24.2628205128205	0.441103934733937	22.7060219428008	0.310468543601393	19.5961538461538	400.620435018938	1.2097684547683	1.54987185456322	24.2628205128205	0.92572734465434	0.143834605339606	0.462092231783385	466.354838709677	208.728110599078	30.6560004759999	0.915856442008845	1.12460133565021	0.497973415506928
157	66	8.5478357971319	3.96529063439317	0.506387120214235	15.7474982344115	0.0588523644752018	8.1921568627451	0.452773678649706	8.48516339869282	0.383644464267302	16.0666666666667	246.738678941914	1.06699392990713	1.37102559000913	8.1921568627451	0.767985767188913	0.107932472216382	0.380525543707744	0.0509307434385478	14.8494623655914	-0.0258841384268247	8.23739738698115	0.319633693952202	16.247311827957	245.996651441809	1.01916275265975	1.37996986176693	14.8494623655914	0.85905150430523	0.0324572223145712	0.210969125982358	769.808917197452	213.573248407643	33.8030632030898	0.962625039908638	1.31290533613027	0.452920152996876
115	39	5.7661711770094	1.50839892852562	3.49565335430137	8.63737273469509	0.0414443200749688	10.7755102040816	0.699567915503475	18.9333545918367	0.324507890474277	20.25	422.277037393459	1.24160371756222	1.58056498797726	10.7755102040816	0.786486497919689	0.235003060881381	0.586122680237429	0.0767350409182698	34.5360824742268	0.181663418000131	22.1013922839834	0.276234252592486	19.9175257731959	405.686468724012	1.05441409822811	1.33575307646756	34.5360824742268	0.895757250459532	0.12121389631175	0.397897142826993	581.513043478261	207.75652173913	16.7239927788683	0.825122921104811	-1.44630224138286	0.950120066174428
39	25	3.4782137573132	1.48527070207326	1.3914021704741	5.85969282471362	0.162486322700109	4.14678899082569	0.125368364992009	3.37059170103527	0.502212628170534	12.6238532110092	149.140783706405	0.631972378834025	0.867798837035574	4.14678899082569	0.437449934552695	0.0161979224733377	0.118622808965033	0.158163265306122	7.14285714285714	-0.176470588235294	4.03571428571429	0.378151260504202	13	158.208980195873	0.6222384820246	0.837259907498872	7.14285714285714	0.474846606487378	0.0720174136435854	0.246238814197987	778.641025641026	204.589743589744	13.3226642093875	0.948066528991991	1.34669869743245	0.784141526336012
33	17	2.85749689211728	0.758416732809749	1.26982547911312	3.98092336839732	0.0835118865421896	7.13131313131313	0.265587895345175	5.85511682481379	0.38570071511248	14.4646464646465	195.95635894719	0.912259044739677	1.19317145788654	7.13131313131313	0.728418338515065	0.0671555788966439	0.282077957632115	0.149305555555556	5	-0.254355400696858	2.99305555555555	0.376470588235294	14.8333333333333	207.354926778369	0.537085414520966	0.863201243156946	5	0.416755409748729	0.0590092995596396	0.226123612710306	666.606060606061	203.393939393939	8.50456925489669	0.796311350757911	-1.18647887947888	1.43491429160503
31	17	2.7201272678169	0.511671086595887	1.89060690352802	3.69231878270006	0.076640625	9.3375	0.411784970791029	8.9371484375	0.357672282010517	16.1625	252.425434616062	0.99627631491405	1.27305454950308	9.3375	0.705196634628285	0.131153278689836	0.404510509560926	0.20703125	23.8125	-0.0703186726362918	12.1240234375	0.398388009049774	14.9375	225.924079599427	0.611283268098077	0.799427015388066	23.8125	0.611283268098077	0.170181977639244	0.371716844166625	3.09677419354839	204.161290322581	7.69535413686653	0.750171276987201	-1.24684754515413	1.34794978908351
43	19	3.26231421004085	0.440307951232377	2.21365693103294	4.16189015230928	0.06063473183391	9.02941176470588	0.499997006113518	10.0293576989619	0.340652044112252	16.4852941176471	264.631139060627	1.07286017522625	1.36492617656039	9.02941176470588	0.749431455365245	0.137275226609358	0.426888695895034	0.0931952662721893	23.9615384615385	-0.101193106495802	11.8798076923077	0.294552732335538	16.5	262.029032646656	0.928508731050712	1.16007026617685	23.9615384615385	0.781987914610839	0.079794818697883	0.303170350140966	298	204	8.07146666044651	0.513535068691825	0.15402639050954	1.49682530863558
174	45	6.98544395643898	1.53755213199767	2.88204317099972	9.42075460268183	0.024545847750865	10.8562091503268	0.789040998949182	26.7306137596651	0.292398941395481	22.9248366013072	556.572038448924	1.37244015542233	1.75092063573493	10.8562091503268	0.828022905673828	0.262803496452293	0.641290401392792	0.0200548696844993	38.9555555555556	0.351074550128533	31.0154320987654	0.166291946397333	24.1111111111111	597.713319598316	1.38211758392628	1.78283526450612	38.9555555555556	1.07298610954581	0.153419004376205	0.506354890451242	836.17816091954	208.091954022989	18.9319602694307	0.753939420465198	0.464329292702447	1.07977703056716
88	31	4.88976936794832	0.990401101579569	2.88705172067928	6.88239244030689	0.0385892452218983	9.72108843537415	0.653707393025615	15.0359456707853	0.321374204567482	18.7687074829932	354.623178242166	1.21306781950047	1.57362237531613	9.72108843537415	0.803600405379098	0.192790956613117	0.534035782711384	0.029655612244898	25.4464285714286	0.120520634150913	15.4667570153061	0.198082566970583	19.8392857142857	381.079216478667	1.16688316429576	1.57136594802718	25.4464285714286	0.974351466762356	0.0668418328155027	0.32088754345617	73.2045454545455	207.625	12.2114315230293	0.537974596268856	-0.545202729551185	1.15071864106515
96	49	5.68695782434614	2.25564073356892	1.6096595132009	10.1969975409666	0.0909317643324377	6.67340067340067	0.299289831230761	5.76188370801165	0.411638129285188	14.3973063973064	194.900441133733	0.887076681454518	1.15630233449433	6.67340067340067	0.658104698226121	0.0754033879908946	0.294315557820704	0.0898	10.54	-0.00153936790893137	6.2619	0.32360352207411	14.18	187.58841047654	0.872828607230596	1.15360212605043	10.54	0.70369281006777	0.0609775022836356	0.264549158008764	140.864583333333	207.59375	18.1683613988769	0.735940977342285	-0.403405009956006	0.502445472294244
277	101	9.35824439720897	3.45766749808739	0.227937909568731	15.4638663862376	0.0421718573445095	9.44983818770227	0.705929323697416	17.0672908746243	0.344765193080442	18.7184466019417	360.801803292356	1.22609175813751	1.58538799238183	9.44983818770227	0.793692566843984	0.212407019288072	0.560285533643531	0.0320280669986419	23.468085106383	0.310857539759691	18.0270201448619	0.293697309850618	19.2021276595745	366.559634855476	1.26000851543736	1.66930027593914	23.468085106383	0.960293805613872	0.107415105015395	0.415469291944839	677.115523465704	216.537906137184	28.2278813623475	0.671189397048314	-0.00920688478488398	0.341229748081315
304	132	10.6272077835535	4.69058835287872	0.96934179101353	18.7390433245651	0.0592313689832091	8.45841784989858	0.695828590079603	14.9040316973121	0.374825296600741	17.3062880324544	307.873695243637	1.15958600683045	1.4714454622439	8.45841784989858	0.758165802597196	0.198960187244562	0.52682533165963	0.0394725791551188	24.6772486772487	0.230314651243203	17.0307382212144	0.264547128012137	18.1587301587302	325.65004175417	1.24115534593381	1.61645370644807	24.6772486772487	0.985113523744411	0.0583687952470745	0.30432466798538	413.483552631579	221.625	40.5466566878318	0.855361091985703	-1.30983681716561	0.219247972151354
289	89	10.0888054228041	4.10930347426281	0.664823019887044	17.9460292871671	0.0446032873109796	8.56410256410257	0.664063600574687	13.7466130177515	0.353231923186674	17.7969230769231	318.196590852348	1.1904712781358	1.51294739738526	8.56410256410257	0.793316026864886	0.167689542591975	0.491821065144306	0.0422970808116767	19.9150943396226	0.276736999974141	14.7675329298683	0.286598619806979	17.7924528301887	310.852486710193	1.18831330625242	1.55282410101123	19.9150943396226	0.946739765032405	0.0583252972351379	0.298446391221491	634.076124567474	219.38062283737	35.492029468681	0.892735185563763	-0.745092495577735	0.458487704525919
55	27	4.07488335269943	1.47181681234738	1.71253748469585	6.87772891344657	0.0806920415224914	8.10588235294118	0.383250401495403	7.57145328719724	0.362648893237129	15.2352941176471	222.420179724137	0.944029340578209	1.22798231365155	8.10588235294118	0.704550212158589	0.109442608345135	0.364045696218682	0.11042524005487	15.1111111111111	-0.165961049957661	7.480109739369	0.357830228418464	16.0740740740741	247.064085366407	0.703493163775272	1.05595667681025	15.1111111111111	0.610958812982149	0.088009788747661	0.304362754807448	747.563636363636	210.163636363636	13.8801320677823	0.922402170725368	1.20329748828746	0.948080087503093
118	61	6.66185085467892	3.01135825334284	1.32218983943797	11.8422966205969	0.0841550925925926	6.58888888888889	0.442447922107772	6.90876543209877	0.445106735694971	14.8222222222222	209.196432358225	0.960394798728637	1.2299604297404	6.58888888888889	0.696919711422241	0.0972813418920982	0.343776258455482	0.0684113865932048	15.1969696969697	-0.0270022883295209	8.39870293847567	0.319288799790952	15.1060606060606	214.235287973606	0.969673305315309	1.29628921079287	15.1969696969697	0.806211867445476	0.0609907910851903	0.279842899557309	316.974576271186	212.889830508475	25.6294567556968	0.934030667059168	0.30100053753581	0.398503556166187
58	36	4.20693075308697	2.0073258568357	0.641299798923091	7.53290108559989	0.123748004064451	6.33734939759036	0.406219610883296	6.33644215415881	0.464633537206181	13.9397590361446	185.500719100847	0.882489035037836	1.12035281475425	6.33734939759036	0.683090395237019	0.0956912772443838	0.326324534067374	0.0884353741496599	7.71428571428571	0.0257731958762882	4.95918367346939	0.379573367808662	14.8571428571429	203.89387045982	0.865308757203398	1.09466494437595	7.71428571428571	0.726125303280241	0.0482217337075426	0.229464449183165	509.965517241379	215.01724137931	16.8407020463357	0.913146311078313	-1.32415188456264	0.562383870087062
264	94	11.0490471307808	5.44075226477262	2.85980321400191	20.3079422142177	0.0408360950822605	9.24803591470258	0.676359689213891	15.2875216814611	0.366523468484253	18.7272727272727	354.27804680279	1.22367321198308	1.57247472541137	9.24803591470258	0.799847992043574	0.192379853067238	0.533341354216582	0.0321329639889197	22.7263157894737	0.218846999051669	15.546648199446	0.298866131718046	18.8842105263158	346.857267888803	1.23776638364238	1.65487713833619	22.7263157894737	0.983646498552814	0.0530186423592773	0.293575078405478	794.276515151515	229.935606060606	42.6121476351763	0.963588506469898	1.50653633530829	0.37545516548108
405	158	12.9984232409105	6.1329909319898	0.972832369969696	25.4629951957551	0.0498364703997285	9.02308265078183	0.598706577785335	12.2425000651457	0.350459923776905	17.2732688011914	295.599051367633	1.15954378933168	1.48726666927926	9.02308265078183	0.782448425457041	0.153754224592667	0.468422286225474	0.0360410232503933	21.5496183206107	0.165366876972675	13.9096352193928	0.272498189956704	17.7328244274809	303.745631146571	1.19025181649897	1.58472134660337	21.5496183206107	0.963580722287125	0.0548672603414318	0.292441556742068	475.940740740741	229.97037037037	53.2725649523695	0.949412284624182	-0.999056121899003	0.203868774988602
334	126	11.3707781394071	5.66916157068764	1.28272236637011	21.3116179397264	0.0465211674950666	8.68530207394049	0.709690156082994	15.9586764898392	0.353755975904175	18.1009918845807	336.581492173149	1.20625636467	1.54452065047792	8.68530207394049	0.786286338656358	0.199316356310412	0.538142741722892	0.0324026940245908	21.8097345132743	0.324519996761927	17.1438787297361	0.254652581787795	18.5796460176991	342.554510025362	1.26523786669113	1.67139942837541	21.8097345132743	0.950064791408049	0.0841167065339853	0.369463670185191	540.443113772455	226.317365269461	49.3312123559907	0.938062727783845	1.04408519026599	0.264371868556057
89	54	6.22915212480864	3.16950206925859	0.709769181360627	12.1268020453195	0.119422787376455	5.76833976833977	0.321870706334297	5.25312681683338	0.442923861683798	13.5984555984556	174.406921036636	0.824937933472243	1.08314266187433	5.76833976833977	0.622022346969274	0.0716553205484782	0.278104808016378	0.131963223363981	9.83720930232558	-0.115992269227232	5.40738236884803	0.393338945596127	13.6976744186047	174.780043696829	0.775301435140579	0.985322362348007	9.83720930232558	0.656649653887617	0.0503236713420212	0.222694704262017	50.6516853932584	214.606741573034	26.0796635691403	0.96528593673359	-0.421138925731161	0.383541489944433
220	95	11.4660210126123	5.98360195302454	0.80166032693304	22.7610129807827	0.0588673532518635	8.31311706629055	0.651904218236692	12.9408471774346	0.375938358183442	16.8462623413258	286.549219583021	1.12688105771375	1.44037056207395	8.31311706629055	0.756481335925801	0.173662047375905	0.48949886602525	0.0463263892588844	22.021897810219	0.21989625140491	15.1147237466035	0.297031736403182	17.3211678832117	295.032120933207	1.1782089302498	1.55950848584977	22.021897810219	0.958255192679384	0.0714530795505153	0.330353001716413	203.4	224.404545454545	44.5638915139346	0.969824623077089	1.01909895435285	0.306327039906816
95	42	5.7813714776975	2.49893538876631	0.843811673650909	10.4150815120427	0.0692932007524859	9.5016393442623	0.440592944011827	9.49259876377318	0.357348741071017	16.1901639344262	255.793035103793	0.980815513374052	1.28059142986976	9.5016393442623	0.734531779865784	0.141538700849787	0.420966164664915	0.091445756293161	33.5373134328358	-0.173445885117677	15.2900980173758	0.298887691371899	16.4925373134328	266.338034791213	0.913225513659859	1.14236774916528	33.5373134328358	0.826998999775271	0.0330924338290142	0.194191478683652	225.831578947368	218.505263157895	21.0186091042108	0.931721265734881	-1.26274907909737	0.676760322201883
46	23	3.46482155570744	1.08378766743679	1.48718533708581	5.63710365508276	0.090383852410236	7.50704225352113	0.302786605867995	6.38360444356279	0.398997703968706	15.0281690140845	212.883151834134	0.92654583398912	1.16055926425496	7.50704225352113	0.678622998643376	0.0700969823509324	0.284342264601332	0.0928819444444444	7.91666666666667	0.00523560209423964	4.97916666666667	0.404562594268477	14.5	193.760470799725	0.870602698588445	1.08383227885043	7.91666666666667	0.70884176006291	0.0407319641184135	0.209914460480907	341.5	214.630434782609	11.1033352421267	0.864125121745786	-1.42319548539747	1.09272787950949
86	32	5.16061235825698	1.59556086151716	2.85215105227616	8.20882242620706	0.044610649430594	9.39649122807018	0.607957049561283	12.9840073868883	0.34564282787193	18.1894736842105	328.129255394268	1.17213790346079	1.49435395662182	9.39649122807018	0.792892147399442	0.166789698803644	0.487938965283626	0.0453892559609308	25.4406779661017	0.058649078143852	14.5128555012927	0.257441312098268	18.3898305084746	325.941875270586	1.1465381537206	1.47015010311339	25.4406779661017	0.941120622091683	0.0744749020018629	0.327865548768926	157.837209302326	214.627906976744	16.1419678485087	0.902698485760778	0.472956670036408	1.05537878206532
126	50	6.56911649646201	3.03728636383051	0.617737808459191	11.7975251642028	0.0500794399920267	8.76997578692494	0.619753675147283	12.5319665355369	0.363953343414959	17.4673123486683	303.673571742419	1.14813095414985	1.48382489025109	8.76997578692494	0.785751237282486	0.172439364242744	0.494191896837381	0.0394832341413848	23.289156626506	0.0907009365657367	13.8061039338075	0.242827540446976	17.7228915662651	302.82161664122	1.14319441787012	1.49972913119894	23.289156626506	0.946282004910643	0.0585755675655487	0.294149301843546	823.253968253968	221.277777777778	25.4607409485566	0.943331526644501	1.18612804039066	0.633345078963702
83	31	4.82476995354195	1.32197180891158	1.95261238069956	6.64586591942228	0.0441917355371901	9.55636363636364	0.597078582778134	12.8588429752066	0.32352963411787	18.1090909090909	324.266764159032	1.18609602359357	1.49882617596192	9.55636363636364	0.793092900059761	0.159390075792777	0.478151555170077	0.038646449704142	21.8269230769231	0.0524583584186229	12.5176590236686	0.1974318698603	18.7115384615385	335.045388636419	1.08197024167933	1.45695194635276	21.8269230769231	0.85141956617211	0.0565890613972373	0.28521632747006	295.795180722892	216.855421686747	14.4493552004507	0.842271056723094	-0.892113389948535	1.08533690009554
40	28	3.59072711634292	1.61412616166009	0.501273887414935	6.0445835088878	0.180077434559381	3.85321100917431	0.271297593276455	3.64388519484892	0.528847191664245	12.5688073394495	147.738293005583	0.69379309796918	0.908816000868353	3.85321100917431	0.537281704093679	0.0568582924387617	0.227587640536465	0.144444444444444	6.93333333333333	-0.140350877192982	4.04	0.366274509803922	13.2	162.804718118153	0.646990342890422	0.867745673044008	6.93333333333333	0.471291426436094	0.0594838999462086	0.227615535491773	90	217.1	13.146331556952	0.908392533249988	0.304581732830394	0.641141357875468
51	29	4.10333727845733	1.89553768932721	0.956236180956004	7.02340236190535	0.119044444444444	5.29333333333333	0.0901590502818866	3.90893333333333	0.43963197586727	13.24	162.297259753572	0.751811190025517	1.02312001825011	5.29333333333333	0.58869688443944	0.0193644591761115	0.140737620140386	0.135330578512397	5.81818181818182	-0.243816254416958	3.33884297520661	0.349732620320856	13.0909090909091	160.295228431265	0.570604048753743	0.885889784816444	5.81818181818182	0.436064726461675	0.0666539565539467	0.24342472280795	105.823529411765	217.509803921569	16.3555570836852	0.962051551872389	-0.602241147523062	0.762051012285752
57	30	4.11120073095216	1.48220020196576	0.856997342145503	6.56768181662634	0.0978400486749594	5.74418604651163	0.346057937998337	5.39196863169281	0.423717403607965	14.1162790697674	186.636023071613	0.894617502802669	1.15108019431615	5.74418604651163	0.683081991695938	0.0707511319516712	0.284536715655462	0.12563915266618	9.27027027027027	-0.00320145448796466	5.62034331628926	0.392503363091598	13.7567567567568	177.80472514214	0.772396081419153	0.983930672966815	9.27027027027027	0.711177785190542	0.0609635934771724	0.244938325144949	177.631578947368	217.736842105263	13.6357446397763	0.865737259284308	-0.502423836534749	0.795870138909414
34	24	3.06791081557541	1.18486094116469	0.875991501734527	5.28526515680886	0.168950850661626	4.65217391304348	0.266877676410349	4.17284971644613	0.534113712374582	12.9347826086957	156.940156250871	0.732285679864642	0.94234181312787	4.65217391304348	0.575268664716752	0.0504848135185616	0.218252290766519	0.282006920415225	8.58823529411765	-0.18190476190476	4.63321799307959	0.523076923076923	12.2352941176471	143.293801498729	0.515688116568002	0.675056937801874	8.58823529411765	0.515688116568002	0.0660761359199373	0.212323798028019	115.794117647059	219.441176470588	10.2638214340525	0.860551361471591	-1.24010357877556	0.74176493209759
36	22	3.32409544868251	1.4972347050806	1.05724575905577	5.79416206621692	0.142301038062284	4.74509803921569	0.107075676457819	3.65705497885429	0.457847573418508	12.8627450980392	153.517322268071	0.712263609971776	0.966912003298285	4.74509803921569	0.558134243415924	0.022943043169345	0.148967803179255	0.153846153846154	6.76923076923077	-0.181818181818179	3.86390532544379	0.341176470588235	13.0769230769231	160.022128778812	0.613547200128382	0.845108735254522	6.76923076923077	0.459442488324321	0.12573707336235	0.327410683181571	848.972222222222	218.361111111111	12.8500799959911	0.956320699955211	1.10984653333426	0.934688723382087
36	18	2.93409681444118	0.46050356980929	2.20129030623989	3.76550293396234	0.0738153354094774	8.62385321100918	0.407279711218067	8.27480851780153	0.371993272694838	15.6146788990826	234.123209480105	0.997981986992335	1.28157569537996	8.62385321100918	0.749962756622291	0.111658581292529	0.375012073898892	0.102222222222222	21.3333333333333	-0.345291479820626	8.92888888888889	0.26448656801598	17.4666666666667	291.867897000096	0.689131842447896	1.05036783724467	21.3333333333333	0.656828504778544	0.159815998361503	0.408373586089966	896.583333333333	216.777777777778	7.7734878764859	0.64720055019237	0.90481170268862	1.39626340159546
83	31	4.8683814496729	1.3568366375128	2.46389115534558	6.94028341056319	0.0426644628099174	9.68	0.613256778902589	13.5147636363636	0.319314974373798	18.08	325.575398169878	1.19224278880042	1.53431716132884	9.68	0.802185079107483	0.170075580445554	0.498134840152753	0.0602	22.84	0.130130099631334	14.1284	0.249549976071697	19.08	356.523349546885	1.00101359182753	1.29357638461176	22.84	0.805760574544675	0.179208135174534	0.474132090081572	555.024096385542	222.036144578313	14.5795812171707	0.844555204590221	-1.40358957588816	1.08533690009554
196	73	7.7988161290877	3.5951545381779	0.753922624976282	14.5533939696821	0.0403312760261749	10.1920731707317	0.767070568863003	22.8780278665973	0.33869958718237	19.9908536585366	427.254076782344	1.28432970333083	1.6339932074597	10.1920731707317	0.798509319557459	0.249065949642411	0.60973659982883	0.0271191858916298	32.992700729927	0.359271238807111	26.7462304864404	0.23154378176299	20.978102189781	456.01244192379	1.33070488866362	1.71290601699138	32.992700729927	0.999172762764989	0.100472777913699	0.407104869566556	261.887755102041	222.285714285714	29.3834839979853	0.921824388365583	0.263781505919574	0.462189649167648
68	30	4.41014431788875	1.54796080407391	1.85861358126008	6.86448185306881	0.0714901944280784	9.73394495412844	0.386014929018145	8.92685800858513	0.350683669679892	16.3302752293578	256.830048540438	1.00524467603668	1.27728995497869	9.73394495412844	0.729803173804885	0.115182499447525	0.380179890544924	0.113494377342774	30.9387755102041	-0.210902096306199	13.7750937109538	0.34256527051772	16.0408163265306	249.636503258033	0.892387235551508	1.16916262109207	30.9387755102041	0.841711679655411	0.087489364512885	0.318506067259088	809.970588235294	224.691176470588	15.0207202315102	0.91757317110742	-1.32348822425633	0.949459113084915
46	20	3.43419110657135	0.840435270289313	2	5.09901951359278	0.0589060642092747	8.89655172413793	0.471299520622287	9.41360285374555	0.37086799391059	16.3724137931034	259.721063978484	1.04390426713715	1.34911909845346	8.89655172413793	0.76743141621104	0.125205622414659	0.406073062318228	0.0584	15.16	-0.0628750911436393	8.1316	0.347773021890669	16.44	252.957483626784	0.961269960788656	1.27729260484563	15.16	0.851461256707444	0.0944054218349261	0.344784342763378	303.869565217391	224.108695652174	9.99090410349806	0.7969781810178	-1.41265532368064	1.4451326206513
56	25	3.96124367845565	1.43601828675515	1.09836241741969	6.53960243439921	0.0641464359504132	7.86363636363636	0.390012170507303	7.44573217975207	0.370379779203309	15.5340909090909	228.696176465527	1.0159338597215	1.30801702798253	7.86363636363636	0.750603986970019	0.0853971227406676	0.331862689116748	0.0891003460207613	22.7352941176471	-0.197166738788805	10.4954584775086	0.294074475613002	15.4411764705882	227.223460782511	0.881749250050893	1.14647976087105	22.7352941176471	0.742660058687064	0.0695850456181514	0.281655752390193	59.2678571428571	223.732142857143	13.2180418893514	0.890621271939426	-0.391215252035846	1.12594680704658
100	40	5.16531863989183	1.64813784265334	1.72572448554226	8.35632245667909	0.0531707955746336	8.96636085626911	0.471892708893335	9.48914700408682	0.373256905043198	16.691131498471	269.07905416206	1.06778912233448	1.38891480585351	8.96636085626911	0.771202933407141	0.143850794153627	0.440096442571017	0.0545562130177515	26.9076923076923	-0.0971919953288384	13.2620710059172	0.254875973220085	17.3692307692308	286.960176308337	1.09595253181467	1.37664975964875	26.9076923076923	0.900381821598601	0.0844008256191959	0.33799467256116	571.27	225.46	15.1931838757575	0.722384534976633	-0.3710760354999	0.785398163397448
100	42	5.67730774470467	2.38773602977383	1.07802204025444	10.1615633450032	0.0597946197226033	8.11728395061728	0.44432851471409	8.3040313976528	0.385512133551349	16.1358024691358	248.255064318203	1.064099755832	1.35570425846364	8.11728395061728	0.756519613005908	0.102944832541009	0.369896740307808	0.0481183567940247	15.6271186440678	-0.0403136354943583	8.51077276644643	0.26805761307427	16.4406779661017	251.125058828625	1.05532498325119	1.38946942641188	15.6271186440678	0.89897473226811	0.0618832099007359	0.291389166117955	749.83	230.4	20.119355997415	0.907545302446199	1.47284630750168	0.712379286528298
682	226	22.1382280543714	9.49917261329275	2.83639017925289	44.1724393857116	0.0358406531249908	9.77186963979417	0.692725880547761	16.9008992641715	0.333611835565221	19.2195540308748	376.12801799408	1.26694167007369	1.63095143977434	9.77186963979417	0.810621637546058	0.195988396667354	0.546248665356653	0.0229340720221606	27.36	0.200820993275506	18.1175667590028	0.226880404897434	20.1347368421053	395.698747997175	1.3042169087321	1.78138679419623	27.36	1.01092517527539	0.0642602354454348	0.333985078725786	337.91935483871	251.344574780059	85.1360617999592	0.918621316343453	-1.53092098274606	0.167794360541016
70	29	4.31598747062432	1.08938454792024	2.55544928464124	6.3310382390493	0.055844105878732	8.89473684210526	0.559270789050778	11.090931825177	0.36887032304989	17.1491228070175	288.674779342697	1.11148617052728	1.41562181025802	8.89473684210526	0.762481444078265	0.153012830680192	0.457248050922754	0.0604345857854233	27.1914893617021	-0.0758731864588933	13.636939791761	0.249014269713314	17.4893617021277	295.828819916377	0.982619137010975	1.28236987726925	27.1914893617021	0.838737088886355	0.0466545571604661	0.243759851799679	435.657142857143	227.1	12.3592607097369	0.756546649179894	1.21670599357343	1.04595236980397
111	42	5.62333874270509	1.9272335575237	1.71047857672969	9.31828840861955	0.0460553520793951	9.34782608695652	0.5229467324685	10.7974657372401	0.351061965959664	17.4239130434783	295.062083884917	1.13833515926078	1.47154055869924	9.34782608695652	0.795945306374161	0.133038044402096	0.434959586913129	0.0366512345679012	28.625	-0.0754329321984172	14.30859375	0.208683259429633	18.5416666666667	326.788014726268	1.15838044897272	1.5122127384751	28.625	0.968794358402245	0.0780703707085055	0.340011488698035	723.468468468468	226.531531531532	18.4610067041506	0.884430121263866	0.279464888545015	0.790741008046411
89	47	6.17433387685135	3.16611337127181	0.92375716366347	11.2695280942741	0.102201652892562	8.10181818181818	0.117403868038409	5.5897652892562	0.37892616763205	14.4145454545455	193.948035008045	0.86128783754288	1.11781917818741	8.10181818181818	0.671074985957657	0.0516559178020589	0.239896717130736	0.199617346938776	9.46428571428571	-0.0178326474622784	5.64923469387755	0.529215657156834	12.7857142857143	154.148855667974	0.743446949089118	0.952087124547344	9.46428571428571	0.64300203269214	0.0592744320336359	0.237695604602328	662.078651685393	234.752808988764	26.1529650625207	0.980037175213398	1.53005047869523	0.506295601936608
63	36	4.78091236475045	2.38244747537525	0.90990774189778	8.65673398054236	0.146594440245234	7.005291005291	0.0289563752920052	4.60709386635313	0.457549857549858	13.9259259259259	181.930863606173	0.715786670564113	0.923007338491794	7.005291005291	0.540615011154449	0.00625881545427402	0.0760151873519401	0.183195592286501	11.0909090909091	-0.245154639175257	5.45362718089991	0.411353352529823	14.0606060606061	188.103926583217	0.592854691111366	0.784419233806627	11.0909090909091	0.485592913814651	0.0508683465381816	0.200291317993193	852.825396825397	233.746031746032	19.4941443885932	0.973353905210393	-1.49374978772061	0.610865238198015
56	29	3.99977590057188	1.45381031966385	1.17089150664481	6.63002215809908	0.0875739249557285	8.71676300578035	0.49726552714239	9.66935079688596	0.373574971670858	15.6531791907514	241.23011317966	0.981114816645935	1.24837566792486	8.71676300578035	0.700331849898244	0.152455800533067	0.431496234471652	0.0606420927467301	20.5862068965517	-0.151245137480467	9.94084423305588	0.208351593985592	16.1724137931034	246.90592479225	0.949774246803412	1.27005721761226	20.5862068965517	0.853372437553598	0.0934293803005023	0.34211123934218	107.232142857143	229.625	13.1406545525733	0.864451430701029	0.303685081794642	0.836761895843179
241	128	14.3899841092458	6.89057276848901	0.389216209596286	28.5336137609279	0.0925845282065345	6.89156626506024	0.611957606266872	9.8799141232489	0.444353714233232	15.2476572958501	231.103096098796	1.01828605637288	1.28817490842629	6.89156626506024	0.702424601826635	0.160692529404738	0.448944872850309	0.0745562130177515	14.7461538461538	0.244968044221525	10.7652514792899	0.379780713349414	15.8230769230769	242.912429481884	1.038031187237	1.31633410293221	14.7461538461538	0.838644568896937	0.0626179741097885	0.285605709260157	146.846473029046	233.240663900415	54.6960636253174	0.934669617109847	0.207107033920459	0.18484468494022
183	71	7.86587216233115	3.7070766589835	0.944817455281604	14.319483566151	0.0492138987977276	9.40886699507389	0.641515338048516	14.1231095688374	0.351051700341761	18.0131362889984	326.296487722783	1.1842053531811	1.50804526038547	9.40886699507389	0.780272561888496	0.190391918332099	0.521448057597549	0.0329428067523305	23.8968253968254	0.197320636116192	15.8856607457798	0.268047394412292	18.2460317460317	324.817241350278	1.24099061806077	1.62171404457971	23.8968253968254	0.977820478524901	0.0884910371281301	0.373392126935424	183.885245901639	231.868852459016	29.9883808668896	0.926855569859202	-0.081935351479917	0.456188419446088
62	33	4.13397352515336	1.48617018814591	0.939882570864897	6.27682489497414	0.095164667270258	7.09574468085106	0.159268124249924	5.21998076052512	0.403767833492489	14.1170212765957	185.291431095577	0.869106243114915	1.1385939759404	7.09574468085106	0.666858320310158	0.0410689929367672	0.215915627312565	0.102222222222222	12.9333333333333	-0.0446957458266028	7.19	0.350787167257755	14.2	191.81637890052	0.783975542887048	1.07393362472827	12.9333333333333	0.637993590335586	0.0343967245796415	0.192064119101857	249.677419354839	232.048387096774	11.8510991615332	0.496336546295305	0.443527964072733	0.715440751230733
373	110	12.1719729284378	6.46530606138587	1.35417932818832	23.6438956530622	0.0280893134294497	10.5211375864719	0.788905472698148	25.9204413798645	0.322950819949509	22.141429669485	520.746268001323	1.36679032079023	1.74184647249694	10.5211375864719	0.826121394471271	0.25370718839522	0.630215384418917	0.0167091836734694	31.7428571428571	0.393220347248129	27.1568239795918	0.229964843310366	23.0357142857143	540.617384495889	1.40857980792508	1.92223948290215	31.7428571428571	1.06039719043757	0.0944774137061393	0.416589997401827	77.2278820375335	237.667560321716	49.5859214297174	0.963730917609656	-0.47806999568791	0.387376548690576
42	19	3.24334847088862	0.573006217895879	2.06339955620135	4.0580961107792	0.0658861340679523	9.1969696969697	0.416239845542969	8.87735307621671	0.335603003250062	16.0757575757576	249.194561511345	1.01315093203725	1.30011420637734	9.1969696969697	0.748235132129688	0.130916605704729	0.408051034669598	0.072	28.64	-0.186373276776247	13.0704	0.196610581136263	16.72	267.979172448742	0.961269960788656	1.22617635697296	28.64	0.863234010370501	0.0891216692006522	0.328750775013327	509.642857142857	230.238095238095	8.87620387279775	0.730521907583102	-0.599851990667028	1.46201541773708
210	83	8.93675636988161	3.70045844432402	1.12797082782154	16.3760780605812	0.051347238755758	8.77410071942446	0.656823417153266	13.78365302003	0.376669496737207	17.6661870503597	315.007850494259	1.15415086055067	1.47013847713264	8.77410071942446	0.764191110961582	0.19679034413958	0.523919251952342	0.0454206404177101	22.4671532846715	0.258816457387124	16.1562683147744	0.291936104287924	18.1313868613139	325.418215186522	1.18263188603336	1.49038742586126	22.4671532846715	0.938990317902922	0.0629555799792012	0.303863445680305	530.914285714286	238.847619047619	31.5020416410116	0.852427050609764	1.45249192619681	0.38306544186608
50	20	3.57832487229776	0.587869975670846	2.33452350598576	4.45533388198907	0.0520620346437252	8.62111801242236	0.559151239682464	10.7778635083523	0.351614170028492	16.9813664596273	283.030366724123	1.08985832782512	1.41147764678442	8.62111801242236	0.784143827062932	0.150441495923804	0.452947939760693	0.0634765625	26.5	-0.0344617261360171	13.80859375	0.219632654948293	17.375	292.942119367909	0.997950681886894	1.26135192809288	26.5	0.948608925871868	0.0800408797489347	0.315954538246618	292.68	232.56	9.20229262675089	0.639026452420189	-0.417312304823637	1.5707963267949
96	36	5.00906585149465	1.43651671867907	1.8888888888889	6.76683999048226	0.0439166281777891	9.66144200626959	0.553460736294402	11.8181326834445	0.340571746656939	17.8871473354232	312.951437793239	1.17366926933144	1.49862761892767	9.66144200626959	0.798621533643817	0.146550369542442	0.459348181345144	0.0336094674556213	27.2615384615385	-0.0897084145395371	13.5086390532544	0.216978686901168	18.4923076923077	324.170826565465	1.13149524547831	1.52855537276941	27.2615384615385	0.933571792719818	0.0764338320734012	0.338212199934445	274.583333333333	236.0625	14.9282811375308	0.788477739626813	-0.836185092690198	0.930842267730309
31	16	2.71755230818031	0.397338901070447	1.94152807087613	3.46691956208967	0.0854434038617181	7.50537634408602	0.384257853999087	7.09457740779281	0.374121486834959	14.8602150537634	210.633746167944	0.940415741960903	1.19917900150902	7.50537634408602	0.688034420033473	0.103512833680718	0.350284787113217	0.0892857142857143	8.42857142857143	-0.32797427652733	4.1734693877551	0.223981900452489	15.1428571428571	211.321821584463	0.753398658883032	1.07593079709444	8.42857142857143	0.667390088693323	0.144082976135993	0.392236979666024	371.645161290323	232.806451612903	7.03683527570409	0.594808864124745	-1.17272110820411	1.52170894158256
112	40	5.56501748291116	1.53885685328205	1.66207701385948	8.01638946159681	0.0419087466759164	9.08064516129032	0.704132950589939	16.3458203260492	0.344693613479192	18.5806451612903	353.598077783637	1.22278119014657	1.56220516780512	9.08064516129032	0.794291227367341	0.189203627288478	0.527755288880896	0.0447844896651178	26.7088607594937	0.273099129585376	19.3717352988303	0.287316728581842	19.1392405063291	370.293718973934	1.15270002356516	1.45069406891761	26.7088607594937	1.00321729162819	0.0924185333433858	0.362124440283004	675.044642857143	236.008928571429	14.2632423494937	0.512739469751758	0.611240859520498	0.879645943005142
159	69	8.99109491218541	4.75436921208222	0.594379613171327	16.7792041802242	0.0618965029691771	8.24077669902913	0.523119224339454	9.64029031954001	0.377062017427523	16.2019417475728	255.214927799627	1.07268058846473	1.36839286575249	8.24077669902913	0.752425971418332	0.128809074150273	0.414382012204797	0.0517589541927941	15.659793814433	0.0756080040402902	9.47032096928473	0.308690611476941	16.2783505154639	249.876417678971	1.05813607491593	1.37980830085278	15.659793814433	0.89398418184622	0.0505781400375929	0.262860618240778	840.232704402516	244.685534591195	38.551708639552	0.97874372194902	1.3739504105665	0.419670852275385
182	60	7.70623189634848	3.22250609235373	0.680277721065315	12.8606419400864	0.0381515694221887	9.72491909385113	0.608959262983946	13.4346623935652	0.339760034163232	18.504854368932	339.534056983817	1.19819881381661	1.5522998515782	9.72491909385113	0.805832433912684	0.167087162329079	0.496477846312608	0.0300694444444444	21.1	0.0814938421634945	12.4860416666667	0.281106665356965	19.15	347.79063403706	1.17928862369681	1.61626924792999	21.1	0.953689589824195	0.0787832758798091	0.352344501264654	617.428571428571	237.274725274725	28.1865143741159	0.921831476578678	0.0372202004790311	0.635299847725936
68	26	4.3150750695202	0.992550618459348	2.34741454148722	6.37081455596605	0.0448229403366245	9.33632286995516	0.619983433626464	13.28409982103	0.337254828840162	17.8923766816144	319.250499781184	1.17560595976082	1.51264839590781	9.33632286995516	0.798388424733981	0.178222706729451	0.50614641947358	0.0803125	27.825	-0.019522528196028	14.64609375	0.273723229089189	19.125	359.530557203738	0.882983055491438	1.13133280191422	27.825	0.810348397404938	0.0429816762374276	0.220181710450714	690.411764705882	236.985294117647	12.2055690869998	0.797652034507984	-1.18102707552246	1.26407278369293
536	181	19.6162359862629	10.2342050566062	0.919536872666666	37.6277231314917	0.0387329988145345	9.45046524356869	0.661966927326799	14.9786103898555	0.342958132329329	18.6535303776683	349.70373651215	1.2397496222925	1.58563153619552	9.45046524356869	0.805457040064858	0.178556517994803	0.516911915639812	0.0274523389602754	24.478835978836	0.22193353731723	16.7305559054898	0.269006826446904	19.0608465608466	355.243770537425	1.26195943568331	1.7105092444538	24.478835978836	0.983648524626124	0.0665652660340723	0.333330018735969	700.054104477612	267.130597014925	84.2415510104413	0.983405315444837	-1.21435257448475	0.205597345908138
42	20	3.21010097732794	0.552495896236543	2.25610283453568	4.13400532171887	0.0837350780532599	9.74242424242424	0.450455816844504	9.86409550045914	0.362240912240912	16.4242424242424	264.325326200454	0.977191947175879	1.21180797670064	9.74242424242424	0.670477574065487	0.143734859521366	0.413652751131016	0.0754437869822485	31.6923076923077	-0.235952463366793	13.8210059171598	0.218738854990924	16.8461538461539	272.076950141057	0.956369890268065	1.21108757890682	31.6923076923077	0.879317534366035	0.0952915442345098	0.337824842239861	381.595238095238	236.714285714286	8.74084636625033	0.714625804763349	-0.253402488888785	1.31946891450771
36	25	3.06477929660133	1.42517643227914	0.126491106406746	5.3043378474603	0.198905303432883	3.79381443298969	0.173703703703702	3.29567435434159	0.543966040024257	12.3092783505155	142.196488814345	0.612799998893185	0.81880739980371	3.79381443298969	0.43135337345697	0.0262837907167849	0.146873707362191	0.272853185595568	3.15789473684211	0.13767019667171	2.83102493074792	0.606191950464396	11.7894736842105	130.811776704705	0.535782213472778	0.722022936304718	3.15789473684211	0.409398534035578	0.0523066565584367	0.195034622816697	447.861111111111	236.944444444444	12.1104831371696	0.914194546812189	-0.297437289809245	0.723822947387088
284	98	10.414356418282	5.07062261585688	0.797551960394647	19.0890332696642	0.0435495483272352	8.91213389121339	0.722552179859567	17.0609189264894	0.349814588628273	18.397489539749	349.895768392465	1.23461604555456	1.56800644025917	8.91213389121339	0.789232087731996	0.206832883609335	0.550931071260266	0.0363125	23.865	0.345940166474876	19.24374375	0.241977834106048	18.745	355.226814773941	1.24880499154341	1.63143809068114	23.865	0.980982541671757	0.0859081875367263	0.369088243118833	504.598591549296	257.542253521127	40.9199532964941	0.948590354171317	1.38518259936586	0.371600297217618
375	157	15.5472002994478	7.74526533066798	1.1011926528229	31.5955110660699	0.0593773606516243	8.42148087876322	0.502351712535447	9.46127786520626	0.384547938695261	16.3873067534581	259.563501212998	1.08567708106908	1.38757555105488	8.42148087876322	0.761269528023993	0.124770851775712	0.410613451276177	0.0516926033852068	22.1496062992126	-0.0441112000888472	11.6069192138384	0.277180573219582	16.3937007874016	254.726117417888	1.08200438034899	1.4259495501903	22.1496062992126	0.921267303307678	0.0232902714040838	0.18177946555683	810.677333333333	268.029333333333	64.9464636418649	0.939543089358518	1.54212698518908	0.191179722519562
51	27	3.70325762989834	1.30337151359736	1.35881009835883	5.89680343994337	0.104765868886576	6.27096774193548	0.145734341865025	4.67038501560874	0.440688950518173	14.1677419354839	186.292197596364	0.830514889509726	1.06298262964972	6.27096774193548	0.636532950278434	0.0211413977988075	0.14985670549352	0.107248520710059	9	-0.136346656705267	4.96005917159763	0.372537417333797	13.9230769230769	180.205516529187	0.756251951095403	1.02867628211979	9	0.696947195924572	0.100973926467719	0.321902726497574	110.470588235294	242.705882352941	12.5479500825993	0.877510528586165	1.11366360207967	0.879128808411959
34	20	3.08156687752542	1.11532308293974	1.39999999999998	5.24976189936268	0.117711370262391	5.48979591836735	0.219597394908229	4.51728446480633	0.492593960661188	13.6326530612245	172.761467411586	0.819295754463394	1.04675415920923	5.48979591836735	0.633587949082737	0.0508555583635655	0.230558433386722	0.172839506172839	9.61111111111111	-0.161290322580646	5.13811728395062	0.411639014580191	13.0555555555556	159.878930135508	0.6887624340217	0.889449097797688	9.61111111111111	0.6887624340217	0.105143958426832	0.306584712495485	331.352941176471	242.088235294118	10.3009565326955	0.909375176010041	-1.30625385728269	1.06814150222053
104	39	5.71553514105102	1.84881803779632	2.97712073373717	9.18564469027997	0.0430875866414619	10.0927536231884	0.696088456628554	17.6047553035077	0.346953366902216	19.3507246376812	385.052495160235	1.21991584244555	1.55832352585172	10.0927536231884	0.79175126472918	0.233679882487432	0.581283803124195	0.0359168241965973	27.6376811594203	0.104600403526262	16.4331547994119	0.281093628860643	20.1884057971015	396.001877667049	1.16455393611331	1.57626730987054	27.6376811594203	0.967065276299405	0.113860580051955	0.416288850115468	431.951923076923	246.846153846154	17.222605380601	0.876657868497711	-1.50462047629562	0.859239016366439
58	24	3.97482735321803	0.699243846275533	2.79197759462519	5.47373780478713	0.0524417157084654	9.47872340425532	0.583197308702923	12.3707559981892	0.35302066772655	17.531914893617	304.663016705021	1.1411029516625	1.45051585455365	9.47872340425532	0.781433889278408	0.170272941487652	0.486411191062288	0.0591909577632362	22.6341463414634	0.0332350848663493	12.7061273051755	0.320099799665884	17.1707317073171	282.948801003787	1.08476148091954	1.38024894532735	22.6341463414634	0.936471263790742	0.0448842938146088	0.247805131867428	770.258620689655	241.206896551724	10.4564868642102	0.710467218200762	0.811393012070243	1.26536370769589
403	168	20.3177456442389	10.733003355491	1.21653037164088	38.1791384503605	0.0582939265795704	8.23502653525398	0.561875146671288	10.3980362819951	0.376498069670259	16.4639878695982	265.171062880077	1.10775316549996	1.4169827033917	8.23502653525398	0.755677473481557	0.135313359358925	0.431140675367223	0.0554087285883882	16.796992481203	0.142444415261687	10.7935298773249	0.342278548027466	16.4736842105263	259.319055032997	1.08076609845606	1.43058731897227	16.796992481203	0.877757304436058	0.0492253291044138	0.26391938621579	832.379652605459	274.511166253102	89.7278022184016	0.987687008607436	1.46093969376033	0.179430532794315
59	31	4.47768633123708	2.16592244094687	0.476284614846239	7.68541194157858	0.0967838656735261	5.67415730337079	0.181173084105337	4.46480873627067	0.423239615638822	13.8314606741573	177.089515816818	0.835136648683564	1.10070253179009	5.67415730337079	0.667745913854235	0.0328153799824911	0.189885256339431	0.108367626886145	8.22222222222222	-0.224264705882349	4.35802469135803	0.426948215183509	13.7777777777778	175.651423269882	0.722451403968809	1.01233214053412	8.22222222222222	0.627067746830046	0.182717099349541	0.429168190104982	892.881355932203	243.745762711864	18.138836543542	0.9612932688502	1.06828738793607	0.771504543441406
39	20	3.08144595885803	0.769539344437624	1.83371208208923	4.42295150323853	0.0922569444444444	9.5	0.353350476478594	8.34555555555556	0.372163385104562	15.5333333333333	233.202841624499	0.927833704690802	1.18658420298368	9.5	0.707617719262318	0.127161058961143	0.385772522333498	0.120562130177515	35.3846153846154	-0.274102482156173	14.8860946745562	0.272966185986824	15.6153846153846	241.46542307287	0.739038970056901	0.982178581939347	35.3846153846154	0.739038970056901	0.107216285094982	0.324504761997099	233.153846153846	241.820512820513	9.27637714902258	0.813119865569988	-1.56413991533163	1.22522113490002
88	39	5.45383153655439	2.44505061792286	1.56746171441823	9.99976988558377	0.0632513455057593	8.75177304964539	0.636963028416969	13.0535561591469	0.371622185389394	16.8156028368794	287.067498846365	1.08013184744215	1.38714807608946	8.75177304964539	0.731811455183499	0.185886992457967	0.497433165218632	0.0902039643780524	23.5084745762712	0.190497623416641	15.5203246193623	0.373244876317513	16.6271186440678	277.338169301978	1.04618974362029	1.33013493216272	23.5084745762712	0.894163045450622	0.0714485105016879	0.30635925324121	302.897727272727	246.238636363636	19.8052538047811	0.937633387273186	-1.20760501908519	0.72704839846391
81	40	5.30079468905577	2.4447035944012	0.651920240520271	9.96619285384344	0.077896	7.752	0.427547208155416	7.77086399999999	0.398426513391219	15.112	219.138424097507	0.976690732159156	1.26690855366352	7.752	0.717558210521277	0.105138548180877	0.362154716770666	0.0822065981611682	11.1162790697674	0.049482056973732	6.84748512709573	0.381600120587809	15.3488372093023	221.124803717883	0.897154183465263	1.16492141524147	11.1162790697674	0.702456987446158	0.110224416776904	0.356459226607524	285.234567901235	249.197530864198	20.7146224542665	0.918642590075531	1.05532726059973	0.636172512351933
41	24	3.51760129522475	1.52744176650222	0.708333333333314	6.23846157139544	0.131487889273356	5.68067226890756	0.0430851949658578	3.96822258315091	0.452298566485418	13.3445378151261	166.824270593356	0.670467729724901	0.915661907603408	5.68067226890756	0.471631673840639	0.00334981578588883	0.0553870891671586	0.16	8.26666666666667	-0.241655540720963	4.32888888888889	0.40078431372549	13.8666666666667	181.743044738014	0.574031267727719	0.86198683922609	8.26666666666667	0.453297921326423	0.068355056101499	0.243274727785874	359.292682926829	245.707317073171	13.0464183665064	0.93994406335164	-1.29950108489879	0.894481241647094
89	32	4.91561095729783	1.25345279787214	2.375	6.45295474957015	0.0452623572443262	10.4347826086957	0.637648959806098	15.3987203722553	0.339146304403042	19.2173913043478	371.952220388107	1.19540136128711	1.52792361277533	10.4347826086957	0.792449271784836	0.200432525498237	0.537105268402005	0.036670918367347	31	-0.00714833309160087	16.389987244898	0.208342884958995	20.8928571428571	417.535013497402	1.22117535105779	1.60745215271252	31	1.01695777987575	0.105475125434794	0.404823364209556	564.47191011236	246.348314606742	14.2076355264248	0.804809009951669	-1.51066156640207	1.09219432097458
51	27	3.72758152745694	1.18786970970954	1.71853448268447	6.13351672654785	0.0962219598583235	7.62337662337662	0.356190042090721	6.92051779389442	0.395281189398836	14.6883116883117	206.330234918997	0.894416648592254	1.13926447589933	7.62337662337662	0.667821926039665	0.0970911899815133	0.331289832011276	0.1016	6.36	0.173682569379479	4.8484	0.448488687782805	14.92	206.735520382682	0.8593485078862	1.06404890493771	6.36	0.720445964257471	0.119759766166717	0.356036068355355	35.5098039215686	245	12.0360851252968	0.866601269273146	0.595218471827678	0.879128808411959
97	34	5.22327436780451	1.53148051254246	1.93000349606151	7.78884394280679	0.0403242500658662	9.98159509202454	0.655453352561354	15.4851142308706	0.320060456870273	18.8711656441718	360.206357275654	1.20063946513014	1.5369971288423	9.98159509202454	0.79000609574882	0.210458981793336	0.550800621711663	0.0416929216551145	27.695652173913	0.06416939613415	15.7973639991598	0.278681448165906	19.1159420289855	355.004704323241	1.1295332573459	1.49307974056915	27.695652173913	0.964781487599711	0.051146305704588	0.274549529488695	187.134020618557	247.773195876289	15.5162003327936	0.815579096823088	1.22984871923379	1.05444459307339
112	38	5.90563716395194	1.97197493513822	2.78114446639081	9.45059320420456	0.0374744548024971	9.86243386243386	0.639695696395945	14.686255983875	0.307255671961554	19.031746031746	361.64416189548	1.23394920679004	1.57011574505236	9.86243386243386	0.808469003458442	0.183846170246735	0.521833417752438	0.0309404054260021	28.1111111111111	0.082715591950008	16.3230071635421	0.212297430672389	19.320987654321	359.882076083941	1.2461112082458	1.63569947690653	28.1111111111111	0.99903564323892	0.0660842634688519	0.325216721464023	516.589285714286	249.580357142857	19.0912352934772	0.916762124659028	-1.02908319258999	0.974676945158052
53	23	3.69339206101948	0.711549786537214	1.98481951487185	4.81216165677792	0.0575785161583978	8.61538461538461	0.515806955611443	9.89664227443017	0.362602421425951	16.4733727810651	263.88345184707	1.08141815000104	1.39168865931823	8.61538461538461	0.768988254294251	0.131928500243712	0.422440729845756	0.073961937716263	19.7647058823529	0.0387883887252851	11.2811418685121	0.339379179736849	16.4117647058824	258.718021115917	1.00533229846818	1.25106917095144	19.7647058823529	0.835847956860091	0.059299764528986	0.271303130070419	870.981132075472	245.075471698113	9.236042417766	0.506400455945729	0.83181249943625	1.25901255682616
48	23	3.58737085788623	1.18766303507704	1.45311086670159	5.53865945714579	0.0524518730489074	9.33870967741935	0.51683434839665	10.6640868886577	0.342512436535207	17.1451612903226	287.336814939241	1.08218594133976	1.41849423304035	9.33870967741935	0.792874084920116	0.163733469565873	0.472762556306774	0.0925	20.6	-0.175799086757991	9.76	0.298440406642773	16.6	261.696615913671	0.875604434075346	1.11642843060653	20.6	0.826760624017703	0.172196043864813	0.435550328284056	3.29166666666667	247.4375	11.5786514492163	0.873195054672076	1.17134771515559	1.14023778731425
46	19	3.40425193189781	0.422352700430154	2.74744908129227	4.63636116748323	0.0514600397982322	9.63265306122449	0.545187975510523	11.5897079920404	0.326663888008426	17.1700680272109	290.176161972423	1.1248200370586	1.43860050858001	9.63265306122449	0.790961020918796	0.156412989334116	0.465398559801477	0.052930056710775	34.4347826086957	-0.282094594594595	14.4291115311909	0.189753913174908	19.3913043478261	358.78765299655	0.965616043708868	1.30591082141598	34.4347826086957	0.902075771265688	0.0644556691549226	0.288619622554537	392.565217391304	245.173913043478	8.51776898881349	0.584504487372098	0.134624307769019	1.60125498133109
121	47	6.24273364752312	2.52730341917692	0.839549772636128	10.6482719201081	0.0500405148208868	9.05764411027569	0.457611677786611	9.34977795365607	0.35619781997491	16.7719298245614	269.804882681724	1.10465772705267	1.42553008924514	9.05764411027569	0.793438651367542	0.110667229474087	0.392174131167428	0.0701874714220393	18.1481481481481	-0.12133426252048	9.0922115531169	0.321342996235392	16.5679012345679	259.37242323346	0.910579459464057	1.23329619061095	18.1481481481481	0.79065623484077	0.0456735804801751	0.236675855697778	579.942148760331	249.165289256198	21.7255309186189	0.898193383048543	-0.912128616008434	0.688334470048646
178	52	7.14240702962124	1.665011839828	3.95920394245971	10.4099761551262	0.0304858820731795	11.2990353697749	0.816096855357768	31.7200711324325	0.299537161523165	23.2733118971061	590.915348518721	1.3796119046707	1.73591309932608	11.2990353697749	0.807515097089126	0.286685205270345	0.663795004914225	0.0247916774494074	38.273381294964	0.434011364471333	34.8110863826924	0.210702392216846	24.0863309352518	613.481901392692	1.35945395760952	1.81880364772585	38.273381294964	1.03237985266924	0.203307481801663	0.580881511865573	602.061797752809	250.988764044944	18.7476241971551	0.675838203750881	1.56120798283958	0.82722410109317
35	21	3.11045640194173	1.26468865293133	1.09627280316391	5.37736922418785	0.12539536781961	6.34343434343434	0.324408319387999	5.69472502805836	0.437832896656426	13.7777777777778	179.865240136884	0.838312009513437	1.05618466648381	6.34343434343434	0.622066265495085	0.0928936122712523	0.312690606264197	0.133136094674556	7.07692307692308	-0.212981744421906	3.91715976331361	0.279638009049774	14.1538461538462	187.395802871303	0.633339991169707	0.88805767980846	7.07692307692308	0.42732902640379	0.120579882246524	0.328175657269285	786.685714285714	248.371428571429	11.0024972559943	0.898754776954359	-1.16950183270111	0.997331001139617
56	36	4.29067422906652	2.13578212308942	0.472222222222229	7.60852551377908	0.138938333135556	5.91194968553459	0.384695188222509	5.80408211700486	0.452953098236117	13.5471698113208	175.800878390473	0.799758324748738	1.02654380468803	5.91194968553459	0.581783263867218	0.100647711049805	0.321068594977863	0.138313609467456	7.96153846153846	-0.0641621354424153	4.74075443786982	0.434197702749739	13.1923076923077	161.287366527672	0.771120662167154	1.00974066150007	7.96153846153846	0.696679886078224	0.0466600037265361	0.217013550971349	94.4107142857143	250.285714285714	17.3590149726086	0.949262376994052	-0.991000880870194	0.54299132284268
63	31	4.47719188760922	1.78865584789611	1.18347976308671	7.69461343814874	0.0795923734385273	7.75384615384615	0.328981865850994	6.77767258382643	0.395464577003038	15.0461538461538	213.723618885183	0.961879824972515	1.2331976063368	7.75384615384615	0.715084412933879	0.0748534733277443	0.302396385335167	0.0831689677843524	21.3846153846154	-0.231019604874723	9.68573307034845	0.275356260558777	15.025641025641	213.992040265864	0.861117617877338	1.16060594677034	21.3846153846154	0.809156753788058	0.0985407617384215	0.336660377635033	411.698412698413	251.349206349206	15.4271443829147	0.920849518368293	-1.34223315143316	0.823809936217095
62	25	4.08031339365308	0.814274283994811	2.77272429209976	5.79724072296469	0.0500563670228409	9.36633663366337	0.609387360464093	12.9892902656602	0.321586144183698	17.7128712871287	312.678093476212	1.15729008176975	1.46685649155306	9.36633663366337	0.790518557614677	0.186104357808537	0.509823355338289	0.0491689750692521	23.6842105263158	-0.0172516359309924	12.6412742382271	0.246138143547946	18.5263157894737	328.234077848213	1.05195767761104	1.34910418831918	23.6842105263158	0.866508073253681	0.0684044496245911	0.30187691694557	684.548387096774	249.467741935484	11.1116628350407	0.754128285589038	1.15195111370864	1.24658396494443
60	30	4.1556668422665	1.64059263901733	0.734090518184828	6.80236886843268	0.0831462665406427	6.76086956521739	0.322744810282385	5.9913752362949	0.390230817085037	14.5434782608696	198.877128550914	0.917308690115196	1.19164657078669	6.76086956521739	0.688490206023577	0.0853053520246146	0.317395276974394	0.0835629017447199	16.2121212121212	-0.120347748833966	8.23530762167126	0.291655826949945	14.7575757575758	203.995514610587	0.927665948179905	1.19444340540464	16.2121212121212	0.825997655318373	0.0529206626622322	0.250730512902639	77.0666666666667	252.183333333333	14.5300484579254	0.89818537810472	-1.48467632855419	0.837758040957278
31	16	2.78400471158037	0.785178493018165	1.32582521472478	4.07833452526886	0.0948556937567927	5.71428571428571	0.176757132915796	4.47059533872721	0.396489483367311	13.9120879120879	178.856199034264	0.847322189211705	1.10893276331797	5.71428571428571	0.663431791216772	0.0360633030353507	0.199769800398999	0.20703125	12	-0.170731707317073	6.125	0.423076923076923	13.5	175.469485441382	0.578332714336684	0.766476461626672	12	0.504954121797823	0.0278993493778503	0.146469283951053	382.064516129032	248.064516129032	8.65026861760049	0.839659430363422	-1.00790627577214	1.52170894158256
137	52	6.42273272249973	2.5985712271686	1.00755283826382	11.2427655897697	0.0487768674975701	9.6980306345733	0.588216637688606	12.7756465197344	0.348226399018007	17.8512035010941	315.95455292767	1.16138632164885	1.47608112421356	9.6980306345733	0.770133005493176	0.170495023930446	0.49042550761422	0.0595876479289941	26.2211538461538	0.0241126161543351	14.434518306213	0.31712405398279	17.5480769230769	299.323591737207	1.06151656748701	1.39188323015533	26.2211538461538	0.902390484868121	0.0545016515043658	0.27390104935534	269.85401459854	251.481751824818	22.3391974070033	0.896824434553443	-0.110704464430811	0.636683718257103
76	29	4.66337753363664	1.23691596658007	2.82211413318763	6.89318883526834	0.04668	8.768	0.633793141239572	12.971376	0.321442093677388	17.864	317.793574086717	1.17040631599305	1.48927933326025	8.768	0.781904943125429	0.18259120640623	0.508552421230453	0.0364	25.4	0.0545248801405566	14.4324	0.16095057512277	18.52	330.194678058573	1.14573517933571	1.51446749832899	25.4	0.95469513932273	0.104057917313967	0.391354681413218	318.5	251.605263157895	13.9926187857769	0.864388250617622	-0.656736305911438	1.13560543007289
49	23	3.72260250126469	1.00399956007593	2.04394074322488	5.7524548881391	0.0799307047936494	7.09933774834437	0.546731929144662	8.83127932985395	0.431939853911026	15.6556291390728	239.261648753587	0.99152776249626	1.2649971552973	7.09933774834437	0.734893657607903	0.134398509434959	0.408187064406288	0.0687869822485207	13.8076923076923	0.00123053876197144	7.91235207100592	0.296065418011119	15.6538461538462	229.267328592693	0.976461760966017	1.21960137284846	13.8076923076923	0.799952678307531	0.116427704213597	0.374107745458612	776.448979591837	252.836734693878	10.643916427334	0.791030888397276	1.53579893778686	1.16399274121663
88	32	5.12376289413788	1.66682446725976	2.06911816965586	7.82823415592559	0.0440424466213934	9.48805460750853	0.548949205702288	11.5177229787185	0.33142114671928	17.8225255972696	310.594070975819	1.14885672480926	1.48043282440038	9.48805460750853	0.796663369350661	0.149690534684787	0.461525879722933	0.0352066115702479	27.1454545454545	-0.070313671052718	13.6810743801653	0.213828472777787	18.8545454545455	337.478633865832	1.13732809710964	1.51161280073484	27.1454545454545	0.960654630966053	0.0676662930393259	0.31694757548869	138.943181818182	254.102272727273	16.4491434373836	0.89854791883727	0.770982630125112	1.07992247467149
299	132	10.7933673182485	4.7680541032511	1.06775190144933	19.5150471129336	0.0765490839363694	7.18181818181818	0.424957970937993	7.24460284540672	0.405509420146903	15.0211416490486	214.634944569949	0.991232477206487	1.27678524668889	7.18181818181818	0.728889856450965	0.0913137728708914	0.339114089762621	0.0577469387755102	16.6057142857143	-0.0277017714745327	9.07905306122449	0.300678975915705	15.4514285714286	223.84194083472	1.02466722747004	1.36590065609017	16.6057142857143	0.876865896618956	0.0120421101172493	0.128108535605918	232.240802675585	264.775919732441	37.0232132181066	0.726772284391954	-1.12614893079603	0.215641919977812
178	60	8.19513208325762	3.86013516230909	1.87683243791233	14.9439787205416	0.0373622020353801	10.0925619834711	0.635766114465199	14.8545072057919	0.316838218870305	18.8528925619835	355.618179975154	1.23776516717143	1.58947105381024	10.0925619834711	0.810517226659368	0.177335693730627	0.51578615479636	0.0300120048019208	25.6134453781513	0.0967921869008074	15.179154014547	0.217975402104695	19.563025210084	368.388284789328	1.19770152360111	1.60726260936868	25.6134453781513	0.982658473789971	0.0454121276089879	0.268261522906765	669.674157303371	262.275280898876	31.464843013388	0.96777343235855	-1.33000399341178	0.621337213709981
161	60	7.70505402981172	3.20861308874063	1.52324580346632	13.5555749089115	0.0476292477992289	9.55018587360595	0.486563413851313	10.3002584265005	0.349870136246694	17.3754646840149	292.621854555602	1.09753463369194	1.42445743031406	9.55018587360595	0.789004416720637	0.130855185960066	0.425225052485962	0.0347098611605553	27.0566037735849	-0.144565340160386	12.8195977216091	0.236161663656264	18.2830188679245	313.620562254319	1.15413171372016	1.54103268596176	27.0566037735849	0.986791741866673	0.0330422382874528	0.2246265251803	43.1614906832298	258.503105590062	28.0041598651015	0.927504140310588	-0.336365101821313	0.561996019142174
83	44	5.80343607894482	2.66673058100199	2.09535101302112	10.4589911496171	0.087348828420257	7.65079365079365	0.294658722692589	6.4234693877551	0.385577044400574	14.5238095238095	199.116378160394	0.919644931297137	1.1867937777268	7.65079365079365	0.689698002489946	0.0711396639321881	0.289516105307164	0.0802154195011337	14.047619047619	-0.216972792456539	6.77154195011338	0.351214498273322	14.9047619047619	207.540409221911	0.81569307573432	1.18682520981619	14.047619047619	0.767523448035194	0.115851788547019	0.368509411659197	157.457831325301	260.325301204819	23.5833343077398	0.974072778604158	1.49206408665762	0.538744194727175
106	41	5.79116335293883	1.98287430103393	1.42927661697399	9.18609248061778	0.0462	9.63428571428571	0.684987500393698	16.2919102040816	0.360764933000227	18.6914285714286	357.649664007622	1.19524873394458	1.51376022874239	9.63428571428571	0.775105491606167	0.219043939188859	0.557579699844943	0.0285467128027682	30.75	0.0904479378228414	17.9039251730104	0.222349895449229	20.0441176470588	390.678498679341	1.23420542006266	1.6460777873108	30.75	0.991500814699637	0.119818096246949	0.435031731799191	394.77358490566	255.198113207547	17.8241344347519	0.853744163236096	-0.283697351394133	0.792406475384933
54	25	3.77865653673953	1.01200532476644	2.13016431291108	5.76347117629644	0.0693027210884354	7.41666666666667	0.437359896356905	7.59095096371882	0.364919169330934	15.3690476190476	225.45779284658	0.998569002857717	1.2888683289375	7.41666666666667	0.730290445155504	0.10130235222029	0.358459379079469	0.08251953125	9.5625	-0.0515463917525773	5.546875	0.360718325791855	15.25	215.941758956275	0.851501503411014	1.12063775178501	9.5625	0.725175526972184	0.06637845739368	0.272129353360264	210.222222222222	255.351851851852	10.3150348416392	0.625619262477462	0.318311692210174	1.08573442108063
55	24	3.87445193485483	0.978453986909809	2.29809703885628	5.68165908868176	0.062590831021271	7.77011494252874	0.509360296325959	8.91835116924296	0.388928013674464	16.0689655172414	249.475222695041	1.04991318493366	1.32192362696818	7.77011494252874	0.740473722199521	0.12164767403547	0.396694707079946	0.07373046875	12.84375	0.0122789230595922	7.501708984375	0.28572864436835	16.65625	261.287882912586	0.90427244240152	1.195895250701	12.84375	0.789941125166798	0.120742133486449	0.377421527180915	366.854545454545	256.418181818182	11.1339215960453	0.787157912037963	-0.98483307968028	1.1999138607461
94	45	5.51492054427946	2.47864400058629	1.05292068804286	10.0806623337169	0.0760586038494686	6.92881355932203	0.349593671325732	6.32652686009768	0.392608204492551	14.8610169491525	207.840670082369	0.951905683464144	1.22605134863399	6.92881355932203	0.716303442594285	0.0719574501637721	0.295725267955508	0.0759985207100592	12.3076923076923	-0.0502398384246368	6.8594674556213	0.378643662806559	15.1538461538462	213.633844563533	0.923467836712774	1.21583085998882	12.3076923076923	0.783750223974772	0.0409634378691911	0.222654440564832	796.510638297872	257.18085106383	20.3599306895583	0.922228680257434	-0.467018978083133	0.583327821110994
157	66	6.470043627204	2.81620411514922	1.54575160543721	11.5586101776049	0.052109941368178	8.9041095890411	0.586889266672259	11.7769041938412	0.357699882276837	17.146771037182	290.538992059747	1.13629056739522	1.4625192133129	8.9041095890411	0.782640478390725	0.150496349457704	0.460226332263056	0.0453820809862897	21.9381443298969	0.11173078578191	13.3488149643958	0.293548033037687	18.0824742268041	315.983193986952	1.09641881481204	1.47918068272885	21.9381443298969	0.912251111472148	0.0929378969769889	0.366415999101954	866.910828025478	257.834394904459	22.1590901413602	0.77312344491993	0.11728447750241	0.452920152996876
38	20	3.07586347095716	0.836100417432848	1.77200451466698	4.81040538832229	0.103856332703214	8.83478260869565	0.358895570870463	7.89028355387524	0.391428130865471	15.1130434782609	222.804226751534	0.827460705943583	1.07257441519462	8.83478260869565	0.591755508616711	0.127159000514994	0.368154585907134	0.142561983471074	30.5454545454545	-0.331412103746397	12.4710743801653	0.228212820178387	15.4545454545455	234.070342583278	0.664971437418696	0.911268706598317	30.5454545454545	0.637605074176516	0.153123960141498	0.374490967510676	652.710526315789	255.526315789474	9.46078439937294	0.82835837557859	-1.2004931862299	1.19380520836412
54	27	3.89049980198212	1.3051886697396	1.72490829958441	6.16241094393866	0.0922936871958264	8.88757396449704	0.362116711648546	7.96645775708133	0.381106480653992	15.5739644970414	232.671561915353	0.955712041582708	1.1903646337393	8.88757396449704	0.700503211203659	0.105637015602771	0.35259554409504	0.08	8.3	-0.0507068007595472	4.94972222222222	0.354253393665158	15.3666666666667	217.384493811343	0.879237463303699	1.12006145983488	8.3	0.76332466954524	0.0971070105226363	0.328670350283226	887.759259259259	256.407407407407	12.8113943374566	0.894252068399526	-1.24675907552248	0.930842267730309
37	20	3.06755547737816	1.06188671392351	0.782623792124926	4.55109876842942	0.101363636363636	6.12727272727273	0.12206328154604	4.48958677685951	0.441505553270259	13.9272727272727	179.346209387089	0.830894029062913	1.07600589083257	6.12727272727273	0.636039456499234	0.0124739284837686	0.115825119564015	0.217687074829932	10.5714285714286	-0.166666666666666	5.53061224489796	0.478345184227537	13.1428571428571	165.139436549471	0.589434655690229	0.761451796069646	10.5714285714286	0.524507860975068	0.0346682742110479	0.162807424130643	166.297297297297	257.351351351351	10.2986501116211	0.876377094760926	1.12626414088395	1.16238928182822
92	33	5.15383928619856	1.28275892354325	2.72558870566894	7.19459290897013	0.0422285647593078	9.16612377850163	0.637748238846025	13.6515931203514	0.347131124521429	18.4560260586319	339.671000967875	1.18666729042714	1.489378315817	9.16612377850163	0.795273181111261	0.176942842752704	0.501071338912991	0.0431952662721893	24.3692307692308	0.132544737640278	15.0463905325444	0.281788371143673	18.5538461538462	336.201629939702	1.10720468395988	1.45351506264796	24.3692307692308	0.942214066426788	0.0305135139818997	0.20985662384069	441.619565217391	258.315217391304	14.6213134878184	0.793997253713859	-0.759691224164349	1.06162175989077
50	31	3.62215809206731	1.4921410134227	0.449302847651125	5.39790301134388	0.13790405398797	5.06293706293706	0.185518510942932	4.10807374443738	0.488858652659558	13.0909090909091	159.261127046432	0.766471207921526	1.00121841597408	5.06293706293706	0.60564826794128	0.0262350528944923	0.162065012009362	0.150793650793651	6.28571428571428	-0.223300970873787	3.56916099773243	0.388235294117647	12.7619047619048	152.301807370483	0.583609410531979	0.858001253996629	6.28571428571428	0.468600361897841	0.0625433452572239	0.232138348879494	486.28	259.1	12.6989073756267	0.805912037505983	-1.46803008851571	0.653817409696107
140	57	7.58171113995428	3.75823155084131	1.40438569096065	14.7977126330043	0.0551858040976974	8.59518599562363	0.611868617526168	12.0725212952899	0.363838101693682	16.9015317286652	285.326103728398	1.10181006836807	1.40547148568955	8.59518599562363	0.75151607930569	0.165971890688575	0.473921751319725	0.0469006438580987	20.2359550561798	0.197586085197876	13.6094243151117	0.303316422722223	17.0224719101124	283.546173546874	1.10567476550419	1.45020394675905	20.2359550561798	0.891282605862073	0.0865879988709493	0.350719092090837	455.964285714286	265.621428571429	30.4619804669136	0.97047647090134	-1.20031202290621	0.541487191754473
104	43	5.6107038038718	2.2825655704637	1.15462247323782	9.55075253505915	0.0551144917895032	8.79881656804734	0.500102942156457	9.80062847939497	0.36755374614755	16.6094674556213	267.306910511808	1.0884103665479	1.38840064024973	8.79881656804734	0.767253734840934	0.122324007630082	0.406792636010588	0.0614082235958076	20.6885245901639	-0.103589655370148	10.3732867508734	0.318774146029173	17.3114754098361	284.201688888735	0.959195248482247	1.29810694167248	20.6885245901639	0.881678439541166	0.0959322930044677	0.350158208666848	56.9038461538462	265.471153846154	19.9557446698619	0.907133863729682	-0.87147162380442	0.706815870142431
113	62	7.99886163319229	4.14836104475535	0.872310792450963	15.2797448780397	0.0994664986347406	7.87826086956522	0.537306230238147	9.51347195967234	0.417783496658177	15.1130434782609	225.863139333893	0.981960279695756	1.25426716918837	7.87826086956522	0.709731726047519	0.154327464881069	0.434989296377229	0.0833136094674556	22.1692307692308	-0.0256733154111065	11.8071597633136	0.362295925903916	15.6461538461538	236.507636445822	0.967999051977641	1.23253224265305	22.1692307692308	0.832675293296574	0.0720873040650281	0.296735325546603	356.946902654867	268.911504424779	33.2163215086014	0.978820822485161	-1.45888527284523	0.3694068364783
167	69	8.77358978895849	4.26219652673557	2.04368382150392	16.3544030351077	0.0630115702479339	10.1818181818182	0.481603487933311	10.8204925619835	0.340906355965179	17.0945454545455	286.454586203155	1.05227522439911	1.33782433424543	10.1818181818182	0.751515176018579	0.146320990811341	0.436337868837952	0.0604326235165391	23.651376146789	-0.117384146777903	11.5833684033331	0.349588916491369	17.1559633027523	280.21546934687	0.98396986099233	1.33072124214455	23.651376146789	0.830638543820116	0.0883528098488038	0.340209490719154	380.353293413174	272.11377245509	35.6593925058043	0.980723632028168	-1.47808685136395	0.440786366855279
132	48	6.28607795975942	2.15672356196053	2.34085469315042	10.2743824158816	0.0427339757145259	9.4627539503386	0.640471086770665	14.159934572915	0.35383478020578	18.5869074492099	345.622298169307	1.19595250625222	1.53773355778671	9.4627539503386	0.792964154921636	0.182117812988853	0.514938190748037	0.0339345589085443	31.0215053763441	0.00389635220499189	16.5714244421321	0.234265448850354	19.3655913978495	362.961215635527	1.15304014209884	1.54019094464084	31.0215053763441	0.957641668254719	0.0510873891248571	0.278519083038272	557.015151515152	263.545454545455	20.2509036094001	0.875267765716542	-0.0228058696519923	0.719948316447661
39	21	3.15311382645647	0.775945155590192	1.80701580581045	4.61143211187688	0.0915205112960761	6.3448275862069	0.352810078988463	5.90182818073722	0.444257020321929	14.4310344827586	195.767648680299	0.921587286682952	1.17675815809493	6.3448275862069	0.699251638749964	0.0774195434043522	0.300699767160828	0.0775623268698061	7.68421052631579	-0.0878431372549023	4.53185595567867	0.308073350797809	14.6315789473684	196.61458800351	0.841315182410524	1.14622866303034	7.68421052631579	0.721669717668531	0.0528268964555032	0.245560334046393	724.205128205128	261.282051282051	8.68996357428944	0.666964322169429	1.52501276571343	1.11131168698414
37	18	2.97358010064226	0.404962003860321	2.18440036125973	3.60469515500186	0.076215758694983	8.91228070175439	0.431410281585046	8.83718067097569	0.360684761923152	15.859649122807	243.175851305488	1.00234757362456	1.26115844215532	8.91228070175439	0.71981337461261	0.125464875148982	0.394132581946691	0.10875	28.4	-0.339938664779428	11.5975	0.199796490453592	16.9	273.74245114262	0.783162495619051	1.03903799193344	28.4	0.711594307411102	0.0881722207068282	0.30230802630482	125.189189189189	261.189189189189	7.32477667305653	0.447002406020873	-1.25471495814815	1.43504849608423
65	31	4.63241650950773	1.71412364895216	2.13025380401278	7.84461479420824	0.0693052488534058	8.09852216748769	0.508055790587769	9.2311388288966	0.400496285688983	15.9605911330049	247.495389003948	1.03848150145989	1.32600161309774	8.09852216748769	0.762450277638644	0.126458222723232	0.404840367881956	0.0695983379501385	13.8684210526316	0.155359665956683	9.20966066481995	0.379613228374838	15.7631578947368	236.623669312619	1.01007524377976	1.28135961395703	13.8684210526316	0.825836835284129	0.0463880334261411	0.242974677689285	298.476923076923	265.953846153846	15.017517910098	0.906765660681762	-1.2579912617226	0.849962632604939
563	213	17.9168308639888	8.8188298762905	0.572789193858312	38.9429510896809	0.0510566136786457	8.49570815450644	0.677785812491525	14.1833241425519	0.37249519089711	17.475321888412	309.744539627435	1.18093784937164	1.50252845157512	8.49570815450644	0.778225501454345	0.17866760261918	0.505282397012592	0.0411891540642722	21.7717391304348	0.293906226351112	16.4170309546314	0.289951924115827	17.9239130434783	318.797298151175	1.22358629628304	1.61964231718093	21.7717391304348	0.964366512172663	0.0790782107098025	0.353330069865292	501.753108348135	289.779751332149	69.6481508780951	0.928980903537485	-0.750095410312506	0.155940546538037
86	54	5.39400934382132	2.31051436737386	1.43742358298704	10.0273460117026	0.174777176176593	4.31020408163265	0.0924907397014268	3.37474385672636	0.488307322929172	12.4979591836735	146.209836136902	0.622730142024232	0.847722547804572	4.31020408163265	0.440480624311717	0.0226043205183452	0.138544697940147	0.28700769578995	3.06382978723404	-0.135570469798656	2.34902670891806	0.579474342928661	11.4468085106383	122.93156890872	0.465037621556613	0.654044588399115	3.06382978723404	0.400851472680481	0.0177099447261665	0.10778940126228	254.872093023256	266.186046511628	18.888162649332	0.813996442811045	-0.801704689671361	0.370613125114845
34	18	2.88088621807074	0.702641071296898	1.64523254388451	4.37621235406842	0.0900401921380257	8.03960396039604	0.336740800646989	7.06068032545829	0.395562293174407	14.9306930693069	212.336971778962	0.925913369592807	1.17751072352172	8.03960396039604	0.688845535415041	0.0903038368637435	0.324630725606993	0.128808864265928	24.4210526315789	-0.302600472813238	10.3739612188366	0.266152172653721	14.6315789473684	206.918837508821	0.708790244488038	0.94644550422276	24.4210526315789	0.646997745507945	0.133857466786088	0.356317183027495	617.205882352941	262.823529411765	8.16498003239511	0.717023586618798	1.4707918261612	1.31869321261794
128	49	6.12571944178201	2.25118070096464	2.71796589546535	10.1759817175069	0.0521775435706185	8.1520190023753	0.496642008649467	9.09763542295518	0.375315328871288	16.6745843230404	267.470048980536	1.07870261372074	1.3880568062249	8.1520190023753	0.778768688169403	0.116599352851553	0.397376678152534	0.0604721626057316	18.5842696629213	-0.0465823936752576	9.87855068804444	0.274405929671998	16.6292134831461	259.758803737376	1.04624615827115	1.34942554877163	18.5842696629213	0.895315086337337	0.0675499861189546	0.300044481110772	684.4296875	267.90625	20.1941428252994	0.843394717146175	-0.799514376638767	0.669927296392326
119	56	7.12743463217199	3.479952725581	1.83233777854795	13.4337114972682	0.0733688888888889	7.61066666666667	0.352998002621257	6.88148622222222	0.390807647466471	15.0453333333333	213.862481359423	0.97596223377095	1.2563832714561	7.61066666666667	0.725806389590223	0.0840708313904461	0.323107972185271	0.0825602968460112	13.9220779220779	0.0249249887778485	8.13897790521167	0.378218985440884	14.8311688311688	207.284299075245	0.951310569051149	1.19329410557255	13.9220779220779	0.753960247957158	0.0665889549918217	0.280908226531133	823.55462184874	270.966386554622	29.3983713590929	0.968603475086207	1.41451350181357	0.476848884919879
48	21	3.54426806451602	0.893704707685325	1.51859225896211	4.60035491088706	0.0680233323099864	7.32450331125828	0.393908821031699	7.04241042059559	0.389866585893076	15.4701986754967	227.111015492587	0.969651198885244	1.25642407790137	7.32450331125828	0.75406518251357	0.0854003825416156	0.325625353862544	0.0980902777777778	20.5	-0.144407830974995	9.95659722222222	0.216032774856304	16.4166666666667	260.641845340045	0.754117179078254	1.06769009122823	20.5	0.648912017556075	0.102450809564485	0.329990477577432	573.1875	263.8125	10.4595133208543	0.807077054645829	0.710273763617746	1.36776823013433
179	64	8.560996123164	3.88077564385277	2.24141155998848	15.7040655812834	0.0412429644436201	9.89018302828619	0.717815056166144	18.5242925684037	0.346727888397654	19.0316139767055	377.352135587145	1.22304445689802	1.56499304916579	9.89018302828619	0.799664825029062	0.217043555896285	0.562882094337349	0.0313243162901308	23.9741379310345	0.284308842533791	17.7489409928656	0.274992391884835	19.6465517241379	381.717668510114	1.2428552891908	1.62326002522798	23.9741379310345	0.959929613560752	0.134435087588849	0.456724717943408	273.826815642458	274.905027932961	32.4810203837801	0.962614838509356	-1.53300366938771	0.54916512206306
61	33	4.22925338657828	1.6113434549076	1.30338261621859	6.96323811399119	0.0973119065010957	7.77297297297297	0.451667690379707	8.08783053323593	0.401657648843659	15.0054054054054	218.754793999987	0.927889827718535	1.17346656277007	7.77297297297297	0.69017110134417	0.126641316803633	0.383027091347175	0.14484126984127	15.9761904761905	0.0315963094685821	9.24872448979592	0.422314208985658	14.0714285714286	192.907829538243	0.809108938149865	1.00262822107671	15.9761904761905	0.733868335629714	0.0196853675621953	0.140484687662959	9.80327868852459	264.934426229508	13.8769712584025	0.853622394680594	0.233057185581319	0.703901384275399
129	56	7.24802118562797	3.3465337862457	1.25318471853735	12.9641996258456	0.0625772763084496	8.47002398081535	0.355296148701176	7.56892615404079	0.359895642248583	15.7649880095923	235.238735858494	1.01937662100804	1.31379696325099	8.47002398081535	0.753100040275804	0.0857047877530864	0.333142335513224	0.0475501543209877	13.1527777777778	-0.130155888714852	6.81901041666667	0.289631656543421	16.2916666666667	243.958193254115	1.0000045802476	1.34882787198931	13.1527777777778	0.847064915826667	0.0163457648853666	0.148270194008946	205.178294573643	273.139534883721	28.1915954410908	0.954766292691725	1.52127522894267	0.516920219787096
71	30	4.41144992843838	1.43224709847959	1.14939597663781	6.65741024055985	0.06117202268431	8.90434782608696	0.473302859800877	9.4530056710775	0.382776504617937	16.5565217391304	264.690754451001	1.07159101300907	1.36630931398108	8.90434782608696	0.75847194803799	0.125173005003873	0.408372768652796	0.0560433884297521	16.0227272727273	0.0497342503101698	9.43065599173554	0.302430204833361	16.5681818181818	259.578148577147	1.01574625705725	1.31816693274516	16.0227272727273	0.77953998315905	0.114769867505371	0.385069702877493	848.239436619718	268.450704225352	13.9797626732227	0.844138827913168	-0.908528718679407	0.991347015132779
183	80	8.70370358873797	3.91598248711481	0.246221445044933	16.2714665903231	0.057375394214117	8.89713322091062	0.49925240005032	9.8838500891514	0.373484670221105	16.6408094435076	268.476377089677	1.0896644710632	1.40037224186265	8.89713322091062	0.773159415624878	0.130222377789045	0.420969185585278	0.0436463647959184	21.6517857142857	-0.0769593741264078	11.0522759885204	0.289488781847103	17.2767857142857	281.108862893979	1.07334334378361	1.43480997349331	21.6517857142857	0.885230357443606	0.051764399902396	0.270945157675447	315.628415300546	277.699453551913	31.0651955476742	0.919503011725531	-1.01795519159513	0.359319659754333
337	111	11.1844854375536	4.67777266078822	0.527238734717053	19.6082938546574	0.0474925912792391	9.04626334519573	0.63279962066862	13.3178839870316	0.352090165236491	17.7562277580071	315.092996976785	1.17709254612544	1.51579596060675	9.04626334519573	0.788140666970337	0.170437418811261	0.496023787571531	0.0333083256386581	22.5921052631579	0.182549120533892	14.8186316943675	0.272243426334744	18.2236842105263	321.988903501178	1.21467242303949	1.64497059697048	22.5921052631579	0.997029600103969	0.0474750862356869	0.277268999079547	592.937685459941	276.145400593472	36.561381280018	0.780839519502745	-0.771653987466012	0.343711297543953
69	34	4.28350788870593	1.46858792001458	1.24644824120101	6.80143481707606	0.0805949161709032	8.04651162790698	0.514911942073743	9.29386695511087	0.399822076101146	15.6186046511628	239.726679425233	0.96945029902707	1.23474653465555	8.04651162790698	0.702265671326878	0.140457354482782	0.412511126163144	0.0953250547845142	21.1891891891892	-0.0199718706047815	11.3871439006574	0.326666682252397	16.2702702702703	257.070169063368	0.884862162263274	1.1440307068341	21.1891891891892	0.747815479068436	0.050122172068822	0.238995976405668	83.2463768115942	268.579710144928	13.1349745410885	0.76059935971991	0.437352184875981	0.750068834248082
44	21	3.31555055747219	0.734849861835712	2.00961408057229	4.41215595615183	0.0801039697542533	9.68115942028986	0.378021874219862	8.78255618567528	0.345257553441697	16.0144927536232	247.6871022398	0.973281468710376	1.22828470777307	9.68115942028986	0.694180269511205	0.128707775754605	0.394284220582761	0.0769230769230769	25.4230769230769	-0.296714075527219	10.8028846153846	0.237117231074852	16.5	258.665379117336	0.851456375148681	1.17612699713712	25.4230769230769	0.779675414454366	0.123624524675874	0.378900634306299	368.590909090909	267.886363636364	9.71586545890881	0.804754110993862	1.36289203831566	1.2537875442898
380	144	17.5909828246689	9.12100542313561	0.709557765246936	33.9141583839093	0.0452721470527416	8.88731284475966	0.717038115815259	16.7040812587985	0.368886826558916	18.3152088258471	346.053855362404	1.22354877856179	1.55514114664193	8.88731284475966	0.782463997339842	0.206746808579587	0.548943152594955	0.0406388193297459	25.5255474452555	0.332645208022091	20.1244205871384	0.281276345530836	18.6496350364963	354.152743043961	1.23755279051947	1.61143460921503	25.5255474452555	0.998543894473624	0.0865399988366851	0.368287118953416	394.984210526316	289.797368421053	79.1943086326523	0.982500863563743	-1.30084201135023	0.23028649852703
720	278	20.2024858966586	10.2041582159162	0.782570470684214	40.395270566831	0.0525316738693328	8.58635214827296	0.570251109192891	10.9899642930398	0.365754872271548	16.8104465037911	277.168128502127	1.13260789388565	1.45508256368788	8.58635214827296	0.77938950312487	0.14028607799402	0.443960311701969	0.041217328128009	18.2824267782427	0.163454973124269	11.9273417394653	0.323210820439712	16.9560669456067	275.193949069846	1.15204818801761	1.54038707259597	18.2824267782427	0.932597039710271	0.0400410134167679	0.246979736841179	540.2125	301.022222222222	81.0105566172133	0.925338440257131	-1.42753674308298	0.117071927466728
64	26	4.15411820128978	0.814506177329694	2.82895008437435	5.81799900533125	0.0503278956335037	9.14975845410628	0.6222045344167	13.1094074540829	0.347769134469902	17.5748792270531	308.766411576683	1.15907768663308	1.46558332044319	9.14975845410628	0.791406826685505	0.173266487954134	0.492666407547797	0.0335872576177285	28.2368421052632	-0.00385301901889642	15.0642313019391	0.216031051172523	19.0789473684211	349.006145519457	1.16286346548724	1.52821418763455	28.2368421052632	1.00330402579194	0.117823441151896	0.417301926587868	776.765625	267.171875	10.5176698125547	0.594480062505784	-0.242280847580903	1.18971556112276
73	43	5.50438345652362	2.64263820743667	1.20930232558137	9.97425024393365	0.11784122085048	6.44444444444444	0.425602151852305	6.60973936899863	0.439105621458563	14.0740740740741	189.874797330977	0.88770670851705	1.13811116615683	6.44444444444444	0.67007880351223	0.108657542573723	0.350113488780095	0.165625	18.3	-0.0339713256585913	9.849375	0.411953039011863	13.95	192.804216233034	0.694558995150947	0.890228492332535	18.3	0.655445772163286	0.104041119053224	0.305092965672756	285.712328767123	274.27397260274	21.588794502079	0.963351607862472	1.11270890343131	0.496130370388437
55	27	4.24724799969395	1.94769912752787	0.70759159905718	7.35733073204447	0.088870163863889	6.41916167664671	0.325155871864654	5.75603284449066	0.415977779063373	14.2994011976048	192.33757522701	0.892962239936201	1.17960928135488	6.41916167664671	0.687598689210546	0.0600897280826277	0.265465053692111	0.0873959571938168	12.8620689655172	-0.0328956791597071	7.22621878715815	0.356790914803085	14.5172413793103	197.599325632389	0.895328171200625	1.17050877308358	12.8620689655172	0.73027929435271	0.106784135493536	0.351703839777975	530.563636363636	270.363636363636	16.5238899299372	0.956609435489583	-0.931369875541727	0.948080087503093
84	33	4.7622312662292	1.42222165366249	1.52602161357746	6.35764508729567	0.0492149758454106	9.92028985507246	0.500602036217336	10.9322490023104	0.342473764340772	17.3550724637681	293.889732317782	1.10450243796247	1.43641081127224	9.92028985507246	0.792087188015855	0.140982021038524	0.442455120093872	0.0406611570247934	20.8181818181818	-0.123259816818131	10.2668595041322	0.279928222906077	17.4727272727273	285.188334455318	1.07336514315129	1.44318211561956	20.8181818181818	0.944571742582764	0.0242892954196322	0.186715351040936	435.821428571429	270.428571428571	14.3777208405875	0.810913441676335	0.112238497819627	0.96930682424809
48	26	3.71318144696491	1.5535337054175	0.849643155168218	6.44732869778472	0.103968613248831	6.18439716312057	0.286755151290143	5.33539560384287	0.412494655047847	13.8581560283688	179.913738702343	0.867522731639489	1.13397596661617	6.18439716312057	0.685176094119549	0.058581347402142	0.257187117544075	0.117913832199546	16.952380952381	-0.143468950749465	8.41269841269841	0.377315000844413	14.6666666666667	208.518855317688	0.673080899634839	0.992239530958115	16.952380952381	0.633321375352276	0.229773310743765	0.476531781185644	643.375	269.6875	13.653098812157	0.925383078764452	-0.426547933940003	0.892286670842071
79	31	4.78966637345114	1.61348095647278	1.71453964721528	7.34216508513376	0.0484946818099874	8.84496124031008	0.627634989241845	12.8767351721651	0.354821000101438	17.4186046511628	303.017284537426	1.15959775993245	1.48931041421731	8.84496124031008	0.786122851562222	0.180353867674258	0.5056048092109	0.0592212006489995	23.953488372093	0.05063019806225	13.6154678204435	0.31066999807322	18.8372093023256	342.927968525761	1.04902261519865	1.30531563643771	23.953488372093	0.891575351642151	0.05180286413396	0.258964322942379	345.962025316456	273.278481012658	15.2833058526606	0.879370707840607	-1.08908791547974	1.03303150731985
39	25	3.39176524319686	1.56048983817317	0.144222051018555	6.18229730763572	0.160365226337449	4.2962962962963	0.181149710774862	3.62337105624143	0.504089157030334	12.6851851851852	149.639557445465	0.708442325926843	0.941688620106007	4.2962962962963	0.547339380904086	0.0245660654617962	0.152148346745396	0.165680473372781	4	0.00879765395893588	3.01775147928994	0.373755656108597	12.9230769230769	157.112889901069	0.552067102374777	0.829940944526145	4	0.34320901775969	0.118774247849663	0.315427967822845	481.717948717949	273.410256410256	13.3440888571112	0.919206812473701	-1.41708489687096	0.784141526336012
501	160	16.097157842404	7.91325440853713	1.46395493868492	31.7441831531778	0.0396672631642751	9.66079812206573	0.596879894350157	12.9825307478675	0.334455124616682	18.2042253521127	327.467815318582	1.19838839978429	1.55217601689819	9.66079812206573	0.801748425129492	0.160387598766734	0.486949745283989	0.037766620498615	23.5368421052632	0.124618808209017	14.4437673130194	0.278100482162737	18.1578947368421	317.876715899774	1.19798646017507	1.60811692817887	23.5368421052632	0.980317016323905	0.0378732342452554	0.245341532986247	24.748502994012	293.798403193613	62.8314521965329	0.95153472934741	-1.22295520023791	0.245927799913826
154	62	7.87289388163238	3.3299101420227	2.07757963717479	13.8200490774687	0.0531830212724243	8.77227722772277	0.502445349388048	9.81539064797569	0.351116207377128	16.6732673267327	268.831755102923	1.10591463789239	1.41643052889251	8.77227722772277	0.78741101676129	0.121079988682917	0.408484573402646	0.0440997229916897	21.3263157894737	-0.0314134442253271	11.3383933518006	0.245499980969617	17.3894736842105	285.225161179339	1.10457566298822	1.48728000878654	21.3263157894737	0.915027216297738	0.0284870640201829	0.205109403169848	163.324675324675	279.162337662338	27.8636397582998	0.937276435271848	-0.655462801752967	0.503439405466002
135	43	6.16245794303799	1.31566738877935	3.41543912925501	8.78900562034654	0.0335932855231867	10.5775862068966	0.76933132671316	23.9280943445303	0.320614549640919	21.1939655172414	475.894534874824	1.3254038253725	1.68242760035303	10.5775862068966	0.803025163593591	0.253019310587166	0.621081130646852	0.0236532367587143	27.9893617021277	0.378391726769241	23.5136656858307	0.210195247649077	22.0957446808511	492.939465200111	1.33823605965772	1.71205464697105	27.9893617021277	0.992376128906247	0.12499330653404	0.451755944563293	181.088888888889	277.022222222222	15.4903722419036	0.575831099249333	-0.725671868402881	0.917501369896424
45	23	3.45314403981412	1.08790933118803	1.32733369760639	5.15634577014797	0.0866939718546524	8.01449275362319	0.42011960213673	7.91047048939299	0.383437992389399	15.231884057971	224.041490422401	0.934538107814662	1.17993113062059	8.01449275362319	0.654456862840318	0.112860405515296	0.362801550993589	0.116735537190083	18.7272727272727	-0.244029645896237	8.52685950413223	0.278192713486831	16.2727272727273	254.450675958833	0.682008537865282	0.996721715150354	18.7272727272727	0.570441166553683	0.0954787050754898	0.308391342864809	862.044444444444	270.755555555556	10.9783665113218	0.854877310186956	-0.192468659133281	1.06897292560711
126	44	6.20912309612688	2.12994516600817	1.27960802365993	9.42198282372551	0.0390588235294118	9.45882352941176	0.692649050369216	16.3876595155709	0.329123956002849	18.9317647058824	365.22293447789	1.23625341219495	1.58227665309541	9.45882352941176	0.793439824735264	0.205421313613763	0.551256876038934	0.0394409234947941	24.6595744680851	0.276067830848155	18.0316885468538	0.262925050786096	18.8510638297872	354.66469066539	1.21027272093785	1.54743726492723	24.6595744680851	0.998798198356005	0.104612496148982	0.396261719046333	100.484126984127	277.873015873016	19.7731773728959	0.871121789706257	1.36995365486088	0.817852632959326
38	19	3.05399522613432	0.642437037470957	1.68503269406127	4.00622783873372	0.088468809073724	6.05217391304348	0.372619103607205	5.82336483931947	0.399684161832499	14.504347826087	197.919169141875	0.914723707015812	1.17851405123324	6.05217391304348	0.709318458734882	0.0861369386019089	0.317252991441531	0.0761772853185596	9.94736842105263	-0.141993957703927	5.35526315789474	0.327911407477971	15	207.558737206654	0.854857618386167	1.14392741502367	9.94736842105263	0.767562484403954	0.0420641740074851	0.219006205868334	257.921052631579	274.236842105263	8.38524870348828	0.68498036555004	-0.532990685168236	1.32277585414307
263	128	10.2398120258466	3.87859078431884	1.37260088996219	17.514537767327	0.082081151909198	6.79418886198547	0.438805435298448	7.05332739243356	0.405146721996174	14.8232445520581	209.54386588356	0.962337468616153	1.23649146329109	6.79418886198547	0.697679020381721	0.0932400955626715	0.337494410717656	0.0795323800131492	15.9038461538462	-0.00747728506221925	8.89290557199211	0.3612249757532	14.8653846153846	208.679737295065	0.972510141002354	1.26726548168569	15.9038461538462	0.823183534505044	0.0291606852107457	0.191850593620988	782.41825095057	287.794676806084	31.5396654243098	0.508352532774543	-1.28655433719069	0.201718473606962
63	35	4.21521459762037	1.66357329267147	0.485714285714299	7.57487792048189	0.115579814229628	4.47457627118644	0.352779855397656	4.45676529732835	0.476462918935501	13.6271186440678	173.316729173616	0.822266272584217	1.06202074253485	4.47457627118644	0.635904097084793	0.0667230421096455	0.265865390207307	0.114644970414201	4.80769230769231	0.103571921114332	3.68158284023668	0.45985033066481	13.6538461538462	172.242352224966	0.757191038208148	1.02397127641505	4.80769230769231	0.621834642569246	0.0390750763485757	0.199968965245431	5.79365079365079	276.634920634921	14.0181513105703	0.813919836805184	0.241989453465042	0.646270488738472
81	32	4.80591300831384	1.36175329319221	1.36430499705894	7.80937437474987	0.046123175507298	9.31320754716981	0.635955376396159	13.7912993948024	0.336795844764768	17.9320754716981	322.002660824439	1.19437339547512	1.52294081857046	9.31320754716981	0.790320115275351	0.172650869298265	0.500073264168768	0.0528846153846154	23.7307692307692	0.153277736725429	15.0133136094675	0.31534618426126	18.1538461538462	322.308633518697	1.12486649235156	1.45668923077405	23.7307692307692	0.941392597713569	0.0926710382578999	0.363303963527777	612.456790123457	281.962962962963	13.5515471106914	0.772227010583045	-1.35763922817921	0.994019550549895
369	147	15.2268446520941	7.02668222370477	1.25365862837521	29.9921797078834	0.0489621334066722	8.90968801313629	0.655144736437705	13.9180107635603	0.362256342783726	17.6568144499179	314.379490316896	1.17600332680289	1.50618546401911	8.90968801313629	0.77615335029548	0.179775063120263	0.507287469857695	0.0294044735989017	23.6288209606987	0.168701497568903	15.2119953852901	0.246295189346557	18.6331877729258	336.162320036057	1.22792536595255	1.66239369262665	23.6288209606987	0.96460555419145	0.0665303710299531	0.328791239675129	643.791327913279	295.336043360434	64.0857733590165	0.949016252958713	1.17604007913175	0.214586087125667
478	182	15.4688796787816	7.19572916077844	1.83556783099029	28.5817907033765	0.0468539027721818	9.13228840125392	0.704509384314221	16.452755377797	0.359225760150709	18.1103448275862	338.608947486138	1.20087368339591	1.53792614823646	9.13228840125392	0.777945213354588	0.204946191528727	0.544189177341468	0.0323306571279763	23.4952978056426	0.307161685648998	17.9558303279252	0.273711076291135	18.7805642633229	350.95783138407	1.26971597210604	1.68076876992141	23.4952978056426	0.964910266060266	0.0738678391649858	0.347781995674952	52.6422594142259	304.5	61.2014127651719	0.933608811243196	1.55488653940696	0.181340573410931
46	22	3.67792361953549	1.30310569810481	1.70621130719302	6.00017217383821	0.0888520408163265	6.24285714285714	0.39781093743848	6.1834693877551	0.431160048218872	14.5428571428571	200.31017234087	0.911307270127813	1.18795248703214	6.24285714285714	0.693485785648669	0.0765472581239724	0.300367867620565	0.100206611570248	14.5454545454545	-0.102756892230578	7.59504132231405	0.322196404549346	14.7272727272727	206.709687493096	0.767509951734808	1.06655250593848	14.5454545454545	0.635703584173117	0.0374484160832064	0.19971378398114	736.95652173913	279.54347826087	12.3350165834664	0.90661296626941	-0.943051749458873	1.19432447987711
71	38	5.00936767569244	2.56151520461374	0.489501979940475	9.42156717207065	0.09742190320457	7.28110599078341	0.384142836614456	6.9113593408227	0.421391347767059	14.6820276497696	205.810439366449	0.918085336829525	1.15615284137651	7.28110599078341	0.665032742974244	0.103332769568805	0.344042307671054	0.0996055226824457	13	-0.00859496544160663	7.44460880999343	0.34791112030931	14.1282051282051	187.467294129015	0.911213833321074	1.16516068857434	13	0.795670291056057	0.0334591995407268	0.197162187524746	429.281690140845	285.985915492958	20.7409213983329	0.960888797189644	-1.48831526161934	0.617875563448408
149	64	8.40069642641012	4.1717964342475	1.10086968461303	15.9302986181208	0.0616136686822758	7.99168399168399	0.431892091194002	8.03359684648666	0.361093702050043	15.7796257796258	237.293429941286	1.04359081268087	1.34234226754019	7.99168399168399	0.765576573201635	0.100934772561172	0.364660637975713	0.0454485400977672	19.2183908045977	-0.153012048192773	9.33399392257894	0.251805186750024	16.2988505747126	246.514270939182	1.05428806693747	1.41213985046498	19.2183908045977	0.928716468566584	0.0398144299321347	0.236116805915437	868.087248322148	289.208053691275	34.0269484402138	0.979757968785567	1.47963759403078	0.457126274789921
47	26	3.77985505502763	1.60748173803936	0.840012679532365	6.10909206978908	0.114900885047358	6.01438848920863	0.385059904322424	5.89022307333989	0.438964352548779	13.9136690647482	185.202456622388	0.811915257786443	1.07082027454469	6.01438848920863	0.586550379148809	0.110847433768186	0.343638515607339	0.167729591836735	18.5	-0.166103875221096	8.93239795918367	0.385580635580636	13.6428571428571	181.277427662789	0.679530570327437	0.883800924527996	18.5	0.679530570327437	0.0998515505492826	0.297830327206154	77.1702127659574	281.872340425532	13.9333739473374	0.918097930766882	-0.813076214383317	0.873697365199528
400	141	15.0935533624713	7.94453182898791	0.687979819164701	29.7681034481246	0.0394078250334383	9.84082535003685	0.732831899497706	19.4169167867261	0.348120919713966	19.4871039056743	395.906351712955	1.26405504122553	1.61338947777265	9.84082535003685	0.796589144954783	0.229949268627757	0.58516979551409	0.0255624860770773	27.4365671641791	0.325811536550252	21.3478468200045	0.275537982685158	20.6380597014925	426.884141572792	1.32668167047276	1.77339103776168	27.4365671641791	0.998572266763344	0.0900282186312517	0.392368839845124	359.245	306.4525	63.4177829962274	0.978374293922039	-1.30211357141213	0.25283176126672
41	20	3.20271872079916	0.959214676411183	1.89010581714357	4.64462054424255	0.0789871504157218	7.52380952380952	0.314525755210724	6.48803224993701	0.387831140772317	15.015873015873	212.634372638731	0.937305859986995	1.19720714060639	7.52380952380952	0.708317534650158	0.0864847215544595	0.320265024480075	0.157407407407407	6	-0.00934579439252124	3.97222222222222	0.427450980392157	15	211.706804512725	0.653644517723805	0.854331181499792	6	0.47308118265432	0.0552547872869834	0.217686809407273	725.829268292683	281.463414634146	10.2986057908375	0.869687500779717	-1.37748055811573	1.28805298797181
52	24	3.64024612467938	0.962128621905645	1.62980060130066	5.0651998973387	0.0743434343434343	10.1818181818182	0.399053053296102	9.47147842056933	0.340038911803618	16.2787878787879	257.165250416019	0.999352191709647	1.26085506138343	10.1818181818182	0.714369194818787	0.134942283789233	0.408382384573054	0.169378698224852	6.53846153846154	-0.0843964671246358	4.01479289940828	0.484963452836756	16.3076923076923	250.06576506656	0.669755902674273	0.866583207531491	6.53846153846154	0.61731503001972	0.0834152247894232	0.269550595592992	888.25	279.673076923077	10.999207074001	0.827427360438739	0.113340524277093	1.13446401379631
31	16	2.72929642666277	0.330960368331088	2.12224085579371	3.41011821642594	0.0824372759856631	7.80645161290323	0.377553654399289	7.27078274945081	0.365625061640242	14.9462365591398	213.016382616883	0.955535960814372	1.22061410391591	7.80645161290323	0.747605021521907	0.102818381597826	0.352029318260628	0.0969387755102041	24	-0.37704918032787	9.71428571428572	0.1054770348888	16	243.63753184863	0.742857771145758	1.04388776680974	24	0.565149819824824	0.23324027538095	0.490813861516588	127.483870967742	280.903225806452	6.93184995917291	0.565238144552277	-1.1765635075865	1.52170894158256
82	30	4.77787268277026	1.38393134243397	2.70000000000005	7.20347138538081	0.0463929884383824	10.1897810218978	0.626032920491031	14.6239011135383	0.336221500755636	18.7153284671533	352.427911458874	1.16192173151878	1.4924264843766	10.1897810218978	0.774455926810492	0.204356912957181	0.53666962174417	0.0704166666666667	28.4833333333333	0.0413910767289124	15.8565972222222	0.348070102438825	18.5833333333333	338.911533553531	1.03430264790869	1.27818531226281	28.4833333333333	0.804209290046234	0.102366895495488	0.35890957807241	849.756097560976	285.963414634146	14.8006083331271	0.875908791208968	1.46402494559685	1.14493598930828
134	61	7.64373943562571	3.39562192337358	1.23223740806332	14.1604522890277	0.0636218228666259	8.5607476635514	0.674762188599073	14.1607509389466	0.386097430792318	17.1728971962617	302.222377488935	1.10615759556173	1.39866592353906	8.5607476635514	0.733166512960662	0.204639393195191	0.522506272104236	0.0920915712799166	23.5376344086021	0.250382491728789	16.699762978379	0.379604291518625	17.0860215053763	296.949101996003	1.03336800226077	1.31524759590574	23.5376344086021	0.834343743732368	0.0822493675337595	0.326629249838878	760.320895522388	290.238805970149	29.437102771041	0.945297957615902	-1.24231192676006	0.452537936663297
61	24	3.97970757767729	0.759511785118249	2.55800757969514	5.18427778105218	0.0474482967601828	8.81407035175879	0.609725390223176	12.2921390873968	0.342400027531568	17.5778894472362	306.369245143716	1.14576362171113	1.47788058470623	8.81407035175879	0.792651773976043	0.17124396092292	0.491707101840014	0.055363321799308	26.1176470588235	-0.0586997685672198	13.3347750865052	0.237247603041382	19.1176470588235	352.751214386713	0.96469244808548	1.30561987413221	26.1176470588235	0.881378770841838	0.0758949473701798	0.312844464220613	412.491803278689	285.655737704918	10.9120634879153	0.74935381774834	-0.869198896788695	1.33081355464568
1006	369	20.1292847485222	9.00443707744766	3.37538961360927	42.0322211902642	0.0511472864132694	8.85978520286396	0.617807485831541	12.5907361793052	0.364290926905696	17.2261336515513	295.699198673091	1.15765397366225	1.47894827074201	8.85978520286396	0.775359648659218	0.158822436607583	0.474553857683119	0.0389441442382158	20.5766961651917	0.2116852999527	14.0510671461265	0.308629255762547	17.5029498525074	297.58702398573	1.19468656157368	1.59929398474443	20.5766961651917	0.946186419660846	0.0381303229728844	0.245507409594391	422.898608349901	320.066600397614	80.3319589843326	0.84096766247621	-1.22825147301087	0.0928442713996322
189	85	8.1529395312216	2.56597901014816	0.916213057526453	13.1901714483691	0.0640880726274652	7.35323383084577	0.567021498143037	9.49145373189333	0.39157812502852	15.8673300165837	245.666887999535	1.06684668316496	1.36460101952495	7.35323383084577	0.731495058044738	0.140563548846924	0.431765901493811	0.0512275480922521	14.3917525773196	0.224346710352966	10.2771814220427	0.310855798860961	16.7628865979381	268.777102300824	1.07658272513329	1.36962185892546	14.3917525773196	0.845165409164445	0.0641370541992665	0.29454630470743	566.481481481482	292.116402116402	25.8240902369499	0.736797895651425	-0.963120537343066	0.328725819531333
209	75	8.33642885540646	3.57116204941627	0.742129069337417	16.6382317436546	0.0435273945110115	8.99856527977045	0.602402040348209	12.316161289725	0.348899571163053	17.7101865136298	309.376162563414	1.18414395395197	1.51562418461992	8.99856527977045	0.788422635669727	0.154103644257786	0.472842828495193	0.0360292737849503	20.6849315068493	0.135088056557066	12.9578251079002	0.274317909636153	17.8219178082192	304.209117717796	1.17671583308397	1.5782124599524	20.6849315068493	0.950134107479861	0.0499697895607981	0.278745690911498	668.818181818182	293.933014354067	29.6520408127872	0.877622578336927	1.28396277604748	0.466910481493523
52	24	3.61480497868531	1.03540999365508	1.74005108481842	4.79872668296265	0.0790817263544536	10.2666666666667	0.389246757333149	9.40492194674013	0.339611845494199	16.230303030303	256.598479463276	0.957927368901097	1.22343913160571	10.2666666666667	0.707533226084212	0.141283371556672	0.41196884331573	0.0946938775510204	38.8	-0.280717827117914	16.1477551020408	0.256595241433118	16.7428571428571	272.844216320823	0.898198865927968	1.13902286245915	38.8	0.83153061352322	0.0640811256749877	0.2695051435421	136.692307692308	288.5	11.2181172148558	0.836109100347645	1.5707963267949	1.13446401379631
436	149	12.0169063953164	4.44485614461473	2.36266395893252	20.5938260387846	0.0382997179552472	9.38681169272604	0.721520994955684	17.8537152221443	0.338702884606032	19.1801495581237	379.168873913574	1.25974708726046	1.61831228615011	9.38681169272604	0.805364424433065	0.205843379493969	0.556946092318496	0.0232697047432222	26.709219858156	0.259954956712732	19.045671746894	0.241148754312518	20.3971631205674	410.427955676091	1.29338107232702	1.74624383483416	26.709219858156	1.01149539366433	0.0718700358695188	0.349375419338531	249.096330275229	299.915137614679	40.8466390952632	0.784352512568268	-1.44456286824829	0.246787873873276
38	21	3.1384201127293	1.07780195977598	1.01797896792533	5.1904761904762	0.116688855822696	6.53097345132743	0.132920210443133	4.76607408567625	0.435558403075321	14.1238938053097	185.677039356842	0.814359010078734	1.01682166202973	6.53097345132743	0.630255562084356	0.0473579751641627	0.219376207777048	0.103174603174603	10.7619047619048	-0.299561883899232	5.140589569161	0.29079939668175	13.9047619047619	177.473022331164	0.802373999634655	1.0460649485055	10.7619047619048	0.704112749276507	0.0745630028341936	0.278967946512517	709.052631578947	289.263157894737	10.6489275420186	0.898415682440466	-1.47580218283929	1.08281651552301
45	20	3.3653370959219	0.657271808928346	1.70073513516948	4.30029068784889	0.0660681052260953	7.47517730496454	0.47607665623149	8.13384638599668	0.368303067677285	15.7021276595745	236.738245502292	1.0161466823544	1.31237003165284	7.47517730496454	0.759657240949883	0.111920686504686	0.379589711225603	0.0725326991676575	22.2413793103448	-0.149767956480315	10.6721165279429	0.200674889351484	16.0344827586207	245.95438284115	0.884984547797893	1.20526751860674	22.2413793103448	0.848718088063461	0.119306174899281	0.376563150925177	289.2	289.133333333333	8.95785801558753	0.668869944565035	1.35846618551914	1.41371669411541
32	17	2.7380999049726	0.437481685637154	1.68547632728174	3.50037071689687	0.0890299479166666	6.95833333333333	0.321123838157143	6.12489149305555	0.387451591863357	14.6458333333333	201.789133644854	0.925487091129195	1.17472370529742	6.95833333333333	0.709778229679707	0.0892700963368318	0.322424030063371	0.162049861495845	11.7368421052632	-0.192681210415202	5.92036011080332	0.397118361514646	13.9473684210526	185.204880679063	0.633455309532302	0.839423201302394	11.7368421052632	0.571662810552209	0.0489855640389215	0.203164944373657	747.9375	287.53125	7.16752094891584	0.589038696053926	0.454530611471387	1.39143204034427
36	23	3.15188547004545	1.45682145740776	0.400849759012767	5.27378938168222	0.17515	4.08	0.0709959469921182	3.1959	0.50827149321267	12.42	143.023929053367	0.659033668385618	0.886660819660675	4.08	0.507220440431597	0.0228479872104454	0.142421826798986	0.277777777777778	2.66666666666667	-0.333333333333336	2	0.466666666666667	12	136.432624788507	0.376777922831669	0.577464586607656	2.66666666666667	0.276434590943675	0.0817041659455107	0.219090251078628	700.583333333333	293.055555555556	12.7739624784793	0.938895621722011	-1.31164909593954	0.85517834048569
49	29	3.84846912351905	1.60638922947367	0.710880280278942	6.53546075840212	0.127218364197531	7.02777777777778	0.0193798449612379	4.58333333333333	0.429172951231775	13.6666666666667	173.6916746866	0.767592314952721	1.01006234564673	7.02777777777778	0.623950684225319	0.0219604446435611	0.148922961394914	0.1125	5.8	-0.0750695088044488	3.6975	0.404705882352941	13.9	180.555542659003	0.649885183176598	0.951544993495972	5.8	0.463432990217187	0.00452762321856234	0.0656407126796252	892.959183673469	291.408163265306	14.0404754784773	0.92063259993541	0.77750093423886	0.732166658862782
48	23	3.59523814605317	1.29583085586105	1.02335672138607	5.58759089614515	0.087472607742878	6.12162162162162	0.222506987046423	4.93676953981008	0.47783416901064	14.5540540540541	196.615497982421	0.879623848564607	1.11548674869286	6.12162162162162	0.669890986739593	0.102212000862157	0.336479840669399	0.08801775147929	10.1923076923077	-0.175467030623561	5.33542899408284	0.351740341106857	14.3461538461538	189.287475944904	0.850300125070444	1.11823661335558	10.1923076923077	0.725779212064949	0.0391983487447252	0.209104193076101	322.041666666667	293.854166666667	11.948103476861	0.881317413252157	-1.23416921138692	1.14023778731425
55	23	3.83311818991211	0.87984297276313	2.139289495677	4.99243283713165	0.0560981837913754	8.61016949152543	0.529302961879801	10.1461904305915	0.380212791977498	16.7683615819209	274.29975786426	1.07361196195501	1.37453940994025	8.61016949152543	0.760325349276105	0.144696379163279	0.439290922487107	0.0772518080210387	23.974358974359	-0.0945684311636064	11.9515121630506	0.270756869796711	16.5897435897436	264.506912211171	0.947645823352811	1.23605207193698	23.974358974359	0.863661661525906	0.0636106168593733	0.279282908806485	729.818181818182	293.018181818182	10.887721277723	0.782981804928352	-1.11447073556147	1.30652246463092
39	29	3.16316776525872	1.42396045830168	1.35232217593983	5.6964431817329	0.112888888888889	5.37333333333333	0.147402716463799	4.15115555555556	0.445229138640903	13.4266666666667	166.951857598009	0.788606344405161	1.05861397100143	5.37333333333333	0.598410819793662	0.0308455678415166	0.180613166725334	0.225	5.6	-0.0937499999999994	3.56	0.557647058823529	12.4	145.813559031043	0.51835200693763	0.766554624884907	5.6	0.447172622283296	0.142573951992831	0.333195591883855	2.53846153846154	296.564102564103	12.6354073972745	0.899732915479859	1.50023916181451	0.582744891747928
94	42	5.66341896489132	2.42879427642187	0.901309201464178	9.23260145924296	0.068310197872507	7.1371237458194	0.332304337270726	6.34459346092326	0.397848603003039	15.190635451505	216.139041921854	0.981561173988544	1.25403140774964	7.1371237458194	0.748168114507303	0.0633041171310304	0.280552657235409	0.0944822373393802	14.7777777777778	-0.188017135738953	7.21951373141849	0.291346614876027	14.6507936507937	200.878630439658	0.838539913920676	1.12336991096117	14.7777777777778	0.793846168233028	0.0591061021197855	0.257161172200281	116.042553191489	297.872340425532	20.9170439575297	0.932384590153307	0.888754953286732	0.6696365293366
38	18	3.05184648092486	0.550923776473503	1.68141621671353	4.27452979148253	0.0798156956004756	6.94827586206897	0.409836893399989	6.88674197384066	0.4005830061611	15.0689655172414	216.014622168304	0.947494979970476	1.21477255429236	6.94827586206897	0.728640291259315	0.0911397003253323	0.330945431403749	0.0879017013232514	18.9130434782609	-0.172026005974347	9.06852551984877	0.254026936635632	15.1739130434783	218.605283312354	0.847565821969906	1.09624277490972	18.9130434782609	0.762620065347918	0.0615962135090168	0.259419628027491	169.947368421053	294.736842105263	8.00759906447472	0.624089450913107	-0.553574358893918	1.47383359057299
31	16	2.6826469791503	0.222483561765333	2.16596543139543	2.96924338005493	0.0904255319148936	8.80851063829787	0.386492622020429	8.17881394296062	0.367954745927212	15.4468085106383	230.672137457686	0.929047239555857	1.14681361939789	8.80851063829787	0.649001779276306	0.125942233431274	0.377950712909858	0.0916955017301038	23.0588235294118	-0.260211800302573	10.1487889273356	0.299533123754577	15.4117647058824	226.626800291234	0.814146129165703	1.09312811248704	23.0588235294118	0.68585223600048	0.0831447544445439	0.300786680192188	302.451612903226	294.58064516129	6.42575463123838	0.331175813367398	0.540419500285706	1.52170894158256
63	27	4.0648847342496	1.01465470412114	2.38881711060699	5.78655553552426	0.0582154383751122	9.14285714285714	0.51692570435086	10.4631997864544	0.357440761091877	16.7684729064039	274.868893018688	1.07901941000299	1.37573262094291	9.14285714285714	0.755643351423563	0.139626192100066	0.431946592376692	0.0420014609203799	25.027027027027	-0.0905213571837814	12.4747991234478	0.213101675869446	17.7837837837838	298.793905737268	1.11279892173968	1.42078314128305	25.027027027027	0.970340340830766	0.0675521432055182	0.307502748248335	346.809523809524	295.650793650794	11.5968102863679	0.751484198624307	-0.429363616008348	1.08598264568536
49	24	3.56416423729165	1.27606054395292	1.45833333333334	5.23227829067903	0.0934256055363322	8.57516339869281	0.264379947229551	6.82852748942715	0.383108208021703	15.2549019607843	220.473708745557	0.911444839624803	1.12787163389303	8.57516339869281	0.658299945466351	0.0936165689117684	0.323817340393904	0.119822485207101	16.1538461538462	-0.270062805303559	7.3594674556213	0.368882701009398	15.1538461538462	218.950650726972	0.673976435567172	0.975006431231153	16.1538461538462	0.579742868436917	0.101769652878716	0.315065889896185	227.551020408163	297.979591836735	12.2510980171908	0.904677447320862	-1.40158334195837	1.06901416684653
147	56	7.88277770005651	3.5289281076036	1.90804219030922	14.2439680215872	0.0630450709695643	7.6890756302521	0.54607040421558	9.46945837158393	0.396934833613034	15.9327731092437	247.390264883494	1.05992849137015	1.3657770630997	7.6890756302521	0.748220554197487	0.134969599828705	0.423516837818652	0.0634344607345043	15.9277108433735	0.1781562705974	10.690230802729	0.37521575661556	16.3614457831325	258.992050879753	0.993985403739636	1.28580913862278	15.9277108433735	0.785650439513534	0.051938113085765	0.257420634770455	375.251700680272	310	28.0800361014656	0.956145711589006	-1.35769229767811	0.589048622548086
848	309	22.365054519198	7.67136102327402	8.94752011869443	40.0345303193701	0.0427922428673061	9.34336716835842	0.697832553337487	16.4605786817167	0.347262960310789	18.4837241862093	350.1260475836	1.23185182332963	1.57387476443243	9.34336716835842	0.797870796880966	0.199421655596183	0.542534232941864	0.0308583973917272	23.6476683937824	0.320410534489327	18.3984954107642	0.276134046884167	19.0120898100173	360.504034561974	1.27631462784099	1.70203264159639	23.6476683937824	0.974372940962174	0.0697630395111702	0.340240020513533	586.422169811321	318.742924528302	76.9179253738459	0.723884513689697	-0.54916798390599	0.111606312051367
40	25	3.60919570830201	1.40659387855002	1.36937942148991	6.31468130628935	0.136972354922077	5.85840707964602	0.379841490913915	5.72331427676403	0.481638006885274	13.716814159292	178.42222018335	0.856512057244054	1.07531770591133	5.85840707964602	0.650607851788664	0.0886909219125761	0.308185613626802	0.171280276816609	20.7058823529412	-0.129909365558913	10.1626297577855	0.403825651576517	14.2352941176471	197.978122565252	0.743315541950648	0.938099656792048	20.7058823529412	0.645750392205822	0.074449487497035	0.264523594136315	742.775	298.925	12.33976192456	0.924835504158411	-0.726601566972325	0.804247719318987
58	29	4.19929951135305	1.75140783165566	0.633957803822439	7.26506798604493	0.089067036990279	5.9438202247191	0.178535598070261	4.61781971973235	0.405790838375108	14.2134831460674	186.882898901953	0.858505038719491	1.1147987797826	5.9438202247191	0.672105361719964	0.0345419186728918	0.196026197305223	0.128826530612245	10.5	-0.281444582814446	5.09693877551021	0.31147382029735	14.5714285714286	196.455940558957	0.766784952091064	1.00330852011276	10.5	0.659274239353928	0.0546431354845853	0.234104373007026	766.275862068965	301.620689655172	15.0869532133642	0.923027470182795	-1.52531094784718	0.86664624926615
40	23	3.30782946145411	1.41543061930185	0.759315182459679	5.74176487625013	0.135803402646503	4.90434782608696	-0.00811340110043783	3.43243856332703	0.431611253196931	12.9739130434783	157.121350048789	0.633088775157761	0.906473031931797	4.90434782608696	0.44439405119515	0.00916245560132209	0.0911538868161352	0.259259259259259	2.22222222222222	-0.125000000000003	1.98765432098765	0.555555555555556	11.7777777777778	130.590381828995	0.426038405890024	0.593277292370013	2.22222222222222	0.298343621995776	0.0114296112607565	0.0824421038049355	183.8	298.15	12.5994594418176	0.936725522683659	0.0842502837098058	0.950198156095212
75	39	5.1005776227626	2.49941849087802	0.309821691630624	9.09316958328331	0.0872211720226844	8.02608695652174	0.437051847766133	8.12862003780718	0.390486677903558	15.1826086956522	222.286864112305	0.977029829671452	1.23111311254396	8.02608695652174	0.719337977133845	0.112941257656703	0.370163886503917	0.126412849494349	24.5609756097561	-0.117964825821475	11.9846817370613	0.338551916887642	15.2926829268293	228.092203507897	0.845729885810277	1.05865354127992	24.5609756097561	0.768816155042153	0.0443563029974738	0.216536724120532	885.466666666667	303.133333333333	20.5522996711741	0.957335195725544	0.752309584922797	0.619643521418105
138	69	8.26202965183193	4.15825215075807	1.16032573340568	15.4619207567741	0.0831124932395889	7.09767441860465	0.406405623125738	6.97855597620335	0.405027715287633	14.8139534883721	208.713835949361	0.961253879156854	1.23294781802193	7.09767441860465	0.719896384170851	0.0862408286206866	0.324300001033602	0.0909472799831968	12.5217391304348	-0.08724832214765	6.75845410628019	0.325973701421272	15.3333333333333	223.386294569101	0.74312369555173	1.09256548336894	12.5217391304348	0.572825587324108	0.0335930093939661	0.191419460694621	211.434782608696	310.449275362319	34.4196958324224	0.963115278989209	-1.11693158135638	0.364242626503164
190	53	7.81401852761733	2.09166840445707	4.43400240848949	12.285902336679	0.0269872491123666	10.4924471299094	0.827023237578879	31.3290655433959	0.330730672984094	22.7462235649547	567.927604606659	1.3662378408485	1.7377508537041	10.4924471299094	0.819521357333058	0.289496836296901	0.666845839546044	0.0208163265306123	32.5714285714286	0.499999216790751	33.5713775510204	0.256110341765463	23.9857142857143	606.814738652755	1.4224552786448	1.81111075930315	32.5714285714286	1.04968613419224	0.162924591855017	0.524169378437392	79.0105263157895	307.552631578947	21.0145313805603	0.746620626651381	1.19832512735833	0.849985908411621
76	37	5.10022537139167	2.41240446802173	1.00291758460969	9.24328275635618	0.0789643780522838	7.96610169491525	0.433779744812923	8.03445489801781	0.383489241216061	15.1779661016949	222.660706308623	0.948103543979648	1.24460168298543	7.96610169491525	0.717203743337457	0.122915266872006	0.387823580917817	0.142659279778393	10.1052631578947	0.120115774240233	6.74238227146814	0.419290307216004	15.3684210526316	228.968841306432	0.667925299819223	0.935918956958533	10.1052631578947	0.454774362855996	0.080513516539224	0.274793918212317	151.934210526316	306.513157894737	20.1692424793643	0.958955208882953	1.52765392077442	0.697621743382978
204	83	10.0928688756661	5.18827008755073	1.14025817542946	19.3443480935508	0.0556718129960317	8.84523809523809	0.534575609114952	10.5023362209467	0.365391749215279	16.9077380952381	278.973415554693	1.10238113102674	1.40976544405736	8.84523809523809	0.768798065915355	0.14219643875795	0.440578346605797	0.0479393973655945	22.8646616541353	-0.0211693179336398	12.1953332579569	0.289698920910882	17.0902255639098	278.365454353692	1.07620723695635	1.42457070819951	22.8646616541353	0.91332428265006	0.0155288777888688	0.148487018011884	275.686274509804	317	42.0343636354113	0.979184309293946	1.45879576307113	0.372120714955621
48	22	3.51780456286522	0.917601877856047	1.59868230864266	5.091112008943	0.0653480110521468	8.41059602649007	0.459498308906425	8.78036051050392	0.389395550595395	15.9337748344371	245.091058413324	1.02135677438398	1.31559429410844	8.41059602649007	0.749096248572701	0.12503745998733	0.401168661620272	0.0522959183673469	20.6071428571429	-0.152723770111658	9.93845663265306	0.235863827707443	16.1785714285714	245.787930566884	0.991693971588555	1.3194965536686	20.6071428571429	0.844925889227273	0.0390665064111876	0.226311553132515	289.3125	302.3125	10.4032639313869	0.801816695284109	-1.01360660508867	1.24625163117612
436	128	13.3285085439525	4.45668368042639	3.09935768610308	21.5623315776937	0.0450205946916036	9.22161422708618	0.704071794765848	16.5808301878318	0.349186683077405	18.3502051983584	346.633138527266	1.21744616768781	1.55588773873667	9.22161422708618	0.788113613693855	0.200373489853666	0.541128678441588	0.0285976080246913	25.8819444444444	0.294925835496095	19.3540581597222	0.265978857880061	19.3125	372.391481835869	1.28870479362283	1.73246139670723	25.8819444444444	1.00165589271047	0.0843760000623928	0.376219808683098	628.798165137615	315.717889908257	40.9156794475661	0.739089130188422	1.42322814770454	0.33440781175907
191	73	8.34493420569219	3.52194651512733	1.03322547797989	15.7718891194174	0.0475942688718682	8.81832543443918	0.56703475307887	11.1836411780708	0.358004583039431	17.2385466034755	290.746992464489	1.15032876598199	1.47270676684996	8.81832543443918	0.79345076246847	0.137228157483124	0.441653722095566	0.0425338189386056	19.241935483871	0.115614780804803	11.8787070759625	0.275015532923155	17.4032258064516	289.309224558815	1.12328932811006	1.47860318826493	19.241935483871	0.904609971933933	0.0441277640708155	0.254052123657958	853.424083769634	311.178010471204	28.5547072905675	0.847818126083283	0.965142335352553	0.450399096892963
130	50	6.37522611770419	2.70327430131356	0.727186358507915	10.1965092065863	0.0485516335506376	8.97447795823666	0.585363354364768	11.8220993642368	0.355232193064866	17.4245939675174	299.380214785777	1.1437372551983	1.46709138798234	8.97447795823666	0.7744929810188	0.157024005886515	0.470315124047898	0.0348270080780369	21.7654320987654	0.100422376838251	13.0975842097241	0.267967164922015	18.358024691358	322.304113671099	1.16269948562352	1.53095461432926	21.7654320987654	0.956643928296188	0.0512998622473533	0.278284439155861	135.892307692308	308.246153846154	23.3301603124899	0.914956774163913	0.827806333023593	0.653451271946677
83	41	5.55241907961889	2.72864046205886	0.33971678724839	9.91270643966385	0.0837718579031321	7.34362934362934	0.34636400064751	6.61752210014758	0.378939515346511	14.8880308880309	209.736154536887	0.937772987908553	1.20238064079336	7.34362934362934	0.696705388699102	0.0849083892393819	0.318011907930483	0.0838139177239523	11.5686274509804	-0.0293513957307051	6.61937716262976	0.346142575900361	14.5882352941176	198.951471328811	0.875373079055736	1.17327436301786	11.5686274509804	0.725831282657566	0.0524580224454252	0.247486223989885	555.759036144578	308.156626506024	22.5684507508329	0.963772834001565	1.36223744604491	0.620469221291976
617	214	15.0658627529687	5.16320847675259	2.51933305513802	27.6598384885186	0.0386328483889055	9.73879885605339	0.720490580633785	18.4212355314108	0.335309919135411	19.3403241182078	386.819885720126	1.26067416444664	1.61838766178163	9.73879885605339	0.7984875770212	0.216773759846449	0.57034127577362	0.0260710377914317	27.6857798165138	0.296481233850965	20.6766462734618	0.243136065086873	20.0665137614679	402.112287866712	1.32907843564546	1.78756898065151	27.6857798165138	1.0106250203407	0.0765440212469201	0.364163952108162	315.335494327391	317.771474878444	46.7751362823621	0.447348824255668	1.48687622475137	0.169304102302813
84	42	5.64713179555822	2.88634559936428	0.505076272276071	10.5815588527921	0.0843383372340902	7.21235521235521	0.285209009866178	6.04507982886361	0.390659269832561	14.4864864864865	197.421418405614	0.905122258158216	1.1939752830735	7.21235521235521	0.688161351337787	0.0712952023159784	0.290667510136589	0.111071555713777	7.84905660377358	-0.00446469248291456	4.90708437166251	0.445983095705626	13.7358490566038	174.380482135571	0.82844028285317	1.04819192941206	7.84905660377358	0.671547483532147	0.048650353632017	0.225663246765703	345.345238095238	310.416666666667	22.6704439228781	0.970437982470378	-1.17715973170101	0.59839860068377
46	21	3.36452706348225	0.725094909482621	1.96684537410129	4.36565652749959	0.0648038049940547	9.22758620689655	0.43890447407236	9.22282996432818	0.344781367418284	16.1379310344828	252.069595776514	1.02482870153677	1.31695205485613	9.22758620689655	0.756229476052777	0.130384648846348	0.409636739470975	0.118622448979592	10.25	-0.0266368572341109	5.99202806122449	0.432207498383969	15.6785714285714	233.356454983766	0.724028883282104	0.939050308756377	10.25	0.595016027997541	0.0207964471437	0.139787935162835	505.217391304348	303.95652173913	9.5343169037085	0.754949602314526	0.255590520061909	1.31077788721207
69	32	4.49294390739666	1.9223139656381	1.15625	7.48076961699129	0.0674959437533802	8.10232558139535	0.553535666603092	10.0738777717685	0.364279843349611	15.953488372093	249.787793745902	1.06743421928867	1.36148402632544	8.10232558139535	0.757926289510259	0.144385927103356	0.436960170739207	0.0751757706868577	19.1627906976744	-0.000903954802259181	10.572742022715	0.299152523808358	15.8139534883721	239.339633914847	0.9744300283124	1.23173988006604	19.1627906976744	0.872015489993974	0.0441045977970645	0.232455716132453	709.478260869565	309.565217391304	16.4791342621715	0.919451868485334	1.20276320060079	0.846757394912874
57	27	3.8440626209471	1.01003204582321	2.11241025653319	5.82612723628557	0.0718185835121828	7.91011235955056	0.462002464333705	8.35143921222068	0.405084142559357	15.5393258426966	233.379435173297	0.983097255457254	1.23722658047172	7.91011235955056	0.721761019298335	0.110788171867926	0.367520480753657	0.105916727538349	19.1081081081081	-0.0521468074409273	10.0805332359386	0.365259308530471	15.5945945945946	233.990929228742	0.871249037517701	1.13855352791729	19.1081081081081	0.733591400672462	0.119249498970916	0.366662980652665	728.19298245614	306.894736842105	10.9960287256345	0.726348984120737	0.548948058102767	0.98255572704866
114	41	5.71842522493253	1.89533529320925	1.43985094079468	9.07018702579649	0.0432519667772265	9.92146596858639	0.575378038429434	12.682704695595	0.345347984738191	18.1832460732984	326.347326934742	1.16743066171888	1.5086662617402	9.92146596858639	0.793631835883509	0.166792149823372	0.489968854863949	0.0377423822714681	29.5657894736842	-0.0701642796043251	14.8136686288089	0.281249422182293	19.0921052631579	347.187755626511	1.16171568052585	1.49144299439784	29.5657894736842	0.99170333229421	0.0670018667175206	0.313412993202096	99.640350877193	311.201754385965	17.8133757844505	0.834152742378017	-0.864585280901141	0.852210737678135
58	25	3.97708500943204	0.907080386598098	2.44131112314673	5.49181208709837	0.0597826086956522	8.58695652173913	0.526031426177177	10.0585715973535	0.362883698177816	16.3369565217391	260.954597731628	1.06255742180877	1.35761795913357	8.58695652173913	0.75896783441233	0.13680812978237	0.425151818511071	0.095	19.475	0.043805140007672	11.18359375	0.37473272957111	15.875	245.030343855979	0.916023803215028	1.17189929952941	19.475	0.797199096241237	0.0359558988408656	0.204940397033028	469.758620689655	310.034482758621	10.0935854964018	0.530869353515297	0.0818662781682622	1.16615919301253
57	29	4.19858934718967	1.66617169342687	0.933585266943495	7.16859978168433	0.0896287881319122	6.90173410404624	0.44336414346924	7.19950549634134	0.406116125803307	14.635838150289	205.245758000402	0.948271890391583	1.21874425633307	6.90173410404624	0.68740545138193	0.100883081908678	0.348496126136926	0.0829903978052126	12.1481481481481	3.50938790222975e-15	7.07407407407407	0.385151667504609	15.3333333333333	224.410776559088	0.764097649504909	1.09695602571945	12.1481481481481	0.56747520258875	0.0891302074980212	0.311882252166186	788.543859649123	310.561403508772	14.0843766971426	0.878347189278402	0.781633271235514	0.851704072554664
80	40	5.52572019028247	2.79612077326869	0.879275269753449	10.115489360382	0.0831185141119704	7	0.383467619868199	6.67691189107013	0.387417115824576	14.6178861788618	202.903397064527	0.935936409174473	1.22518387234279	7	0.709442539592032	0.0871160769416837	0.324950324265498	0.108912952936277	11.4081632653061	0.0310416187629361	6.88681799250312	0.374461718159197	13.9387755102041	183.314232838351	0.855384354481301	1.1119042239451	11.4081632653061	0.715447805870904	0.049655666395212	0.234616863774748	224.7375	315.475	23.576907554012	0.971144570633719	-1.13087514849921	0.628318530717959
130	51	6.70490497175379	2.476657071571	2.83684225355406	11.8664392238743	0.0490670632774473	9.63720930232558	0.638613690706762	14.3336668469443	0.342191114612455	17.9302325581395	324.674869573603	1.16785171626174	1.49081825336382	9.63720930232558	0.777263362597976	0.187609149071374	0.515322519255731	0.0496890210924824	27.906976744186	0.154389472476686	17.5010816657653	0.292407733472413	18.7441860465116	347.462764983086	1.15539941797436	1.44171650778126	27.906976744186	0.976108016042208	0.0937856332799295	0.363677569684712	697.069230769231	315.715384615385	21.7025134360095	0.889063961367444	1.48858487064968	0.628076962655399
81	42	6.00838039774351	3.12653407724073	0.384654629081075	11.3013002683365	0.098932513715381	6.5609756097561	0.592293663898269	9.04620265714852	0.493141977646999	15.5121951219512	237.300067877968	0.963097800841214	1.19685613460967	6.5609756097561	0.688232619572282	0.160516202107532	0.43417347775464	0.104600694444444	18.5	0.0906298003072197	11.171875	0.418762993762994	15.75	243.0129507643	0.889803138440591	1.10392144360137	18.5	0.722654489447567	0.0379399619156647	0.2044360968336	742.827160493827	316.876543209877	22.7004945946963	0.9677452390131	-0.834425995748654	0.577027222087921
74	29	4.45193458452681	0.872089472723609	3.06353646102639	6.21503298127878	0.0460803739267388	9.48971193415638	0.634294567653395	13.9745296279361	0.362725520895456	18.1399176954733	330.084719051762	1.17889436331035	1.5186140657613	9.48971193415638	0.795241072155131	0.190224963521066	0.522781500490129	0.0526720492118416	24.1176470588235	0.0709969788519648	13.9803921568627	0.24823721995638	18	314.290382309421	1.07408907205307	1.39282671452082	24.1176470588235	0.946689583675667	0.0827801410670629	0.336637634187252	809.189189189189	310.945945945946	11.8590266880293	0.703325122534062	1.01816111029403	1.10572107664992
111	43	6.14664306953151	2.62167632704226	0.208006323488356	9.98238036709693	0.0491949709138675	9.26027397260274	0.476731806918829	9.84849690373429	0.353332853091112	16.8328767123288	273.456941910497	1.10636316773909	1.43318571755903	9.26027397260274	0.78413241869122	0.12937227162355	0.424057950672985	0.058203125	25.85	-0.0540399342499272	13.26234375	0.273821091595158	16.975	275.817722530952	1.08102794984992	1.4103638522117	25.85	0.919781963640772	0.0463157725232748	0.254330192013657	483.18018018018	320.81981981982	22.0466193305275	0.914688708474759	1.32308510143337	0.754390015248171
692	228	16.4516696018372	6.61815803359678	4.27441478213839	31.2697447626174	0.0350291976000997	10.135864978903	0.734177293914695	20.0650850113052	0.332058668210567	19.8717299578059	411.418574638492	1.28963912894129	1.65445545600065	10.135864978903	0.812049347088275	0.22544920558322	0.585836931592218	0.026510200709092	31.1182170542636	0.305027946175349	23.3881067468902	0.254381583081836	20.4244186046512	423.305245022838	1.32282089426209	1.80283247156566	31.1182170542636	1.01849250254319	0.0982347871040943	0.41222937283659	506.945086705202	338.228323699422	61.1822721491905	0.850032233071324	-1.39638413975134	0.167280864595578
64	32	4.50778652380063	1.62114245004609	2.24064897128042	7.42179276270228	0.0849375	7.68	0.454669393319699	8.0416	0.417197260609025	15.44	229.490393169085	0.983029599218068	1.23715505621684	7.68	0.711368957152218	0.105629624104009	0.358988150624505	0.077562326869806	13.5	0.00365439165878619	7.77475761772853	0.31024600451845	15.0789473684211	212.684324049893	0.969188561872329	1.2286676051026	13.5	0.833698105416893	0.0869543884591204	0.325088131459514	772.578125	316.96875	15.1861317424905	0.927405058065506	1.20306914117447	0.785398163397448
129	56	7.35530684887479	3.72528891301417	0.722276729148401	13.8957947683786	0.0622301570631753	8.17874396135266	0.450772630391175	8.44568134612243	0.354672378457545	15.8164251207729	239.741033427636	1.04696162325554	1.33170081882464	8.17874396135266	0.759680998771356	0.107422850492238	0.374570008504315	0.0640625	19.55	-0.0360360360360341	10.435	0.301883579516078	16.1	246.614063621273	0.986295503045144	1.28477920839135	19.55	0.835689643836803	0.0320787140176922	0.202535908325861	829.410852713178	323.356589147287	31.1083835712019	0.972548871875769	-1.54057416308896	0.516920219787096
32	17	2.87909328333411	0.908299904806509	1.3945023048388	4.0515706724053	0.103610230873698	5.53191489361702	0.152888981317805	4.26516523313717	0.426610185809185	13.6382978723404	171.781011365023	0.822203875880671	1.08160206363368	5.53191489361702	0.646161118566743	0.019531887392503	0.145286322241877	0.201388888888889	3.66666666666667	-0.22790697674418	2.49305555555556	0.454901960784314	13.8333333333333	180.938311706531	0.467976766785047	0.759214268591722	3.66666666666667	0.385520725596654	0.0981231173399737	0.274499476257914	65.625	315.21875	9.491916444813	0.885894801196274	-0.656584465270518	1.39143204034427
69	34	4.56589972769173	2.04223548265865	0.60347895672597	8.18603968196712	0.0941949982200071	6.73584905660377	0.201089366014315	5.21564613741545	0.435253968217342	14.2075471698113	187.615815451437	0.88504440349976	1.14112294129347	6.73584905660377	0.678193574561643	0.044681443678849	0.225423046826295	0.147647376960519	11.8372093023256	-0.303845351919696	5.53934559221201	0.338766705250973	13.6511627906977	174.272702891397	0.691512725017884	0.915535047372475	11.8372093023256	0.634950033438969	0.0801328659233297	0.271254636384023	116.550724637681	318.63768115942	17.3782025408434	0.937941867026739	1.10792284413226	0.750068834248082
40	23	3.31704103762327	1.23858821183791	0.798154771768953	5.85941150744773	0.116920425165182	5.71186440677966	0.211054678200144	4.61993679977018	0.481210215507324	13.8305084745763	178.565146054844	0.79988058246979	1.03351954679795	5.71186440677966	0.617854222952182	0.0354264264176477	0.191279950363652	0.118147448015123	10.0434782608696	-0.296960820212376	4.87192816635161	0.288156600432815	13.3478260869565	164.321793346047	0.743161912869611	0.991838865809421	10.0434782608696	0.686247407833274	0.113830201614734	0.335896673986007	456.825	317.75	11.103093571667	0.880830866510884	1.4643989607274	0.950198156095212
96	29	5.10904476038504	0.880447835051334	3.18158344950055	6.85955594254426	0.0307046313319352	10.3768996960486	0.735216448553011	20.5950610212396	0.317721922227554	20.9240121580547	453.836271092614	1.28138181729575	1.66034679187582	10.3768996960486	0.812589360721622	0.23966476285839	0.60308499852107	0.0337274926095136	35.6393442622951	0.16271640170217	22.2827196990056	0.190199525771877	23.016393442623	525.68470522043	1.19454268044645	1.53755025997387	35.6393442622951	1.00940010272713	0.0805995701098352	0.348051880626225	526.6875	318.895833333333	13.1910364141302	0.695117061276017	-1.52489057919446	1.43444896430259
87	37	5.39169487949281	2.07257976483433	2.31013898879546	9.33383768507555	0.0644220804355155	9.38515901060071	0.536475837971774	11.1236998838792	0.379221301150214	17.1024734982332	288.256416280801	1.06667679972507	1.35541372792314	9.38515901060071	0.7490140186814	0.160000802076075	0.458260222175363	0.0695202528009193	21.0169491525424	0.107282311597034	12.7713300775639	0.368081114397288	16.6101694915254	268.07685495166	1.05354762834616	1.35676476472897	21.0169491525424	0.883980444028404	0.0647653424307403	0.294636541245867	759.425287356322	322.275862068966	18.5043924505084	0.941126642770628	-1.41345649115523	0.798593311504199
110	53	5.8381080940205	2.62714634935249	0.120813664857265	10.9620043485597	0.0749644933280486	9.01724137931035	0.515870841435225	10.3128468093539	0.368659149085113	16.1896551724138	258.372667279372	1.01933805571294	1.30679252244649	9.01724137931035	0.736183470268491	0.151592202364152	0.439239158208383	0.0498611111111111	23.95	-0.0968419043984336	11.9177083333333	0.278902850648905	17.25	283.126619134612	1.02021916964746	1.37855799891887	23.95	0.916667035685332	0.0705214902334985	0.309612909317513	685.136363636364	327.090909090909	19.1797870363309	0.727924742654277	1.43663652362615	0.492097104869886
43	27	3.35081665369992	1.32238728721016	0.852656624683063	5.84246786272917	0.148784722222222	5	0.0671400067373229	3.67993055555556	0.439954751131222	12.7833333333333	151.723275145462	0.700140339623431	0.947784764707407	5	0.551165507362429	0.0302840433713153	0.169479977252497	0.142361111111111	5.33333333333333	0.102803738317755	3.97222222222222	0.498039215686275	13.6666666666667	176.25132069906	0.639933954911806	0.896941135811867	5.33333333333333	0.467976766785047	0.0833639627587468	0.273968078693083	132.488372093023	321.116279069767	10.4878768010701	0.673431162395365	0.228332782878153	0.741226250229691
163	57	7.67163744757131	2.91657289697291	3.08776913835374	12.9502801841606	0.0399399625256288	10.1012658227848	0.741604218706635	20.5461121157324	0.314566137410516	20	418.283866276903	1.28635033894354	1.629369042919	10.1012658227848	0.79429707285474	0.232561231801089	0.590509835761745	0.0326736111111111	29.25	0.369519595486646	24.1965972222222	0.243848719376947	20.2833333333333	423.576514094969	1.30861000976204	1.74558878740828	29.25	1.00502942434498	0.108413373984067	0.425845193809563	160.337423312883	328.055214723926	25.3071531299424	0.919653357724595	-1.30238626511866	0.630445801828423
123	44	6.28087766025579	2.32495831979858	2.40919811082234	10.0762844473776	0.0441958972204719	10.4782608695652	0.622765494086687	14.8882587691661	0.324884928209736	18.8695652173913	357.781232790416	1.18605712133421	1.51804939363579	10.4782608695652	0.777632375771635	0.200657271316993	0.535925185134329	0.0579513232514177	26.3695652173913	0.05400662897251	14.9375	0.32583959405056	18.5	332.977120416328	1.07597389712357	1.36629968594971	26.3695652173913	0.896893720326255	0.0533916024891642	0.268719027314784	882.422764227642	327.910569105691	21.3485423133916	0.927075030678837	1.45293005988238	0.7983799512222
272	119	15.6328059047294	8.38529734827961	1.50617212848192	29.849054147028	0.0655765754132231	7.75909090909091	0.39130131751804	7.37350723140496	0.396631516337399	15.5772727272727	229.964492664061	1.00917214251797	1.29612184746421	7.75909090909091	0.742673873794346	0.0879269215337083	0.335222125221506	0.0838108459357278	13.5	-0.0239489566857701	7.59212547258979	0.35918513389663	15.0326086956522	211.265923237537	0.947246742646563	1.23794662702729	13.5	0.793085872331462	0.0184545925483905	0.150979308798825	565.529411764706	345.694852941176	69.4524376363255	0.990026476451186	-1.01826162273335	0.241370864141353
36	17	3.05378754730316	0.808467915418657	1.57840092529398	4.11133970706039	0.0859776113121791	6.34862385321101	0.330991786848315	5.74480262604158	0.399026358335587	14.5688073394495	199.158427254841	0.911287776809869	1.1827753208867	6.34862385321101	0.710911278019603	0.0643857442387717	0.275083322433534	0.092797783933518	8.78947368421053	-0.243095004897157	4.53531855955679	0.243843772326744	14.2631578947368	187.273316592252	0.77532945431563	1.08831964900609	8.78947368421053	0.684460579536542	0.0905538449188327	0.313171212076748	287.333333333333	323.5	9.29967051003006	0.842674248550772	-0.810738763435462	1.5653610453873
52	33	4.6128229964605	2.22600662831313	0.989383498019049	8.26695325194167	0.162741602552074	4.84931506849315	-0.0772212843118847	3.25084443610433	0.447864625302176	12.5068493150685	145.973636468203	0.598046949075563	0.856202876432535	4.84931506849315	0.448764437223038	0.0110132858842775	0.0971442707301821	0.177734375	8.75	-0.33492252681764	4.27734375	0.379411764705882	13.375	169.089679790344	0.54026958637837	0.832444126461006	8.75	0.44468662754501	0.0902741544992462	0.275105951180422	719.673076923077	323.692307692308	18.7930037011499	0.970512914676696	-0.296650551513103	0.600047081677389
133	59	7.33534893457456	3.18682992411456	0.665996023877565	13.9278829541742	0.0651230456808455	7.75700934579439	0.49810645528854	8.72774368940519	0.395821422979202	15.9299065420561	244.539477543879	1.05087726820719	1.33924682507612	7.75700934579439	0.746387281903097	0.125050662718	0.404469935189349	0.0545797648425025	16.8795180722892	0.094753395171054	10.3231601103208	0.316727491669671	16.1807228915663	248.533616213677	1.07706459813674	1.39623953891718	16.8795180722892	0.865770913928421	0.0269904287166411	0.193598006917262	260.812030075188	333.157894736842	26.5340109155547	0.930287240847453	1.53424834739552	0.480128495176607
215	97	10.6777955201901	5.2966407570648	0.915148083347311	21.8207876660071	0.0650657140617287	7.52256186317322	0.556910930313128	9.488769389515	0.386079996097977	15.863173216885	245.45421751754	1.06379141146309	1.36826202348984	7.52256186317322	0.741518479647602	0.13497716708506	0.423876609992597	0.0586522697721748	15.4360902255639	0.183906414151453	10.4573039742213	0.343164368335791	15.8571428571429	240.561660345024	1.08661359534242	1.40732172275694	15.4360902255639	0.864379596859108	0.0418665786629115	0.241670226661648	788.023255813953	335.679069767442	43.7764647692936	0.958147715501698	-1.3385411286946	0.287147378264132
44	23	3.52122718530308	1.28456547044394	1.01872821859653	5.78179137734934	0.09357782369146	6.56060606060606	0.398300891663419	6.45173324150597	0.410451525157407	14.4393939393939	198.15721191621	0.914938866793353	1.18409190428316	6.56060606060606	0.703655060341545	0.0911733861072829	0.327034102871664	0.105371900826446	14.7272727272727	-0.0962780682866836	7.71694214876033	0.285832768185709	14.6363636363636	204.76613331808	0.75739978994083	1.05842978560481	14.7272727272727	0.620921431505943	0.0566797126775174	0.244691380821379	29.6590909090909	326.886363636364	11.8466039034771	0.886878583968108	1.19202225304934	1.04521797170473
141	55	7.17613122084459	3.10786794773498	1.20178929961163	12.3850616496696	0.0521769303820586	9.79487179487179	0.462650767784172	10.1140651252831	0.335634660069049	17.1495726495727	284.889524878332	1.08009424571426	1.39971044051323	9.79487179487179	0.784847957049158	0.132817570908175	0.424919696444955	0.0438271604938271	16.1333333333333	-0.0332231692468233	8.80728395061729	0.321796146438901	17.3555555555556	279.541519091954	1.09376854973058	1.43846714616985	16.1333333333333	0.908951041801194	0.0436568733586106	0.249365056439401	870.758865248227	334.872340425532	26.4713383276016	0.947933201633048	1.25309032606374	0.585738266652775
214	69	9.4457255709112	4.67681262801268	1.86692319778372	17.1267621556606	0.0366099689450267	9.8224043715847	0.624502525133973	14.0791883155663	0.350044172946777	19.0136612021858	359.608657801615	1.20595756272305	1.56618912228314	9.8224043715847	0.802964316205632	0.187149388405898	0.525637169218745	0.0328104030727937	26.8299319727891	0.0564746855013263	15.217918459901	0.260305473289789	19.5646258503401	367.484398909631	1.19501352337972	1.61603831867556	26.8299319727891	0.970404476347544	0.0616175093571458	0.312473813253443	237.369158878505	342.392523364486	38.2370109545468	0.975677535128166	-1.36516021701103	0.564840015012154
216	74	7.61659543872467	2.79440401361646	1.39608395225829	12.6342679280372	0.0393582285607055	8.99178082191781	0.6952341942792	15.7519515856634	0.365814973840759	18.6986301369863	355.093846557302	1.23215307271928	1.55992451578952	8.99178082191781	0.794388980833897	0.188358751924889	0.526327675340977	0.031153549382716	23.5277777777778	0.296600883516534	17.7243441358025	0.287880275102783	19.6388888888889	381.184254735695	1.25915396233833	1.6401407302189	23.5277777777778	0.984360576532575	0.0786065181903493	0.354379828749959	175.861111111111	337.361111111111	24.6739522031484	0.805907638279624	-0.868583322045518	0.495678607140537
67	46	5.14912746663957	2.54667256488028	0.0307437730951057	10.4549171687619	0.174536157779401	4.68108108108108	0.156336559626748	3.77425858290723	0.516649137825608	12.5837837837838	147.545301951934	0.703996382429067	0.927563458015746	4.68108108108108	0.565276633510236	0.0265562294166205	0.157019229087843	0.1296	6.92	-0.00476245789290303	4.4436	0.395674208144796	13.16	160.02959250453	0.783603411956704	1.00034500883477	6.92	0.646803456335327	0.0750975284947445	0.274017843841811	334.776119402985	336.791044776119	18.5896623970189	0.895122539324487	-1.21324254837364	0.39789547786487
156	63	7.02756826775463	2.96481955443288	1.435696517303	11.6277289972141	0.0587761175522351	7.6259842519685	0.498707791814131	8.60632633765268	0.386745471020598	16.1771653543307	251.577343299607	1.05175553505754	1.34440715321212	7.6259842519685	0.747720449988831	0.118531711943454	0.394745377170117	0.0533931213017751	18.0576923076923	-0.000502013175285491	10.0243158284024	0.275847779005819	16.1346153846154	245.16163562108	1.06404589918574	1.37960689797928	18.0576923076923	0.913172564350593	0.035966243725869	0.221974375646154	847.24358974359	334.685897435897	22.5804095747795	0.696005813460689	1.23621777226006	0.493916305326286
59	32	4.14327723119152	1.70942123918885	0.970764035438067	6.25538830229587	0.0943062744602955	7.87640449438202	0.429997990023206	7.90910238606237	0.403312799809826	14.876404494382	213.848729229277	0.944831568850269	1.21038820039518	7.87640449438202	0.699922304026189	0.110119168122887	0.36270781231052	0.0803489439853076	20.3939393939394	-0.147959579252061	9.88269054178145	0.308339570520345	14.8787878787879	210.218450993511	0.911625381690457	1.18993924342566	20.3939393939394	0.799045268139605	0.0524522905321328	0.249168764984723	78.3220338983051	333.457627118644	15.0749191065306	0.905083758409037	1.19311403763587	0.724038931882023
102	38	5.42619137742373	1.69169997269675	1.5165294246552	8.45326896725089	0.0433910034602076	9.58235294117647	0.661483736110601	15.1534602076125	0.325634383385248	18.5294117647059	347.006301689423	1.20963076724088	1.54590754260399	9.58235294117647	0.783965418908661	0.19070085274657	0.5273586448314	0.0357142857142857	23.0857142857143	0.196236979351702	15.3610204081633	0.252625733208168	18.8857142857143	346.571589489248	1.21615792053328	1.61143673940596	23.0857142857143	0.994376629550909	0.0674083278079478	0.326075061176609	813.813725490196	333.323529411765	15.7178380119752	0.765170388062756	0.940150803595214	0.887652217911797
129	47	6.42330527491998	2.04998635328894	3.16335113493542	10.5973894305778	0.0273067599303048	10.6381909547739	0.864695698366826	40.3120943915558	0.321862006621096	24.608040201005	683.767749653091	1.43138032427468	1.80507195459212	10.6381909547739	0.829197366621648	0.313925797245879	0.699569322214778	0.0321980963712076	37.1707317073171	0.532702382332373	40.772010707912	0.21603410178668	24.9024390243902	675.508810683936	1.37391379309695	1.73591939851703	37.1707317073171	1.03950672179426	0.230221541598002	0.602837346309565	5.4031007751938	338.968992248062	18.8491258466552	0.852565507409009	-1.20052939802055	0.733844187076656
222	85	10.1064590566856	4.70392285011429	1.14414410978016	19.2882989791389	0.0465168299369073	9.12347354138399	0.654870896637213	14.2174792744063	0.362043352561351	17.9375848032564	324.399198059176	1.18489085562717	1.52784398420186	9.12347354138399	0.788727939969868	0.182840483895244	0.514477948487901	0.045813550036523	22.3243243243243	0.217151859014587	15.2584002921841	0.347458139078762	18.4864864864865	333.951581748598	1.18786501238672	1.53506652101447	22.3243243243243	0.93445758793096	0.100546150734022	0.387294205886722	37.5405405405405	347.148648648649	34.7507047634274	0.901985381523603	-1.03931170781763	0.386122391195534
78	28	4.6225897774711	0.820048825223404	2.95717736349775	6.01443841000598	0.0403913624286197	10.0613026819923	0.656195824906097	15.6323160258951	0.313864746319107	19.0574712643678	366.272388215435	1.23040120802242	1.54855820896461	10.0613026819923	0.805976832170458	0.193830972165157	0.531769095492778	0.0372085048010974	31.4074074074074	0.0993096123207631	18.4351851851852	0.194427372659204	19.6666666666667	380.263642017287	1.17530899114824	1.50624424298881	31.4074074074074	0.908855495356846	0.139758385210263	0.450046320094094	299.538461538462	332.807692307692	12.4191502125574	0.751197795610542	0.623161272824735	1.25022564785716
611	196	13.9479773241719	6.99387844378342	0.981357358826354	27.8157898379057	0.0386707403498069	9.4925516578568	0.684390715176662	16.0384543711542	0.336644395324329	18.68620855358	354.818175362313	1.24611367036471	1.60003927424532	9.4925516578568	0.807067794671201	0.185016704710682	0.527586282151211	0.0278002378121284	25.3494252873563	0.264195759796614	18.2256586074779	0.269423390939558	19.3402298850575	370.032183799551	1.27150069186306	1.71964371159691	25.3494252873563	0.986019060745755	0.0758992251234645	0.356184913875001	471.905073649755	351.587561374795	57.8861116715723	0.916351359192504	1.47222155470703	0.199866004929546
74	29	4.44975525083712	0.920069126178013	2.74327629009642	6.27595680110389	0.0482988704296432	9.86831275720165	0.652508119080644	15.199342918593	0.349275771497994	18.4362139917695	344.779793516749	1.17786138789747	1.49928403458516	9.86831275720165	0.780626941997703	0.211277103000354	0.546123545439245	0.049375	30.6	-0.0109018830525267	16.135	0.265395399379688	20.6	410.830568246214	1.08358208465975	1.39522270684803	30.6	0.939673495316315	0.168321530261054	0.475592909156791	774.72972972973	333.432432432432	12.0686963312317	0.731575211950952	1.26111601263232	1.10572107664992
84	34	4.83862410636005	1.88634699688196	1.04318516770401	7.97975379245721	0.0547045660397464	8.81751824817518	0.513078068270751	10.0543449304705	0.346078237963167	16.8467153284672	275.266785043525	1.10292532828555	1.37738699302263	8.81751824817518	0.775171747982524	0.128694540477302	0.415437562953391	0.0545267489711934	21.5740740740741	-0.0877778450206199	10.9165809327846	0.22742901272313	17.0185185185185	273.942156613439	1.02320961383104	1.30273106898551	21.5740740740741	0.871794734000065	0.0401357770113544	0.227943827469124	219.130952380952	335.297619047619	16.7445931673421	0.908475982457552	-1.14590367703618	0.913127276475926
70	32	4.42982723917321	1.46764245682627	1.04769091339001	7.03368013560469	0.0703175496757782	7.38812785388128	0.485075798088772	8.17399553804133	0.39986910607378	15.4611872146119	230.082203964006	1.01216130745391	1.3027278021421	7.38812785388128	0.754040252246955	0.11155431609258	0.377690921103594	0.0897782585181179	18.0697674418605	-0.0476787758109788	9.62371552190373	0.337249341029662	15.6046511627907	234.027539093586	0.853297175856772	1.14831853895048	18.0697674418605	0.751144167900932	0.0644343203010987	0.271301892524316	369.642857142857	332.642857142857	13.9218404759958	0.791904423229244	-0.403242834905695	0.859029241215959
45	29	3.44122485847291	1.09742646153159	1.07727581736644	5.43822731137003	0.13214915595868	4.84126984126984	0.219029426109578	4.09952128999748	0.453487035839977	13.1746031746032	161.275739368982	0.776259573530421	1.01840575536212	4.84126984126984	0.621505896108281	0.0471826451559587	0.219136403895179	0.154585798816568	7.61538461538461	-0.180192572214579	4.22633136094675	0.428089105464671	12.6923076923077	149.077378452415	0.701167728817472	0.935567195257492	7.61538461538461	0.635951570982808	0.0455153963102463	0.206491262935516	449.688888888889	333.466666666667	8.90094397035473	0.23973416848077	0.521735658140376	0.67239795201684
42	19	3.25605440730609	0.699658801877648	2.20362330689034	4.71985257293586	0.0645650020395082	9.05343511450382	0.429107905315529	8.92919993007401	0.345814129559078	16.0916030534351	249.766949423295	1.02164668928122	1.30617032220034	9.05343511450382	0.755612915615532	0.121320403604352	0.394000437830136	0.0756143667296786	18.0434782608696	-0.144964913332934	8.87948960302457	0.309752699778275	15.7826086956522	232.725060369599	0.975496208122045	1.21108490038081	18.0434782608696	0.822239141873599	0.169809249981767	0.448633118071232	52.5238095238095	335.619047619048	9.38074519796997	0.793952316583033	1.24302827121139	1.46201541773708
153	51	7.14975165516091	2.8549190874319	2.31048293891034	12.5215538893203	0.035759152080931	10.383877159309	0.764486265869713	23.0451626688673	0.335412998915313	20.6525911708253	451.968719882384	1.30906650839051	1.64941045035548	10.383877159309	0.815063103336865	0.240399090381057	0.602338195298993	0.0241562158067503	31.3577981651376	0.368140590338315	25.8139045534888	0.203875060519445	21.5596330275229	475.78240422532	1.36348032022489	1.77570119903342	31.3577981651376	1.05354318001379	0.131482073776821	0.470236785550809	94.1045751633987	339.516339869281	23.4629227247793	0.902519732193839	0.311151570215192	0.739198271432893
139	54	7.1911219817424	3.17462297541291	2.04719688578389	13.2443662480084	0.050799550030615	8.91503267973856	0.535562953995158	10.59767610748	0.373821199426736	17.1111111111111	285.489395712032	1.11068224305103	1.42857668451458	8.91503267973856	0.781654562438817	0.145783004077666	0.448545749136269	0.0418518518518519	21.5	-0.0245955892086544	11.4919444444444	0.282898884537335	17.5666666666667	292.318019751003	1.07878499638454	1.42596390221399	21.5	0.900996657748413	0.0774084271661714	0.329360937287071	125.093525179856	343.928057553957	26.597121821932	0.953396308494573	-1.56326582913565	0.599014237104227
94	43	4.92687169218867	1.94533937400007	1.43452748960846	8.00216303910943	0.0723612125639152	6.83108108108108	0.43434893308156	7.03824643900657	0.39448510819735	15.222972972973	220.21632905758	0.978871583884398	1.24495533181844	6.83108108108108	0.711068764045893	0.0992626717237323	0.349187598138288	0.0625	11.8392857142857	-0.0383857028988548	6.7008131377551	0.267198282639459	15.2321428571429	214.125388107041	0.978672357987006	1.26631606044296	11.8392857142857	0.817476641661471	0.0541450423308641	0.260857686553541	348.446808510638	339.702127659574	17.5727588030373	0.857348138525627	0.735984549438363	0.638852805705658
46	22	3.39222242990968	0.96587247121229	0.937069460367625	4.85853598327996	0.0781147829586037	6.85106382978723	0.361733833177134	6.36693325285448	0.408881163824843	14.8794326241135	208.731818034576	0.946911357201826	1.21325639397482	6.85106382978723	0.694041736374201	0.101716039902452	0.34917375575464	0.0793950850661626	7.73913043478261	-0.163729391699827	4.32514177693762	0.346566987999213	15.2173913043478	211.953779723357	0.851029793847351	1.13766446352446	7.73913043478261	0.722094518737424	0.024800610789188	0.167823723254811	893	337.434782608696	9.92899352385436	0.740838046071666	-1.40718110884284	1.19432447987711
49	27	3.65004832955119	1.13168622923187	1.91198659246522	5.64933199493763	0.102695794753086	6.16666666666667	0.409569015671318	6.22217399691358	0.45454832660715	14.2361111111111	192.5271092957	0.90175398469845	1.1529317044127	6.16666666666667	0.661662110793578	0.0925389853356276	0.325325953733153	0.0885416666666666	8.25	-0.0924137931034471	4.77604166666667	0.301244343891403	14.25	186.53433476664	0.845516865616447	1.09637519533643	8.25	0.709042602647725	0.0689892565744591	0.274500289643831	491.775510204082	337.591836734694	9.90712409891387	0.524869082892838	-0.890669423815481	0.844653168866392
102	67	8.70743863146983	4.48741018780318	0.47198174032358	16.4914837240291	0.166010701545779	4.95862068965517	0.293021079506729	4.50690844233056	0.503069838445092	12.9172413793103	156.892995810414	0.758952736135827	0.971938832543422	4.95862068965517	0.582976019973875	0.0629390206457918	0.247400935015467	0.153463105477592	5.82978723404255	0.10307842317872	4.24988682661838	0.460152113218446	12.9787234042553	156.180176180742	0.771741135557159	0.963887941300125	5.82978723404255	0.612855871500652	0.065135442428703	0.250670768949685	724.490196078431	348.647058823529	37.5376692436506	0.978397027109808	-1.41863144214749	0.285535710105733
40	19	3.1583645365615	0.615876685148729	1.82473008666946	4.5263157894737	0.0726749950426333	7.10569105691057	0.375082836315438	6.68530636525877	0.38428867008494	15.1219512195122	216.086130833657	0.963893569201113	1.24212437925344	7.10569105691057	0.737932989621331	0.0862149939484303	0.325390418590563	0.0802469135802469	17.7777777777778	-0.23076923076923	8.22222222222222	0.202098025627437	16	243.751102193753	0.747459520373594	1.12148139591931	17.7777777777778	0.63616167295955	0.109684273538869	0.349332353512815	30.125	338.525	8.46304694927098	0.659018518843899	1.26422186422371	1.39239563594007
34	18	2.81797109143585	0.47182536466939	1.97280898939607	3.49647088390211	0.100433594118202	10.2330097087379	0.353150769817439	8.90988783108681	0.37059903993085	15.5922330097087	236.330120893759	0.931960867686638	1.14531222383684	10.2330097087379	0.665752536653992	0.1313615153628	0.385655673046054	0.142659279778393	10	-0.0952669902912598	5.56509695290859	0.422481543224577	14.9473684210526	212.216102284609	0.666061951650948	0.87202984342104	10	0.570999847757059	0.0311879550389031	0.165074224052191	66.0882352941177	337.794117647059	7.56680838837172	0.647724460510919	-1.52405793621205	1.31869321261794
268	104	11.0317517301936	5.16517758964792	1.23889296116763	20.6037769595771	0.0458546900643858	9.26741573033708	0.811057955710667	25.5244931195556	0.371395954396616	19.6022471910112	425.45757850577	1.25484896243713	1.5744756016762	9.26741573033708	0.779544211615747	0.263246026582714	0.616070032846192	0.0330459770114942	26.0804597701149	0.525008271323471	28.4535936054961	0.268272501336701	20.8850574712644	466.772214154544	1.3136931983611	1.64427505312207	26.0804597701149	0.948453187140645	0.147326927585558	0.479699483209235	673.485074626866	354.611940298507	41.4443298233331	0.937048884381339	-0.905476259816481	0.311370869512598
70	33	4.3900063217122	1.79700359092442	0.406557814090882	6.86107718695025	0.0725485290131565	7.62557077625571	0.362406513136102	6.97996288651196	0.369339549677987	15.0502283105023	214.514430799457	0.971160513603776	1.27080469019589	7.62557077625571	0.745509029220275	0.0847528948127013	0.326153751193466	0.0838786436644854	9.12195121951219	-0.116011644832604	5.08685306365259	0.366405474009491	14.4878048780488	192.729779316394	0.867807878001534	1.13212689858454	9.12195121951219	0.720569350811563	0.0275361213515527	0.176395084759924	614.614285714286	342.057142857143	15.6831590706919	0.89179500389522	-1.22869675492066	0.807755686873409
33	19	2.89470758534772	0.847125081624701	1.28058158532598	4.57773728717151	0.112413194444444	6.75	0.301159342140738	5.82942708333333	0.431380701968937	14.125	188.899907887619	0.845986499205364	1.0778159841445	6.75	0.615899883606416	0.0769153702892564	0.287409495370433	0.145833333333333	5.66666666666667	0.0533642691415333	3.99305555555556	0.431372549019608	14.8333333333333	206.872464383168	0.671168639063881	0.871855302839869	5.66666666666667	0.467976766785047	0.0561287347197447	0.221591157955479	663.484848484848	338.69696969697	8.93675704792042	0.825438067785787	-0.878271169768794	1.14872639965056
89	32	5.12491069231821	1.48031925045327	1.8062932520773	7.93805362242534	0.0497998519135545	8.05442176870748	0.587262741526993	10.7573233374983	0.374390920609408	17.3469387755102	294.444262738756	1.11519853740049	1.44013112878452	8.05442176870748	0.769592973820015	0.152699154330014	0.460286728042045	0.056033324375168	16.2459016393443	0.133151219232396	10.3706664875034	0.276590485889378	17.327868852459	285.606681231962	1.06841262165926	1.33934028165081	16.2459016393443	0.910209730243015	0.0582998425616683	0.277990054389528	435.797752808989	344.179775280899	14.7248059050847	0.793108862817138	0.989222877875242	1.09219432097458
299	111	10.7025997453829	4.40389584686906	1.65672711837063	20.3116854191021	0.0466144484978795	9.56461232604374	0.693155400804665	16.5854337197491	0.345100073400857	18.7594433399602	360.531598723668	1.21651096903904	1.54576442388178	9.56461232604374	0.777975617127584	0.209848437489553	0.551358957993579	0.0293887963348605	24.9489795918367	0.260449267579031	17.8676593086214	0.243962821235916	19.7551020408163	383.954886624667	1.27719011922686	1.70387181294566	24.9489795918367	0.966057179590269	0.0807624549694383	0.365502594802798	700.892976588629	356.461538461538	37.2210484394735	0.882227681903259	1.35505064000142	0.304954534022676
59	23	3.90793502733264	0.628761169710794	2.23268383938568	4.80331486042643	0.0459475422158984	9.45077720207254	0.598082846776162	12.7571209965368	0.345431803219063	17.8652849740933	316.312543278021	1.16993123438633	1.49763588930034	9.45077720207254	0.789386868919475	0.164774487369254	0.485594559275945	0.0420408163265306	25.7428571428571	0.017004099063294	14.0940816326531	0.253194374822618	18.7714285714286	339.067386140624	1.09562825707594	1.42121157487893	25.7428571428571	0.97485636472155	0.103232082573612	0.378586221650654	382.406779661017	344.576271186441	9.9139440324677	0.621997032486362	-1.55774004485219	1.40154228024044
189	76	8.01943221097083	3.82677573863556	0.289772572967696	14.6567667051539	0.0474263603560757	9.14147909967846	0.748084506239671	19.1439397855688	0.361547710286125	18.887459807074	374.857790267051	1.24026427281258	1.57847839718722	9.14147909967846	0.780175630157968	0.233608636656405	0.58422380107125	0.0280718530155044	27.6694214876033	0.320505208071255	21.3602895977051	0.217160497861744	20.1157024793388	407.563172616089	1.30635810711597	1.66628584387741	27.6694214876033	0.996905160494186	0.110190465674727	0.42023945107415	647.582010582011	353.306878306878	32.0317281792226	0.926321118507583	0.7310702865746	0.411191836238553
129	39	6.15171043178756	1.85077302810714	2.14543534828298	8.87594389420919	0.0307300543787031	10.2297297297297	0.706088227398289	18.4027219787355	0.304689984101749	20.4369369369369	426.135263077966	1.28611176169309	1.65622636094322	10.2297297297297	0.81294540807919	0.209238681263426	0.566511184705983	0.0275065104166667	32.09375	0.181400394941319	20.6028374565972	0.183854912235088	20.9270833333333	434.083072146836	1.23532179911686	1.65640071485827	32.09375	1.01676189417449	0.103633258765761	0.406936376056345	157.15503875969	351.093023255814	18.9829375678538	0.875883216360653	1.04449195215791	1.06578685683914
32	16	2.74380331492794	0.373513211266293	2.09631372890605	3.26259578403455	0.0791795089807631	8.02061855670103	0.376726131483315	7.43426506536295	0.355849510003543	15.0721649484536	216.817626534898	0.961843023346912	1.24026061417809	8.02061855670103	0.711520782635937	0.113068316025039	0.37164271031263	0.09375	30	-0.320422535211268	12.36	0.225795386822647	15.6	235.341406155067	0.770926996097583	1.07564630246961	30	0.719602743482587	0.0830709552828571	0.298351305372028	193.0625	345.15625	6.92382862906078	0.517368155254949	-0.0121778594214338	1.5707963267949
1735	589	32.2522700643027	12.6421975299667	2.52858875969246	58.6857899706332	0.0390874283350066	9.39986445272789	0.689330787613871	16.1284132414205	0.344396772575854	18.7082344967808	356.102081304168	1.24432047983673	1.59750385775897	9.39986445272789	0.80163707150256	0.190258961067974	0.534135028489961	0.030805980409005	24.8656126482213	0.283588688084667	18.3542853348748	0.269231904246369	19.0158102766798	358.733102581759	1.2906424667413	1.72885724074909	24.8656126482213	1.00283674803589	0.047357890891947	0.28362073252229	372.831123919308	389.42939481268	121.931017972786	0.860730579405861	-1.22800615351563	0.0628461609874097
231	93	10.1950238763185	4.24239283832679	2.59427404745056	17.8385573632235	0.0529579898620504	9.24508519003932	0.620433935910047	13.1784928431435	0.365180024974952	17.6618610747051	312.27451960729	1.14503228026776	1.46605549897209	9.24508519003932	0.766693018829121	0.18183650198279	0.50414240769636	0.0344001095690285	24.4864864864865	0.109803986655822	14.7534240321402	0.251126512799319	18.4189189189189	327.113927891334	1.19722567321108	1.57670204462843	24.4864864864865	0.953095757814909	0.072113102311798	0.333561036814006	66.4285714285714	361.606060606061	38.1635534629691	0.889452379225292	0.982153203372965	0.335626270310668
45	24	3.42096010009636	1.34247544740381	0.450693909432999	5.310661446562	0.0970427712185342	6.23880597014925	0.0521862731826167	4.291156159501	0.412696697507935	13.7014925373134	172.886308080868	0.81892720998	1.0915345978489	6.23880597014925	0.643154311768151	0.013535548453972	0.121511737118287	0.126297577854671	5.17647058823529	-0.021857923497261	3.53287197231834	0.363321799307958	14.4705882352941	196.321253442835	0.637069661128067	0.924732375527162	5.17647058823529	0.416354584350578	0.0411461753648152	0.19520120350305	75.3777777777778	347.644444444444	11.6678951482859	0.844230196777606	0.195666720055453	0.98174770424681
46	24	3.50288325566574	1.20931707424705	1.47784565424734	5.48640997779462	0.0966708674648183	6.15942028985507	0.419260931558934	6.30308758664146	0.420523277556526	14.3478260869565	195.678734965073	0.908116086053877	1.17453406628007	6.15942028985507	0.687135059043246	0.0900032538844934	0.323707738125709	0.122395833333333	16.75	-0.0281329923273663	9.14583333333333	0.36681240063593	14.5	201.092250499697	0.889014834834207	1.10224441509619	16.75	0.813757335918211	0.0818548576767949	0.299641200889012	802.5	347.086956521739	11.2307093953058	0.813691299894406	0.286090370851743	1.00356431989674
35	18	2.88033705427431	0.603450313559368	1.94523793333463	4.08323885000289	0.104307582769669	9.35849056603774	0.344209948610487	8.13527945888216	0.363730297359598	15.3962264150943	230.937328755877	0.844432660151747	1.06026548723158	9.35849056603774	0.596171854657808	0.138087310406315	0.381476832540025	0.32703213610586	33.3913043478261	-0.232142857142857	14.5500945179584	0.48628762541806	14.8695652173913	231.223567059048	0.363894142427528	0.52095327060004	33.3913043478261	0.300619379960551	0.0479532080907413	0.158966306023691	249.057142857143	348.057142857143	8.23335932620354	0.747255704257917	-1.28904606694341	1.3574783071067
95	36	5.41085397811465	2.12124147620216	1.55481132990623	8.63620894480163	0.0508681317559636	8.47284345047923	0.524416403496309	9.90783819371434	0.353981185441437	16.9648562300319	278.769843096965	1.10259492299923	1.39270803168614	8.47284345047923	0.779441590526706	0.123507463633315	0.40927696151008	0.0463592844545226	20.0634920634921	-0.0590770049208688	10.472159234064	0.281750633876435	17.015873015873	273.394456815271	1.02933768320926	1.40416354494874	20.0634920634921	0.871921492461895	0.0820479714916312	0.336454026411461	541.484210526316	353.6	18.836481560341	0.930201993438902	1.28803581782549	0.921145994108118
35	23	3.23975889584388	1.25229170264787	1.07383382915029	5.25241865251841	0.150119357638889	5.79166666666667	0.410808901448251	5.91493055555556	0.501928682075741	13.5833333333333	176.311310104775	0.838010483392692	1.06332752480602	5.79166666666667	0.675981640598763	0.105790303121955	0.334648991265191	0.155612244897959	3.42857142857143	0.0561797752808996	2.81632653061225	0.47563025210084	13.1428571428571	161.681356221311	0.579234196929746	0.84253035136751	3.42857142857143	0.380444470134264	0.0449127600628907	0.194858918823081	769.314285714286	348.257142857143	10.8502497342009	0.865316025152002	0.292069857441691	0.83142338658331
76	28	4.49222643320071	0.996680019167614	2.71991896637994	6.38956419579963	0.044196909809558	10.0316205533597	0.6397717837668	14.9239794403912	0.338457671449999	18.6798418972332	351.389854948596	1.19483238221174	1.51581011011302	10.0316205533597	0.780699202987609	0.198005849938447	0.532273534904032	0.042296786389414	31.5652173913043	-0.00303348851178901	16.7348771266541	0.232319671203146	20.1304347826087	391.742803925256	1.14706014030803	1.47076157823813	31.5652173913043	0.953776361636571	0.0954591188664803	0.370244678729617	828.657894736842	351.236842105263	12.835345709736	0.802724995884443	1.53077728952801	1.21816857996339
47	38	4.54652489701548	2.15664867826987	0.773970587887013	8.8388543522556	0.237624461549326	3.83193277310924	0.0768916712030491	3.07555963561895	0.575284231339595	11.9831932773109	134.696362543628	0.571530086773722	0.772564178763269	3.83193277310924	0.434776843951709	0.00728052584532942	0.0750287893814777	0.282006920415225	4.23529411764706	-0.108695652173917	2.91003460207613	0.551557093425605	11.6470588235294	127.312258106456	0.515688116568002	0.675056937801874	4.23529411764706	0.446625911825545	0.066076135919937	0.212323798028018	453.914893617021	351.531914893617	16.8651878789994	0.925513510956821	0.847063112637687	0.409016218057397
36	20	3.07968963466865	0.930328841923375	1.49999999999998	4.88364617882992	0.0777285318559557	6.82105263157895	0.27158273381295	5.68210526315789	0.382527886304976	14.8	204.244650115691	0.931428274885753	1.19711468143835	6.82105263157895	0.726225935878178	0.0862447558087847	0.319813292829201	0.111111111111111	13.4444444444444	-0.381103360811667	5.86728395061728	0.225892408245349	14.5555555555556	197.217506790026	0.728306536607441	0.995888754975425	13.4444444444444	0.728306536607441	0.178606083022256	0.421216812024311	897.833333333333	350.333333333333	9.84708865018998	0.865269546673347	-1.17593275645582	1.13097335529233
98	47	5.63693077219764	2.20549648125876	1.82160466323436	10.2520962535313	0.0726427247305747	7.67637540453074	0.563832028307109	9.79979262889999	0.411083815881075	15.8446601941748	246.116101065524	1.05975891095832	1.35060906257302	7.67637540453074	0.744917886589735	0.137584235032366	0.425324251746019	0.0734244946492271	18.7068965517241	0.143174190386069	11.9163941736028	0.385985963624612	16.1551724137931	253.910201190332	1.02402833782699	1.2915901247117	18.7068965517241	0.854256245851556	0.093090824599365	0.344205653721647	203.857142857143	355.877551020408	19.1393152283412	0.88336434675267	1.26454430301028	0.557494033593119
69	27	4.28006765729088	1.17207107967749	1.83884319811944	5.9854647899486	0.0478013156864281	9.45132743362832	0.525145632787	10.9518169003054	0.329654621585907	17.3362831858407	293.171083750493	1.12470881495065	1.45095508648163	9.45132743362832	0.797373454159446	0.141274308442506	0.444896127432487	0.0446797520661157	30	-0.176661264181526	13.7479338842975	0.150890017346258	18.0909090909091	309.46651098089	1.10636389700708	1.40571693325831	30	0.951941194641674	0.0923460295374469	0.356709219866216	746.971014492754	352.144927536232	12.6397825246244	0.813068219135921	-1.47199246262439	1.18940956432206
143	56	6.29614421876737	2.46573903665622	0.316429377619097	10.1132931817282	0.0496915558404102	9.0548523206751	0.57530002772313	11.6602930442059	0.345592479471854	17.4261603375527	298.850967544116	1.13921318076589	1.46550273259917	9.0548523206751	0.784313403860235	0.154452766650551	0.466396446031424	0.0426880811496196	19.7252747252747	0.118409796825961	12.1873264098539	0.256652966818385	17.7472527472527	301.537868926421	1.11854750564478	1.43017398381475	19.7252747252747	0.928858138018682	0.0717827948470291	0.317821224227239	876.566433566434	354.573426573427	20.995150201999	0.822493960847235	-0.364395208352107	0.5730200886012
50	24	3.63863437806228	0.940001995568203	2.04166666666669	5.40077797893765	0.074293228139382	8.25641025641026	0.4455139526669	8.44510190664037	0.366073382815464	15.5897435897436	234.798668088448	0.985817038356911	1.26181159720449	8.25641025641026	0.728385548940371	0.125339704565028	0.394033611452769	0.136105860113422	6.56521739130435	-0.100269285601136	3.98345935727788	0.463958292347039	16.3913043478261	250.834635831741	0.72394924896099	0.933361419857673	6.56521739130435	0.669741476013254	0.115699452777916	0.329082369925566	334.06	353	10.612721004029	0.796185253224218	-1.40650527939418	1.09083078249646
281	107	9.18211061571415	2.73184431944027	2.10288681040479	13.9284447153913	0.0387884922503634	9.34389140271493	0.640090694006312	13.9808971970271	0.33936867397075	18.475113122172	340.41886989223	1.21709549247771	1.56622595633626	9.34389140271493	0.802133317858554	0.175085398450258	0.509486349235377	0.0283506036045279	25.859649122807	0.10267005268904	15.4092199309189	0.240887118566874	18.8654970760234	342.639124885724	1.23422105059473	1.66846221286187	25.859649122807	1.00278271400938	0.0495416425263317	0.28507069166569	10.7188612099644	361.064056939502	27.4894789052685	0.497692954214198	-0.827130512293682	0.308424328992482
64	27	4.1849382522862	1.30237028826737	1.83921615080522	6.44157024028256	0.0587528297043105	10.4734299516908	0.45924478193916	10.6840766412285	0.343773598505056	16.9468599033816	280.524724812544	1.06410673526494	1.37702773797938	10.4734299516908	0.76685977761268	0.158452181223771	0.459328520788401	0.0992063492063492	16.5952380952381	-0.0646058732612055	8.79407596371882	0.450579669015824	16.547619047619	261.421770108485	0.836454089257488	1.08014503812833	16.5952380952381	0.640897746992511	0.0759944131223955	0.285986342173416	110.890625	351.734375	13.2834098033612	0.88024526429826	-0.11786028335476	1.10322046545814
364	145	12.3491130318038	6.08791336461884	0.589120548117309	23.9118098275122	0.0583585198785396	8.71260504201681	0.542521219062418	10.5224143775157	0.362333661849233	16.5260504201681	267.093284379362	1.10800151924301	1.42062246233512	8.71260504201681	0.774126977383515	0.136060068859642	0.432787460957805	0.0521787083559462	21.0753138075314	0.0645305549479302	12.264565571331	0.322400945877123	16.7573221757322	268.791748665907	1.11095517926576	1.47616558813553	21.0753138075314	0.907323480978994	0.0502488307222044	0.270674430690711	273.538461538462	368.771978021978	53.8943094702064	0.948611464331467	1.12993444152647	0.217558092919227
319	135	10.4372237208283	4.47983428099666	0.640515910029849	19.7874605233803	0.0611979214635961	8.54318618042226	0.513406919129588	9.77857342847985	0.382341908874595	16.404990403071	262.167236063845	1.05584943263402	1.36233251363925	8.54318618042226	0.748714701979032	0.137805855553347	0.427320664023663	0.0480053055810632	15.6717171717172	0.0898264446220502	9.6091916641159	0.331986032676829	16.489898989899	255.471729397802	1.10462421454787	1.45326723904436	15.6717171717172	0.899843036916765	0.0224096644194254	0.179999398864748	300.329153605016	363.401253918495	36.5156114940068	0.764359329638341	-1.0404685507157	0.219954580300717
65	35	4.70961711184646	2.35621551598368	0.594532915619558	8.78370476437789	0.0974516220464325	6.96446700507614	0.281545552655223	5.84683965059651	0.397089645402575	14.253807106599	191.098737476135	0.88683864404829	1.1431516142311	6.96446700507614	0.662465164957394	0.0786517236183129	0.298906719771946	0.113321799307958	11.6470588235294	0.0196592398427264	6.94031141868512	0.430382205468711	14.0588235294118	188.623685305974	0.773135799573945	1.0387505016304	11.6470588235294	0.622342315053082	0.0582744436159551	0.245856360748273	532.6	359.307692307692	19.2815275384188	0.959071995883368	1.38284837813642	0.666787012190487
579	216	20.8896672968846	10.9009539947837	0.418642434949226	39.7030561656876	0.0467004125034082	9.0665978316985	0.687146345522577	15.4901581009865	0.362930806398874	18.1610738255034	336.233114986234	1.20999479158971	1.55001649314309	9.0665978316985	0.787327727746039	0.192640005157889	0.530451824005753	0.0334752630460197	23.9871134020619	0.272428201437226	17.4843617148475	0.284314119614826	18.8221649484536	350.388756463081	1.25974988087954	1.67368789584081	23.9871134020619	0.967961413413294	0.0576804278755323	0.307611570450944	565.6701208981	386.252158894646	94.8075411679357	0.977983552291509	-1.27371459000136	0.155948400756901
48	22	3.524116132697	0.906830204864636	2.0414101429896	5.25565417683147	0.0640888888888889	8.78666666666667	0.562647388051447	11.0452888888889	0.378926419632302	16.5466666666667	271.582537653325	1.0486652224663	1.35684251998725	8.78666666666667	0.772011450776102	0.18491672938126	0.491466498835223	0.0720486111111111	28.6666666666667	-0.170233876683202	13.2482638888889	0.289493032757139	18.4166666666667	323.530004870706	1.00392374713163	1.24223916036561	28.6666666666667	0.933562495144288	0.0543191421391035	0.258863599567501	760.791666666667	356.375	9.5294747781643	0.673834005017087	0.626440218080713	1.24625163117612
31	22	3.11681039320605	1.2969915912136	0.935966376453401	5.45757491629221	0.140731292517007	5.16666666666667	0.266862405984795	4.52366780045352	0.509039000215471	13.3095238095238	165.648052141136	0.790736024518898	1.02047661202075	5.16666666666667	0.645491997364073	0.060155403656292	0.24764804647127	0.259765625	9.125	-0.207859358841779	4.77734375	0.493269230769231	12.375	146.371298137414	0.526501228534745	0.695830601095734	9.125	0.526501228534745	0.0728839162323296	0.226432723792478	589.612903225806	357.645161290323	10.506380148695	0.900136501111865	1.44397262665302	0.804870845134575
73	27	4.39176089645062	0.91577098816005	2.33803171882769	6.29989004193458	0.0420447306348032	9.56016597510374	0.658736314457417	15.0070074551058	0.326690743239437	18.3236514522822	339.126636058227	1.21637895743636	1.55992766757184	9.56016597510374	0.792135238494489	0.192602168752044	0.531830802736541	0.0619437522249911	27.5094339622642	0.181540873175587	17.8056247775009	0.252866211154857	18.1509433962264	331.499773301038	1.06917802629761	1.37739106627942	27.5094339622642	0.922635633322907	0.116093114453056	0.395135828828554	599.452054794521	360.041095890411	11.4094616502443	0.639503700023357	-1.08451441624915	1.2583608434132
59	24	4.20185592463429	1.27023777728344	1.73855383708541	5.94608297770708	0.0633912403802626	7.81914893617021	0.404971062422489	7.57039384336804	0.393143586447717	15.8723404255319	239.946847397655	0.98998775667094	1.27600363114974	7.81914893617021	0.740313900319261	0.0918129614815149	0.339928099695775	0.0966796875	20.375	-0.0576903579032749	10.6318359375	0.365039134156781	16.6875	269.960677182758	0.819030211367021	1.08282509173262	20.375	0.658378296547199	0.0363228082062801	0.198159093625291	339.254237288136	360.372881355932	13.3197452635174	0.892785975667597	-0.832075876084492	1.28718032334582
136	52	6.49349729075342	1.96910953053964	2.43282532321052	9.99208266460655	0.0471103813969177	8.80623608017818	0.740961236093423	17.9979117167078	0.377326680599313	18.4988864142539	358.34647744146	1.2026132129308	1.48418770980113	8.80623608017818	0.784766782861061	0.213664184223187	0.546681287102038	0.0419377162629757	23.4470588235294	0.361397345014314	19.3580968858132	0.272280062699974	19.7764705882353	398.034048018707	1.12040671347907	1.4615612361359	23.4470588235294	0.889932583289598	0.124233706259598	0.419539555047928	616.551470588235	363.213235294118	16.7605640506538	0.534090969857454	1.1838911442566	0.632036391846467
60	25	3.98635919733877	1.18530179692456	1.86118241986109	5.78134932347115	0.0558941179628983	8.93264248704663	0.453061868583093	9.16604472603291	0.349288697414269	16.5181347150259	262.818768039196	1.05568886638633	1.3574126375127	8.93264248704663	0.772261137292563	0.113787169685681	0.388672084919178	0.0436851211072665	23.0882352941176	-0.22153825030321	10.4504757785467	0.215238000908522	17.1470588235294	273.684588738951	1.05448535254965	1.41080847139436	23.0882352941176	0.924732375527162	0.0923222508740184	0.357266590239091	246.916666666667	362.166666666667	12.4767954899326	0.856866635110791	-1.35623553951622	1.20637157897848
50	21	3.56809397456188	0.516176147258893	2.73467695530689	4.63448573737006	0.055	8.6	0.562575748544635	10.8302734375	0.352902653785007	16.9375	281.754684352533	1.09346040769486	1.39115458582049	8.6	0.764400895787722	0.150870373563436	0.450650574556692	0.04541015625	23.03125	-0.0619835641112237	11.843505859375	0.228701688182499	16.96875	273.45022017716	1.05939907861857	1.3991811875235	23.03125	0.918324546806851	0.0949803375507514	0.36086681240354	135.76	362.56	9.09467664215737	0.614226028241938	1.31676898709098	1.4247585730566
78	37	4.84186786328775	1.78165229916876	1.47167063676346	8.11261136205603	0.0789920866305706	7.42857142857143	0.399711904793955	7.18750520616409	0.391602029585223	15.265306122449	221.635325226341	0.971465636762289	1.23626780752615	7.42857142857143	0.70278703297367	0.110264341151257	0.366532630277411	0.0694970254191455	18.0232558139535	-0.0890344929004449	9.27487831260141	0.296245282428593	15.6046511627907	230.290780745036	0.934459503900066	1.24375158934805	18.0232558139535	0.793634326287291	0.070235417148866	0.294206460849989	48.1282051282051	366.641025641026	16.5890412129094	0.908168747758873	1.45165110741586	0.715980210314109
97	36	5.46595392187745	1.91301154100317	2.45907866918379	8.6533462449256	0.0451034054405528	9.00934579439252	0.554385809959757	11.1089081045409	0.345438710584395	17.4641744548287	297.720809919154	1.1456413315549	1.48073994874021	9.00934579439252	0.797186392560652	0.14299388869488	0.451562154041794	0.0436622855869905	18.2537313432836	0.0762058838450757	10.8797616395634	0.249687126469456	17.3283582089552	284.295486476325	1.11015327556772	1.4805918738644	18.2537313432836	0.923778868053904	0.0479191957441928	0.264785432677767	830.515463917526	365.484536082474	17.9874854764881	0.914540892038187	0.843434544187049	0.9405385413525
81	34	4.73738543446356	1.30678930071929	2.80169251861404	6.80588489501202	0.0588269311396724	8.73764258555133	0.582612334874779	11.4670589425899	0.373677629593532	17.1178707224335	289.897544497242	1.09392141795693	1.38787526053514	8.73764258555133	0.752332957806726	0.15801776845791	0.460319527211498	0.063957475994513	27.8333333333333	-0.0423893708700705	14.3507373113855	0.270497860182222	17.7962962962963	308.946126714581	0.962505552605428	1.26674871636977	27.8333333333333	0.800753306558081	0.0329200129565192	0.203747385740671	892.061728395062	364	12.744287414964	0.609826107411444	1.38680358935415	0.880515588030357
56	35	3.9833594139808	1.44638565138067	0.642063001549866	7.25736782553437	0.1473046875	4.6875	0.273598953982494	4.2265234375	0.522154977375566	13.1375	161.196234363403	0.769086980804569	0.97935457481099	4.6875	0.577699930978326	0.0464466564039307	0.213310875044206	0.15363511659808	4.88888888888889	0.0192625206384152	3.49245541838134	0.440522875816994	12.7407407407407	151.700915863351	0.632066862949082	0.876237137118469	4.88888888888889	0.447500942432213	0.0228769275780879	0.141680452309984	431.571428571429	364.75	12.6850588836815	0.744496457419879	0.409448520273347	0.574462656656419
78	34	5.04859495667536	2.02930784937011	1.83417197972574	8.78900106908559	0.0661497436548626	9.16334661354582	0.45058396272384	9.3391692195362	0.362157484772905	16.4701195219123	262.713465950585	1.02602240728677	1.31679549158787	9.16334661354582	0.740302246464484	0.126504027541413	0.403625484341192	0.0561224489795919	18.4047619047619	-0.189688341669871	8.73511904761905	0.295602061929178	17.5	284.529844392103	1.00775545577895	1.37213607112897	18.4047619047619	0.874543828519651	0.0422524050309358	0.239807174251635	776.871794871795	368.064102564103	17.8066746927419	0.947636484595131	-1.28936095501696	0.847903899584788
102	49	5.38675861096625	2.36891035926956	1.09901322594582	10.0287176154072	0.0855872904960162	7.67601246105919	0.411433435924303	7.52093826729166	0.423512115320801	15.2959501557632	224.127699903313	0.953009059349101	1.19976867027328	7.67601246105919	0.678969266402589	0.0905498888059744	0.327956333358381	0.084716796875	17.328125	0.0185229999101161	9.82757568359375	0.37980420897252	14.953125	215.678086574503	0.892687281346731	1.18901080128723	17.328125	0.739090740192021	0.0498772681864912	0.242917119562069	856.382352941176	365.509803921569	19.5073280775297	0.877096647981262	0.287277076092029	0.533848314312635
166	68	7.29944385835811	2.7454974115593	0.458012103011674	11.2969703811415	0.0547246217555427	8.81767955801105	0.549458494264697	10.7856462121289	0.360560040053053	16.7550644567219	275.258240078377	1.1047183011932	1.42918244681325	8.81767955801105	0.77073861544473	0.142547274847673	0.443810754773472	0.052852655416758	17.7008547008547	0.0604923839268582	10.4202827087442	0.281584347307974	16.3846153846154	254.538056045901	1.06933608870379	1.4245550701889	17.7008547008547	0.886388278054598	0.0523831263703895	0.271601225679934	323.831325301205	369.05421686747	24.792777622493	0.783099275751208	-0.324705427579582	0.451128356830368
158	54	7.32748076136312	3.34376982026583	1.05295325746882	12.4259811225798	0.0393571490959909	9.54018691588785	0.624007226181691	13.6866625906193	0.325304918400026	18.5233644859813	340.527153819037	1.22247750373534	1.55642986957648	9.54018691588785	0.806041070666367	0.166626255874646	0.49640124881649	0.0392419446473501	26.7747747747748	0.0841675689181305	15.6177258339421	0.209127009473164	18.9189189189189	345.777201762041	1.1965863071816	1.54590755495968	26.7747747747748	0.983825778129955	0.0587688358406432	0.298922270383145	646.139240506329	373.848101265823	28.2704695162926	0.950433326736194	1.4418206984971	0.680893881024948
38	17	3.102163023514	0.375886229989078	2.49705709138721	3.71008165440503	0.0667552427463373	7.88135593220339	0.46526200894641	8.36936225222637	0.381066986151732	15.8813559322034	243.152970443634	0.996569156205157	1.27079510900782	7.88135593220339	0.746318605674453	0.10921603216724	0.369513652365323	0.05	18.1	-0.215172876804294	8.4475	0.212793200440259	16.9	264.5	1	1.31977080615523	18.1	0.874101308973638	0.0931545433672456	0.347823181198173	629.105263157895	365.657894736842	7.91109755820616	0.630821581775383	0.844485362820567	1.65232554790882
222	79	9.26211232838134	4.41819392174881	2.27739073774006	16.9935707042753	0.0426550041800282	9.8958611481976	0.627491453206514	14.282730333814	0.342592471344533	18.4459279038718	341.37066774993	1.17932408138051	1.52914244735299	9.8958611481976	0.789741326761936	0.202747518248081	0.540169073604176	0.0287555555555555	23.78	0.105335630817388	14.2899	0.297759945144269	18.98	345.08200968214	1.21198351863271	1.63633686256213	23.78	0.986847742278509	0.0661210039551592	0.32536496925708	122.77027027027	379.594594594595	36.5829167921217	0.959777398205971	-1.39392858606442	0.447001165900935
123	52	6.33037764641001	2.92464318998809	1.51520889258399	10.9959648327716	0.055971875	8.51	0.622770311003935	12.2796	0.365434633728751	16.96	286.99577991435	1.13636641240862	1.44903722271717	8.51	0.772678312842779	0.16847786473842	0.483747069236645	0.0490625	23.125	0.108175858079444	13.965	0.282732370106867	17.3	291.075602384	1.10306811818979	1.40409811385378	23.125	0.953793962808767	0.104659095529185	0.379000659282357	163.227642276423	374.154471544715	24.9567142735876	0.934842692703576	-1.30534222570508	0.571621148508202
37	22	3.09512679110736	1.03987844085875	0.582102203403025	4.88715638389656	0.122775008899964	5.11320754716981	0.20547642096529	4.21778212887149	0.479390420899855	13.3018867924528	164.321246563652	0.789360045415048	1.03898987151915	5.11320754716981	0.623502444007908	0.0276785668092055	0.169529449086033	0.198412698412698	8.71428571428571	-0.104786545924967	4.94387755102041	0.462378797672915	12.7142857142857	152.164202449011	0.668415967388421	0.854767869466124	8.71428571428571	0.668415967388421	0.0789419056823958	0.260459388655635	514.621621621622	366.432432432432	8.78904116235654	0.586679939749632	-0.570483723837764	0.96065229903159
158	75	7.8974887319049	3.55445019291022	0.669991708074759	15.028269657179	0.0762694296305931	7.22177419354839	0.455176715406226	7.62762991024974	0.412888974582523	15.116935483871	219.150621364735	0.979684127356005	1.2651401561118	7.22177419354839	0.708443092530249	0.106329199363281	0.363927929866485	0.118458526165895	19.5377358490566	0.0249767376787427	11.0191126735493	0.417629978713599	14.7641509433962	211.549010576564	0.943503500840448	1.18969866931271	19.5377358490566	0.850117959484744	0.0631972799696431	0.273315947972287	746.151898734177	369.632911392405	30.4365696210227	0.915003589413441	-0.0219667321803014	0.352975387923333
37	17	3.00517023319699	0.322335177094526	2.48176742467403	3.61130481839311	0.0653308128544424	8.05217391304348	0.484903597790439	8.81618147448015	0.386626752662558	15.9304347826087	245.520665503984	1.02043432925168	1.31595073257481	8.05217391304348	0.746627238233255	0.137664477259385	0.420470987016772	0.0661625708884688	25.3913043478261	-0.196934592764213	11.6068052930057	0.220897203974991	16.0869565217391	246.522787367375	0.93813245704095	1.24714158615607	25.3913043478261	0.866019085490426	0.0823016234619812	0.318616406441175	258.378378378378	367.243243243243	7.11974290327648	0.356895860830902	-0.721873565670597	1.60884329664806
55	26	3.85849128426891	1.02681678089546	2.17060785531113	5.89164989298742	0.0716117779829691	8	0.482065997130556	8.72299168975069	0.373884386887483	15.6140350877193	235.902301670981	1.01916150443746	1.31134973730621	8	0.725037824538183	0.127456037005063	0.404338037310049	0.134285714285714	26.2	-0.0573391095224773	13.3895918367347	0.33422735394041	15.6857142857143	244.329306103315	0.820623005928079	1.03564443140235	26.2	0.820623005928079	0.0948565028692696	0.313032329254774	105.872727272727	368.890909090909	10.9478520314202	0.738257672576733	-0.891368966081982	1.02241181033987
73	27	4.45347559946999	0.927715793679134	3.21604345868037	6.30772383451951	0.0444122677776084	9.90123456790124	0.633416139877431	14.5047333570425	0.331930724087587	18.6831275720165	350.237719223731	1.18684167004679	1.52495878045561	9.90123456790124	0.78474237486366	0.192243547890795	0.526303447591933	0.0365244136870434	29.9803921568627	0.06131391254627	16.9693387158785	0.250672506870751	19.156862745098	356.780042894496	1.1879150800887	1.58483264721905	29.9803921568627	1.0091819144978	0.107893104408657	0.406632687631265	178.452054794521	370.178082191781	12.5340436357675	0.801787551252366	-1.14650232707462	1.2583608434132
201	74	9.61196583943526	4.31608118799046	0.835327538406786	17.2625336898648	0.045360151563274	8.97168405365127	0.581463810486124	11.7179310635859	0.347420147420147	17.5350223546945	302.285014910785	1.15256299383866	1.49153818405571	8.97168405365127	0.791369535911014	0.149597342152683	0.462916188810625	0.0389837422061652	22.9236641221374	0.0404592413541613	12.9451226618495	0.256093025517211	18.1450381679389	314.289000002535	1.13233193179665	1.50301421138423	22.9236641221374	0.914813034087075	0.0383672617694624	0.238954847227942	198.208955223881	379.497512437811	35.9604914103361	0.933849210925051	1.44728143417732	0.461256481644666
88	42	4.66793806244797	1.88261904587914	0.912560376035113	7.91769595886656	0.0745719008264463	7.46181818181818	0.466235594130956	7.98980495867769	0.391513135513136	15.3527272727273	226.236979483876	1.00910228352096	1.2880051103321	7.46181818181818	0.728725208822663	0.111900849748907	0.376281533121048	0.0708210059171598	20.6153846153846	-0.0332147093712945	10.9763313609467	0.292765256321155	15.6923076923077	236.703914660414	0.947343337246946	1.23852536991751	20.6153846153846	0.81962481941679	0.0440081149065548	0.232823837162496	220.431818181818	371.590909090909	14.0971678757633	0.626614460345231	-0.264933021009956	0.626893772144902
32	19	2.83572140277415	0.919299036574279	1.28058158532598	4.27451379036778	0.130361891548156	6.83870967741935	0.0555360393446848	4.62041854549659	0.452284338052839	13.7634408602151	176.407137500734	0.772514296025454	0.983803401462685	6.83870967741935	0.598856757101576	0.0093654679601995	0.0959917319514129	0.268595041322314	10.1818181818182	-0.272727272727273	5	0.401069518716578	14	190.93767427241	0.39413757036225	0.585702113057511	10.1818181818182	0.28467211739353	0.0543396953993597	0.179405643206826	879.28125	371	9.53378843653515	0.893426421414242	-1.4596164558975	1.11391650875206
993	340	23.5062804505668	10.8254859549726	4.17543069075358	45.7336160085554	0.0382097317650818	9.61053566143829	0.71027546278304	17.5856433040766	0.347580680086991	19.1571470849364	377.126253371617	1.25758798933993	1.6153678325092	9.61053566143829	0.802587891857725	0.206648966733053	0.557528962279672	0.0239349645693116	26.6141384388807	0.272405345743146	19.2891245030269	0.258231672592992	20.1369661266568	400.533590056316	1.32231145315594	1.79813602835086	26.6141384388807	1.00661869955849	0.0609617976450789	0.326965449025035	475.155085599194	403.460221550856	92.4587836688345	0.875983659715626	-1.25300947857803	0.107944688754833
36	23	3.31844633019423	1.48884096295666	0.580072350614224	5.53541613232777	0.166819712274258	4.1010101010101	0.249888026276501	3.73359861238649	0.502710361533891	12.7070707070707	150.555142147775	0.718669737832176	0.94047246043244	4.1010101010101	0.572501111226769	0.0461942318450519	0.208559835182283	0.168639053254438	9	-0.266972094960432	4.55177514792899	0.270414201183432	13.1538461538462	164.011935853819	0.552067102374777	0.806784791013531	9	0.552067102374777	0.189890629123511	0.394615250688615	724.777777777778	371.75	12.8360612260751	0.938419864647585	-0.758625891464025	0.85517834048569
32	21	2.93559778909833	1.23954049227077	0.681801003013128	4.82928519191531	0.15597778058326	4.80898876404494	0.249714398266692	4.20477212473173	0.493029640551121	13.0337078651685	159.011557148533	0.745442836546672	0.95003117028212	4.80898876404494	0.582363878287587	0.0638583517681581	0.246465204032378	0.247933884297521	10.5454545454545	-0.408388520971299	4.74380165289256	0.328342245989305	13.4545454545455	173.577338373701	0.448870296846611	0.667801202784051	10.5454545454545	0.373479044771063	0.162384731586685	0.333653508069209	794.0625	372.5625	10.7093205704587	0.90292856965405	-0.699417283992878	0.911845486756221
49	22	3.53711934979255	0.867899484525976	2.00206504959502	5.00990753943815	0.0619771071800208	9.40645161290323	0.4463309225613	9.49465140478668	0.340553637859141	16.2451612903226	255.788429307137	1.03936386628417	1.33286161725648	9.40645161290323	0.772010171201835	0.133782426837463	0.417069310577182	0.118626430801249	10.5161290322581	-0.0291242362525477	6.10926118626431	0.458035323310466	15.4193548387097	225.231386826838	0.745893382255758	0.940106282684133	10.5161290322581	0.581450092360842	0.00672044965069521	0.0794933181154376	848.040816326531	372.959183673469	10.2500776866592	0.787776431440972	1.47464412519891	1.27221520682562
124	62	6.12859768544184	2.29426491325717	0.740004499803513	9.54104174749651	0.0719281054524954	7.76683937823834	0.522641003535147	9.13521839512469	0.398760646093776	15.6217616580311	237.126053786929	1.04945849124691	1.34252295784307	7.76683937823834	0.745942677716989	0.12490281484317	0.404688198431858	0.0615416929216551	20.2898550724638	0.0712967235809885	11.9237555135476	0.318877586685293	16.4347826086957	261.964797602114	0.989406905256519	1.33554396449661	20.2898550724638	0.835570517782393	0.0730326177495249	0.310289166377699	34.0403225806452	379.241935483871	18.2080767952367	0.590933769403188	0.895477949905824	0.405366794011586
54	23	3.73918035607186	0.911802997971788	1.93710168782135	5.07039295203941	0.057268869658191	8.65895953757225	0.489019460930258	9.47288582979719	0.369363949778775	16.5086705202312	264.322347348702	1.04614279779575	1.35687060244868	8.65895953757225	0.773456456222899	0.139213471542478	0.428653177581055	0.0692520775623268	27.1842105263158	-0.127680661888278	13.0531509695291	0.225461521035787	16.6052631578947	266.67380184876	0.932184057189611	1.22013125395496	27.1842105263158	0.855395040964142	0.0686191289906949	0.288178580824822	94.8703703703704	374.351851851852	10.605819908768	0.759272629686417	1.34139436061517	1.28276751072854
55	31	4.15482904871963	1.90312660989574	0.685815858886108	7.00364109257393	0.123636363636364	6.26666666666667	0.122638307500851	4.57131313131313	0.460858357328946	13.8666666666667	179.190769495561	0.783387886598766	1.00299792707584	6.26666666666667	0.595224926974577	0.0300091993082372	0.173480558672717	0.186409550045914	9.75757575757576	-0.236156351791534	4.94674012855831	0.440586864116276	12.969696969697	157.638572318476	0.656728701979463	0.839171123593997	9.75757575757576	0.583277670103086	0.106307323922076	0.299859505952571	147.545454545455	376.363636363636	16.3461416385601	0.950960093048258	-1.29461749547669	0.719199150665717
106	39	5.55903698076445	2.15700333844173	1.28435690116596	9.21026925931373	0.0436565577125248	10.0453257790368	0.545472107134166	12.0502852923946	0.330285215804296	17.8810198300283	314.003230778094	1.15237925801674	1.50050723144235	10.0453257790368	0.801863128936489	0.15669759085172	0.474522519247909	0.0743408203125	18.25	0.0322112894873123	10.4287109375	0.363598171896705	18.3125	318.323916522967	1.02495903047612	1.32192530683812	18.25	0.886639002899953	0.0881394894142277	0.338747806783559	685.443396226415	379	19.0948335559651	0.914228525663157	1.4011368006634	0.875762843604255
143	58	7.50958666610865	3.27767407519485	1.67667427458877	13.2996316543094	0.0556051406187315	8.42887473460722	0.588313544589404	11.2370075865147	0.373250017461333	17.031847133758	285.481176998464	1.12706730544808	1.42751834131803	8.42887473460722	0.767688256386883	0.156267001398136	0.463604102927444	0.0643793005938354	22.1941747572816	0.105959812275028	13.4122914506551	0.284879684048117	16.7766990291262	273.87720290369	1.07885803558984	1.38325605723916	22.1941747572816	0.889959941268241	0.0627973298673434	0.292876927015841	806.293706293706	383.125874125874	27.1617054330638	0.939178745798556	-1.53374633619901	0.534182817435601
34	17	2.95657214444701	0.705291060442083	1.73105164347794	4.07965667868228	0.0794608351399755	6.97087378640777	0.296225804609734	5.95249316617966	0.387626672492463	14.6796116504854	201.899104139257	0.929702368568485	1.20820864198721	6.97087378640777	0.736794233335767	0.0721867096242821	0.294125156263896	0.087890625	7.375	-0.134615384615385	4.25	0.320984162895928	14.5	193.330700106678	0.799427015388065	1.09584537266699	7.375	0.695764043784187	0.0537988876125033	0.242458663593	869.647058823529	374.411764705882	8.84762048422059	0.837556161190877	-1.03796817672001	1.47839654286579
274	92	10.3645840651217	4.59428069619588	1.22498601512018	19.5503959561332	0.0370416435491932	9.76231263383298	0.712192280510509	17.9597824741275	0.338811813256958	19.3276231263383	384.249721616999	1.26736553254079	1.62214151301874	9.76231263383298	0.813454344475505	0.204199346999832	0.555435996063349	0.0262913168243171	28.8917525773196	0.280383761796088	21.0744167818047	0.235946634188154	20.0360824742268	402.1597531975	1.30765919175049	1.73357994915102	28.8917525773196	1.03655849906563	0.0757381447131233	0.357161014273866	234.255474452555	391.56204379562	39.0574646247679	0.923011939566938	-1.28107314725418	0.406803585578262
179	51	7.13135690893378	1.70045227783833	3.4862833322194	9.96745955115362	0.0262740898257725	10.9455128205128	0.771325185231687	24.9324842825444	0.307943959448484	22.0288461538462	511.666540682436	1.3677204252521	1.75477974563351	10.9455128205128	0.836934110271403	0.247567935700447	0.625232805618297	0.0267764060356653	33.6518518518518	0.382924980166325	28.2672290809328	0.234806225936965	22.7185185185185	532.122068675338	1.34786096655117	1.71356979408767	33.6518518518518	1.01855807942769	0.153122069904398	0.497331128442283	420.469273743017	379.603351955307	19.2598410756537	0.724185448810546	0.287783857375336	0.864813663963972
32	18	2.94817347450074	0.955620968718852	1.13311544746504	4.47903208238806	0.103017689906348	6.38709677419355	0.0496490503715952	4.36038848421783	0.415822507663115	13.6129032258065	170.86214472051	0.814165492817622	1.07867969801966	6.38709677419355	0.649199476773219	0.0164423357647927	0.13313181695425	0.193771626297578	4.47058823529412	-0.0336000000000013	3.16262975778547	0.504498269896194	12.2352941176471	140.185503037396	0.57315142251817	0.807691196505974	4.47058823529412	0.450287961121887	0.0337805139789364	0.165443050283885	547.84375	375.71875	9.79554397456507	0.893258135158536	-0.753539507313104	1.24112302364041
42	21	3.37528499387399	0.925680461447159	2.00904981997419	5.11655531798451	0.0789015083228171	7.76744186046512	0.387826432894776	7.34414999098612	0.389874036932861	15.1627906976744	219.291584985497	0.961296871952511	1.22272662047341	7.76744186046512	0.70406835994819	0.0859629687437727	0.322511139564582	0.0761772853185596	7.31578947368421	-0.136158313615836	4.21952908587258	0.365968087639914	15.7368421052632	227.035789137453	0.854857618386167	1.14392741502367	7.31578947368421	0.754020048428311	0.0469753550091614	0.23139188108405	631.904761904762	377.214285714286	10.2763705382749	0.853061260824902	-0.668977641464201	1.19679720136754
62	25	4.10631803433478	1.05021531168467	1.73066461222275	5.58168433360393	0.053488775030321	8.95522388059701	0.48238121807803	9.65040469295314	0.349283666052762	16.7761194029851	271.881129854018	1.08425096857606	1.38690283934336	8.95522388059701	0.777735557924728	0.129014054939346	0.417239576867035	0.0449233016800584	22.5675675675676	-0.139595359731468	10.9015704894083	0.203131992464423	17.6486486486487	292.320556196	1.05702902288776	1.41781736141236	22.5675675675676	0.866567267061284	0.0761971545809661	0.325937380580325	710.451612903226	379.225806451613	12.012759968976	0.815827773206303	-0.971691994832274	1.24658396494443
41	21	3.25938478574417	0.769305088760757	1.68291400448307	4.73827470346887	0.0849050468262227	7.41935483870968	0.435560481317289	7.57232049947971	0.411796265686209	15.0322580645161	216.769012666906	0.964597082401986	1.22508716584981	7.41935483870968	0.715197368144391	0.104138557324818	0.354856102966899	0.120867768595041	10.1363636363636	-0.0606420927467314	5.77840909090909	0.414911559029206	14.5	196.524666994344	0.805205577772582	1.03781966533111	10.1363636363636	0.684838303230638	0.107094807356659	0.332866674967828	765.463414634146	379.073170731707	8.74045240070524	0.633448091190643	-0.891768909764779	1.16830202990641
75	28	4.4663678970756	0.925421388745691	3.07329677402369	6.20617286519257	0.0443710978147763	9.68548387096774	0.6534394489435	14.9737252861602	0.338128681155247	18.4838709677419	345.378963221911	1.18735264906757	1.52009735358725	9.68548387096774	0.7808078240952	0.20931639975953	0.546890145764595	0.0432098765432098	26.6	0.0978973547366038	15.7433333333333	0.222090312022433	20.0666666666667	388.514849845491	1.19495459509888	1.46922636892606	26.6	0.967075346172474	0.0923664949133221	0.364170351784601	890.413333333333	378.693333333333	11.9760767670343	0.703240102180794	-0.694305705416143	1.2021400460165
77	33	4.91103584753425	2.01900988533722	0.664597339377625	7.93453471469242	0.052662500667628	8.25316455696202	0.522182344416433	9.63631184461179	0.35169934812526	16.4894514767933	263.334052209713	1.09328411643284	1.40557525452438	8.25316455696202	0.773986588981177	0.127198003318617	0.416904045875463	0.0595463137996219	20.4130434782609	-0.0128618494331148	11.0769139886578	0.249237948423839	16.5869565217391	262.477278982986	1.01189098394393	1.35522481289559	20.4130434782609	0.858172707027384	0.126375077153856	0.408755031040028	5.85714285714286	381.909090909091	17.3782002468082	0.932196141869669	-1.10475279996888	0.88853125556075
91	37	5.48835316126136	1.70569322137333	2.84195325787417	8.95459694391933	0.0524549649128774	8.9023569023569	0.611119474828952	12.4461336144838	0.383559783559784	17.5286195286195	305.484496557935	1.13952806501615	1.44576220750641	8.9023569023569	0.776299666046854	0.168764634704984	0.483661503249053	0.0527840765936004	20.4285714285714	0.124286493463011	12.6639581758629	0.299646400063174	17.3492063492063	289.882600396103	1.11173920924813	1.42359033736463	20.4285714285714	0.934360894932155	0.060816580673611	0.292271402648934	51.6043956043956	382.043956043956	16.7314989025681	0.884906916702486	-1.1021563935913	0.835310245366461
351	150	13.3003367742898	5.95278623105999	1.28790958964948	24.2490971195035	0.0602427407871856	7.81546572934974	0.513451483218997	9.03153792458017	0.379947033053618	16.0861159929701	249.689246982416	1.07350259578159	1.37188484859953	7.81546572934974	0.757366671432575	0.116002627663084	0.394260461471997	0.0459855109739369	16.3657407407407	0.061789831633078	9.72178819444444	0.275438709284079	16.375	252.620097992094	1.07471614789265	1.42666213968442	16.3657407407407	0.873273187460852	0.0273992613966824	0.197122669643141	590.504273504274	397.564102564103	50.6866943465578	0.887622796577473	1.28932004338493	0.196035381584003
61	22	3.99837413985457	0.350011956900927	3.50707667108373	4.58550537063607	0.0402043917263013	10.2376237623762	0.660692819036601	16.0860699931379	0.320316463589615	18.8514851485149	361.409076814227	1.20772079381857	1.55765039941472	10.2376237623762	0.804161887501981	0.205539512563103	0.547821648796208	0.0697887970615243	32.4848484848485	-0.0654779832540209	16.2442607897153	0.264515076637287	20.8484848484849	424.242932451271	0.955000041210426	1.21730560666784	32.4848484848485	0.837355722282764	0.0579885042563709	0.264797965339663	735.672131147541	382.27868852459	9.4458337684232	0.486847933692268	-0.890476199964896	1.58377811461965
36	17	2.97971859653638	0.512977190103008	1.94918135597421	3.72265113701096	0.0713416118821524	7.89189189189189	0.403086594065	7.6105835565295	0.368044184578366	15.4234234234234	227.170403931369	0.979741012170311	1.25014345970003	7.89189189189189	0.7151583211626	0.0972886721260771	0.346423238845741	0.0822306238185256	21.1739130434783	-0.203308803781489	9.79820415879017	0.251204598263422	15.2608695652174	219.589301907764	0.923143165397875	1.17182011833768	21.1739130434783	0.854493765724795	0.083933274979469	0.312360485000237	877.861111111111	381	8.11145542408901	0.715440161079785	-0.676958321703464	1.5653610453873
95	46	5.62677312874002	2.71227531607751	1.07559277190025	10.2035984608419	0.0782059366695194	7.28859060402685	0.403459488155015	7.10904914193054	0.407737039478058	15.006711409396	214.156566313982	0.97072336614491	1.24403570749092	7.28859060402685	0.705494934039004	0.0974875410493417	0.345976781213044	0.0765289256198347	17.9090909090909	-0.0574755272737902	9.46785123966942	0.314477277811567	15.0363636363636	213.817051866711	0.970278970859722	1.2535475810482	17.9090909090909	0.850833114562666	0.0758910035207764	0.306844157950604	67.7473684210526	389.031578947368	23.3583772296539	0.950422148019011	1.1470817250027	0.564180155181532
40	23	3.14399134025777	0.963417300409425	1.40347933839728	4.48816970454401	0.116676575505351	5.36206896551724	0.247774140411601	4.56413495838288	0.425284755812139	13.6034482758621	172.341764385353	0.818797576005687	1.04645913755416	5.36206896551724	0.638168173978249	0.0798592656261381	0.288728732561456	0.155709342560554	7.05882352941177	-0.148648648648647	4.07266435986159	0.385467128027682	13.0588235294118	159.531803074256	0.637069661128067	0.84956142277323	7.05882352941177	0.475586272773343	0.0491577511378453	0.204722386987489	436.3	385.4	8.81817850269686	0.549977341299008	-0.32515186247142	0.950198156095212
185	74	7.45078231492222	3.39749928704974	1.3293478906829	13.2311928075952	0.0524843231428181	9.07692307692308	0.555560947561373	11.2116623495598	0.344730849592696	17.0965630114566	286.628798139423	1.1322568311647	1.44788716254492	9.07692307692308	0.774016212869976	0.150954652495599	0.458848699368927	0.0524301426872771	20.25	0.093398723363903	12.1680848692033	0.32797838046616	17.5086206896552	294.667464101457	1.06948675186382	1.39389051628573	20.25	0.896429404171234	0.0589400929438588	0.284897911613922	613.902702702703	392.87027027027	27.3950644142242	0.816278643394771	0.979128464709385	0.424539547782404
38	20	3.10570668427289	1.15956284489573	0.781024967590683	4.77598157450383	0.102553058187799	5.43362831858407	0.118981105241772	4.08371838045266	0.454458815520762	13.646017699115	171.826003574495	0.803714230840017	1.06658484723234	5.43362831858407	0.606958785378673	0.0280368162095704	0.172839524540377	0.152249134948097	4.23529411764706	-0.116788321167883	2.8961937716263	0.418685121107266	13.0588235294118	159.638201593649	0.557274800362577	0.855732812960279	4.23529411764706	0.401218920613094	0.0378725793925462	0.180262812618787	753.605263157895	383.657894736842	10.5123257598353	0.86699714494085	-0.165894934756358	1.19380520836412
72	35	4.57143520451109	1.50099985980011	1.4708043058553	7.29131437438561	0.0802333777116454	8.89380530973451	0.479072775686852	9.5365142141123	0.398239936969765	15.8849557522124	247.690756467262	0.970583324230473	1.25478133774187	8.89380530973451	0.722313783914011	0.153617882250978	0.434094097788617	0.0723140495867769	27.6590909090909	-0.0759632290149202	13.8531766528926	0.291307481343349	16.2954545454545	256.989117917213	1.02340483970994	1.29439779198884	27.6590909090909	0.896792735793825	0.0371484482628432	0.218664184262215	100.138888888889	387.444444444444	14.0296628735304	0.80437667165651	-0.652233879045661	0.738594844272539
142	57	7.44586558149617	3.76798935652969	1.12854891481231	13.4154901900411	0.0540651010701546	8.47413793103448	0.530004085693427	10.0151187202735	0.356081081081081	16.5646551724138	266.59794581842	1.10465488559747	1.4054205798064	8.47413793103448	0.758623443990085	0.123802351543177	0.41144967339324	0.0490056818181818	20.3977272727273	-0.0354536009151024	10.8496577995868	0.265593224304878	17.1022727272727	275.145614360166	1.09775116508455	1.42528546039013	20.3977272727273	0.937597793530123	0.0477729318365072	0.259574507242339	172.06338028169	389.232394366197	31.852493686577	0.970504178376629	-0.471526137151862	0.549222723065252
98	39	5.55498789374017	1.93401140086887	1.8856180831641	9.19540948275582	0.0494414844576431	9.1214953271028	0.577174414744156	11.7863568870644	0.363358588427307	17.4579439252336	300.388066994218	1.13727804503551	1.4683279793431	9.1214953271028	0.786747834910544	0.160555812226217	0.475510547915121	0.0356512975560595	19.6031746031746	0.00843034925732588	10.8849206349206	0.256096053484863	17.6666666666667	293.5972462531	1.12397225745412	1.49035594164489	19.6031746031746	0.946272144788253	0.0392450178473243	0.240655245547457	292.15306122449	388.775510204082	18.0067100208152	0.900433685849659	-0.484472512884349	0.809667534652991
35	18	2.95792838923491	0.743726280267557	1.77256179261599	4.05897876835729	0.0850836596653613	7	0.282529373129972	5.87824848700605	0.391332107314349	14.6415094339623	200.673096331462	0.924363142424886	1.18153973188041	7	0.717940406201643	0.0705941341393038	0.2878007070903	0.113573407202216	19.5789473684211	-0.187101108498488	9.24653739612188	0.318586793509394	14.5263157894737	203.913472049132	0.723914917412848	1.00751899214535	19.5789473684211	0.666724914446098	0.130758610607449	0.362593111686339	317.114285714286	385.342857142857	8.93546773251964	0.82848947145037	-1.14149497506794	1.3574783071067
37	18	2.9960869516841	0.554448911291406	2.06678613752649	3.83615033369601	0.0768096301020408	7.07142857142857	0.402642531011357	6.91892538265306	0.394591100473453	15.0535714285714	215.213755234034	0.960683780014449	1.23546290825986	7.07142857142857	0.745417217689681	0.0866090290575439	0.325296402788737	0.186200378071834	13.0869565217391	-0.156049094097021	6.66020793950851	0.392307692307692	14.4782608695652	202.239552462727	0.597134214050833	0.793458124266473	13.0869565217391	0.497199165785769	0.02307640635067	0.135474653346422	337.756756756757	385.378378378378	7.83670641009184	0.596462821800202	-1.12694564678192	1.43504849608423
170	69	8.05408586705508	3.61669062938116	0.872579317303803	14.3433750964597	0.0535215262579412	8.95511669658887	0.557265454665982	11.1134153534741	0.34219610155823	16.9120287253142	280.727947519358	1.12502765474823	1.44565495475806	8.95511669658887	0.766175745158334	0.146229808325999	0.451590725778399	0.0484429065743945	19.1666666666667	0.0230244060173592	10.8091839677047	0.313089129931071	17.5588235294118	291.439012759615	1.08554384516362	1.45672020494776	19.1666666666667	0.871933758041417	0.065290565102498	0.306008107029647	83.3823529411765	398.141176470588	31.8267983474146	0.924780229533529	-1.28815403730239	0.448704684822739
160	51	7.09362807506856	2.6048801054003	2.49567099242311	11.4040301259768	0.0409075419677063	9.47309833024119	0.55734912645045	11.7004175257555	0.334717746482452	17.9406307977737	314.472187248958	1.17329304021127	1.51501904192801	9.47309833024119	0.804232104995507	0.140048147468875	0.451659740954464	0.0362809917355372	19.8727272727273	0.0929392149318368	11.9544628099174	0.29152996734155	18.0181818181818	307.9021123788	1.16715845424757	1.55182001556415	19.8727272727273	0.953332449650475	0.0531766354626889	0.285097600690155	212.8125	392.43125	23.6207592763868	0.900783340024874	-0.888042810447946	0.77301780019126
65	25	4.21878823898138	1.08675010680119	2.42915623211024	5.96161052065634	0.04892106945271	9.38028169014085	0.533910723555815	11.0627520994512	0.321272824669676	17.4084507042254	296.114929112831	1.12213121806866	1.4206220785538	9.38028169014085	0.780285325603196	0.148148250719543	0.450907996267969	0.0565625	18.575	-0.041363723961528	9.91859375	0.247490827932004	17.725	297.184071525111	0.989268867924812	1.29508126710001	18.575	0.806352150721771	0.0331671517437759	0.206732520236168	255.384615384615	389.6	12.7065980036368	0.857993565879376	-1.1562817644417	1.30690254389335
87	31	4.86432220399198	1.22034994614987	2.09702231782519	7.11727244930151	0.0572302686690381	8.14634146341463	0.449071147186184	8.39327902487587	0.34383123565333	16.1254355400697	248.071012193597	1.07072738755114	1.35779048824088	8.14634146341463	0.768380585676175	0.109257721501262	0.381089068921928	0.0663265306122449	18.6964285714286	-0.104357571362647	9.46484375	0.237837182690124	16.625	260.589022623459	0.958919565031985	1.25204389489301	18.6964285714286	0.780332498802519	0.0886887315300864	0.331207179922128	353.068965517241	387.804597701149	14.1945038683919	0.80834784461385	0.105795621428068	1.13764229287123
41	23	3.31033354102959	1.2609107842844	1.18672557077879	5.30541685592402	0.118684493415748	5.86885245901639	0.122883823677076	4.34553883364687	0.454268971144574	13.7540983606557	176.433375117711	0.757172868750369	0.996805822959615	5.86885245901639	0.573635465238677	0.0240026959176796	0.154679633489834	0.27891156462585	10.6666666666667	-0.336363636363636	4.99092970521542	0.372549019607843	13.8095238095238	185.775537999137	0.375295664783149	0.575982328559137	10.6666666666667	0.276434590943675	0.0834920861771977	0.221238622567686	132.853658536585	390.170731707317	11.7466806867167	0.915329611908641	-1.43065129368459	0.973953109997592
97	34	5.4604125928041	1.70957557352869	2.3941248735257	8.51103497014174	0.0393278106508876	9.76	0.62745735761781	14.0991715976331	0.320537116301822	18.6153846153846	345.530297660538	1.21154563457336	1.5500375039262	9.76	0.805901698398915	0.172729440184535	0.503996162195655	0.0384615384615384	24.8923076923077	0.0666654833957491	14.3351479289941	0.220249335616315	19.1692307692308	354.760812942503	1.10510806928117	1.47534148999055	24.8923076923077	0.946892651773977	0.0976804801448638	0.374956508559017	659.886597938144	392.288659793814	17.1588008778901	0.898884514725827	1.02000955585633	1.05444459307339
263	101	10.1458211034966	4.16499557836508	2.19411391432457	18.6067239317671	0.0459825940335866	9.03661327231121	0.644136037290682	13.6967243374579	0.354985896983474	17.7963386727689	317.52675126322	1.1898198567828	1.53429460447988	9.03661327231121	0.79278340131048	0.170227450952699	0.498341678865625	0.0284007752857878	24.0817610062893	0.133883561512293	14.9021498358451	0.258614277509812	19.0880503144654	351.060516894746	1.2125453269789	1.68327795357002	24.0817610062893	0.996392371160378	0.0784582888191013	0.358371840570601	719.471482889734	401.403041825095	36.9923926855439	0.909988663055562	-1.36599431019044	0.323983479225219
102	47	6.07591911042779	2.47986953526418	0.89766055786081	10.005181998223	0.0716735253772291	8.47530864197531	0.3603365892728	7.62481900624905	0.364043304239383	15.4382716049383	227.062940988791	0.980091442629797	1.27226941926203	8.47530864197531	0.727176013259336	0.0911306921665184	0.338215086584549	0.0902897923875433	19.2941176470588	-0.168360398114197	9.25692041522491	0.366025940766425	14.8235294117647	208.854218525823	0.854969911516235	1.14327020186005	19.2941176470588	0.779597595274302	0.112985966919957	0.357700143045429	872.313725490196	390.362745098039	23.0373430089615	0.909576161624075	0.198982593952462	0.580248892107123
55	23	3.75690531324616	0.77229367119104	2.52511019056202	5.15689565328094	0.0555555555555556	9.2090395480226	0.554280152636375	11.3305244342303	0.35590829728417	17.1299435028249	288.953323918307	1.10370671032088	1.40404630725891	9.2090395480226	0.770738626079076	0.156736758551872	0.460880199917129	0.0540657439446367	27.7647058823529	-0.110588235294117	13.5	0.274257851393308	18	309.532879079003	1.05014498701077	1.34988899114162	27.7647058823529	0.926933879384388	0.095995360802885	0.35673367751387	57.4	391.945454545455	10.527597885049	0.766651175531646	-1.47281512970995	1.30652246463092
54	21	3.72554614887041	0.483409327013984	2.57847359441539	4.47543053326152	0.0458122448979592	9.45142857142857	0.593798854300862	12.6339265306122	0.335076992959346	17.7828571428571	313.323240171194	1.16241904333119	1.48760855371508	9.45142857142857	0.790614001984481	0.158039120619663	0.474651563465452	0.0481632653061225	24.0857142857143	0.0517282938822726	13.6997959183673	0.269642600682608	17.9714285714286	311.57158854339	1.09368822635764	1.40331907904059	24.0857142857143	0.967504756620487	0.0687893117497348	0.308443043948648	764.814814814815	391.296296296296	9.09375445645176	0.53132953350554	0.194792169980892	1.53873925890112
133	65	6.08194786334176	2.15532205161374	2.24873402912125	10.4290218640782	0.0820150637576978	8.19138755980861	0.626883788056377	11.9769922849752	0.404584337092077	16.1244019138756	264.76007821585	0.990218862393845	1.24269935955863	8.19138755980861	0.671197179090638	0.181243424027059	0.468387768811533	0.0749078673289538	22.9620253164557	0.175027344424617	14.9168402499599	0.293535952373284	16.4810126582278	271.844834196572	1.01687677828979	1.29045867407148	22.9620253164557	0.804892545831779	0.116691999248613	0.384428441482016	408.218045112782	395.84962406015	20.3524345676537	0.774753117815006	0.303449010418596	0.395580424073318
75	34	4.92476723225337	1.90726798545225	1.92281872102133	7.86972210129159	0.062673972794594	8.52719665271967	0.592312662796382	11.4580101888973	0.371804781551274	16.6276150627615	274.830680989897	1.08651352886026	1.39447077763181	8.52719665271967	0.757491635412369	0.177394145746765	0.487570241950299	0.043241965973535	25.6521739130435	0.00691573054264893	13.9154064272212	0.207803432854772	17.3478260869565	288.856136628182	1.13527894493282	1.46326693241659	25.6521739130435	0.942163130985043	0.100620964993514	0.378965686699298	508.933333333333	391.373333333333	16.447141176256	0.91249495081935	-0.348824375609006	0.81529221113922
237	100	9.13166849314851	4.30605742312371	0.490407993409555	18.1157528135046	0.0609767944426644	7.64751958224543	0.544434237799134	9.3934310002795	0.38279154004849	16.0574412532637	250.636507176199	1.0671009383367	1.37541382976874	7.64751958224543	0.747552294468807	0.129752263987617	0.416819830999524	0.0629328254847645	16.9013157894737	0.097904093053881	10.3678042763158	0.331977108135267	16.125	248.248799844357	1.03596760794227	1.36164303777774	16.9013157894737	0.875589945904426	0.0224450788801254	0.174459915946722	268.151898734177	406.194092827004	33.9678654840896	0.876702629152757	-1.32856424387807	0.297822983560312
84	38	5.40301540284033	2.34829475760211	0.651548337007415	9.15384816828905	0.069916332183843	7.05263157894737	0.312020911687828	6.12561478885183	0.410813201525276	15.1278195488722	213.743137020497	0.975317669556402	1.24278009716211	7.05263157894737	0.741303063154546	0.0573366474016061	0.265958118049685	0.102324263038549	10.4761904761905	-0.0509554140127401	5.98412698412698	0.383809407338819	15.3333333333333	221.689461152496	0.765246853215964	1.06363878287518	10.4761904761905	0.589588828960194	0.0313733815641252	0.182574715303057	780.535714285714	398.309523809524	19.9556352798313	0.949418585579835	1.20529804679704	0.731007708868539
102	38	5.07974593689068	1.7313081048845	0.474414641508437	7.94479742310543	0.0465013479920171	8.99408284023669	0.527656929770047	10.5207100591716	0.329223185540624	17.2307692307692	288.203411231155	1.13373056414779	1.46549971368857	8.99408284023669	0.797194624110089	0.133002436056044	0.434100094266518	0.04	22.7428571428571	0.0035587188612098	12.4120408163265	0.233851463897744	17.4571428571429	289.204572862104	1.13846439534164	1.51029833797524	22.7428571428571	0.948896070445057	0.0541110910140152	0.283840606564756	856.794117647059	396.264705882353	14.8712909254999	0.704226116291278	0.49055685961403	0.887652217911797
53	24	3.93097996711041	1.38023019350598	1.21478164475945	6.14212458718026	0.0746298446799245	6.43373493975904	0.305776580414761	5.63376397154885	0.413764732403995	14.9156626506024	207.362473735231	0.942074965659255	1.20729606920426	6.43373493975904	0.725437312738537	0.0637986206356932	0.276548451976097	0.0853277835587929	8.83870967741936	-0.0588381949638528	5.17377731529657	0.382776237045687	14.5806451612903	194.944959364517	0.902613147116999	1.11624733758821	8.83870967741936	0.706799961167751	0.0752403427081718	0.289085317856393	33.2264150943396	395.981132075472	13.0516411333192	0.905120760752838	0.994452309604682	1.15628062944624
209	49	8.02860630116403	1.15068303549002	5.27731583989142	10.6576149466717	0.0325051604428598	10.4712328767123	0.603976051711947	14.2204541189717	0.321029751005577	19.5616438356164	378.266584776848	1.23526936662574	1.60770404274195	10.4712328767123	0.817675310872963	0.171370157903952	0.510066677196072	0.0313278746885013	25.3396226415094	0.065367015141936	14.5559214429809	0.254202571399362	19.6415094339623	368.389810192842	1.21582770810942	1.6405390962601	25.3396226415094	0.990382709627935	0.0365959813596794	0.243564529843557	690.430622009569	398.650717703349	18.218665946848	0.333649180767579	1.30954488721402	1.09386566364059
197	65	7.90480839275033	3.42004768495924	2.04985206566823	13.7057669372158	0.0359907249672953	9.91654247391952	0.667685702496121	15.9204270601744	0.332566190618264	19.2459016393443	374.312206885692	1.23071246135023	1.59606513949793	9.91654247391952	0.804196824018874	0.202224022140108	0.549248357082249	0.0253298010380623	29.1911764705882	0.122842929878773	17.639651816609	0.253346400317113	19.9852941176471	387.724532824346	1.26746566377726	1.68938725587662	29.1911764705882	1.01000976056544	0.0896275313755585	0.382875497432649	842.862944162437	402.583756345178	29.4142070917494	0.932959630064995	1.36240999797143	0.58593491385296
290	109	10.9973157707125	4.50758998192635	3.90451860669631	21.3244344375683	0.066637318629701	7.79509071504803	0.474382408653866	8.41517297307764	0.383744680951034	15.6734258271078	235.735120995494	1.04914738958371	1.34134813387462	7.79509071504803	0.746389455820885	0.104022520197303	0.369954518881499	0.0634611687812379	17.1225490196078	0.0290340580435895	9.81727580738178	0.300103985267938	15.4264705882353	225.699496947935	1.01977274528684	1.36863803965647	17.1225490196078	0.862233081726886	0.0359095400620371	0.220939056220313	387.51724137931	406.186206896552	40.3218465251544	0.883239067931077	1.17356630335292	0.306729019288289
166	67	8.31594089703954	3.82118046655815	1.41594522097092	15.1619753951692	0.0540539170631488	8.75	0.446764925942338	8.90803079044118	0.369793772345676	16.4375	258.815815506593	1.07736678622779	1.38290571936642	8.75	0.777181158414847	0.103943324735482	0.375084858910292	0.0627384140897655	17.3873873873874	-0.0554865791651876	9.23666910153396	0.339614155261162	16.1621621621622	245.918645323651	0.9845682716635	1.29178964731079	17.3873873873874	0.886886766887878	0.0598836509329268	0.276853806500075	116.018072289157	404.493975903614	32.2499389132875	0.941585667259039	0.771418183334932	0.464695371348546
45	19	3.39444076519413	0.55818178529823	2.23792543425993	4.17484884527411	0.0594161083671573	8.57342657342657	0.496180793038639	9.50843562032373	0.336201746156497	16.4195804195804	261.453920846346	1.05749706677709	1.33281757975384	8.57342657342657	0.766557548699841	0.134505065242688	0.418156926127677	0.0784780023781213	16.551724137931	-0.0621089577292844	8.79191438763377	0.270303163203772	16.0689655172414	244.032748792934	0.922453860086453	1.19234282171623	16.551724137931	0.82226812479473	0.084903925573724	0.316742683981352	145.577777777778	396.666666666667	9.03224624841911	0.704618673185228	-0.905143389273638	1.56644509043258
31	21	2.9786489810602	1.24293354919712	0.981691815623253	5.3239713749995	0.0803571428571428	8.83928571428571	0.266113339422581	7.02224170918367	0.352718644630409	14.7678571428571	205.843298016534	0.962292435316757	1.23555492348254	8.83928571428571	0.729959293342891	0.100176748270762	0.349525847860255	0.125	28.8333333333333	-0.245350929814036	12.5763888888889	0.248120753251796	14.8333333333333	217.851121992338	0.67780791849565	0.928666248215634	28.8333333333333	0.67780791849565	0.373116544516682	0.588950962386599	2.03225806451613	399.322580645161	11.0582671154429	0.941714024998885	1.54376242999951	0.883350315295089
56	23	3.89747588639209	1.05278604833767	1.88967946192181	5.99684857376233	0.0555850316781624	8.31284916201117	0.568497211898922	10.6324396866515	0.358405337767809	16.6480446927374	272.252373279929	1.09055570205084	1.41138348963889	8.31284916201117	0.774469035474259	0.152611782315225	0.456064464170648	0.0432525951557094	23.0294117647059	-0.0191604616886485	12.2982266435986	0.255595036264124	17.2058823529412	283.275639259913	1.04691752068091	1.42634593542869	23.0294117647059	0.898202226409303	0.073292851432358	0.320682129963212	21.125	399	11.5676746160066	0.827312554150224	1.26889952126296	1.3302774185333
88	33	4.9883686794739	1.37654421253627	2.09112866655592	7.23690673562209	0.0464245361040898	10.0750853242321	0.67414542552975	16.4594811820755	0.331547197437581	18.9078498293515	365.742275922517	1.18838492438201	1.50831016737348	10.0750853242321	0.771373701009731	0.213453667990155	0.550106607065382	0.043801652892562	31.3454545454545	0.16378580499506	19.742479338843	0.258625789365399	20.2909090909091	409.769535486652	1.15599146169691	1.44861666401401	31.3454545454545	0.954821941234975	0.145331603344995	0.450666875126487	752.488636363636	399.806818181818	14.5355200773819	0.812106640977418	-1.15979751183865	1.01546429206943
60	27	4.05637783573165	0.921386922331593	2.09774848274165	5.58707110315053	0.0618421052631579	8.58947368421052	0.570312066958595	10.9950138504155	0.398636741051602	16.6315789473684	273.334514473175	1.0770319351368	1.38300471345573	8.58947368421052	0.770385244143999	0.161071276015977	0.463852260741432	0.0848337950138504	21	0.0533216783216805	12.0914127423823	0.376792315996498	17.0526315789474	284.038419062095	0.907267907212803	1.12115764097405	21	0.782189268293023	0.0255586520522235	0.169141950480396	322.933333333333	399.483333333333	10.3149198256345	0.537486369437261	1.56269869788726	1.03426918636701
55	24	3.83666620636517	1.09233093217209	2.29204542324581	6.09673182031886	0.0654700413223141	9.69318181818182	0.46133532349733	9.9974173553719	0.34014461293873	16.6818181818182	271.350099814475	1.02762985373267	1.30685893496892	9.69318181818182	0.745850007425639	0.137178070570516	0.418430673145456	0.0794306703397613	23.5151515151515	-0.179765963328112	10.9660238751148	0.301532080183443	17.2121212121212	281.648414765501	0.924105041322703	1.20727250067698	23.5151515151515	0.799612026399015	0.0441608157835485	0.230344214197266	830.345454545455	401	12.0131907771306	0.874911641333523	1.33871557400344	1.1999138607461
176	68	8.42901944545891	3.61702955674587	2.23630975378609	15.5308391166678	0.0490799164946519	8.72602739726027	0.616779642989499	12.3851303011822	0.37899177613118	17.5239726027397	304.748015137367	1.15529760047096	1.47480308350378	8.72602739726027	0.77402773210575	0.169097762305992	0.488328347831237	0.0472589792060491	17.5478260869565	0.259466082927545	12.8480907372401	0.355292461926596	17.7739130434783	305.796971255231	1.16209693586295	1.51292994012422	17.5478260869565	0.906363537230167	0.0813567543772543	0.347010281046258	289.5625	411.073863636364	29.5814410153443	0.937274762678143	-1.3407568649643	0.478304763868342
58	36	4.8195345808026	2.3698570055843	0.394796400098654	8.43209989516106	0.133237770358543	4.92771084337349	0.241128013681023	4.24673392364639	0.450891348198223	13.1927710843373	162.312846740055	0.772882925064625	1.01223562335314	4.92771084337349	0.610269422121533	0.0693976070914327	0.264928357153784	0.176666666666667	5.7	-0.106199460916437	3.57638888888889	0.383846153846154	12.8333333333333	154.336303934316	0.596881708014824	0.817637038168411	5.7	0.520264837678276	0.0612818761347894	0.224448109993097	530.344827586207	399.120689655172	19.9478525033903	0.961543373363618	-0.38418333375757	0.562383870087062
84	29	4.7335276831942	0.695077717035702	3.23348267753539	6.00633830891119	0.0357942256425733	10.0567375886525	0.70731364553621	18.1800588501585	0.325033977849998	19.6382978723404	396.345576278495	1.26216992147674	1.62350654693764	10.0567375886525	0.809346199678604	0.215758613407826	0.569851436916484	0.037201953461649	32.4576271186441	0.168509557890089	20.5177391554151	0.242742066052692	20.2542372881356	407.437164032666	1.23256978684514	1.53545967836023	32.4576271186441	0.988814893341231	0.0695026549446334	0.323524306114645	310.5	402.261904761905	11.0642152172731	0.390769235676947	-0.382748439520112	1.25514284376477
108	40	5.53352260574832	1.74126464722405	2.09120180757385	8.85568320345757	0.0440716630069599	9.72144846796657	0.564733290533086	12.1672317874629	0.331877407348487	17.7214484679666	308.848102732679	1.17150514326622	1.50713215889668	9.72144846796657	0.797179847884348	0.151652502468101	0.468085374995678	0.0435555555555555	23.1866666666667	0.0265665058271679	12.9097333333333	0.289221239427265	17.88	305.499069365498	1.1155494364166	1.44939534305315	23.1866666666667	0.92369067998638	0.0475645266677525	0.261119557869358	338.018518518519	402.027777777778	16.6229224284913	0.790477773738891	0.412374755495421	0.848230016469244
52	34	4.88802283849857	2.42195855648843	0.861016539312047	8.77363343197195	0.179714625445898	3.76551724137931	0.283153148258815	3.62644470868014	0.543048837572164	12.5793103448276	147.421493277859	0.718398420168581	0.928081382665561	3.76551724137931	0.539535088157552	0.0405837826509293	0.194204899086978	0.15375	5.4	-0.0394610202117432	3.5975	0.371764705882353	12.9	155.606666182777	0.627401816128069	0.853174312876055	5.4	0.43310951947736	0.105982416414509	0.301768938768214	182.788461538462	402.653846153846	19.4326192141981	0.976437058515045	-0.485295600902405	0.565269266389859
482	166	14.9840336580009	6.61361295248189	1.09393344219912	29.2414801310651	0.0372133939299741	9.7359413202934	0.7747204469743	22.6085774086716	0.336224002382495	19.8569682151589	421.196334601322	1.29631180739876	1.65192501677308	9.7359413202934	0.812703080131911	0.234544311655376	0.596044984567317	0.023100505575675	25.7365269461078	0.436655468048226	23.8426171608878	0.234866764875114	20.8083832335329	444.07014451817	1.35494644666346	1.81297100558858	25.7365269461078	1.02688043889273	0.0920325570667549	0.400574039902064	648.632780082988	423.477178423237	56.3744575758704	0.952360978269997	-1.37269575546412	0.21980659878506
115	47	6.45076656800535	2.89988620024573	1.47301054729118	10.9990122606864	0.0565824004953246	9.28381962864722	0.466063143344342	9.69374300811235	0.342352441619098	16.6790450928382	268.358758040878	1.09483495446172	1.38097755759644	9.28381962864722	0.77892416257045	0.121181104467205	0.40395112322206	0.0605925595901092	26.9402985074627	-0.199888876211072	12.2261639563377	0.208969084692397	17.7164179104478	298.067632102189	0.980131739845243	1.3181039828935	26.9402985074627	0.847194224227333	0.0896272401584412	0.341083509357963	797.478260869565	408.973913043478	24.8029850161106	0.962905671394828	-1.45498343792688	0.654202182277639
67	29	4.31203517172737	1.27853522480528	2.25433919016292	7.12058528770471	0.0712662894375857	9.39814814814815	0.547435280809347	11.3832090192044	0.403772664066782	17.0648148148148	289.727269559715	1.01512380124557	1.29226392957203	9.39814814814815	0.714834472934147	0.170510857266255	0.462671842468961	0.0581065759637188	29.8571428571429	-0.0812120216784356	14.8072562358277	0.321566581577377	17.9047619047619	309.639685248987	1.04451863359826	1.30150330340247	29.8571428571429	0.888763823026613	0.0579105290422227	0.27328072555345	46.3134328358209	404.223880597015	13.283476888928	0.851486742711662	-1.34332099718646	1.00112583966952
160	57	7.26074181784498	3.37818441584022	0.72015353514995	11.8828797705146	0.0376493233459568	9.95149253731343	0.690688938895622	17.0865448875028	0.329259125066851	19.1641791044776	375.207511453604	1.25293055947367	1.60696222688017	9.95149253731343	0.804625527728587	0.194102113391876	0.540454677805667	0.0257493622448979	29.0267857142857	0.169527380630624	18.4760642538265	0.250259209325627	19.7946428571429	384.5450607535	1.25636921981406	1.71345731147064	29.0267857142857	1.00498072488782	0.109114658723444	0.423587987802672	150.41875	406.0375	28.3714455072115	0.932943733696464	-0.0637622775817192	0.618842504862255
70	28	4.28146338609276	1.26549169603391	1.86023094901506	6.002656724743	0.0526019717396693	10.4978165938865	0.489256609319101	11.2769970061593	0.325150264374513	17.3187772925764	293.602861438086	1.10172793064454	1.43213107457717	10.4978165938865	0.783383774938294	0.161554535579333	0.471721454584977	0.0584	36.68	-0.195598320686327	16.3396	0.18830909973395	17.96	310.088339451458	1.06591998801183	1.34286758402269	36.68	0.941913688335387	0.0730425853113352	0.311117240840578	252.8	404	13.1453579463742	0.83317656319764	-1.5688908482138	1.12199737628207
41	24	3.42937651481205	1.42453756539135	1.15545205198847	5.59777361496911	0.125972222222222	5.9	0.109359275410936	4.31222222222222	0.484343891402715	13.5333333333333	170.501718507241	0.760204131044967	0.992204555265746	5.9	0.574045492672596	0.0170126986132394	0.129926102738262	0.17375	4.2	-0.118508655126492	2.8775	0.385882352941176	12.7	151.236853319939	0.53748162098249	0.823460116863272	4.2	0.372121316014134	0.0709587211766081	0.242451074259625	738.073170731707	404.268292682927	12.5176535047028	0.936589594716129	-1.4713244485621	0.894481241647094
46	25	3.58107347526	1.46693993223625	1.01192885125391	5.76055552876631	0.107464436038148	5.85401459854015	0.434926610505959	6.17987106398849	0.430759947118899	14.1021897810219	189.833688630568	0.874634490146951	1.13711230720916	5.85401459854015	0.668015815435121	0.102882624094719	0.340633561067576	0.116780045351474	16.5714285714286	-0.104261106074344	8.50340136054422	0.289365642306819	14.2857142857143	196.071485903686	0.771673105040847	1.01536405391169	16.5714285714286	0.633590243785743	0.107748079202399	0.330451278194508	869.934782608696	405.108695652174	12.9599516187607	0.906161029252898	-1.46490503071282	0.924884877216835
91	51	5.67848053667946	2.64774048772946	0.641089518598871	10.6531416560284	0.0937623398374205	7.29151291512915	0.342129575028503	6.54175460573794	0.404806479518874	14.4575645756458	198.25046812917	0.915963391836394	1.18302398180702	7.29151291512915	0.696383155375475	0.0926171739718886	0.329445920731727	0.138171487603306	8.29545454545454	-0.0747147589252854	4.859375	0.447213081036611	14.25	189.251854742434	0.755193247478907	0.939916199363622	8.29545454545454	0.584443948664065	0.0752319597601267	0.266160060083517	630.714285714286	409.428571428571	22.5195304082227	0.878055122809439	-1.54071297381573	0.439653873858779
85	43	5.65800714784983	2.70986420038707	0.542912443252489	9.95767136620392	0.0833393572265032	7.17110266159696	0.412124027847241	7.09916291980512	0.426661818296799	14.7984790874525	208.541804303694	0.966767144020778	1.24200708332545	7.17110266159696	0.715747584597581	0.0885659674178556	0.329726784613955	0.0844838921761998	16.2051282051282	-0.0580357142857151	8.65811965811966	0.386863090030511	15.3333333333333	224.98138597717	0.822853136254401	1.12375953648157	16.2051282051282	0.616294547668498	0.0643845810150989	0.268390261319909	811.141176470588	409.941176470588	23.3457589520751	0.954485826460281	1.4557893224003	0.577686047712563
124	47	6.50011713484126	2.87292241609439	0.703415968290071	11.0118459611118	0.0484641577905552	9.39320388349515	0.519505872525192	10.7745251673108	0.355641563893991	17.3252427184466	292.125998389289	1.12582601278893	1.44365114302465	9.39320388349515	0.786019555610958	0.148731094238415	0.455002192834507	0.0440214158239143	18.9756097560976	0.00525470506603615	10.5379238548483	0.294329126336616	17.3414634146341	283.056374738055	1.0970708721363	1.47531945891531	18.9756097560976	0.921894308776742	0.0665801703818129	0.31083411828127	94.9193548387097	410.588709677419	24.0409837779242	0.93898139722694	-1.32211822594513	0.70540061393415
34	17	2.95657214444701	0.705291060442082	1.73105164347789	4.07965667868226	0.0794608351399755	6.97087378640777	0.296225804609734	5.95249316617966	0.387626672492463	14.6796116504854	201.899104139257	0.929702368568485	1.20820864198721	6.97087378640777	0.736794233335767	0.0721867096242821	0.294125156263896	0.087890625	7.375	-0.134615384615385	4.25	0.320984162895928	14.5	193.330700106678	0.799427015388065	1.09584537266699	7.375	0.695764043784187	0.0537988876125033	0.242458663593	498.352941176471	404.411764705882	8.84762048413793	0.837556161183493	1.03796817673974	1.47839654286579
58	37	4.60316507322697	2.06789130507436	0.145544994787444	8.36463563411186	0.153498622589532	4.60606060606061	0.279111479028693	4.19471074380165	0.514690799396682	13.0545454545455	159.626345764861	0.747898332127643	0.963635451471753	4.60606060606061	0.584593037270769	0.0568252769133009	0.234096944692465	0.166015625	7.8125	-0.118881118881119	4.4912109375	0.455175339366516	12.8125	152.426545270351	0.718112809226283	0.947163857011139	7.8125	0.655469119629814	0.0379086506058407	0.189572569094483	671.758620689655	409.586206896552	16.9248132179846	0.906918541907135	-1.45045151792359	0.532395541002799
130	60	6.67048465388153	2.85806287041064	0.634647758821987	11.6004070809797	0.072283350268544	7.95180722891566	0.374442731019965	7.35577877776166	0.373415589716086	15.3686746987952	223.915069910709	1.00052373812601	1.28748296435866	7.95180722891566	0.721415186002141	0.0874569489338002	0.333286994737981	0.092876264128495	10	-0.0211706102117057	5.89634146341463	0.383555898907405	15	209.5384461064	0.859523337145198	1.08346028513913	10	0.726726031253534	0.0186419761970996	0.142061425111417	28.2	412.715384615385	24.865114712378	0.913247275067406	-1.04072117143569	0.453785605518526
39	27	3.53650219991311	1.78720799278889	0.695862749187251	6.72770412127974	0.224251109467456	3.5	-0.086380072318207	2.61085428994083	0.517194570135747	11.8653846153846	131.730238073766	0.51695649013296	0.741617789352515	3.5	0.408136968424579	0.0190207885136604	0.118914534411791	0.28	2.66666666666667	-0.339285714285718	1.99555555555556	0.466666666666667	11.8666666666667	133.40009147636	0.373863008689885	0.574549672465872	2.66666666666667	0.276434590943675	0.08524405940451	0.223317868416447	886.25641025641	405.615384615385	14.9027610599603	0.963001986908833	-0.442148894914183	0.672274971138556
74	37	5.00607621994664	2.36046169309208	1.35162159459999	8.75583912442589	0.136114129934241	7.13304721030043	0.157593160608236	5.2337305899906	0.477869203948477	14.7811158798283	205.206771925909	0.802385723757377	1.00603480823098	7.13304721030043	0.605049557383	0.0486483869133674	0.221189466137959	0.172249886826618	12.3617021276596	-0.318255328393156	5.68866002716161	0.332771733898142	14.1063829787234	188.907673431943	0.596581520117266	0.82075279348406	12.3617021276596	0.534227720043679	0.0716333579875126	0.243218804287653	56.6891891891892	411.797297297297	20.0700561085177	0.969799261365412	1.54662362146791	0.679263276451847
32	23	2.83159544453425	1.0201315467666	0.495728445695267	4.28167061012531	0.20159169550173	4.75294117647059	0.0412641688536509	3.47875432525951	0.527750865051903	12.3294117647059	142.562805037095	0.607606062830103	0.818061899648937	4.75294117647059	0.458404529215845	0.00320589023783821	0.0512189440163072	0.148148148148148	4	0.142857142857144	3.33333333333333	0.450980392156863	13.3333333333333	167.610814973264	0.59451542742345	0.862097645791433	4	0.406885422123871	0.142763104819882	0.352319371126275	213.40625	406.15625	9.25445706425942	0.751134855888246	0.283687013359697	0.760158524876169
53	33	4.60050281943472	1.97963044786595	0.39857413448379	8.11329328986358	0.135476514187974	4.8476821192053	0.135874663831381	3.80496469453094	0.471037727368074	13.0728476821192	159.044600780126	0.716779370507794	0.970259646944406	4.8476821192053	0.542476992196456	0.026903465465383	0.16159297775302	0.189986282578875	6.51851851851852	-0.157894736842105	3.81481481481482	0.449237472766885	12.6666666666667	151.20258789946	0.564524411730186	0.806351350298103	6.51851851851852	0.475330338940859	0.0932133835599815	0.275335272173572	536.698113207547	409.169811320755	16.7406725015646	0.943285712913183	-0.59454265748275	0.611586448632724
35	19	2.86651515073549	0.487221222252041	2.04384082515238	3.85506106889053	0.10702947845805	9.5047619047619	0.398836568910917	8.90530612244899	0.396532900062312	15.4857142857143	234.40705582862	0.915518911472195	1.13579966599169	9.5047619047619	0.676186796472442	0.134177679126171	0.388218148968417	0.1175	28.8	-0.229718189581553	12.71	0.352854210352058	15.4	231.501806801827	0.789667806588828	1.04185399219517	28.8	0.712224122066495	0.0919990085220682	0.309174388840663	456.485714285714	408.857142857143	7.05108167307722	0.338838124972241	0.0343495293477193	1.21834618144757
35	19	2.95107355521392	0.780848531088969	1.46803428220858	3.89971232691426	0.107927231595815	5.41747572815534	0.23312785205348	4.53218965029692	0.428941703641875	13.7087378640777	174.774486712416	0.822186586121898	1.07044706656262	5.41747572815534	0.663507457950155	0.0532196853999428	0.238425037985306	0.104938271604938	9.44444444444444	-0.235864297253637	4.82098765432099	0.243991955756662	13.7777777777778	175.043017289886	0.769952782143541	1.03753500051152	9.44444444444444	0.700687294488101	0.133279841542545	0.371083613880294	13.5428571428571	411.4	8.90376378522376	0.788248952194506	0.718912129170604	1.21834618144757
161	51	7.10047955732888	2.41103745894309	2.4784344750539	11.2383050408962	0.0322512112937704	10.2831215970962	0.697986626524179	18.0242818699543	0.320821870560314	20.1379310344828	413.305547843411	1.28344769601151	1.6612350131824	10.2831215970962	0.814822702656164	0.21406292114329	0.573143881911506	0.0200494260204082	27	0.174185494213972	17.3474968112245	0.219008103205147	21.0535714285714	429.29550288493	1.2822407793705	1.76155554097391	27	1.02855111454374	0.0711101927000559	0.349000604740757	224.385093167702	418.453416149068	22.5193962383397	0.877337383872693	-0.716153725140349	0.777849161442456
75	29	4.55815124611299	1.03950466112832	2.26774938585622	6.39001897097849	0.0456408070940353	9.54655870445344	0.610016712823341	13.2397023389992	0.329854994679953	18.1133603238866	326.161880645797	1.17967702714776	1.50205152107695	9.54655870445344	0.800228678657485	0.174355697126518	0.499414982973783	0.0572	31.16	0.0290657094426169	17.0464	0.228128855665756	18.88	350.250373657703	1.06919503060845	1.33864630242282	31.16	0.955522585077228	0.0852186120051236	0.335155953174425	447.186666666667	413.306666666667	12.63216173937	0.771011086171316	-1.2146845788405	1.1206632533614
86	39	4.91099759455185	2.14354651143549	0.286675381730729	8.23252637206818	0.068823953922196	7.46125461254613	0.292384339431132	6.27210958456448	0.37956774627059	15.0110701107011	210.662901542771	0.974128926202995	1.26532229658446	7.46125461254613	0.751695863324395	0.0575987182172697	0.26887836905677	0.0864197530864198	8.75925925925926	-0.0862695898101088	5.0318072702332	0.338117982235629	14.2407407407407	186.916080073132	0.841184395418755	1.11376480965054	8.75925925925926	0.712423090150501	0.0188596023202867	0.144851212154377	504.813953488372	416.686046511628	17.921016366759	0.900222427882053	1.39722037356814	0.710524571226094
76	36	4.6951260042302	1.59346325270923	1.06718737290547	7.73340517208015	0.0749434741583436	6.77637130801688	0.316224975208752	5.95511759155406	0.408208678350153	14.8776371308017	206.76254561295	0.959359703089933	1.22247472908558	6.77637130801688	0.736584650474672	0.0571722460946728	0.26347873054609	0.0671768707482993	13.3333333333333	-0.0404317437848345	7.40759637188208	0.305125293360587	15.1904761904762	214.751181312098	0.96183854810497	1.25819910656695	13.3333333333333	0.805057087831134	0.0386264530017425	0.219883981812818	322.184210526316	415.763157894737	13.6921139865651	0.681712924842768	0.668738662029375	0.736916795286495
39	19	3.09405316255227	0.649072308063835	1.85110583105989	4.23708727633237	0.0712167219829108	8.31932773109244	0.408803958368879	8.03601440576231	0.397783905050341	15.4285714285714	227.916440254457	1.00318719235435	1.29571377700436	8.31932773109244	0.747228018306981	0.107443162227985	0.369876729231141	0.0740740740740741	15.1111111111111	-0.116788321167882	7.76543209876543	0.299476852418029	16.2222222222222	249.742184692856	0.801730420437642	1.15050298692747	15.1111111111111	0.653644517723805	0.0447558844443536	0.226511330503144	77.4615384615385	414.076923076923	7.80852614526156	0.469653821764073	-0.477728392487151	1.35758574504157
295	99	10.391310198964	4.68768072131718	0.616161616161629	18.9879243546747	0.0459458266481483	9.00911854103343	0.62783553496476	13.1036791357557	0.369904985925011	17.8237082066869	316.611450378951	1.17420814281229	1.5189721698136	9.00911854103343	0.786778553927741	0.174550240606551	0.502098185739959	0.0416439909297053	24.8238095238095	0.160332130279562	15.7819217687075	0.299275883418412	18.1571428571429	322.237463567096	1.18853696225344	1.56509592773848	24.8238095238095	0.975318660827835	0.0656836522695854	0.317549969033716	695.2	429.233898305085	36.6947518426685	0.827704912102058	1.20595100805066	0.378234805758183
36	18	2.9980537614378	0.630457066471963	1.70058087389042	4.05555555555556	0.079297520661157	8.18181818181818	0.298429616191391	6.83107438016529	0.363079591314885	15.0545454545455	214.05271962394	0.950991282454765	1.21072727969002	8.18181818181818	0.72989293933844	0.096534810879161	0.339946628907585	0.15599173553719	18.5	-0.105227427019688	9.36931818181818	0.369662690250926	14.5	204.310921192573	0.740143588492628	0.945391312808979	18.5	0.690752222294071	0.0601178020816307	0.238563355531989	778.138888888889	413.75	8.57991930108316	0.777831327711668	0.877952944831441	1.39626340159546
1371	485	24.9859953114291	11.5964704699708	0.610267482547656	47.813482695064	0.0432408266336839	9.24545454545454	0.693393085797242	16.0770483592886	0.352139132727368	18.291341991342	342.307283159122	1.22545366792259	1.56625099942779	9.24545454545454	0.793907453802035	0.1904863105314	0.530001062962766	0.0318875815435272	22.6839872746554	0.314883958687512	17.5548504974422	0.277866451171632	18.7433722163309	348.759553222073	1.27270713148192	1.70239825347862	22.6839872746554	0.976679103003668	0.0659009940588892	0.330961964106359	278.688548504741	450.152443471918	86.5503852834417	0.659576999013827	-1.28284324510009	0.0732426149953722
270	105	9.87263773890975	4.53121739775675	2.76526888713208	19.3461955807004	0.0509205063466947	9.06236080178174	0.573286574211131	11.6187903333813	0.36171228822873	17.3118040089087	294.791359711177	1.14459772026891	1.46643113194948	9.06236080178174	0.775240503334998	0.149386698333515	0.45914109889791	0.0475260217942065	23.7348066298343	0.0605082304725626	13.6317267482678	0.279382232589759	17.646408839779	299.726305278631	1.12568836773561	1.50357187923098	23.7348066298343	0.923209334274053	0.049402450960044	0.270801374910015	43.4185185185185	427.648148148148	37.348503645625	0.851047481513064	0.0560007406083791	0.307747851780225
222	86	8.2726227223782	3.16640575540288	1.02431235095559	13.8958888675834	0.0491793057367636	8.62482946793997	0.574561490484332	11.1363995912814	0.35388863149075	17.0832196452933	286.085802404239	1.14066547392376	1.46920144287014	8.62482946793997	0.78325024989782	0.140599464281995	0.446358365231293	0.0398307985720573	21.5174825174825	0.0719857426828415	12.5932930705658	0.276014723983291	17.7272727272727	299.523109766054	1.1541794734087	1.53318810567823	21.5174825174825	0.928855774270311	0.0622808678219672	0.306359800067097	201.315315315315	423.252252252252	26.8707910129801	0.771744415595686	1.16809821518734	0.377195007624085
60	26	4.2832357530817	1.50100096920627	2.05148236201456	6.60833703311168	0.0682271468144044	6.83157894736842	0.390290935701431	6.60232686980609	0.397024645507618	15.3263157894737	221.574988781334	0.973711139115696	1.25340262524496	6.83157894736842	0.743337498558274	0.0745796241571053	0.304193905078808	0.107166337935569	10.5128205128205	-0.0776384957541467	5.87771203155819	0.363568859496461	14.7692307692308	204.08747609132	0.801788323388793	1.03917662214322	10.5128205128205	0.674984494250715	0.0124196897665694	0.113591073598387	278	418.783333333333	14.4707496982738	0.926683762534501	-0.902264601640818	1.11535833855259
108	47	5.97443693244942	2.61175584106201	1.02922439339982	10.6589161898071	0.0643265868830403	8.40345821325648	0.475087385832964	9.00462590005731	0.369864655167249	16.1268011527378	251.197235386234	1.04097369782956	1.3351597970617	8.40345821325648	0.745838722073921	0.116260819249454	0.389798281026799	0.0546745562130177	15.8153846153846	-0.00432874406301076	8.87360946745562	0.320394579151803	16.3692307692308	251.610392655038	1.00917414822185	1.35146960930802	15.8153846153846	0.832616371603605	0.0465146391317013	0.249664946007847	338.833333333333	423.731481481481	22.6072169537069	0.932442232022487	1.21772976575128	0.614381179878131
80	42	5.08708240399023	2.156371323825	1.19332991296586	8.6737281540698	0.0873052894627239	7.5265306122449	0.435056084232638	7.66130778842149	0.391269588916648	14.9387755102041	214.128550022071	0.974182802909318	1.24155277374338	7.5265306122449	0.725729329266992	0.108900900943235	0.365019417682366	0.0643078512396694	19.9090909090909	-0.0404362144361087	10.5676652892562	0.284726279188259	15.9545454545455	241.542564589264	1.01530202185014	1.31800897692687	19.9090909090909	0.861323554691841	0.0510579308124408	0.258316183399257	726.2625	422.5625	18.0647751183075	0.910333774611852	-1.48472349049953	0.569903429222638
45	23	3.64053417917717	1.23044573734442	1.53718865475333	5.7948546370595	0.0830891363418403	6.75912408759124	0.278873591705414	5.6865043422665	0.406973806716185	14.4817518248175	195.785683959612	0.924510561266241	1.19257275450708	6.75912408759124	0.716181746080079	0.0576931664308907	0.261525478494771	0.0857438016528925	16.1818181818182	-0.167213114754099	7.93181818181818	0.30294506765095	15	213.585708734981	0.785913529546583	1.10119926560928	16.1818181818182	0.666691372559899	0.0854493224417807	0.305973525090379	760.666666666667	417.622222222222	11.9859361308333	0.908543623117333	-1.13484031470216	1.06897292560711
41	19	3.17773819781404	0.582797628982358	2.30199239248725	4.10188795124183	0.067596435546875	8.765625	0.474715258626365	9.34368896484375	0.367452343463373	16.015625	249.432506367843	1.02151363892001	1.29898281083755	8.765625	0.737687874581125	0.128637827574434	0.404409191777522	0.0843195266272189	23.5769230769231	-0.125127951713672	11.4774408284024	0.307448744832036	15.8846153846154	243.788898474891	0.869421138845373	1.16477527188159	23.5769230769231	0.78247238742268	0.0793508040059012	0.302915789524581	252.512195121951	417.268292682927	8.68389172064928	0.712808365352866	-0.596621121487713	1.42720552683858
35	24	3.30124919629291	1.3369807900132	1.09052102735851	5.30935364344014	0.236136260751471	2.80851063829787	-0.0565395095367738	2.32910819375283	0.558448060075094	11.7872340425532	130.060245481277	0.493327572931475	0.702564593601021	2.80851063829787	0.375033663504436	0.00461853107592431	0.0569828378433758	0.181818181818182	6.18181818181818	-0.276450511945392	3.42148760330579	0.379679144385027	12.3636363636364	142.777706235265	0.562213822100968	0.781144728038409	6.18181818181818	0.463431089703855	0.121621318673461	0.310172877942167	520.628571428571	418.828571428571	12.3688170985179	0.924732163627388	-1.22057657786933	0.763581547747519
99	35	5.35007649081111	1.64538560446124	2.18061964606769	7.86752560743682	0.0394628863097332	10.012012012012	0.662974496217265	15.8534931327724	0.326213898868907	18.978978978979	364.324651185953	1.23291770705512	1.57697018238928	10.012012012012	0.802491584556118	0.192038681082847	0.533541438043017	0.0463137996219282	27.6376811594203	0.166639749959626	17.5820730938878	0.213938190047354	19.3478260869565	370.214388922283	1.14003166516693	1.45308055608933	27.6376811594203	1.01058699607091	0.0791699201372318	0.335985183061522	863.515151515152	418.343434343434	16.5360238196967	0.864603867633163	0.239520999574122	1.01556791087474
67	42	5.33436713348353	2.76811147127609	0.409634536525826	10.3498879900169	0.133411913050629	5.51832460732984	0.165586245772269	4.30670760121707	0.512169813555708	13.413612565445	167.905673173253	0.756710599493219	0.980965393896565	5.51832460732984	0.569372919156048	0.0584097505921558	0.239402702042774	0.157222222222222	7.33333333333333	-0.170627882227739	4.13222222222222	0.436862745098039	13.2666666666667	165.715590782012	0.597016504706531	0.870787420480248	7.33333333333333	0.466415229072603	0.0375736613819009	0.181094727945793	409.179104477612	424.44776119403	22.0468605731176	0.957578847632055	-1.36380991530152	0.477294121973959
40	25	3.46808238656586	1.36865063474637	0.948261567290379	6.04476633129847	0.148719555172684	5.76991150442478	0.376599201245515	5.62777038139244	0.506896204657787	13.4336283185841	171.457624875963	0.835356419040936	1.06479374824632	5.76991150442478	0.667584991516127	0.0829391878842848	0.296676520965541	0.167820069204152	10.7058823529412	-0.0971631205673754	5.87889273356401	0.438115517700293	13.8823529411765	184.110977633215	0.642213627260627	0.836997742102026	10.7058823529412	0.57315142251817	0.0396659838714204	0.182496264771361	613.675	421.35	12.139554221554	0.885630972508011	1.25824278291702	0.804247719318987
117	49	6.35792446422067	3.08736380257576	0.456340403571409	11.4099885363951	0.055711809302358	8.78627968337731	0.500831769069579	9.80092035003934	0.340546026034153	16.5382585751979	264.751280358418	1.10019267814855	1.40838654394863	8.78627968337731	0.778593211201455	0.125942787120308	0.415281590533798	0.0654410524540395	19.038961038961	0.085694383697006	11.411705177939	0.329635351270932	16.2597402597403	253.528386526877	1.063670805632	1.37370485862605	19.038961038961	0.885048574514557	0.0571084580665157	0.278534293849769	888.358974358974	419.282051282051	25.6254423578144	0.953873870284205	-0.176650836068148	0.61235541935861
50	20	3.56435660264881	0.472082629582786	2.37118114027588	4.16203075433135	0.0495351259596466	9.70186335403727	0.558375830628958	11.984298445276	0.31274055314976	17.3788819875776	297.845827807137	1.14279571717152	1.45627649498437	9.70186335403727	0.798234330525498	0.167949008418849	0.484074464304608	0.0828402366863905	23.8461538461538	-0.116498129934897	11.6789940828402	0.287476129105088	18.2307692307692	320.696250974677	0.857616710588285	1.12107454466946	23.8461538461538	0.69436738592175	0.0202431632010353	0.15055011348827	154.2	420.06	8.97683530623439	0.6071411252242	-1.46662654899285	1.5707963267949
83	31	4.74619149860241	1.23012536035749	2.71658106728095	6.42518781838795	0.0537692148439522	10.9640287769784	0.626226401611294	15.666670979763	0.330964285682864	19.1294964028777	370.996792111428	1.14911440000149	1.4460944443491	10.9640287769784	0.743587816354917	0.214177645808437	0.541387485058121	0.0531914893617022	37.4468085106383	-0.118351675093962	17.7419646899049	0.207118381574896	21.5744680851064	449.559732212931	1.07962283162984	1.42327753481409	37.4468085106383	0.952330037158067	0.110320337314398	0.391291306588869	168.710843373494	422.21686746988	14.2194051388056	0.847063277795832	1.4401527584577	1.08533690009554
45	23	3.43901438129946	1.03036347678343	1.56823380842359	5.21104686716554	0.0817571527518781	7.21167883211679	0.458350673880334	7.65714742394374	0.416122665585954	15.0802919708029	218.293018381844	0.977947927411192	1.26041778952269	7.21167883211679	0.730294089221932	0.110842596290027	0.370792410474957	0.0825	6.55	0.00588123695693314	4.294375	0.36472850678733	15.65	224.910264338414	0.875604434075346	1.11642843060653	6.55	0.722956496486255	0.0874051658772101	0.311460327261468	821.844444444444	420.355555555556	9.77903958281642	0.705040522042321	1.38325932857729	1.06897292560711
34	19	2.86942281676212	0.765739705763572	1.42202695643225	4.19536744913258	0.0986568096626406	6.61224489795918	0.35161626268608	6.09902124114952	0.42813616090927	14.3061224489796	193.120505010345	0.914458439465819	1.16545179062671	6.61224489795918	0.705978848144037	0.0771663112605568	0.298832651816372	0.144970414201183	6.46153846153846	-0.0479846449136297	4.08284023668639	0.402714932126697	14.7692307692308	204.87892939749	0.662172007310084	0.870577388923609	6.46153846153846	0.474610279052699	0.0467650018734898	0.202065188492965	675.705882352941	421.852941176471	7.78707990850972	0.55986837367907	1.09141735238283	1.18353629054906
105	43	5.80766777010995	2.70138776988336	0.626181954317979	9.83569728332546	0.053234011627907	9.36627906976744	0.578174344922074	12.1020737560844	0.32633144298671	17.2616279069767	294.888629524521	1.14186942336567	1.46249976657146	9.36627906976744	0.782646189896232	0.161814075489342	0.476452633671518	0.0397923875432526	25.3676470588235	-0.0131327221140176	13.5194096020761	0.262263373913641	17.8970588235294	305.755736757484	1.13263979369115	1.46301663027249	25.3676470588235	0.962689061904107	0.0648597800156835	0.305640002855815	739.485714285714	428.171428571429	22.5867913472979	0.949249435069623	-1.34666031392655	0.713612176586108
54	33	4.19962347287906	1.87719486841773	0.595360081951163	7.85994249669956	0.135177897683476	5.73248407643312	0.0684949568198321	4.07700109537912	0.456391042453238	13.171974522293	161.31875132786	0.732391288808985	0.966538778942431	5.73248407643312	0.556150363020941	0.0154396337764669	0.122174389167289	0.138504155124654	7.36842105263158	-0.137724550898199	4.2382271468144	0.358513931888545	13.6842105263158	175.258963309066	0.658294981739272	0.880106557491679	7.36842105263158	0.472110307169687	0.0502127926161998	0.21051986334679	124.462962962963	426.777777777778	16.5939186684399	0.936989649816736	1.57011542206581	0.623125815588058
49	22	3.62004356448487	0.928561651153024	2.07503858372969	5.32031814123619	0.0640706695901501	8.25974025974026	0.449542521862282	8.50261426884803	0.356851733322321	15.7402597402597	237.958600926683	1.03625062332053	1.34279981612964	8.25974025974026	0.765225592337171	0.121156936469664	0.398765866117097	0.0754422476586889	28.1290322580645	-0.172043010752689	13	0.265441454783798	16	246.04618783235	0.960877017245512	1.20364314278098	28.1290322580645	0.923004195289971	0.0680063882099093	0.285036627023833	494.897959183673	423.857142857143	10.7076250635892	0.826339107479459	-1.39753801384704	1.27221520682562
106	37	5.63898693894218	1.20028612611463	3.88747872910551	8.56795122339901	0.0351399760131296	10.2191011235955	0.762595319099015	22.5225350334554	0.304924706596881	20.4494382022472	442.304997526512	1.30697340493631	1.6432610444111	10.2191011235955	0.823677840203294	0.23725990017636	0.597895974070483	0.0243999206506645	30.5492957746479	0.315214563791066	23.3057429081532	0.137846794244003	21.7887323943662	478.364548102886	1.30237419567892	1.7060905299207	30.5492957746479	1.00300239039128	0.137767730584239	0.472325685862708	543.943396226415	427.216981132075	14.6528511310736	0.74296952789124	-1.48026239960424	0.972998747349943
229	82	9.72626528726135	4.10441518392439	0.638120753753696	17.622529317887	0.040307020584719	9.42782834850455	0.65747142057404	14.7621047042331	0.345888631454301	18.5045513654096	344.544838642738	1.21512545896871	1.56921997739037	9.42782834850455	0.797804811278319	0.185400882788688	0.523765345609308	0.0311756395002974	27.1707317073171	0.123793811268632	16.504759071981	0.216365019749926	18.9268292682927	348.383675544449	1.21989924177927	1.64292388349603	27.1707317073171	1.01077327585288	0.0814855830947069	0.360915190138057	143.484716157205	432.908296943231	35.1157359799908	0.905147320673406	1.22470776831829	0.42797425203573
43	24	3.4971966225472	1.37581963648342	0.867027168611898	5.54542479086239	0.104736328125	6.65625	0.386167146974063	6.421875	0.409019582365171	14.25	193.878679532065	0.876614881337456	1.12557077721117	6.65625	0.658587939580166	0.112597901377172	0.354500052300704	0.184	21.36	-0.178079774091071	10.0656	0.386533936651584	14.24	198.816815019089	0.678495104926999	0.871154302151947	21.36	0.635030702672269	0.0815177125896187	0.267129163412929	788.790697674419	426.023255813953	12.4155209511249	0.919741803380797	1.51012514658316	0.938114472946952
127	47	6.31627411224347	1.88429946202515	1.81038701159002	10.1866021240579	0.0318486044492608	10.0992555831265	0.75191229952089	21.3542045083708	0.334963376971843	21.0074441687345	459.577235104506	1.30313822677985	1.67527809878829	10.0992555831265	0.817220529323592	0.252536132595841	0.619528176290987	0.0258823529411764	30.2705882352941	0.299382849527728	22.6028027681661	0.202906194755937	21.3764705882353	458.540968945448	1.31655169238535	1.74297439389124	30.2705882352941	1.0153633113756	0.126471079897341	0.457907294140187	7.07874015748031	428.377952755906	17.5259993511831	0.782040744757791	0.671287878392677	0.722466757819654
34	22	3.06141812669395	1.59078962013623	0.227272727272734	5.30495636018536	0.154237484102208	4.25806451612903	0.0570945772953062	3.25794889582611	0.464136622390892	12.6881720430108	150.392276064317	0.620921113443518	0.875603369282548	4.25806451612903	0.428904207490087	0.013646954653722	0.109358710138548	0.181640625	5	-0.259842519685039	2.984375	0.423529411764706	12.25	140.21716239213	0.533359594485706	0.801372479076747	5	0.44468662754501	0.051618828060583	0.203894446438289	115.205882352941	426.970588235294	12.9187862517427	0.951039902641057	1.33380580716093	0.882761572083082
45	20	3.38218680569279	0.798944560903712	1.91637678967367	4.57957421601616	0.0622705095317137	7.71631205673759	0.453239051094887	8.05638549368744	0.371659827729915	15.758865248227	237.340886205598	1.03366045211	1.32646671820505	7.71631205673759	0.754965372266022	0.0996831919223564	0.360434998544688	0.0994897959183673	10.5	-0.0320962888665995	6.08673469387755	0.397963800904977	15.2857142857143	218.612797929733	0.836982190674862	1.05200361614913	10.5	0.716085184729693	0.0320873286974255	0.183642571158928	186.044444444444	426.377777777778	9.70225054467821	0.774992568032171	1.53779112786205	1.41371669411541
135	76	7.02764044782985	3.53314514439643	0.582821962903989	13.5003975523694	0.109330894680689	6.36049382716049	0.622296962171044	9.41996646852614	0.447209864464766	14.716049382716	217.53069404419	0.924337306354891	1.18184016194131	6.36049382716049	0.652467532715819	0.17075685366308	0.444971024554863	0.10372534696859	20.027027027027	0.187812898065586	13.3290723155588	0.396494211903107	15.6216216216216	246.749133198623	0.875100982385575	1.10290746559075	20.027027027027	0.686005542543331	0.052059561954895	0.239264261137571	589.148148148148	436.251851851852	29.8241873425572	0.950579760415998	-1.3907086224743	0.293708454456109
84	31	4.92720741324795	1.41474495139231	2.01890131978308	7.1286673384927	0.0436734693877551	10.1	0.561277825980484	12.5107015306122	0.322913922325687	18.2071428571429	326.245266007054	1.16887827753836	1.50294701448027	10.1	0.803456107083992	0.159239213475067	0.478511101981871	0.0472727272727273	24.6	-0.00778028317793093	13.2050413223141	0.266353006059853	18.6727272727273	333.902819106328	1.07492474465372	1.39044455013912	24.6	0.901337949688678	0.0486403261291006	0.258784840861788	74.0595238095238	428.440476190476	15.2025563413509	0.876104324433024	1.03508988704997	1.09841324828946
178	66	8.5616328887697	4.22089816325471	1.07479683945261	15.4381671978223	0.042576437778458	9.84511784511784	0.693937665951697	17.083517554898	0.3165521589051	18.5589225589226	354.629475323837	1.23435841002222	1.57963375884322	9.84511784511784	0.808756793349442	0.204148510987211	0.549292729531914	0.0329830127569568	22.9349593495935	0.310157190472546	17.6233227576178	0.239919505960015	18.739837398374	350.132654335197	1.23057348882257	1.6341027049849	22.9349593495935	0.962797441606978	0.088013632992285	0.373729825708028	806.52808988764	433.848314606742	33.5020004401805	0.959173824159814	-1.18939507453356	0.513501829512381
173	72	8.25496658664887	3.54115056617521	1.74696606495345	15.1601341751937	0.0599330682235534	8.30604982206406	0.482890591244394	9.03123060751511	0.374533377840893	16.1779359430605	252.636703849079	1.0512102153598	1.36295792109176	8.30604982206406	0.739648653733174	0.118094961424879	0.396520126542987	0.0550943691753466	14.4424778761062	0.0763312898184895	8.81799671078392	0.36715180938591	15.858407079646	237.050865783232	1.01855004474832	1.36364877625453	14.4424778761062	0.827446459833071	0.0446715017353504	0.245777317397633	872.612716763006	438.907514450867	31.873532366065	0.92278270470362	1.28883630790574	0.419363834159749
111	51	6.20689450311935	2.75468020119313	0.794541160366849	10.8872979402527	0.0743265225153739	8.51830985915493	0.492399131869741	9.39075580242016	0.377044303241486	16.056338028169	250.813572209789	1.03073125641889	1.29831835789178	8.51830985915493	0.711045813427837	0.13287234519265	0.410753943529786	0.0626721763085399	20.0151515151515	0.031971176532633	11.3380968778696	0.298461426944885	16.4393939393939	259.713223548046	0.99996430123312	1.33324652797002	20.0151515151515	0.852121512591475	0.0674667865665444	0.298141909523924	103.540540540541	433.702702702703	23.9414787080185	0.951784021887967	1.2503827518625	0.536281098882687
55	39	4.95983980072429	2.58928448569559	0.362618862146952	9.66108796380165	0.173062584974343	6.31788079470199	0.459370402618069	6.84307705802377	0.519162535524047	13.7880794701987	184.872863195515	0.833603959467967	1.02591822508002	6.31788079470199	0.642320427605257	0.135974862399253	0.372843597269647	0.227040816326531	19.0714285714286	-0.118659284752357	9.52423469387755	0.452262443438914	13.7857142857143	187.598481622809	0.649011068440664	0.821028208820082	19.0714285714286	0.610203566427513	0.0671382533121453	0.235459041546185	665.236363636364	434.109090909091	20.2025896124044	0.96876531676974	-1.34911924346922	0.454405249039944
72	35	4.79426846940234	2.11917630475652	0.569281681290611	8.13167151529457	0.0793307557397959	6.92857142857143	0.358542786816885	6.4006497130102	0.38206904383375	14.7589285714286	205.543058385619	0.943392716379397	1.23154977789106	6.92857142857143	0.710770259629013	0.0802052467011625	0.312707409390945	0.0701963117192148	13.0487804878049	-0.110604794815319	6.87462819750148	0.276773639327441	14.8048780487805	203.269541628275	0.918920777995238	1.24288010402583	13.0487804878049	0.777907700923212	0.0335168441121395	0.203672463047268	618.055555555556	431.805555555556	17.973855043794	0.939242522571371	-0.789101959798695	0.738594844272539
216	88	11.091872125997	5.47582929045612	1.13687488499492	21.0534327357483	0.0543734207730735	8.83168316831683	0.571901091245368	11.3150031309455	0.37414139324448	17.015558698727	285.99786802182	1.09169174794039	1.42918121768813	8.83168316831683	0.772598054818837	0.171393816053249	0.484793717150843	0.0389505599295809	25.0629370629371	-0.0244257353705448	13.2326764144946	0.263339433476193	17.6363636363636	295.75667284782	1.14730956243996	1.51553800141896	25.0629370629371	0.96370805908959	0.0392894721454546	0.242755242002513	315.541666666667	444.351851851852	42.0618495204048	0.978441899831601	-1.04072946990546	0.350508271268283
67	28	4.33123770201537	1.39215087195078	1.68463948786725	6.58316111029353	0.056991598079561	8.62037037037037	0.458417718791744	8.9585048010974	0.355538457009045	16.4074074074074	258.900701310985	1.05530486485754	1.35383605671571	8.62037037037037	0.774511294549651	0.118183342592044	0.395445111087645	0.0452111838191553	24.609756097561	-0.170119786731533	11.5159131469364	0.202157743273326	17.0975609756098	274.771678110242	1.05643315927286	1.42536854742761	24.609756097561	0.919736123108357	0.0513220259042247	0.26894272221585	834.537313432836	431.402985074627	14.0095771361592	0.887237313567986	0.33818832335242	1.07391177444141
83	29	4.78122580736853	0.898299949441844	3.16584777779978	6.8573021044869	0.0370982986767486	9.84057971014493	0.674929987415515	16.1360927326192	0.323393115720482	19.2536231884058	375.128518028962	1.24182908541233	1.59160544481096	9.84057971014493	0.807308829016495	0.195831287319189	0.540505524268311	0.0336415816326531	28.625	0.169825628979531	18.2403539540816	0.236784166950207	19.9464285714286	391.369069348522	1.21056313819609	1.62238099069321	28.625	0.952327244090519	0.0987164433778837	0.393756690282581	893.44578313253	432.831325301205	12.2877524396046	0.65726591231594	0.596414494315058	1.24020066705328
32	21	2.99775196082083	1.24443986342656	0.681801003013157	4.9845566491577	0.160123456790123	6.08888888888889	-0.0405502341870962	3.9258024691358	0.459869281045752	12.9111111111111	156.294363244128	0.6359311834492	0.870299316808324	6.08888888888889	0.475057545541558	0.00416085497761226	0.0601844054262799	0.295918367346939	2.28571428571429	-0.244444444444434	1.91836734693878	0.542857142857143	11.4285714285714	123.448864391787	0.380444470134264	0.552461610513681	2.28571428571429	0.296583221518423	0.0482131755888796	0.16408771668139	237.71875	432.125	11.0526576210036	0.937368266268538	-1.3238995856841	0.911845486756221
74	38	4.43050672556367	1.46712852552658	1.40758727582278	7.2498447781645	0.0794271604938272	8.20444444444444	0.425151341521134	8.13617777777778	0.405730979848627	15.2533333333333	224.306606442341	0.971654868402311	1.24413560097095	8.20444444444444	0.722564520372145	0.118143032902946	0.380294166992334	0.157173371306515	23.2264150943396	-0.0466259735467982	12.0958526165895	0.415388988261948	14.8867924528302	219.662165809157	0.797606158471739	1.01249878854064	23.2264150943396	0.680828712293551	0.037581379338282	0.195032023686638	679.297297297297	433.189189189189	13.0101611533179	0.665661636019053	0.564829950620494	0.643982981622285
458	154	16.8946222612921	8.17528174736265	0.766261280597779	33.3723991717709	0.0416125406282172	9.88924661944623	0.600258499003637	13.3695520665194	0.34178605185764	18.1764327108822	327.90657901661	1.1965146495375	1.54223434533594	9.88924661944623	0.79913944120748	0.167889490826611	0.496203602347769	0.0343945312499999	24.1375	0.117856370422663	14.681162109375	0.301968230456599	18.41875	327.036016847912	1.20105943446792	1.6179136062848	24.1375	0.983435365803899	0.0673097827738559	0.326459955882985	227.759825327511	460.982532751092	67.9554340081277	0.952741346140969	1.39306121228572	0.242679951989227
117	50	7.08560484736628	3.0644744976879	2.49062241216932	12.3143493534981	0.0580845569869626	8.28647214854112	0.615723846663845	11.7819234638955	0.37622295050911	16.8753315649867	283.329155800603	1.11183150651107	1.42723381368999	8.28647214854112	0.76654227667455	0.170493458977135	0.483289732957205	0.043644996347699	16.7432432432432	0.204263093259503	11.5205898466034	0.307886003415047	17.2297297297297	284.158467014133	1.14186626465262	1.4687218496026	16.7432432432432	0.901292375904053	0.0770641921231544	0.333251854316828	524.564102564103	437.495726495727	25.1331721849624	0.95878781289937	-0.396189019045011	0.588106144752009
85	31	4.85618110640378	1.01560271284581	2.93459752659204	6.77035221348883	0.0418347088863639	10.3109540636042	0.632249847474762	15.0189663998801	0.342561636512998	18.6996466431095	352.476197727688	1.18647199681049	1.52574282147939	10.3109540636042	0.798010460918932	0.214150338767743	0.553571281204443	0.0406804733727811	27.5192307692308	0.0951793238042527	16.2070081360947	0.271170513229439	20.3653846153846	403.957767793775	1.11313887576694	1.51092132179667	27.5192307692308	0.916218874332112	0.0800057470548528	0.343968325237552	756.105882352941	434.505882352941	13.0584291942049	0.731324570876353	-0.21401106815131	1.11148959648338
522	201	14.5306094355971	6.15255951805633	1.05445645659316	28.7468352194684	0.0471211304045043	9.13168487636573	0.718372852563068	17.2123661718562	0.361966271965934	18.3346751006325	348.907981438883	1.21187738449329	1.54808676692961	9.13168487636573	0.785957125933191	0.213980162704697	0.556704479670772	0.0402122451485179	23.8365650969529	0.363088490965637	19.7126192248371	0.295195697157085	18.6509695290859	353.649310526303	1.25455039399065	1.66481210988845	23.8365650969529	0.976217665505984	0.0784789418830578	0.356577636772918	733.045977011494	459.201149425287	53.5572492184391	0.844189467940949	0.983659986391094	0.162363443001299
179	66	7.86513223633998	3.28356479325959	0.97406685820881	13.6662719152826	0.0424943074294666	9.17863105175292	0.687360734970009	15.679267895017	0.356899018236541	18.5609348914858	350.374719216135	1.21630233014801	1.55955157833138	9.17863105175292	0.796669584250712	0.201288852741381	0.542809692288471	0.0332907820478366	25.8688524590164	0.202564835410635	17.2200349368449	0.240639758306867	19.2950819672131	364.817554010301	1.2449776261868	1.59533752749732	25.8688524590164	0.986227991208212	0.0544248171810848	0.292211381130032	176.519553072626	443.173184357542	26.9238394666182	0.890930866625462	-1.38142064613451	0.516386671251215
84	40	5.28443978487854	2.01703895847177	0.395284707521051	8.56482632631857	0.0769347540082985	6.70722433460076	0.467440215993829	7.29715624051237	0.431389257915762	15.1558935361217	219.76123525989	0.968581083354545	1.22856965196122	6.70722433460076	0.69694231174526	0.112079626085368	0.368418134521002	0.0678	11.14	0.087648031973267	7.1051	0.295768863886511	15.14	214.336569720661	0.960572306307262	1.25223932650927	11.14	0.826202087121301	0.0598151340744918	0.272592179937975	502.916666666667	438.666666666667	18.2057384446263	0.893477320145247	0.643203560481881	0.659734457253857
70	28	4.45398648171782	1.23460492410898	2.86516730287597	7.03526104413928	0.0489092797783934	9.73684210526316	0.59719558487653	13.0863150200062	0.344965661064732	17.7982456140351	315.561835360286	1.15632813480438	1.48179209940686	9.73684210526316	0.782252127623759	0.177687584472367	0.500963778042343	0.055765595463138	22.7391304347826	0.0680973039975208	13.2003780718336	0.301828684343156	18.2608695652174	321.549022559495	1.07114470683344	1.3279698382477	22.7391304347826	0.897030901623544	0.138526421088266	0.423487772806355	604.742857142857	439.357142857143	13.3711230803955	0.860321772812124	1.15111792023251	1.12199737628207
31	17	2.69903727212711	0.541343213635249	1.6481089089555	3.5161515609126	0.0958766540642722	7.02173913043478	0.300980922584742	6.02256616257089	0.417114547165698	14.4130434782609	195.757173832153	0.896807008285045	1.15153229381901	7.02173913043478	0.673675015634869	0.0778910023455022	0.298506273670038	0.163194444444444	7	-0.238329238329237	3.82638888888889	0.352941176470588	15.1666666666667	216.791696792132	0.589762288967809	0.815534785715795	7	0.467976766785047	0.132371764400217	0.330413616321026	486.161290322581	436.096774193548	6.81424444264036	0.408710254271658	0.52476014512403	1.34794978908351
32	18	2.83107217627184	0.86984784359739	0.820267947790762	4.39767053936965	0.106775349751416	5.26881720430108	0.211946183377719	4.34292981847612	0.458482946528487	13.6344086021505	172.170156124387	0.825534566749003	1.07412064881816	5.26881720430108	0.6360456032868	0.029217957801149	0.177051002141281	0.146484375	9.0625	-0.0884353741496599	5.1630859375	0.405740950226244	13.3125	164.925657702909	0.769142636323048	0.976100758342035	9.0625	0.717311150521109	0.0685559784775195	0.258740255356009	820.375	436.25	8.70727142950505	0.802966664474052	-0.2925828658626	1.24112302364041
73	27	4.54648270848436	1.05357308405988	2.46400701903405	6.2684569721799	0.0458506944444444	9.25	0.600402597383119	12.5741493055556	0.336307325424972	17.9416666666667	318.668108600011	1.16008416149784	1.45006198280479	9.25	0.797543741306437	0.155311660328411	0.465454498157778	0.0458	24.36	0.0626154414481002	13.9936	0.211367223138872	18.16	319.030645500372	1.08908187881004	1.40067735001736	24.36	0.916376862738745	0.0557263353462343	0.277764251284785	783.260273972603	439.219178082192	12.6182448166086	0.780324968972741	-0.788154406767337	1.2583608434132
65	27	4.29330883065231	1.24650786741122	2.15484269745021	6.62590418811004	0.055702947845805	8.47619047619048	0.532631989577368	10.0680045351474	0.345580926757397	16.752380952381	272.934319201856	1.09548178500248	1.39508294729623	8.47619047619048	0.769044887820979	0.137617630366009	0.431635310099334	0.05625	16.475	0.0462924437851621	9.63734375	0.265433717732786	16.775	266.164354846547	1.02412764807781	1.29505464417539	16.475	0.879924801783357	0.0826579311042146	0.32504300698594	328.892307692308	443.061538461538	13.339595286529	0.875261309131329	-1.08847620669546	1.12045828523093
42	20	3.21117587574972	0.581678171331026	1.56524758424985	4.34165866921847	0.0704733727810651	8.70769230769231	0.488242371973653	9.50763313609468	0.353275698253074	15.9846153846154	248.690292482435	1.03913271439867	1.28845255015675	8.70769230769231	0.73848339727591	0.142900592205873	0.424106950031506	0.0875	29	-0.355456882449172	11.6975	0.259116551254	18.1	315.026628504165	0.743830246734601	1.06758462054889	29	0.766554624884907	0.150734895470356	0.399669854643297	52.6666666666667	440.880952380952	7.91377439479889	0.448425067892257	0.862407308590926	1.31946891450771
83	31	4.6553607332706	0.825478388616777	2.48889312141425	6.03225806451612	0.0425123966942149	10.2836363636364	0.67654163658203	16.8963834710744	0.315503752209635	19.1345454545455	373.717131827625	1.23439924545085	1.57482443651805	10.2836363636364	0.804387704074281	0.209796282915952	0.55556423570689	0.0530697190426639	31.258064516129	0.114638136080286	18.6527055150885	0.267167940621382	19.258064516129	367.709843726978	1.13743852852162	1.41171678957815	31.258064516129	0.955611509442331	0.0793911083776161	0.331899641991006	203.012048192771	442.987951807229	11.8147237967276	0.60637222325672	-0.762855016368453	1.08533690009554
115	39	6.19140796686282	1.9216570650625	2.57689118490279	9.80577323272621	0.0396176778906182	9.43152454780362	0.684435079479332	15.9438735652905	0.341375111826548	19.0697674418605	368.967601377925	1.21973574260104	1.55003191721794	9.43152454780362	0.797615824327157	0.192714591900383	0.530549934149835	0.033359375	27.5125	0.196038636534858	18.1105859375	0.223970876779497	19.7125	383.698148428069	1.19849706497623	1.6169879992863	27.5125	1.00239728989815	0.0987829727787703	0.393283159820076	374.234782608696	447.382608695652	18.4704885239032	0.87755039992466	-1.23171854314069	0.950120066174428
201	77	9.36333459147529	4.74156727083733	1.42384104661462	17.647377162871	0.0514457812593701	9.60655737704918	0.550131977439961	11.6770840505418	0.344103986919802	17.5260804769001	301.56942200123	1.14109823168207	1.45448388023623	9.60655737704918	0.777673161385455	0.151728940085624	0.46090215905987	0.0396538663248063	20.5496183206107	0.105588864879121	12.4877920867082	0.292781467261617	17.8167938931298	303.22454439277	1.1487707839981	1.52998274423095	20.5496183206107	0.937932732012867	0.0855488165748895	0.357491912991282	84.6716417910448	458.218905472637	37.95789244139	0.973896235297043	1.53363091395573	0.426014588208162
62	26	4.0994560941674	0.910535620725038	2.09853428703134	5.61077260551249	0.0558445493800662	8.14070351758794	0.557811745599788	10.2050200752506	0.35652826932756	16.5527638190955	267.739591611424	1.09119162128812	1.40452124126034	8.14070351758794	0.776656766919411	0.146740994404212	0.446565640614989	0.0706122448979592	18.9714285714286	0.0415704387990764	10.8971428571429	0.299504184210067	17.2	287.001296683387	0.87872082751342	1.16254910913946	18.9714285714286	0.686144546630698	0.0305044964562708	0.188073167645583	408.435483870968	443.41935483871	10.9590570447577	0.681966813396768	-1.10136595803691	1.15253694983768
233	96	12.0648910513075	6.52125207094907	0.31492117620477	23.8976813801512	0.053746357492715	8.62204724409449	0.699654007636885	15.3535247070494	0.359939276576608	17.4645669291339	314.198026091506	1.17328169722526	1.49607863354386	8.62204724409449	0.782135888910635	0.192749207814904	0.52269887278975	0.0536858974358974	23.5576923076923	0.35353248321671	19.2203217455621	0.31247664790836	17.9423076923077	329.90330657164	1.19179391221475	1.52745843690625	23.5576923076923	0.965159757336714	0.0828433923280274	0.351661575522583	532.248927038627	463.381974248927	49.3334928314663	0.981396216158826	-1.12564632312254	0.317704465402093
38	26	3.34923448073595	1.45852766489444	0.481921695620816	5.87052108006429	0.171065759637188	6.36190476190476	-0.162759855442458	3.73569160997733	0.437535014005602	12.6095238095238	148.80037438794	0.600380929620357	0.83804384345506	6.36190476190476	0.476648295653664	0.0187041521010258	0.125293065220163	0.471074380165289	1.45454545454545	-0.22222222222222	1.59504132231405	0.709090909090909	10.7272727272727	109.97352733216	0.28467211739353	0.39413757036225	1.45454545454545	0.28467211739353	0.0859311406765707	0.186468046815167	120.026315789474	443.5	12.9096272570823	0.925663225930789	-0.621063158327895	0.70639361441664
31	17	2.72227470729979	0.686711991428949	1.37198868114007	3.79628301182646	0.102374763705104	7.30434782608696	0.24248290734433	5.82124291115312	0.403153596248226	14.3260869565217	193.150823986891	0.866138956311444	1.09802638573356	7.30434782608696	0.642775462505008	0.077237466507327	0.290579581691597	0.177514792899408	3.38461538461539	-0.00350877192982892	2.68639053254438	0.49683257918552	13.8461538461538	180.155179599692	0.549754602218304	0.818589219270619	3.38461538461539	0.390055944477614	0.0623661970268497	0.22656382592732	189.838709677419	443.161290322581	8.2286041498428	0.809606690589282	-1.46304876259307	1.34794978908351
46	28	3.52751398321534	1.27395903734479	0.658538889806664	5.21037034995336	0.11266889027079	7.7593984962406	0.325755268458026	6.75414099157669	0.422704247472049	14.3759398496241	197.139311381638	0.889570956865265	1.1318008549703	7.7593984962406	0.669508250160613	0.0936239149100384	0.324362806352837	0.0817901234567901	22.8888888888889	-0.315360056757715	9.70061728395062	0.241715924068865	15.4444444444444	226.144157905311	0.807826745727385	1.11295597551142	22.8888888888889	0.680563965781598	0.0745003496992531	0.287261725449967	442.891304347826	443.130434782609	12.0365635749925	0.853437478785727	-0.183213930459952	0.737312561556788
78	46	6.06133798717452	3.08025487338439	1.13751960451746	11.5452999463271	0.129839848394768	6.68103448275862	0.0188535101361504	4.40470793697979	0.419702761741301	13.5431034482759	170.707492185279	0.745850035136068	0.978999545495641	6.68103448275862	0.573153404557811	0.0232563542421495	0.150905685497766	0.191995673336939	6.74418604651163	0.016561514195582	4.42888047593294	0.513564137640745	12.6511627906977	149.880986327736	0.696680348094157	0.8646970898601	6.74418604651163	0.612981861316251	0.0874835512563614	0.275787950387018	762.935897435897	452.089743589744	24.4810151310075	0.983892200285432	-1.49714704276888	0.463221601096416
143	46	6.28015853528763	1.94685196925175	1.33017900354598	9.645218802427	0.033068227626982	9.70491803278689	0.695102925295225	16.9150723931739	0.326172170241601	19.6680327868852	392.086522369854	1.27968998961431	1.64101557607557	9.70491803278689	0.813868670517031	0.195713126156814	0.547294652507074	0.0225151909722222	26.5	0.181971649829846	17.1974826388889	0.218882083816383	20.7083333333333	415.337949662768	1.29060897883668	1.73720948567586	26.5	1.01982810231377	0.0774651009098155	0.361438576011457	849.377622377622	447.517482517483	18.2028749937128	0.762876058853442	-1.09779073406814	0.849239602010095
32	16	2.82448862493209	0.722678356967502	1.58113883008419	3.80788655293195	0.0922309027777777	5.4375	0.257115749525618	4.65972222222222	0.39731334841629	14.1666666666667	186.588481428934	0.8479920877138	1.11165575669286	5.4375	0.685288162762649	0.0673468047496039	0.273038708917155	0.111328125	9.625	-0.262295081967213	4.8125	0.208314479638009	14	181.251224247446	0.747595529586127	1.02981115052111	9.625	0.669671855973755	0.171074444731646	0.418607474391408	627.5	444.5	8.6067885776758	0.839075598118705	-1.0687627721592	1.5707963267949
302	86	10.5320696051693	3.20017810475885	2.97422222382062	16.5482928979599	0.0493408736509922	8.6551724137931	0.475919783225919	9.2574882019675	0.355265734468694	16.6713995943205	266.897833082595	1.09824793229274	1.42551196720633	8.6551724137931	0.788527406047695	0.107778748786209	0.387157970273282	0.0430289462723865	18.7704081632653	-0.0184061470104901	10.2155807476052	0.272453531878883	16.6887755102041	261.200306723708	1.0968419579934	1.48114426887895	18.7704081632653	0.927571359281844	0.0225912682397838	0.182419661158497	12.7152317880795	455.509933774834	30.9385980587574	0.673086007802666	-1.15232777890114	0.51312113649763
41	19	3.18981866556745	0.568921645963874	2.15853648993789	4.55103409758055	0.0671151342302685	7.48031496062992	0.447618785997491	7.77097154194309	0.373019772186053	15.5275590551181	230.288183662682	1.01258015552822	1.30537623436998	7.48031496062992	0.746126947181677	0.106389481217399	0.369365062875373	0.0754132231404958	16	-0.14420803782506	7.99173553719008	0.236634907223143	15.8181818181818	237.298180096631	0.8071446139154	1.14922415444265	16	0.635703584173117	0.0510321460765887	0.241677061405586	69.4390243902439	446.512195121951	8.36560780531637	0.626210848590738	-1.29844526213201	1.42720552683858
32	16	2.76436900026664	0.449459709389831	1.91213231759729	3.48658142024534	0.0790200871506005	7.6701030927835	0.371752907584095	7.10436815814645	0.398775292529083	15.0721649484536	216.3794707544	0.943042498188086	1.21617597226149	7.6701030927835	0.701040882191791	0.119351532103761	0.378206560110966	0.076530612244898	7.57142857142857	-0.0630372492836671	4.56122448979592	0.309696186166774	15.4285714285714	218.571007630811	0.871870626430321	1.12989633699945	7.57142857142857	0.724478750893099	0.116326464600407	0.360906803544831	570.71875	444.03125	7.03429997588273	0.536531386546147	-0.132067723288826	1.5707963267949
40	19	3.13080454886319	0.535448910819082	2.10657853644097	3.98230156590044	0.0699791883454734	7.67741935483871	0.43618596387326	7.80846774193549	0.358631803603341	15.5	229.789163742311	1.00059614572351	1.29006764586573	7.67741935483871	0.74616105823813	0.114828205163775	0.38135560309939	0.0984	10.56	-0.0805500982318254	5.8864	0.368180995475113	14.88	205.875850475719	0.848241361977505	1.07702415868213	10.56	0.724642509584664	0.025442369525935	0.165449358270633	344.375	446.2	7.89388058023407	0.517946303885841	-1.20369958113911	1.39239563594007
34	20	2.92452303963446	0.839443262315688	1.30096118312572	4.42634160453072	0.124477094174064	7.39393939393939	0.25181193086787	5.94123048668503	0.438629415100003	14.1818181818182	190.810314153114	0.823699616679113	1.05083628638578	7.39393939393939	0.602251692099876	0.0694477060794677	0.269844688123335	0.303819444444444	18.3333333333333	-0.171251109139307	8.82638888888889	0.546638946638947	12.8333333333333	165.07188685403	0.500464055188545	0.650979053020536	18.3333333333333	0.500464055188545	0.0558847570953859	0.191660858774289	619.558823529412	448.029411764706	9.06982916737625	0.822507444017871	1.10520881506522	1.06814150222053
69	36	5.36224184251957	2.34755679721695	1.48578656892408	9.30572139155712	0.103272928994083	5.27884615384616	0.2601845133202	4.5676775147929	0.447889836407936	13.8076923076923	177.037936813144	0.844433731708467	1.08835759633354	5.27884615384616	0.642731193498185	0.0480718206330996	0.228465051867245	0.0842872008324662	7.29032258064516	-0.166500166500167	4.12486992715921	0.34546781491753	14.1290322580645	182.736318222556	0.805100364867074	1.11230120377133	7.29032258064516	0.655064157148604	0.0228803192962067	0.159423230082324	814.565217391304	453.405797101449	20.3334179152666	0.969645713194749	-1.08003966354891	0.66904287993116
111	48	6.34133175194273	2.49412736924664	1.73930262206184	10.3130260808574	0.0596891482787678	8.21229050279329	0.548156772239282	10.0875440841422	0.382552779529447	16.4804469273743	265.324315498496	1.0795888452829	1.38224740526722	8.21229050279329	0.768547786574363	0.141621169731567	0.435845636253607	0.0517754413806784	24.9295774647887	-0.0175708502024295	13.2495536599881	0.248462821899886	17.0422535211268	278.528306965439	1.09046146536465	1.39168387243838	24.9295774647887	0.949326407266367	0.0561995352334987	0.278065515089274	495.72972972973	454.288288288288	22.0383626965765	0.932234228584034	-1.09906932161459	0.605411084285533
31	22	3.00077894927957	1.31090281616464	0.0642824346533042	5.44430857573009	0.205011897679952	4.29268292682927	0.00879120879120978	3.16537775133849	0.499569583931133	12.1463414634146	138.037804904851	0.584811425122711	0.795890877586778	4.29268292682927	0.442849052096137	0.0231381274396152	0.135862002669984	0.159763313609467	4.92307692307692	-0.181818181818181	3.08284023668639	0.36289592760181	12.7692307692308	152.667372086415	0.552067102374777	0.847421235410996	4.92307692307692	0.401778456043568	0.0725080884895471	0.248528465117707	668.032258064516	448.161290322581	11.0627873167257	0.907032275062725	-0.146441121262553	0.804870845134575
112	44	5.845299577928	1.67653769101642	2.41658354564001	9.29681585942019	0.0468226803970629	9.12261580381471	0.644585781649446	13.8337800414288	0.366664856134323	17.9945504087193	324.561423149001	1.19130909083366	1.52735220781909	9.12261580381471	0.800336196509402	0.173552696762105	0.501930340132405	0.040720585475699	19.4657534246575	0.224591395478347	13.5519328204166	0.305014104878868	18.5342465753425	331.76559311061	1.18421443549901	1.57122855828398	19.4657534246575	0.950692723641754	0.0729661727067934	0.33493456376098	778.223214285714	456.553571428571	15.7649089402564	0.672308756840466	-1.0538914002069	0.726980118186068
113	51	6.02639443431018	2.50477167748538	0.520993343356335	10.7583466340844	0.0706327160493827	7.22777777777778	0.235903217017775	5.72962191358025	0.40052267199326	14.9388888888889	207.096794243746	0.96011625438327	1.23137798998486	7.22777777777778	0.739541194127977	0.0434327767889446	0.230655327363793	0.0731788817108487	11.3582089552239	-0.161686469737185	5.88867231009134	0.306776926179911	14.7313432835821	199.491494293569	0.900399208486288	1.21699968978932	11.3582089552239	0.760554671351195	0.0285960412556174	0.186253025054367	34.283185840708	458.12389380531	22.0963985537671	0.884765181671075	-1.4211414418744	0.545943821385077
33	18	2.88653970369406	0.94672255741911	1.37212100391427	4.17591566065914	0.110731336805556	5.625	0.0720320779034796	4.03081597222222	0.401414027149321	13.5416666666667	169.724637371346	0.765658938019298	1.02921335074567	5.625	0.576587297271648	0.0236640695610394	0.156031225335334	0.231111111111111	4	-0.0588235294117723	2.88888888888889	0.651764705882353	13.3333333333333	169.072764657938	0.467984169692956	0.754256922524754	4	0.412697251504221	0.28284217627302	0.469053183419858	688.515151515152	450.666666666667	9.54838878809474	0.87054650087347	-0.491986623082461	1.27990811812917
152	45	6.8008710768944	1.91421053653384	3.89523292065737	9.84070658910423	0.0268454799115211	10.6159695817491	0.768509088581932	23.9295602076075	0.307110670707181	21.7376425855513	496.582101938837	1.35432021921084	1.74257414451711	10.6159695817491	0.831242900940282	0.241844341295595	0.61712760738228	0.022593781815334	34.3982300884956	0.322363138045654	26.3810204401284	0.206884294171768	22.6637168141593	521.732931093977	1.34219999611939	1.74958192564555	34.3982300884956	1.05158437321225	0.0909575728040824	0.391871629567564	251.361842105263	456.894736842105	20.4365017074226	0.874739487245515	-0.945087578351758	0.943253497966713
100	41	5.77658780821772	2.54229738752598	1.26758892294501	9.75914586524027	0.0560331360946745	8.43692307692308	0.430546698174093	8.40791479289941	0.360502648140657	16.2584615384615	252.350804133316	1.05464399027182	1.3492576799936	8.43692307692308	0.768380017694462	0.0989922739317458	0.362070278055371	0.0590828924162258	15.5555555555556	-0.0888888888888865	8.14285714285714	0.266964443435032	16	238.112343463049	0.996784663040523	1.29206513621693	15.5555555555556	0.859558493944169	0.0320173519407977	0.202904026088011	211.21	459.04	21.942007562562	0.951053722862753	1.38064206781948	0.747553278665031
137	53	6.63633453952439	3.20460522339219	0.830403059798693	11.2405492125702	0.0465530864197531	8.85333333333333	0.595167846824955	11.9345728395062	0.34993762993763	17.5244444444444	302.81383860322	1.15591119987641	1.4822776908934	8.85333333333333	0.785122291220737	0.148971927267378	0.460718651106355	0.0309626825310979	24.0116279069767	0.00477187201407858	13.0633788534343	0.239991650586859	18.2209302325581	314.594115601186	1.18120523200647	1.61173575002606	24.0116279069767	0.997395150118633	0.0482816321938779	0.276849623435912	571.795620437956	457.948905109489	26.5853033295992	0.933056961898178	-0.436455449485549	0.612884576065221
63	29	4.22254344025232	1.71066345712798	1.20443097907404	6.8255831265787	0.0740230588715437	7.12121212121212	0.286739871338275	5.992016120804	0.42530490177549	15.040404040404	211.22782153003	0.955626116417248	1.21955475744707	7.12121212121212	0.731952231052194	0.0798507527483586	0.310576002839196	0.0882963988919667	10.8157894736842	-0.208683202414582	5.47420360110803	0.319945225053584	14.3947368421053	190.784659898558	0.84100543825156	1.10518710904343	10.8157894736842	0.724452339990822	0.0457190404171506	0.224490407931975	828.222222222222	456.714285714286	14.9816989797968	0.912453832200586	-1.53543154241753	0.941357132823577
82	44	5.28287455872465	2.39787630559734	0.564533743107924	9.49404445772661	0.103099542690423	5.82186234817814	0.294381049252233	5.12535855365602	0.443691226353765	13.8704453441296	179.679875050243	0.870433683219504	1.12592817285138	5.82186234817814	0.677069907595422	0.052943987629627	0.243711026087732	0.0999228395061729	4.58333333333333	0.192441030521379	3.83777006172839	0.441515837104072	14.1944444444444	185.963497300139	0.808042747701616	1.06316378762555	4.58333333333333	0.560291261806624	0.0600215795704853	0.252328764090461	53.1341463414634	456.707317073171	18.5931935850327	0.839613584932461	1.27985782776115	0.5322533008148
38	17	3.08527903591935	0.357927498309322	2.30089496654212	3.76516541313064	0.0666116058603849	8.05084745762712	0.453762267203321	8.36936225222637	0.370628032741692	15.8813559322034	243.05857298421	0.99404685927379	1.27019114525575	8.05084745762712	0.7560314460755	0.110114654589905	0.370921428713188	0.122041420118343	18.3076923076923	-0.0993071593533491	9.32692307692308	0.32234127618743	15	217.266627273738	0.777952774873154	1.0210923867556	18.3076923076923	0.706843591445235	0.0377584069117556	0.196302348290652	133.684210526316	454	7.66744042242254	0.555207478919512	0.540994956780566	1.65232554790882
532	229	18.7170931445419	8.5795122408052	3.02557382742236	37.6726470107032	0.0600518415777241	8.08922363847045	0.547003580862502	9.92857349057224	0.387152940496271	16.2514484356895	257.709068218228	1.08292847181661	1.39481333117692	8.08922363847045	0.755608859986078	0.131713583655267	0.422535794783113	0.0563689060642093	19.4252873563218	0.118467045188831	12.017901968556	0.336176317277329	16.367816091954	257.18835139368	1.11848722554886	1.48014887605479	19.4252873563218	0.899810913943764	0.0299454626471911	0.209762025080527	381.483082706767	487.364661654135	74.5491470080163	0.915923247859705	-1.30799784694635	0.127482488259932
274	132	9.35253794407655	4.30970268331427	1.16208269068155	18.664960198465	0.0787519290123457	6.95138888888889	0.453688100971787	7.3621064278978	0.422533478048184	14.974537037037	214.29948479274	0.981594245399599	1.25552910937283	6.95138888888889	0.708385141660126	0.0970810637389757	0.346756805944652	0.0921330990713184	13.5988023952096	0.103085871586972	8.58088314389186	0.384867955174401	14.7005988023952	205.964962337003	0.944137333083951	1.20547712580764	13.5988023952096	0.78136683609882	0.0372146299504256	0.211383324403422	474.445255474453	463.587591240876	31.8955609084108	0.650471790350931	0.848561059010152	0.197611659110102
86	40	4.7410192423354	1.65876054444439	0.413823633931176	7.31240384552165	0.0723388203017832	7.35555555555556	0.600446481794989	10.2047187928669	0.380826709062003	15.8962962962963	249.882010100076	1.04979197763045	1.34818329560572	7.35555555555556	0.734630205979555	0.158111665757475	0.454562531129379	0.0536024305555556	19.1458333333333	0.0949435262979721	11.5771484375	0.274561775245061	16.5625	263.561182560191	1.0577129281462	1.3602801366052	19.1458333333333	0.920893029759227	0.080746652939532	0.328864172572383	517.686046511628	456.918604651163	15.2894242097438	0.785887996700268	1.45666577942226	0.675442420521805
300	77	11.0040546161182	1.84744660256338	6.62965070804714	14.3573704658105	0.0506425137087508	8.92648539778449	0.599664520495362	12.1487562991291	0.359608441677039	17.1742195367573	292.754980758982	1.14030420205974	1.46114226385731	8.92648539778449	0.772798199481047	0.15856571415424	0.471671018374688	0.0388875	22.645	0.116702446816137	13.81844375	0.300855398043791	17.535	297.111960875329	1.14954346454366	1.50851753789998	22.645	0.918657360670724	0.05718440281746	0.29150290999941	348.42	465.1	27.9158774080392	0.428230134832135	-0.793220755900646	0.635842668967406
227	80	8.63118917894744	2.7505530547911	2.58834527256314	13.7495284010034	0.0543439083452311	8.35714285714286	0.584617335318233	11.0595710506425	0.384139310609899	16.9285714285714	281.760211224803	1.12100773648479	1.42361687602142	8.35714285714286	0.760635619923018	0.154448378285667	0.460450663129055	0.0474071437047585	19.4150943396226	0.199231588092063	13.122789842174	0.301889867324967	17.0754716981132	282.296121291785	1.16258207169048	1.50601999325988	19.4150943396226	0.92331275307134	0.0643556886070329	0.308694479871008	407.718061674009	463.132158590308	25.5291665651825	0.758880986999425	-1.33838094538513	0.445713457728052
85	37	5.30909886943842	2.36245271997838	1.08546408800126	8.97382770269698	0.061834990406419	7.97802197802198	0.389835830728529	7.53760281232809	0.37472137743631	15.7509157509158	234.830586549933	1.03160200065405	1.32018604387216	7.97802197802198	0.765532437026525	0.0888202241152382	0.339821628627195	0.0972222222222223	13.6296296296296	-0.0177199631260862	7.69615912208505	0.332495391318921	15.2592592592593	219.567250778361	0.892205145083636	1.14306347480362	13.6296296296296	0.760331871930444	0.0459539143683533	0.228787805836142	600.447058823529	459.082352941176	19.6752008825537	0.950925489392266	0.708579531826947	0.780234844573068
100	36	5.3532776922459	1.7547936248322	1.78319487174489	7.83239750123066	0.0449617346938776	10.1488095238095	0.563779239766082	12.6326530612245	0.339217942894413	18.4285714285714	334.900948686553	1.15086481092495	1.48630939075355	10.1488095238095	0.793824005364411	0.164721142560219	0.483915382022364	0.0379555555555555	27.36	-0.000975609756099795	14.6666666666667	0.251963733641669	18.4	324.674553618953	1.15564188053708	1.53654570835101	27.36	0.974229422344923	0.0628730534717143	0.308106977822829	799.67	457.2	17.1614065704324	0.879958724899333	-0.449049447429311	0.969627362219072
114	64	8.32461914179093	4.30902071281898	1.25943703321166	16.5177535288739	0.105223553289015	6.31671554252199	0.501210111150952	7.3320404881279	0.453978023617492	14.3870967741935	200.125650272406	0.929229043292905	1.19515362505977	6.31671554252199	0.67465109922023	0.113221974018185	0.365547972825976	0.16274059178397	10.9152542372881	0.240474953024428	8.18557885665039	0.489237899606793	14.3728813559322	203.368257210091	0.751530614512408	0.965413367984838	10.9152542372881	0.54300681127319	0.0431055314839659	0.204057723753771	865.026315789474	467.894736842105	32.9866902541572	0.970359223239997	-1.08389616940987	0.349747619637926
42	21	3.23411640796837	0.892595590048591	1.24630974555265	4.45409949008481	0.08544921875	6.78125	0.252278080624537	5.53460693359375	0.389491867433044	14.546875	197.188491932103	0.914879027372647	1.16927837760628	6.78125	0.682078761490801	0.0562000861802145	0.255691910860097	0.178819444444444	10.2916666666667	-0.0906080397387537	5.71831597222222	0.424302413273002	13.7916666666667	182.182427543816	0.615899883606416	0.816586547382404	10.2916666666667	0.561356816279927	0.0490961123382074	0.200666379152534	670.904761904762	458.928571428571	9.87625166255951	0.804416444488287	-0.660887302990526	1.19679720136754
269	90	10.1181376957717	4.96722151402611	1.42400062421957	19.2395714897996	0.0387234533702678	9.16666666666667	0.670423582156832	14.9067393332564	0.343758059083136	18.734649122807	353.507740112821	1.21187966571315	1.56801724253868	9.16666666666667	0.797975991822348	0.185612324482386	0.523874107200661	0.0275675675675676	26.4108108108108	0.151443065923666	16.5621913805698	0.243800657684993	19.5351351351351	371.418746276917	1.21627077171323	1.66242816490725	26.4108108108108	0.966013336422897	0.066365612019514	0.328396693239838	698.992565055762	471.970260223048	41.6480924850851	0.957369789135417	1.32106619037579	0.417327616699089
95	40	5.87427519941949	2.25868122617716	1.57836941176646	9.82554069759013	0.0541385054483336	8.9185667752443	0.557317719277736	11.0733270379527	0.362385478614641	16.8729641693811	279.401640539949	1.12409439522326	1.43833715930959	8.9185667752443	0.784359683640935	0.143747060382445	0.446877368776158	0.0913111342351717	14.4032258064516	0.275214525556522	10.9361992715921	0.419815414597198	16.3064516129032	259.933526635105	0.990056627294232	1.22290894179041	14.4032258064516	0.80342546347094	0.0901151097805849	0.33013996775011	109.778947368421	461.663157894737	19.1593788746517	0.91116734436809	0.39596512712357	0.746128255227576
35	20	2.95715412066312	0.977363548862505	1.30384048104054	4.70106370941729	0.12649637100575	5.74757281553398	0.18124446115423	4.50994438684136	0.474445371875412	13.8640776699029	179.567620959567	0.776854273485498	0.981936159966529	5.74757281553398	0.585710350022304	0.0435136913776703	0.20673126774645	0.17375	9	-0.294033069734004	4.4775	0.329411764705882	13.7	176.58058970008	0.597687620115286	0.823460116863272	9	0.451544993495972	0.0653273396934459	0.232578799060677	428.571428571429	460.685714285714	9.68102155295127	0.866468251576712	1.24815477244489	1.09955742875643
43	26	3.73978231848875	1.44396472515041	1.27330348901902	6.46336970387692	0.130983350676379	5.2741935483871	0.162905922913358	4.15029916753382	0.483309005984528	13.2096774193548	161.696254400831	0.785135122791825	1.02375459948034	5.2741935483871	0.604293140697797	0.0239325447011613	0.156501918325277	0.141868512110727	6.58823529411765	-0.189999999999998	3.7681660899654	0.479584775086505	13.5294117647059	172.424736717256	0.570233254803637	0.893657447458512	6.58823529411765	0.466164583277479	0.103880253016526	0.305414356565504	684.302325581395	463.906976744186	13.0191630208792	0.923333202094978	1.41045127209415	0.799340142629356
44	23	3.73861777248081	1.60577169820425	1.04709518076455	5.87262400170539	0.11027912126333	4.99236641221374	0.122498310014951	3.84464774780024	0.426071638285379	13.4656488549618	167.530978785163	0.771368481259049	1.04568500743073	4.99236641221374	0.579527812074555	0.017767877148531	0.136277387073012	0.131519274376417	5.9047619047619	-0.300699300699305	3.26984126984127	0.356862745098039	13.3333333333333	166.507994646539	0.553138050320817	0.891946909402729	5.9047619047619	0.44388502901484	0.069452232746979	0.24931978309525	182.772727272727	462.681818181818	14.1973224733657	0.952912927170581	-0.96169711797971	1.04521797170473
32	17	2.80015093246445	0.780372824384516	1.44207654966252	3.96568324486668	0.0947368421052632	5.78947368421053	0.19588168303118	4.5998891966759	0.401867111216956	13.9789473684211	181.026284167004	0.848212390343438	1.10623949661981	5.78947368421053	0.686679594436715	0.0479876868948468	0.230083013354545	0.083984375	9.5625	-0.264789460087833	4.7802734375	0.305740950226244	14.0625	181.467698745143	0.799427015388065	1.1050686494371	9.5625	0.717311150521109	0.0671175685867585	0.271797727316105	629.59375	461.59375	8.77936994849672	0.848071157013644	-0.420017176049606	1.39143204034427
1376	566	28.4917163178514	14.0310527931255	0.470017797681896	64.9735613377771	0.055068328864479	8.42949145014435	0.631504090190117	12.437700155876	0.380651351125937	16.9735731734399	287.762142488961	1.14825063910903	1.47020294723791	8.42949145014435	0.769966882224411	0.163797717313832	0.480331222644648	0.0423887569718139	20.0567536889898	0.23321880660436	14.078537829136	0.306221526287642	17.4211123723042	295.571024317047	1.19417098800466	1.58847618000303	20.0567536889898	0.944881082882911	0.0475207585845357	0.272780107227118	320.686773255814	524.840843023256	118.856925643538	0.940315080120782	-1.52858211879914	0.0539753460692424
80	39	5.51306280975992	2.46433289446614	1.15242077201254	10.0253459199797	0.0484475992613112	8.78070175438596	0.627470439602773	12.7852416128039	0.347206971200779	17.5614035087719	307.224390719423	1.16432675641776	1.48459612709942	8.78070175438596	0.773012236413588	0.191133022255776	0.518931310316033	0.113469387755102	17.1428571428571	0.0982480247337691	10.505306122449	0.387519207226524	15.0857142857143	220.726610939188	0.948945079412246	1.17256736190549	17.1428571428571	0.815362306099188	0.217144446458052	0.498455271920069	897.0625	469.175	20.2326046998144	0.959242014754283	1.21767606175206	0.660953089512646
528	172	21.0918678789447	10.8846493650495	0.545025192802698	39.4413822508307	0.0451774917415404	8.96505073280722	0.586443175692131	11.8389587668045	0.357731608676632	17.5118376550169	301.372325822589	1.17226784770014	1.50620565084494	8.96505073280722	0.791276703175012	0.148480673145646	0.463262163196737	0.0317658097203978	21.8493150684931	0.0846859113088282	12.9354194032652	0.260787685341661	17.8493150684932	303.155134511562	1.19810574403284	1.62052167771083	21.8493150684931	0.983242423365318	0.0147705376343967	0.154355577146787	149.799242424242	494.143939393939	93.7158904650026	0.989061775415471	-1.20325101088389	0.224278112641348
282	117	10.8215971378727	4.96813398344577	0.199348782729758	20.185602377833	0.0581474512547407	9.14626218851571	0.426647919816302	8.97613063999465	0.367751843655228	16.329360780065	256.052420468904	1.05539076250109	1.36571765741122	9.14626218851571	0.768857639052062	0.115053865393942	0.391873963147557	0.0662990703451391	11.3128834355828	0.0179503767161329	6.75983288795213	0.384074889091129	16.319018404908	246.669749947725	0.99115809005975	1.28675972731305	11.3128834355828	0.79870309382402	0.045206513185877	0.240372102605907	646.68085106383	481.68085106383	41.1769973287184	0.870888530397725	-1.3037144729762	0.258873293392453
94	35	5.21967138865498	1.79407470966075	1.84213717940743	8.4223706004077	0.0442303119281231	9.05466237942122	0.642785646751903	13.6739901365784	0.367033326556686	18.0707395498392	327.158517683242	1.17348475752608	1.50746101761904	9.05466237942122	0.789330461211936	0.179976690899255	0.507740194068975	0.0434722222222222	24.05	0.136923007910044	14.9327083333333	0.268137894253651	19.05	351.363257256888	1.17033490460309	1.4882452976372	24.05	0.954455533707719	0.0739344617846921	0.328589030015054	299.382978723404	470.606382978723	16.756147407457	0.880343146279794	-1.18046569643861	0.964276602244704
196	82	8.62919915580456	3.89105166041887	0.907451471818831	15.764085606307	0.070448885734708	7.91068580542265	0.545845518665062	9.70924556570489	0.387192964901943	15.8787878787879	246.435297462986	1.06295172264774	1.35454427747206	7.91068580542265	0.744357385345372	0.137834527740151	0.426259150012418	0.0605178359432416	16	0.0859283661143948	9.75204929617277	0.318162663454095	15.6541353383459	232.560548850674	1.04070481481775	1.38319944971266	16	0.894247324528538	0.0442105573856538	0.24620969323433	369.19387755102	480.020408163265	32.9586134756242	0.932340788395106	1.35119863541214	0.366301106545865
38	20	3.12089811690102	0.966951365852306	1.01242283656583	4.6930800121029	0.0983764235149277	5.15789473684211	0.27227722772277	4.54385964912281	0.429959514170041	14	182.08606718865	0.844448953806593	1.09054574445986	5.15789473684211	0.645535550915468	0.0577466578914121	0.250579029333315	0.160899653979239	8.70588235294118	-0.27715736040609	4.40830449826989	0.321799307958477	14.1176470588235	187.248228603945	0.615021648785426	0.845221057234352	8.70588235294118	0.458224810617833	0.0697883283409977	0.243493256604596	624.763157894737	469.105263157895	9.84032223006166	0.843186285774966	0.40265792392314	1.19380520836412
92	39	5.38638456256548	2.08103677829692	1.22568393874023	8.91928153883307	0.0599319758948137	8.03378378378378	0.565406267789381	10.2428665997078	0.372739539710923	16.3310810810811	261.944897696012	1.06650722260194	1.38391411909429	8.03378378378378	0.738536004729559	0.14279826597129	0.437829462904244	0.0478608802708525	20.8421052631579	0.0732214709988241	12.2443828870422	0.265298428884676	16.5964912280702	264.361836662776	1.0972522023062	1.46165693389944	20.8421052631579	0.941684404045039	0.0661953298864757	0.308582340440341	837.95652173913	470.326086956522	18.6763248306392	0.900181548771782	0.110611220253829	0.760096052939542
116	46	5.52349621363477	1.9335528513599	1.69788036432753	8.35699225024766	0.0562798584384608	7.53846153846154	0.449424056435067	7.84597794960916	0.377819133631273	16.026525198939	244.030763973757	1.05370603507469	1.34752823193046	7.53846153846154	0.761447982991437	0.0941921265249817	0.353142675823362	0.0586666666666667	15.1066666666667	-0.0184635852075597	8.4164	0.333524794013747	16.12	242.556764197537	1.02040295689307	1.34106714129351	15.1066666666667	0.865107195305512	0.0451212126607962	0.24501005316738	31.3620689655172	473.836206896552	16.4466908212714	0.649576587518649	0.646512358665918	0.688893663169028
67	39	4.86167603193398	2.15015028909903	0.814884542670322	8.67637144394286	0.115321188384138	6.20304568527919	0.0985703480142873	4.44067097838131	0.407515446631601	13.502538071066	168.842945693252	0.802801559428978	1.04555582877221	6.20304568527919	0.637082793612767	0.0422885552627619	0.210155069593936	0.211662075298439	8.42424242424242	0.0383647798742155	5.3801652892562	0.539421362950775	13.4545454545455	173.956629397164	0.614755321354747	0.769831379727101	8.42424242424242	0.49634608485137	0.0155007520115703	0.1093350230828	805.014925373134	473.477611940299	18.6648003591653	0.918207242990554	-0.503022907782828	0.553548212466841
55	25	3.92954283156754	1.11512023337226	1.78751223772034	6.3083436811892	0.0639680577366434	8.67052023121387	0.569155877577177	11.0622473186541	0.358118110787271	16.5317919075145	270.162904621568	1.08561323516428	1.38048929928471	8.67052023121387	0.756310103404977	0.162803696636405	0.465868183444072	0.0696366782006921	28.9705882352941	-0.0148023574686007	15.2740051903114	0.273006041948693	17.1470588235294	289.240771949263	0.987995130873475	1.25578001569937	28.9705882352941	0.912453698910488	0.0982158794903271	0.348779898718471	545.418181818182	470.563636363636	11.6380792204711	0.818965501695658	-0.162863777536526	1.10584061406361
142	61	7.74015624367141	3.55631246837716	0.286299167156941	14.0315803066383	0.0633208500054585	8.03921568627451	0.348431235415092	7.16912298688539	0.367523445724138	15.6339869281046	230.462874589807	1.01121023116565	1.30420766943304	8.03921568627451	0.751287102375005	0.0784222733067694	0.317777859091401	0.0741851516523313	14.7127659574468	-0.111151947691188	7.62050135808058	0.346174011693411	15.2234042553191	215.924849281669	0.93510100382027	1.21787340311921	14.7127659574468	0.811847316005067	0.0511427074011459	0.248836946965889	504.943661971831	479.760563380282	30.4804563578077	0.949738825609226	-1.20380152041037	0.479555126911852
147	59	7.45690251782318	3.40781750980033	0.70231692729155	13.5077515064971	0.0546965712724541	8.48347107438017	0.577557469541814	11.0409765384878	0.369161789215265	16.9628099173554	282.435629687181	1.12755827402461	1.42920334655633	8.48347107438017	0.76549581695299	0.147736411737084	0.451513947036293	0.0406955681680956	21.0769230769231	0.107706307577481	12.8105301292114	0.264521321838268	17.3626373626374	289.255847171814	1.14256801223409	1.4935622853775	21.0769230769231	0.924357032474997	0.0537928590637642	0.281508743529573	631.421768707483	479.877551020408	28.9964235758536	0.938642524653467	-0.725301741380325	0.530668336774145
33	16	2.8149195616996	0.444208972400289	2.0472924192699	3.58000087290492	0.0766	7.22	0.391189962223421	6.9296	0.361255472667237	15.04	214.712878707006	0.961133614278261	1.23080775040224	7.22	0.718382693533342	0.0962733290603681	0.342125205223779	0.0916955017301038	23.5294117647059	-0.285930408472013	10.1487889273356	0.205415476695753	15.4117647058824	226.409723413512	0.805465398087947	1.0710801001444	23.5294117647059	0.659117673470708	0.121807055441367	0.360149627947765	56.3939393939394	472.969696969697	7.49496171235805	0.662627227648516	0.756789805080464	1.61988371200724
36	16	2.97899888939361	0.354352390977756	2.54950975679639	3.53553390593274	0.0688775510204081	7.67857142857143	0.482817869415808	8.4234693877551	0.384271650448121	15.8571428571429	243.290941503099	0.981806377565336	1.25606378681325	7.67857142857143	0.728225666363807	0.128453983284966	0.397963260486513	0.06	20.5	-0.213376738680081	9.4475	0.201661978720802	16.1	241.420319612115	0.996016432340939	1.26694342843852	20.5	0.862739119898485	0.10426094324329	0.360670226716727	195.5	473.5	7.57187779441061	0.609994281331812	1.5707963267949	1.76714586764426
174	67	7.36569969505801	3.17113761969877	1.05980659558669	13.6487130940806	0.0475778546712803	9.03114186851211	0.610428748394736	12.591129775745	0.349340732487486	17.6851211072664	309.952214013753	1.17394801813419	1.49741956286869	9.03114186851211	0.785048983898824	0.161092711158022	0.480377145036385	0.0339885660584228	22.8495575221239	0.11603204227059	13.9244263450544	0.221772069614045	18.353982300885	323.744375531669	1.18143945849918	1.56326715953434	22.8495575221239	0.963156077625684	0.0627635069640402	0.310376442018915	245.218390804598	478.275862068966	26.6124836461738	0.904378415306371	-0.80803158966305	0.487090329003897
56	30	4.35086117811934	1.7162641301063	0.569600249687803	7.10336383537953	0.0969661779648715	5.65060240963855	0.189729819741061	4.48686311511105	0.431232622798888	13.8313253012048	176.879191063717	0.847399045525792	1.10558672521713	5.65060240963855	0.668815466218462	0.0234993794300204	0.161080523516283	0.160249739854318	3.87096774193548	0.13729128014842	3.24349635796046	0.517267552182163	12.8387096774194	154.898556914629	0.599610886057206	0.852087656614093	3.87096774193548	0.428932789163432	0.0948720550952323	0.285243185506308	585.196428571429	475.125	15.3251587164408	0.915565135191322	0.850368981573361	0.78190750489346
65	33	4.31674531582117	1.91874855372036	0.479132978813368	7.05514159722119	0.0834	8.08	0.402788710637087	7.764775	0.38200024458848	15.03	216.909531890099	0.961224932848681	1.23781381811945	8.08	0.722413253625814	0.111040464978324	0.368012987025108	0.0774221453287198	14.5294117647059	-0.132874679616887	7.41262975778547	0.288151846283334	15.2352941176471	216.978905851916	0.887548699447037	1.16958505677412	14.5294117647059	0.726078854984957	0.0897691065219289	0.322645500834335	614.169230769231	475.923076923077	16.6892405379821	0.923633769625896	0.828690706077833	0.750058852096737
126	49	6.28557136778884	2.56318030744454	0.916551492770845	10.9704270983646	0.0387953733606584	9.73551637279597	0.700022003658412	17.2270508029364	0.31753489929516	19.1057934508816	374.04601004066	1.24876897305468	1.60742123022079	9.73551637279597	0.8006187404269	0.208989337738344	0.559287361298622	0.030859375	26.9625	0.250285118446351	18.9818359375	0.208734980241864	19.6875	386.251343887678	1.21355888994777	1.62413796790248	26.9625	1.02280266483123	0.161156943064109	0.497740110390714	6.26984126984127	479.301587301587	21.2960362521064	0.88473442988599	-1.11714129932063	0.659459682386196
182	71	9.17275720499866	4.27350282425005	0.735772275301858	17.065918849954	0.0487944570946012	8.34724540901502	0.662625608597494	13.3708936151237	0.38115210973897	17.6360601001669	312.085804438284	1.17551711438411	1.48208769632776	8.34724540901502	0.784813145007026	0.169692667671977	0.490192365372732	0.0386742315426602	18.2796610169492	0.228619096470346	12.8486605860385	0.245802751589817	18.1101694915254	316.474936695586	1.15847472762699	1.4682430353562	18.2796610169492	0.932033730846097	0.051241097342582	0.272593071176968	751.824175824176	485.406593406593	33.7044719054713	0.961799756743228	-0.924793980863666	0.45369558655294
75	36	4.99022433197715	1.68452671464292	1.03227245422567	8.45307490258079	0.0701247029785039	7.97424892703863	0.510145288313567	9.13940208882094	0.38547186418936	15.9055793991416	245.283726464605	1.04959181714762	1.33450050280744	7.97424892703863	0.752667376346814	0.130386774983553	0.412115714027502	0.0522853185595568	20.5789473684211	-0.115968153823045	10.2202216066482	0.192673032807294	17.4736842105263	287.900373750541	0.993440441322858	1.37366083276724	20.5789473684211	0.846780904315528	0.0986808770944588	0.364540863516308	784.72	478.44	15.2413148594292	0.836640257161567	-0.709907410310386	0.727220521664304
303	81	10.6878088087927	2.99961497169461	4.43417881655309	16.0033242240983	0.0481591058514135	8.38461538461539	0.663767507745688	13.4684787725297	0.36240190229052	17.4635108481262	306.710551477145	1.17789597574142	1.51487138897184	8.38461538461539	0.779761385681665	0.172448089714478	0.498650674702963	0.0351625	21.48	0.251573159768921	15.3501	0.283260034165177	18.14	322.312673874553	1.21687162860976	1.62997997738988	21.48	0.971519969001002	0.0701562462205536	0.334301392788837	211.986798679868	486.075907590759	29.1451696307874	0.646014828301239	0.771044757859386	0.580339932350378
61	26	3.99656898194493	1.00556659809609	1.93572762033256	5.83564338593534	0.0574095989480605	8.55384615384615	0.584279141104293	11.2879684418146	0.372665920358228	16.7692307692308	278.390698455199	1.09145443322615	1.41314115529625	8.55384615384615	0.762341188834295	0.168828477328053	0.478948219662141	0.0540166204986149	18.9736842105263	0.0505761067313551	10.9922091412742	0.281605654295377	16.7105263157895	266.373239510089	1.0459775780978	1.36285125774409	18.9736842105263	0.882739286895926	0.0977925313654955	0.36159841026951	420.049180327869	475.655737704918	10.3841696057507	0.565759522187832	0.481790634291973	1.13394764419513
32	19	2.74867625217687	0.760093974215408	1.40438569096064	4.33148621759151	0.116788752362949	6.45652173913043	0.120962553081972	4.67249527410208	0.411833562856581	13.695652173913	174.321269480045	0.808146204068964	1.04065033595898	6.45652173913043	0.654751856054558	0.0525609999921174	0.233720515860216	0.282548476454294	7.89473684210526	-0.172839506172838	4.36565096952909	0.531174089068826	12.1052631578947	139.877611730783	0.516055044534625	0.674491884357773	7.89473684210526	0.516055044534625	0.0613940926154355	0.204503150368307	884.375	474.375	8.24823034088294	0.743087931769663	0.0869505945689433	1.11391650875206
182	63	7.34550548965552	2.88639550446887	0.547331417446553	11.7809861714794	0.040854886911906	9.39641109298532	0.562883202037027	11.7481697532261	0.335813239738007	17.905383360522	313.665810938308	1.17010496372238	1.51163571456072	9.39641109298532	0.804650810797367	0.144468314059076	0.457967869040643	0.0541296851150433	22.3533834586466	0.0671510890656953	12.98124540675	0.3204879823575	17.8270676691729	305.579801594314	1.09362201605174	1.41141726750435	22.3533834586466	0.870401426015624	0.106894015022787	0.383845183570432	178.203296703297	482.840659340659	22.8098581398902	0.712295157949861	0.659330439453862	0.576235689547334
40	21	3.14894482423479	1.20195287412277	0.769309258162024	4.76809121950818	0.0951041666666666	5.98333333333333	0.132413654214071	4.44826388888889	0.39973604826546	13.9166666666667	179.082867647413	0.829530027004375	1.09532539575657	5.98333333333333	0.664859799064944	0.0404428215371167	0.210250947057972	0.206371191135734	10.1052631578947	-0.429467084639496	4.53462603878116	0.286687306501548	14.4210526315789	196.796482674319	0.537132375502545	0.774787635237267	10.1052631578947	0.422343102670504	0.123026086498739	0.310771854844526	773.325	477.65	10.9751698022156	0.889751897215425	-1.4109988128048	1.13980685844528
70	28	4.41365188253627	1.13244521360854	1.71800192440082	6.36015177588121	0.0494090706204274	9.10132158590308	0.598119228633517	12.323410118574	0.342679881627796	17.3832599118943	299.931589121422	1.143208488545	1.4702517552083	9.10132158590308	0.789538695099362	0.162099354244173	0.47795881385043	0.0516049382716049	26.7555555555556	0.0129709247249144	14.5535802469136	0.23946919316602	18.0888888888889	315.217102102041	1.1254477088116	1.43396609640266	26.7555555555556	0.926531519550753	0.135137031275067	0.433186156944073	471.785714285714	480.642857142857	12.1816087084885	0.720018342732524	1.28285783123606	1.12199737628207
83	30	4.71138793482916	0.800375852536769	3.41011567089576	6.19910387789146	0.0413468180218691	10.2382671480144	0.701681821081703	18.1599786260736	0.334847015203779	19.4151624548737	389.387605871698	1.2221429552024	1.559243537651	10.2382671480144	0.775868137568817	0.228155448121267	0.575086125321179	0.0315058739765041	32.9245283018868	0.143201241401672	20.2136881452474	0.232180891745549	21.2641509433962	447.090612131787	1.18529669688396	1.54369202195688	32.9245283018868	1.00090507011986	0.116394517118783	0.416756263867069	113.89156626506	479.746987951807	11.4562901345811	0.499650382116253	0.357534582447483	1.15889862332423
80	34	4.64015369779143	1.47532576660883	0.938415066679062	6.74305999761888	0.0579494012021378	8.56809338521401	0.515942123198621	9.85027782403973	0.360635911013572	16.4747081712062	264.508612203982	1.0579771852599	1.37788309666116	8.56809338521401	0.772917235238755	0.147077486382455	0.443250094310105	0.0624691358024692	13.0666666666667	0.0897206550158248	8.17728395061729	0.34981859687742	16.8444444444444	266.897220809409	0.993427074142749	1.28668876025503	13.0666666666667	0.800362464182475	0.0546575410568566	0.264104524070053	95.9875	480.925	13.8510195479764	0.755808231121564	-0.0220430205837106	0.869645025215168
131	54	6.12705874946563	2.59549338717059	0.333847340320753	10.3566211765608	0.0533815246066177	8.31850117096019	0.615388867785104	11.814171086333	0.380112894481265	17.0304449648712	287.553077984318	1.13658153240309	1.45050680868702	8.31850117096019	0.774695126860333	0.160180355531402	0.472439489096745	0.0475932936722553	23.6046511627907	0.0879264406248352	13.9401027582477	0.278474198939665	17.4651162790698	295.658401573209	1.10960828625557	1.42786479094595	23.6046511627907	0.958391960374706	0.0882883284726061	0.351509468548188	336.167938931298	484.893129770992	21.6539958033057	0.883599379230051	-1.16522701046961	0.56453859755866
71	30	4.65164573295236	1.73780601704676	0.935711256507887	7.11867653117874	0.0821741808065578	6.33179723502304	0.344096476716767	5.82677483063985	0.41869783122155	14.5529953917051	198.361766598333	0.937325576716277	1.20657242283747	6.33179723502304	0.716941968435735	0.0589240919140152	0.265773660874625	0.071875	12.35	-0.102186523873269	6.6025	0.349945579063226	14.7	200.256105631547	0.908839583575744	1.22166842353804	12.35	0.783387817736714	0.0418649938699256	0.225605054517527	568.845070422535	481.140845070423	15.4811324920397	0.889330481776819	-0.463634213418787	0.991347015132779
57	21	3.85607423940443	0.472929150870913	2.82882795052935	4.72101491836347	0.0490085559024165	8.7741935483871	0.625624366383742	12.7184356573014	0.331996512641674	17.7741935483871	314.6724825861	1.14371148967089	1.43625386549313	8.7741935483871	0.775796063370006	0.166944558162167	0.479781665173623	0.0428571428571429	28.7428571428571	-0.0271894509598009	14.9910204081633	0.139783997582483	18.9142857142857	345.520166716409	1.07335125931354	1.41613629115447	28.7428571428571	0.849951150279505	0.100621712219125	0.373267862807018	61.6140350877193	481.315789473684	9.43057399889519	0.56136086055448	-0.310574125989443	1.62422477328452
108	51	6.0419676603652	2.13586249692899	2.87166217990725	9.90995600339553	0.0754087742025839	7.18343195266272	0.546500267458877	8.91999579846645	0.388166693561751	15.4556213017751	233.224448274887	1.00820294991434	1.28134692922205	7.18343195266272	0.70911627921297	0.146713470229087	0.428506762407409	0.0746097337006428	15.2727272727273	0.14435641526906	9.9247015610652	0.33406843435964	15.5757575757576	233.307721462936	0.985293481308676	1.30258389739983	15.2727272727273	0.835896456418517	0.0748877378100694	0.31044523700812	824	483.62037037037	18.3066646021957	0.723116082373846	-0.318732931269458	0.521787015129101
37	21	3.05387747625341	1.05318873412697	0.868966075756925	4.54007102344881	0.108071711135426	6.29357798165138	0.0861828758585289	4.44356535645148	0.416007306239362	13.6880733944954	173.446687988895	0.805294014845216	1.06212310016172	6.29357798165138	0.63813954033535	0.022397560450195	0.154179424216703	0.24792243767313	10.8421052631579	-0.217039800995024	5.45429362880887	0.472969754703501	12.8421052631579	158.547585094955	0.530626235726738	0.7049067595322	10.8421052631579	0.530626235726738	0.0735618686653768	0.228934324104437	688	481.756756756757	9.87965484341562	0.827667980567046	1.43325513519759	1.05432134406188
125	64	8.32561175359322	4.37347735364039	1.48240000189726	16.2011962448958	0.104074886152808	5.8025974025974	0.0900232548789787	4.18832180806207	0.431187635893518	13.838961038961	177.500134024984	0.77950300291173	1.04383348812004	5.8025974025974	0.586430814005558	0.00970062185453729	0.100616075697014	0.139059710374926	8.47887323943662	-0.21626543736839	4.48561793294981	0.379759097571856	13.2676056338028	163.185055403221	0.708885280563882	0.946805092023591	8.47887323943662	0.576522097367004	0.0366332710377951	0.186319207134024	850.856	493.376	35.627751091284	0.978386134787378	-1.38750274518639	0.38349519697141
39	19	3.06505927712835	0.645790969834611	1.49699606877135	4.01693092696674	0.0751388888888889	8.76666666666667	0.364727905876667	7.89993055555556	0.374658595246831	15.4833333333333	229.18759850523	0.979728852044061	1.25688860393941	8.76666666666667	0.714629099827131	0.128436620462602	0.398056616960779	0.130859375	4.8125	-0.0965732087227414	3.1943359375	0.364903846153846	16.3125	247.403886627205	0.709966780128129	0.954553651605114	4.8125	0.587857254984021	0.223341791282725	0.461915260361094	871.410256410256	480.51282051282	8.51992909627727	0.708004382754176	0.368363016294762	1.35758574504157
794	271	17.6492759340304	7.79778153936007	2.35585665796049	34.5813158188969	0.0433434538391662	9.5290611028316	0.648050109686102	14.5375253197732	0.352820558992208	18.2764530551416	336.057367651061	1.20494675151388	1.55230991713428	9.5290611028316	0.78765217547989	0.185772955212311	0.521851616768366	0.0323456924606146	23.359778597786	0.206487910474622	15.7192329557059	0.279507444981427	18.7619926199262	342.62367564176	1.23753763790971	1.66448411764785	23.359778597786	0.95558386563171	0.0589595387705488	0.310118954141133	88.2141057934509	513.238035264484	69.1962073828189	0.877455546586817	1.05126882714742	0.135860054571713
53	25	3.71603750174312	1.27085218874532	1.30230564768795	5.51507026247175	0.0762265931194658	7.28915662650602	0.368535553278042	6.77162868340833	0.428405710404293	15.2409638554217	219.442412155193	0.97053800164752	1.22724135013334	7.28915662650602	0.715698749419838	0.0903416594693543	0.331101399723815	0.08447265625	16.71875	-0.163399136964425	8.185302734375	0.30297977559007	15.09375	212.536083044608	0.933466736339359	1.19917380173787	16.71875	0.831899860362774	0.0542105963082176	0.254235296281052	719.490566037736	481.735849056604	12.2088778361882	0.870272144985845	-0.236359288014367	1.06562822809766
47	25	3.70250284395561	1.44895572413398	1.14542568506211	6.33971608197087	0.0955663558817695	7.52112676056338	0.283580397381028	6.2491073199762	0.37731011235568	14.4929577464789	198.890012501898	0.876250729635332	1.13616634727981	7.52112676056338	0.647723377497622	0.0823703949151716	0.304949468032929	0.137755102040816	20.6785714285714	-0.250588189917846	9.26753826530612	0.336113925819808	14.0357142857143	188.624466493723	0.760440847435493	0.975462272909765	20.6785714285714	0.760440847435493	0.120927171670146	0.343495803514038	801.382978723404	481.702127659574	12.9824669995246	0.915830655316189	-0.155755228024942	0.94499107019981
133	47	6.11382733552186	2.26233790657001	0.780593035227363	10.2372269120279	0.0398180262150353	9.31991051454139	0.738574693125318	18.8251880545921	0.324223971914457	19.248322147651	385.43765731799	1.2634169320497	1.61158772635804	9.31991051454139	0.781533112453374	0.214232694709701	0.566292680494867	0.0358422939068101	27.1290322580645	0.311962560094306	20.7147936177593	0.212193217621952	19.9677419354839	403.384503766595	1.21529245405286	1.59737993557391	27.1290322580645	0.985512540877742	0.118411217552209	0.426766123666634	517.496240601504	493.330827067669	18.8372931764545	0.782608708704193	1.4102013798605	0.756599045590661
135	51	6.88211399323073	2.7415631768695	0.423275159704399	11.2329498289996	0.0495480907206633	8.82589285714286	0.486612269077364	9.59573800223214	0.381701232987998	16.96875	277.867590120966	1.08446433871891	1.38937445702406	8.82589285714286	0.771025102998689	0.129618880758458	0.418524784806302	0.0405601796802748	18.8390804597701	-0.10620818060162	9.51516052318668	0.284710600640942	17.2068965517241	276.602375139865	1.03962054409416	1.4335743528769	18.8390804597701	0.893064852343282	0.0640045351044281	0.300723971867325	404.696296296296	490.496296296296	25.1007109581074	0.921456036620744	-0.707677202955559	0.652233768911376
59	35	4.9004887055523	2.0194731172373	1.90295152061107	8.75335504191369	0.121994318932488	6.83908045977011	0.361572235514667	6.35618972123134	0.475109607969648	14.0229885057471	187.591440964348	0.869823010734434	1.11608421765376	6.83908045977011	0.686758263078122	0.115579611264112	0.357700965733893	0.224609375	9.3125	0.202675585284281	6.83984375	0.553495322245322	13.125	167.664887654224	0.730726618545809	0.8812416163778	9.3125	0.622996274655105	0.104768552994329	0.304687313782369	606.389830508475	492.186440677966	17.137457661713	0.950777009478193	-1.44243671931571	0.605237441834442
147	64	8.07233936457055	3.84478940159012	0.265625	14.490576477167	0.0624259707056305	8.01268498942918	0.442493139506244	8.18617613273201	0.375715828520206	15.7758985200846	238.286391827928	1.02617403837206	1.32706177555065	8.01268498942918	0.751421416002248	0.109698830202868	0.377822296391954	0.0697887970615244	15.2424242424242	0.01037053720774	8.70107642077339	0.335769949801514	15.4646464646465	225.481074415306	0.976058093979146	1.2595059651659	15.2424242424242	0.811838108546835	0.0119269013668256	0.12246839886777	535.482993197279	498.714285714286	34.0966049761571	0.962721313924547	-1.26046293341914	0.450990351638379
48	24	3.55998845635254	1.11340766796403	1.00173460668098	5.37774477721741	0.0871396177518627	6.89795918367347	0.410558367605189	6.85126567633856	0.41083876377994	14.8707482993197	211.310063301689	0.913565210314673	1.17006224032245	6.89795918367347	0.640880750568594	0.0932967172689154	0.328925513370853	0.0917159763313609	16.6153846153846	-0.135922330097088	8.31360946745562	0.301139217881299	15.2307692307692	220.771075184957	0.803987818045217	1.09175805571725	16.6153846153846	0.647303296238333	0.0463558763380812	0.224701995836746	681.083333333333	489.458333333333	10.9230193220263	0.802111863656393	1.56138737603956	1.0471975511966
136	42	6.29982693376675	1.75976166097949	2.60515797458858	9.52821326758394	0.0322464035071561	10.2274678111588	0.739956087887921	20.6648860726851	0.327415555302453	20.3948497854077	433.428845174702	1.28996117816584	1.65976856585827	10.2274678111588	0.816314824759863	0.234334717835678	0.596929319440355	0.025956758006706	29.010752688172	0.269940935145045	20.8687709561799	0.223135464784665	21.5268817204301	459.27459917549	1.30782466924837	1.68288462631214	29.010752688172	1.02939689845976	0.100041080120975	0.402996871074134	883.551470588235	492.808823529412	18.6491861566591	0.831068782924721	-1.49029322948649	0.968835829678485
166	70	9.1085952374111	4.33159052479355	1.08204266391424	17.7586828432328	0.0605904445803127	7.54392523364486	0.582673628613043	10.0383998602498	0.380937231052679	16.1607476635514	255.872514380946	1.08550835621066	1.39811472506394	7.54392523364486	0.758569639209019	0.135548437515599	0.428903860362728	0.0516642933428265	17.1132075471698	0.188318924760232	11.5418298326807	0.275201623380585	16.4150943396226	259.11401757023	1.11607784225664	1.46586254776761	17.1132075471698	0.917631151925632	0.066677315723878	0.31010805137905	44.1084337349398	497.518072289157	34.8385908906905	0.964299092780406	0.785543243629882	0.425717861629311
37	28	3.69612133884744	1.91913386808181	0.112938487863185	6.96510984134787	0.192055228610231	3.57446808510638	0.218333910805327	3.28644182888185	0.513738326754597	12.3617021276596	142.635878221267	0.654243864191547	0.872010244033576	3.57446808510638	0.51595695590331	0.0563614418645267	0.22207073973784	0.288888888888889	7.73333333333333	-0.290801186943621	3.99555555555555	0.53025641025641	11.8666666666667	134.346937463404	0.460613511674115	0.621162842694905	7.73333333333333	0.460613511674115	0.129752159235476	0.28736563038566	734.891891891892	493.783783783784	15.7152637671707	0.961872005781479	1.53075488796808	0.593055756034808
114	48	6.52313909886149	2.91463501473628	0.774204340669235	11.8275550739693	0.0594798558601134	7.60869565217391	0.530584873753571	9.10444234404537	0.381491032641928	16.1304347826087	251.641191867837	1.06948799484566	1.37729178748987	7.60869565217391	0.760041276369466	0.125460169815937	0.410321579826735	0.0508538187277163	17.986301369863	0.0320091700035864	10.2905329330081	0.235931852893391	16.4246575342466	255.253808591338	1.05982827293786	1.38770261848302	17.986301369863	0.884719173887552	0.0561400158017678	0.277537914219236	467.59649122807	494.271929824561	23.1798726726608	0.946358066125677	0.734727047247784	0.62177354602298
242	81	8.58702621069642	3.24889432616111	1.10733239488847	14.8566487537824	0.0416505683704701	8.97788697788698	0.656886487202328	14.0829691093819	0.343668088024209	18.2039312039312	332.072237958343	1.21222003351926	1.55732546823404	8.97788697788698	0.797373119382858	0.175351160107904	0.508605329279943	0.0463117787341356	23.4188481675393	0.215571899918147	15.9273388887366	0.272576739723367	17.9109947643979	315.781274809189	1.1930173920666	1.54034936620505	23.4188481675393	0.952511442160124	0.0652607086206852	0.314162640235222	665.727272727273	497.929752066116	24.9485089713366	0.6080475327861	0.952210388071512	0.463505820557068
37	23	3.21334787698657	1.42337705010264	0.777762774782491	5.66036196214812	0.144831730769231	5.23076923076923	0.0132551974326804	3.65051775147929	0.453393665158371	12.8846153846154	155.179639116817	0.644993767029775	0.893790347193084	5.23076923076923	0.462657168296129	0.00582913962460108	0.0721916213565842	0.217993079584775	5.17647058823529	-0.335714285714286	2.93771626297578	0.496193771626298	11.8823529411765	132.68872029106	0.475586272773343	0.716580979420876	5.17647058823529	0.466164583277479	0.111925965251272	0.285393840316172	791.756756756757	492.432432432432	12.3059600445267	0.932479193443821	-1.37854881864847	0.878933294388071
105	37	5.76020580557433	1.76331826753879	3.04159140999122	8.88712597159859	0.0378961984104185	10.0338983050847	0.730497870616652	19.6156197133646	0.323216214143432	20.0282485875706	416.199497572498	1.27269162372323	1.62605325987811	10.0338983050847	0.812953668465624	0.23520273052848	0.593054815390621	0.0236294896030246	32.7391304347826	0.181558269033362	21.0008926696072	0.223681600393568	21.4927536231884	455.362210725736	1.29132371137054	1.69597499348076	32.7391304347826	1.02813253126814	0.15111500859225	0.492060141043777	16.2285714285714	494.971428571429	17.018798442664	0.874645511232792	-1.08263658300975	0.963819513884378
266	82	10.4601548570089	4.15221281412345	2.01588722619713	17.9168920525001	0.0609051730909205	8.03890160183066	0.570047163205982	10.348585372495	0.369842660204755	16.2974828375286	260.689712377087	1.08780590180977	1.39791114966589	8.03890160183066	0.7488508519575	0.141220157585323	0.437456548930719	0.0740540540540541	15.0702702702703	0.218718758141818	10.6445872899927	0.34068417729246	15.8054054054054	240.790973926995	1.06488658694808	1.3603257233039	15.0702702702703	0.860372334705545	0.0421739414480878	0.238582998553051	763.387218045113	506.184210526316	35.7333595330161	0.927992665473054	1.33448039570084	0.497122930312246
44	26	3.59043542378319	1.67187439725213	0.963843391241682	6.51670588727938	0.147527191875488	7.13178294573643	-0.0678807947019842	4.33922240249985	0.414135886912905	13.5968992248062	173.698395903826	0.655752087107648	0.872873080553162	7.13178294573643	0.475159480412511	0.0120217175581817	0.102476149547805	0.241965973534972	5.21739130434783	-0.0237388724035596	3.54820415879017	0.545780051150895	12.2608695652174	142.230579900756	0.545275061738559	0.756541962858808	5.21739130434783	0.457678508133062	0.0946047986787341	0.269023304640533	594.590909090909	492.113636363636	14.2549581795576	0.95397231714914	-0.127123043858802	0.817929448271899
56	32	4.3746995634088	1.97856971191588	0.906788633034182	8.02011630994214	0.132848076302485	6.17964071856287	0.106655608542397	4.45871131987522	0.465272170590945	13.7604790419162	176.975571600496	0.748163066673405	0.957468338412919	6.17964071856287	0.555830403173932	0.0138887316819702	0.115333222447177	0.183709869203329	6.48275862068966	-0.0987505038291019	3.9500594530321	0.482352941176471	12.6896551724138	151.731591281186	0.589485252542948	0.816134544371506	6.48275862068966	0.467023472634429	0.0259466477053503	0.145690709202236	864.053571428571	496.892857142857	16.5828213215484	0.959851545718324	1.53544461597291	0.687223392972767
32	17	2.79428122295239	0.719202309942508	1.70588235294119	4.2389689939286	0.0898614958448753	7.28421052631579	0.251406317611423	5.86526315789474	0.401386945411713	14.4	194.174571156146	0.90934660400458	1.16419266756821	7.28421052631579	0.710553363078251	0.0662779886234478	0.276954209084161	0.0946745562130177	23.6923076923077	-0.330232558139537	9.90532544378698	0.162190383909841	15.3846153846154	225.117808072253	0.783628637500917	1.06150247965228	23.6923076923077	0.633339991169707	0.141406731916538	0.386204331505085	248.84375	496.21875	8.53126874038645	0.826528438558348	1.53966533164455	1.39143204034427
304	102	10.7066386956488	4.81276202466342	1.86277089765416	20.9831705142219	0.0377789608497086	9.24031007751938	0.663265683207329	14.7204757827054	0.335307532092758	18.6240310077519	348.191637977181	1.2300652459172	1.58596374422502	9.24031007751938	0.799262039955437	0.177607289873449	0.51566960854373	0.0338807397959183	24.1696428571429	0.170898987633928	15.5758131377551	0.262796256593775	18.7678571428571	341.858612873472	1.22576481669507	1.60369315158297	24.1696428571429	0.981803271570464	0.0472547076821005	0.27327684737335	226.723684210526	511.430921052632	37.2457742089664	0.836924791762936	-1.08288527748199	0.367183455090849
1104	399	32.7471976787945	18.3616681893876	0.471237931445151	78.8769004435647	0.0429784374593057	9.19505642127888	0.644309531485614	13.9256435513774	0.346467217750841	18.0284793121977	325.474326740572	1.20686200123916	1.5446014344684	9.19505642127888	0.794063924800332	0.170663613987353	0.500388104107189	0.0363356706775036	24.9770114942529	0.202400071357836	16.6576063997234	0.270564352588829	18.2822477650064	328.176491313272	1.23751024257349	1.64543449266785	24.9770114942529	0.992672466281304	0.0401550924981764	0.25534959367592	240.284420289855	566.404891304348	145.647770467601	0.976154824069524	-1.17763666633732	0.0871431282357053
46	21	3.41938886693448	0.699418095545257	2.15130609487174	4.70658341449947	0.0729498967911428	9.38356164383562	0.490916309919522	10.2161287295928	0.374750260084668	16.6712328767123	272.713512230861	1.0113299729161	1.28054531844419	9.38356164383562	0.719481838403314	0.143974065384426	0.424472545567547	0.0525147928994083	27.8461538461538	-0.195174603174604	12.6494082840237	0.266545651200767	17.3076923076923	284.382085334426	1.00951430999929	1.32212238241958	27.8461538461538	0.911512912977701	0.0562811207468643	0.271491073371198	621.739130434783	495.260869565217	9.59535010585118	0.766865903356923	-0.254064687970405	1.31077788721207
68	40	5.1624577184793	2.38660958368006	0.527375577743252	9.15030737188643	0.128338407465162	5.67164179104478	0.163576100922789	4.39041112843742	0.487053420679409	13.5422885572139	171.108672106481	0.766582338621713	0.994885297735425	5.67164179104478	0.586937606731689	0.0222942645276029	0.148931464216207	0.139958376690947	6.32258064516129	-0.216659991990392	3.59833506763788	0.318406072106262	13.1612903225806	161.702215006734	0.606153709172422	0.89290250209558	6.32258064516129	0.432933982167561	0.069074924476358	0.248768490889629	720.235294117647	500.808823529412	19.7283415150579	0.951481429504783	-0.847755931484133	0.534070751110265
374	129	13.3518611568735	5.29240186369898	2.75857916850406	23.5496603630488	0.0443112208378018	9.29952456418383	0.641792812121572	13.9806504152843	0.34093048667487	18.0364500792393	326.088308109	1.20002435962627	1.53608687181217	9.29952456418383	0.782495814789302	0.170618721496018	0.499133769210205	0.0323946387961484	21.5943775100402	0.217164492615712	14.7924106062805	0.254660752291217	18.4939759036145	331.677334222267	1.22834329698273	1.6240726964521	21.5943775100402	0.953389875541407	0.0707394675553689	0.335081575824678	793.419786096257	504.318181818182	47.921996507815	0.819281823600292	0.0645678239480529	0.282424289992809
35	22	3.11403442577435	1.44209885209872	0.63636363636364	5.26095865317465	0.1378	7.24	-0.137077522301796	4.1836	0.420180995475113	13.16	161.029685454586	0.688621349081496	0.960017667777337	7.24	0.58773346574784	0.0650269068085644	0.249974471965108	0.47	1.2	0.062499999999999	1.64	0.76	10.8	110.697943843336	0.343521441549444	0.433830440248639	1.2	0.265294995574122	0.00374367186227943	0.0403217246995246	119.571428571429	499.342857142857	12.2053079933605	0.94544440217215	-1.36653441422974	0.908725147732585
182	80	10.556350568263	5.51992358913895	1.37164363083127	20.3336274739654	0.0667086978299107	7.64163822525597	0.345603755441441	6.83869352001771	0.376762132694676	15.3788395904437	222.585798996105	0.99577096301616	1.28213189238641	7.64163822525597	0.737450593045183	0.0831021939266338	0.324362099733677	0.0966553287981859	11.8095238095238	0.0137505128825585	6.98708742756362	0.383577551095485	14.4920634920635	197.155780823894	0.889969722236603	1.14669152348536	11.8095238095238	0.776235561180484	0.0127714761291519	0.120958566939961	128.247252747253	511.675824175824	47.4379947129234	0.989635588545398	-1.14062214533353	0.357356164345839
199	62	7.68326608537964	2.65491764729313	0.581540528300657	12.4570020094514	0.0323774836701891	10.0087719298246	0.711382657013429	18.3391727369105	0.328295432846516	19.9941520467836	409.286447101843	1.28750809111842	1.66174621623444	10.0087719298246	0.814414154852631	0.212466111749804	0.5712619117879	0.0284121472932662	27.0559440559441	0.235274563587748	18.6899726147978	0.232092065467196	20.7062937062937	421.043565861109	1.28106219009649	1.65895925559039	27.0559440559441	1.02405679886564	0.0782239392227225	0.355429254142571	184.949748743719	502.482412060301	22.8131306374639	0.757755705185902	0.157520277103716	0.650548322647626
230	91	10.4931902926747	4.8697759844414	0.933031100972587	19.9821953111505	0.0498816309544983	9.38239159001314	0.55769017554365	11.6061306704471	0.350298238850453	17.2509855453351	292.558433367985	1.14147586079753	1.47185190622589	9.38239159001314	0.791823035684408	0.152840689997792	0.464948997123287	0.0436326017282649	23.8662420382166	0.103968769539031	14.3177512272303	0.312106932193875	17.4331210191083	293.460539480831	1.18332789395971	1.56736175963538	23.8662420382166	0.989178505492861	0.0612980040237768	0.307181445485944	701.673913043478	515.486956521739	41.0725558673869	0.957702783256596	1.259201059191	0.349023697778361
64	26	4.1036136641779	1.03016623373945	1.38087100546276	5.47573993270781	0.0548007138607971	8.02926829268293	0.504455684007708	9.10146341463414	0.363563952430523	16.4	258.873045960847	1.08672273499258	1.39106022139619	8.02926829268293	0.77774600394304	0.118283919440133	0.400555536515853	0.0447530864197531	22.3611111111111	-0.081524882909442	11.3377700617284	0.20135006315845	17.3055555555556	284.710137321382	1.00463017735755	1.4172501357945	22.3611111111111	0.863148717266613	0.0605103106833047	0.290923215323271	835.53125	500.40625	11.2178502876594	0.683776342954255	1.48027575294983	1.18971556112276
251	108	11.717274343856	5.79738882641028	1.26689542010661	24.2623284035362	0.0625956902698865	7.63995067817509	0.625899115610321	11.2110834229103	0.383303654486653	16.327990135635	265.707725246693	1.079929857907	1.40653320371514	7.63995067817509	0.738331790531602	0.163098382062885	0.470129370859153	0.05163608033241	17.0855263157895	0.224872781968472	12.0211110630194	0.298904648654299	16.7828947368421	272.595312408942	1.11137935151151	1.49266171102957	17.0855263157895	0.905590657278965	0.0544657739737847	0.283156967846508	274.501992031873	521.075697211155	47.8443699183422	0.971777896245719	-1.40223498478554	0.270418297685541
157	78	7.98607412430055	3.5464287065059	1.25752174802089	14.2574075006311	0.0790481207560944	7.53564154786151	0.480908745431844	8.2584940331258	0.40036797863562	15.2179226069246	223.642250249658	1.00019016940083	1.28678726164075	7.53564154786151	0.729265516605385	0.113635300745321	0.378963251161904	0.0887771448914205	18.8584905660377	0.00979253654969289	10.5224946600214	0.335630078122351	15.0660377358491	218.473364270252	0.950731285183381	1.23124136533049	18.8584905660377	0.836405006795705	0.0279426082252955	0.185175276934997	290.331210191083	509.624203821656	27.0132276065385	0.756799364007514	-1.23886433923133	0.324280109542142
75	31	4.58706184181013	1.38125852244229	1.98039296492527	7.32996643296741	0.0522193432572948	9.09465020576132	0.606096435701953	12.5442598519873	0.354724759953518	17.4156378600823	302.040634806978	1.1380997905587	1.46032295973795	9.09465020576132	0.77661519013994	0.178055206779755	0.498305556747109	0.0544	25.74	0.0224153253678279	14.1651	0.262018920410312	17.86	309.355233569933	1.05420238221546	1.34734512670068	25.74	0.917961079955372	0.0720357315360058	0.309484620070855	499.16	503.453333333333	13.3044224882257	0.790724138201346	-0.724049509129204	0.98072611454416
64	30	4.20684651417565	1.76830055437775	0.713364485301055	7.05045309812707	0.07295	7.63	0.447989466221006	7.9111	0.359702213525743	15.34	225.688009083398	0.998674779386729	1.26931821280896	7.63	0.719006711768122	0.110647439408182	0.371682863624897	0.103569497025419	14.906976744186	-0.0478435248721703	8.11316928069227	0.357708092181416	14.5813953488372	201.096640935191	0.886471451399575	1.12621112737019	14.906976744186	0.783876074219002	0.054805066581097	0.247970452065014	551.765625	505.28125	14.9558646769794	0.888932045089512	-0.363185355390242	0.893608577021097
1406	475	24.2405567443088	12.2914404545983	1.84679103287665	55.0061442047796	0.0373705490752297	9.50512016718913	0.748067265095854	19.8644007909601	0.340114574240335	19.3019853709509	390.722887851366	1.28059794226731	1.63801744952194	9.50512016718913	0.807311485338046	0.21610763608529	0.572345716261733	0.0249376648199645	24.4579533941236	0.41262956700728	21.8198710901291	0.265361861072095	19.9148936170213	403.878692587957	1.33917932061898	1.80134388352898	24.4579533941236	0.997797445820475	0.0800807774806245	0.373529494006709	193.97012802276	558.498577524893	101.398195450774	0.904758337167198	-1.34826650554307	0.0783083305652698
68	27	4.19852232916834	1.21348565120736	1.15944265499992	5.84774820953202	0.0530701664585082	8.40723981900453	0.489992820963779	9.24227595667574	0.357183735198108	16.6515837104072	267.656015748344	1.06010681626261	1.37432695017215	8.40723981900453	0.781813252517686	0.125268170326755	0.409614177662181	0.0479600694444444	25.25	-0.0899688987147306	12.5828993055556	0.231606021649063	17.0416666666667	275.938736771545	1.07742100489728	1.41288271736629	25.25	0.946749957690376	0.0384079791767017	0.232003705473484	628.205882352941	508.558823529412	12.4634816999896	0.798079169606348	-1.31255932978749	1.17217174454928
31	18	2.81993025313413	1.08802382170368	1.09431753353291	4.2918239812951	0.133000883726802	5.03370786516854	0.000801924619086285	3.51887387956066	0.424719101123595	13.0561797752809	159.158134561333	0.64181926383052	0.912561182911138	5.03370786516854	0.446581306572946	0.0108533952198835	0.0995439983072072	0.204444444444444	5.86666666666667	-0.259541984732824	3.32888888888889	0.429019607843137	12.1333333333333	137.632648926069	0.549561925144212	0.7502485889202	5.86666666666667	0.471291426436094	0.101207195087408	0.277241919864908	749.967741935484	505.41935483871	10.1910453917528	0.918961091277799	0.40397536502207	1.20233792915165
57	30	4.11060515864332	1.63592743209113	1.16619037896907	6.47765389628064	0.0962122448979592	8.91428571428571	0.265244165015933	7.06615510204081	0.358141407082584	14.9371428571429	211.856790827187	0.919066807509317	1.16778829664349	8.91428571428571	0.703561951431543	0.098694273164331	0.337899009897009	0.152445369406868	3.74193548387097	0.19910913140312	3.33610822060354	0.397343453510436	13.5483870967742	172.929435462095	0.612895685020564	0.875083100598871	3.74193548387097	0.34318798168344	0.129462713153824	0.337761273162496	815.982456140351	509.280701754386	14.8134326665904	0.931971656220543	-1.55205962686322	0.795870138909414
227	82	10.0674859044325	4.4008488470028	1.54531973631603	17.2173399099644	0.0423148351196513	9.60994764397906	0.615847185021482	13.5079750418026	0.338883133447346	18.2277486910995	330.260580924105	1.2031010177738	1.54080602409576	9.60994764397906	0.79754627624162	0.168445188865947	0.496779449709377	0.0428731486992752	25.6449704142012	0.151554536187563	16.1129162144183	0.261207236026096	18.2130177514793	324.063837513952	1.20545640158318	1.59693217366889	25.6449704142012	0.994964493491307	0.0591841707416091	0.304635225240416	654.801762114537	520.387665198238	38.7315947641679	0.963220507308249	-1.40138874525142	0.424236485642405
34	21	3.10864746312343	1.32678077736881	0.383917035633255	5.15518803913311	0.150770399305556	4.79166666666667	-0.07481867302731	3.22905815972222	0.465196078431373	12.6458333333333	149.190317314038	0.601508888109516	0.875345862288948	4.79166666666667	0.452308418101637	0.00286430547125979	0.0500769838532412	0.411764705882353	1.41176470588235	0.0192307692307683	1.719723183391	0.717647058823529	10.9411764705882	113.268239327688	0.367572009478164	0.473817890300746	1.41176470588235	0.281964977905195	0.000335664881434566	0.0126118227120569	457.117647058824	509.441176470588	11.7333255317322	0.933965783842093	1.13145394215863	0.968835829678485
72	29	4.50659294794054	1.16825399020897	2.54915994183122	6.44191092836877	0.0504054350208196	8.94017094017094	0.615433321759021	12.6236942070275	0.347224495640785	17.4444444444444	303.325143318941	1.14197415828836	1.45594252086989	8.94017094017094	0.787814952888022	0.167512052024955	0.48342587233537	0.0402469135802469	27.8	-0.00168147970213635	14.8766666666667	0.243675841963553	18.6	335.231920918826	1.06360201603079	1.42319831717954	27.8	0.898545406863958	0.0807111729336472	0.335875162024403	162.444444444444	510.513888888889	12.7687705611519	0.777580105336276	0.150018290472326	1.07583672322694
147	53	6.53194243664969	2.35028322631167	0.493820842577505	10.7008415541938	0.039391233866422	9.57403651115619	0.701463278453979	17.0349394566528	0.322495665748261	19.0141987829615	369.94434552227	1.25529610833611	1.60848575731412	9.57403651115619	0.806148312952492	0.201920319062522	0.550637159564143	0.0298990295069111	26.7722772277228	0.244467067988671	18.7174786785609	0.218417741413164	19.6831683168317	383.760398337382	1.25322635135438	1.61929020879618	26.7722772277228	1.01745435278864	0.0863729692406873	0.368773822626588	639.721088435374	514.401360544218	18.00209595893	0.613868157910879	1.03328744890262	0.657620676507938
115	58	6.52390019801468	2.4359131139298	1.01957651323946	11.4893452166661	0.089914699464392	6.0169014084507	0.165441338322695	4.60484030946241	0.428732394366197	14.056338028169	182.645512020046	0.856222415393235	1.11814224480743	6.0169014084507	0.662194659057035	0.0334899738099139	0.193308531886197	0.104378698224852	7.93846153846154	-0.0273217348689054	4.86366863905325	0.416498433693004	13.6615384615385	172.020308053146	0.83562348305078	1.09098674747481	7.93846153846154	0.704603028381147	0.00733207647606708	0.0894230851339653	834.208695652174	515.84347826087	19.7537308597696	0.578033915953197	0.152561737395131	0.429587580455204
51	21	3.56663362972134	0.362949391914789	2.82922871952632	4.15815457061266	0.0566023875114784	10.3151515151515	0.595905963203741	13.763305785124	0.325908071790425	17.9636363636364	324.343296205883	1.12305369614713	1.40077294643979	10.3151515151515	0.748015485618765	0.188595838077196	0.502987464837565	0.0582561728395062	27.6944444444444	-0.0146005003462846	14.6479552469136	0.258744165752774	17.8611111111111	310.715565816725	1.01420666924063	1.31402211734553	27.6944444444444	0.891312293910837	0.0964624051911162	0.353114529029481	867.823529411765	510.588235294118	8.63619703085125	0.492684682682082	1.15574562367392	1.45325374451773
73	29	4.7241445302033	1.60962753092419	1.806646468611	7.26269440932451	0.0532889626438811	8.5546218487395	0.48231131319563	9.26232257608927	0.37164294603741	16.6806722689076	267.71756730898	1.08506715549941	1.38099042615302	8.5546218487395	0.771240662126625	0.118985757378456	0.400376646423487	0.0876479289940828	20.2307692307692	-0.0603194293688959	10.5399408284024	0.281968368239199	16.3846153846154	259.031726958208	0.857132237776444	1.17069432656494	20.2307692307692	0.760193438605811	0.0504097531942437	0.242372000091448	507.616438356164	516.027397260274	15.5626553533459	0.915832660187462	-1.09153849572263	1.09077889993843
41	22	3.21192336856344	0.771171381256782	1.55145892417062	4.59720540335769	0.0933597814776275	7.30645161290323	0.2582008346099	5.92481789802289	0.408552509596153	14.5483870967742	198.264992763547	0.914892578333268	1.16884725113107	7.30645161290323	0.708490919056087	0.0647357614298721	0.274259090486638	0.15495867768595	12.8636363636364	-0.18331274351421	6.43543388429752	0.368264088852324	14.4090909090909	198.706980157821	0.631250694301537	0.850181600238978	12.8636363636364	0.577884445182366	0.0603746756837908	0.227048261967046	602.90243902439	513.390243902439	8.45521501817569	0.527751818317973	-0.747598813766244	1.0645066016296
180	61	7.99010066572509	3.50486290649754	1.13316522352691	13.8808323254321	0.0376324932162937	9.89198036006547	0.626824680507227	14.2537976701016	0.338245011605943	18.7757774140753	351.130217442968	1.22564900649298	1.57404465650395	9.89198036006547	0.806170153309351	0.175744625547796	0.511475828923758	0.0287573964497041	25.9538461538462	0.0603282060071136	14.8100591715976	0.266961031303974	19.0769230769231	348.558768918161	1.20872847350506	1.63671088283919	25.9538461538462	1.00703766772209	0.0704954974520733	0.33574006847858	26.3111111111111	524.216666666667	30.1973071048755	0.945665530877511	1.40493618774753	0.607886780592489
116	62	8.08487318594372	4.32307019015159	0.885776143080383	15.3353088051674	0.103167213735639	6.68539325842696	0.198851720244864	5.17238195934857	0.41141032740504	14.0842696629213	185.093313549206	0.852142888655648	1.10070043362351	6.68539325842696	0.631739931163543	0.0447424376982724	0.221646545619584	0.102472711071508	8.61194029850746	-0.114847230833562	4.86238583203386	0.376855541298035	13.5970149253731	169.873587267695	0.828460416813159	1.08230347810255	8.61194029850746	0.699665890716346	0.0113934638143218	0.111019140750234	180.905172413793	527.077586206897	35.5866302189836	0.987571858579932	-1.32148323197769	0.379214097623742
34	21	3.13728712371234	1.38130242771552	0.242810453028228	5.34628529353879	0.160875961973744	4.36170212765957	0.284042355563816	4.0460615663196	0.513497641282372	12.9148936170213	156.234268160587	0.732458555714044	0.938372232715798	4.36170212765957	0.578389596499936	0.0485831903737751	0.213657091373712	0.16	7.53333333333333	-0.13720228111372	4.31222222222222	0.421025641025641	12.8666666666667	155.036045013413	0.646990342890422	0.847677006666409	7.53333333333333	0.574549672465872	0.0384938325074632	0.180895861786437	300.588235294118	516.5	11.3592619614554	0.923118073113716	-1.03112838831904	0.968835829678485
36	21	3.24905109075822	1.18633293408911	1.19047619047617	5.45440802410531	0.116725221893491	5.32692307692308	0.218532986111113	4.40828402366864	0.468021232161504	13.5384615384615	170.15478329224	0.816489589330042	1.0539815473147	5.32692307692308	0.62995764965706	0.028418351030426	0.17299477679386	0.160493827160494	8.11111111111111	-0.0099923136049175	5.01543209876543	0.43403720462544	13.2222222222222	163.528655365293	0.749129659375491	0.949816323151479	8.11111111111111	0.66793931125365	0.127439906276959	0.348244447292873	585.472222222222	516.666666666667	11.0681802443759	0.918027642846777	-1.04938374316717	1.02582617260075
88	33	4.89086410881825	1.09616543638776	3.12356486789216	6.72618063753709	0.0431190185775942	9.48630136986301	0.646653729916658	14.4235198911616	0.332511756162038	18.2945205479452	336.370640219399	1.20174833204601	1.53911542311999	9.48630136986301	0.795540703086159	0.18196116713221	0.514927542605101	0.0380622837370242	25.6666666666667	0.128114041675102	15.7190503652441	0.232659149717185	19.7450980392157	378.797835155241	1.15509265027265	1.49092759799476	25.6666666666667	0.966920284983223	0.108282660328085	0.396119758775479	343.931818181818	519.227272727273	11.9314143067709	0.392951797847065	0.624939007840989	1.01546429206943
52	25	3.94810858786546	1.49867894441171	1.09836241741966	6.67281050232954	0.0757686817638208	7.49068322981366	0.432505421662099	7.5997839589522	0.398159661586772	15.1304347826087	219.372212014612	0.971912281704268	1.25389399726909	7.49068322981366	0.696614128594035	0.105235958240792	0.360581051290831	0.0871056241426612	14.5185185185185	-0.0652173913043454	7.81481481481481	0.432344561756326	15.3333333333333	225.562244112439	0.744930289418676	1.08825158673518	14.5185185185185	0.579777329058487	0.111716312055065	0.347594982966338	782.846153846154	518.634615384615	13.4210153365374	0.913003711030214	-0.936558482975388	1.04552203511468
117	49	6.60968680633354	2.86174620513219	2.22233559801484	11.5855293273945	0.0580390049668989	8.76115485564304	0.492320810256908	9.62863303504385	0.365745415490668	16.5564304461942	265.193753915588	1.08256936916967	1.38177109786302	8.76115485564304	0.769097145536904	0.118143245995271	0.399097908040683	0.0421489197530864	25.0416666666667	-0.109239820048449	12.2877604166667	0.230967204771166	17.5416666666667	290.316008509567	1.10370348658969	1.43057264668467	25.0416666666667	0.932316286619946	0.0454343453997099	0.253662324074342	666.641025641026	526.188034188034	23.9309002818341	0.953675687314939	-1.51974574207512	0.61235541935861
281	101	10.4251161528836	4.47312487535915	1.30542968109697	18.9580356827736	0.0485689225894069	9.16382978723404	0.598872446138161	12.4225882752377	0.347678959406118	17.5085106382979	303.989545801224	1.15421387911232	1.49121409689423	9.16382978723404	0.78302031093556	0.164595512884587	0.484435560306157	0.0324611791440475	19.5449438202247	0.113665460817043	12.0257148718596	0.27958437340334	18.2078651685393	314.134927349648	1.19090269921377	1.56907480665317	19.5449438202247	0.944478192579128	0.0305876441786235	0.21810777811177	389.70462633452	529.213523131673	35.4173061049897	0.809176955523236	-0.639944378185999	0.34615725346877
236	87	9.63917493450713	4.14364634864201	0.79318673559012	17.820540786776	0.0448878901548872	9.18331226295828	0.679326281048709	15.318779058338	0.354110136244441	18.1719342604298	335.703952985077	1.21280253104335	1.53613429561544	9.18331226295828	0.787990317284248	0.188924329667703	0.523645435183309	0.0405636525877454	22.8536585365854	0.272377741581121	16.7043426531826	0.263427595123197	18.3658536585366	334.299679285259	1.20963125355727	1.59677549458549	22.8536585365854	0.970666545576224	0.0897628801344167	0.373294976876244	547.542372881356	523.118644067797	36.194380461614	0.913557580823709	0.0602205243889039	0.391817078212282
328	126	9.72931281539667	4.35254575551646	1.19480693755927	16.9082193349376	0.0441669723021265	9.02780352177942	0.673184274551927	14.8117642738917	0.358332969699704	18.1306765523633	332.603271613667	1.20779210437752	1.5490539080698	9.02780352177942	0.788408438597504	0.185865173504926	0.521507556506522	0.0372027432838244	24.8288288288288	0.208880556004525	16.692212482753	0.268457337987079	18.2792792792793	328.647251700863	1.22914055260963	1.64554051657715	24.8288288288288	0.990711095345278	0.0615214650573151	0.314927378414577	886.692073170732	525.426829268293	35.4572745671753	0.796575901951901	0.152028330254601	0.259622673312535
55	23	3.809376655231	0.90315094789683	2.23098984533351	5.33845060110294	0.0546139359698682	9.31073446327684	0.51521195018099	10.6028918893038	0.33155599037952	16.8135593220339	275.562181207493	1.11447182901205	1.41534639174767	9.31073446327684	0.781739429297135	0.142662182711618	0.44205491222567	0.0556640625	24.59375	-0.131585450787446	11.866943359375	0.204399614742873	17.53125	293.583341706246	0.956892749453416	1.30765813529204	24.59375	0.832076305272237	0.146229903851673	0.431755821289262	172.890909090909	522.618181818182	11.1148264468519	0.816344904788839	1.3490866664393	1.30652246463092
31	23	3.27078784434656	1.398574684987	0.750551152244896	5.74061245686925	0.164559785841761	5.07317073170732	-0.0247536649843766	3.47531231409875	0.453658536585366	12.5853658536585	148.015223095104	0.619282761417527	0.858626593806319	5.07317073170732	0.458276491040757	0.0170089850926	0.120920157975661	0.14	5.6	-0.249999999999996	3.24	0.331764705882353	13.2	163.234943244836	0.55583362792012	0.879588001734407	5.6	0.412697251504221	0.0801142283245559	0.266042093543911	491.41935483871	519.870967741935	11.6302742402517	0.939077266922008	-0.23494486259133	0.736403570973789
102	44	5.84713228825016	2.6451832482695	1.24150002579523	10.1755256529601	0.0571733446660692	9.17933130699088	0.507164511956067	10.3127742722259	0.355758553255424	16.4559270516717	264.24450369599	1.08801444409626	1.41466309290859	9.17933130699088	0.7804922394926	0.139681408963995	0.437481862912408	0.043054110301769	23.3870967741935	-0.0147184974490948	12.5239334027055	0.247357575198461	17.0322580645161	275.834539734927	1.12232711248812	1.49031113844333	23.3870967741935	0.977952179774841	0.0666130004998653	0.312405787757652	572.578431372549	526.78431372549	22.4244030623478	0.945741593769807	1.277008400118	0.662071179062312
111	58	7.67077836557258	3.79860149228361	0.903323234305511	14.1648713044819	0.0849801167758722	6.88495575221239	0.387430031355243	6.61973007544313	0.412894791239403	14.5840707964602	201.910551973226	0.934287376066077	1.22413727827745	6.88495575221239	0.70014490043231	0.0893541125037085	0.328915595888666	0.0884887657740843	5.66666666666667	0.191524865517622	4.50453985841798	0.396245137731206	14.2280701754386	187.302239742383	0.850822813765957	1.11604228615697	5.66666666666667	0.648893917877785	0.0458275394505702	0.225828455624881	150.801801801802	532.657657657658	33.9045331079942	0.969447546904982	-1.24853611798597	0.414645403743718
157	78	7.49250084402402	3.21076506441697	0.556622906310113	12.7872967145115	0.077220934042915	7.78004073319756	0.350946232510754	6.99337152243437	0.376410462309588	14.9938900203666	212.848720236134	0.970506873650767	1.24961593954139	7.78004073319756	0.724786948618704	0.0819208416868499	0.318185916838491	0.086371191135734	12.2631578947368	0.0841990724076449	7.69531855955679	0.382251243861151	14.6631578947368	202.999910031986	0.93429072775995	1.21601143015535	12.2631578947368	0.774613957695493	0.0159920505656131	0.139328281082286	353.968152866242	531.828025477707	26.9645673534676	0.901471830573805	-1.02892082575571	0.324280109542142
168	47	7.25743839808323	1.97139568215027	3.25782131621491	11.5848670432265	0.0247673240224114	10.962457337884	0.826993404775697	32.6821949003483	0.305645444372608	23.4505119453925	601.436243789813	1.41259186371727	1.80051647046277	10.962457337884	0.836274243634227	0.28190142712141	0.667939352559899	0.0243261012491781	34.5299145299145	0.440461759915148	31.8557235736723	0.199929780897417	25.4188034188034	668.532777665149	1.34309371170706	1.70415604336605	34.5299145299145	0.989707875161465	0.143448786316651	0.481170697606073	614.005952380952	527.803571428571	19.7893507904331	0.79616036153364	-0.944512073330113	0.955704057588203
67	34	4.87733459662797	2.2257182583175	0.507725779459772	8.65135947474414	0.0962289791065059	5.90147783251231	0.0692492575242611	4.17027833725642	0.418367028509016	13.7044334975369	173.031750211242	0.810554535225844	1.09376637777813	5.90147783251231	0.649105826318009	0.0121709986394812	0.115344872873487	0.2021875	7.15	-0.126205946052372	4.174375	0.579615384615385	12.55	147.884618332131	0.619487926659185	0.762477174599576	7.15	0.443190296968807	0.148305864575921	0.339076034383127	465.388059701493	528	18.856220863141	0.933652359708475	-1.25800460376284	0.728327708617703
33	17	2.93464343678568	0.846514986349392	1.42275136734683	4.32782899456861	0.0973004570092464	6.39175257731959	0.316420014094435	5.67520459134871	0.409307222042213	14.1443298969072	188.074270394262	0.886682873163284	1.15933149075404	6.39175257731959	0.692409517147337	0.0643513971623521	0.272376053424731	0.166666666666667	11	-0.138658146964858	5.83024691358025	0.417043740573152	13.8888888888889	184.000036896729	0.634491533957652	0.83517819773364	11	0.569266118367554	0.0396645321472962	0.182297783702194	591.878787878788	523.424242424242	8.97611370668973	0.831082381452439	0.581808266155295	1.43491429160503
36	19	3.01658669704972	0.945867079973531	1.48864585512959	4.4786350314747	0.09375	6.01851851851852	0.174641992146167	4.64600480109739	0.403058488352606	14.0925925925926	183.787477400751	0.855448764905307	1.10259699389545	6.01851851851852	0.680770371189954	0.0424155741574358	0.216002494523147	0.092797783933518	10.6315789473684	-0.370714285714285	4.87811634349031	0.240438199571327	14.5263157894737	194.575277884289	0.753357085633161	1.08831964900609	10.6315789473684	0.710372481437204	0.12803373194422	0.371914703443249	161.472222222222	526.055555555556	9.86639816681417	0.878909027213314	-1.20952027423639	1.25315607234607
82	29	4.69805000275578	0.957927254976894	2.84853467973284	6.3172187923102	0.0424398556266688	9.34065934065934	0.677212495861697	15.468743710502	0.358703788568042	18.5934065934066	351.621746713874	1.18400019305723	1.52309736594614	9.34065934065934	0.779983717844185	0.217157255445335	0.556760828987505	0.0500826446280992	28.0545454545455	0.175447545483251	18.0119834710744	0.300954899705988	19.5454545454545	379.163846419461	1.12887348409278	1.36422420797553	28.0545454545455	0.97004157476049	0.0705493377608033	0.308138371131655	720.463414634146	526.987804878049	10.9881669502885	0.261161973451045	-1.36256431368537	1.2252584903418
65	24	4.11602492663389	0.656964757211031	2.39827773852636	5.12364480727451	0.0422823147647377	9.73953488372093	0.63316678725776	14.2751541373716	0.330940727110358	18.4279069767442	340.591530677084	1.18753432963127	1.53151435972983	9.73953488372093	0.791230822293862	0.18168826664812	0.513477494689954	0.0618679357525283	32.1951219512195	0.0820895522388052	18.5371802498513	0.224531294513517	19.5609756097561	383.472048472555	0.972849038625554	1.25573885671321	32.1951219512195	0.860778736522543	0.0940826038474026	0.34146477400761	50.7076923076923	527.415384615385	10.2277886104419	0.571307499178288	-0.743311732376102	1.41808001724539
149	67	8.22343832929404	3.90096987205951	1.12999959586552	14.1587756863862	0.0624507624166244	8.36820083682008	0.644637671677918	12.77418112428	0.383224914457994	16.7866108786611	283.937898463754	1.12744823171684	1.44016151803316	8.36820083682008	0.770983306061893	0.173427831500892	0.489153648734634	0.0464576731552739	22.5106382978723	0.141307914141153	14.1075147125396	0.257606761780882	17.3191489361702	292.055674247087	1.12852653631168	1.46514138157927	22.5106382978723	0.954412897739583	0.0478781862411432	0.263338179946828	515.422818791946	539.697986577181	32.814062975955	0.967951767024151	1.50235164893325	0.417106086330924
140	54	7.20581819126037	3.01164595445662	0.392837100659216	12.0341592001403	0.0476143625494276	8.77922077922078	0.669474269442377	14.2806918910815	0.339820116290704	17.7316017316017	318.32223950212	1.17929999688777	1.51560339125685	8.77922077922078	0.774587753461108	0.182533331985356	0.512306873305573	0.0434027777777778	24.375	0.199361313868613	16.2222222222222	0.26306416945522	18.1666666666667	325.81136002932	1.15791976572095	1.48096116876689	24.375	1.00285246211729	0.10802973236255	0.39445527031787	805.928571428571	532.385714285714	25.2942028798021	0.909616966754519	0.37358171818102	0.603323692047423
132	43	6.30138487078477	2.230003694303	2.11167400830732	9.86389255921245	0.0385304885746749	9.20898876404494	0.685996044494787	15.6638101249842	0.346024873823948	18.9123595505618	362.325141168771	1.22397665576673	1.5838221213101	9.20898876404494	0.789795606597979	0.193894603782744	0.536911838837561	0.0290785061856862	29.2043010752688	0.161672751410556	18.4181986356804	0.22452814081391	19.6344086021505	377.974530765623	1.26307121756772	1.67554529986508	29.2043010752688	1.01846827064836	0.0740560777662592	0.347705458841133	855.280303030303	530.734848484848	20.5029159695518	0.878375279878587	-0.402936060021654	0.897112450565393
95	36	5.25994644637685	1.99836363267752	1.41639430933136	8.43310642353208	0.0484656084656085	10.3174603174603	0.527223607647549	11.9115646258503	0.33810311927959	17.8095238095238	311.709928339987	1.12476638982946	1.45783472163333	10.3174603174603	0.790399563780497	0.166714203756543	0.482601294499243	0.0549112426035503	35.6769230769231	-0.138701184895884	16.6656213017751	0.242358009732384	18.4461538461538	328.313036552699	1.08736718283773	1.41524317931603	35.6769230769231	0.91304523576518	0.086450840395134	0.346464906891805	754.378947368421	533.6	18.0038131863472	0.91519258680159	-1.31427682758127	0.921145994108118
821	298	22.8992538636288	10.2045440565164	2.25806014933931	47.9818006962447	0.0440937823187299	8.94523032281465	0.645607094027891	13.6204985653954	0.350534539384312	17.8839318099383	320.037425902011	1.1955927085405	1.53901194588722	8.94523032281465	0.794741749455364	0.170830507596005	0.499836403055717	0.0285344184559646	22.8795620437956	0.18099233705788	14.9678559060152	0.249760408391837	18.6313868613139	335.022758034393	1.25235074149043	1.68870214003758	22.8795620437956	0.971953210144646	0.0394522709374098	0.256331237242886	75.8148599269184	574.537149817296	92.0306182380518	0.940735751436508	1.20467686456496	0.116177089707546
41	19	3.16793646957734	0.462045456580042	2.44156073784067	3.94877168040061	0.0700979508443002	9.37984496124031	0.47712396406295	9.96947298840213	0.357012342238061	16.4961240310077	265.764476901834	1.02788463832102	1.29154261640846	9.37984496124031	0.735953947640311	0.138371544755331	0.417959272033356	0.0825	25.4	-0.235709073218196	11.2775	0.259664913782561	17.7	300.550654289374	0.822777056358642	1.12230392692091	25.4	0.69348331157525	0.101165026633321	0.335727735756781	80.5365853658537	530.585365853659	8.42446713191282	0.685993902154692	-1.35528909460518	1.42720552683858
809	299	26.5869863717821	13.7351022387605	0.759020503033662	53.3566362055761	0.045875248594793	8.94334069168506	0.633077586152605	13.1869642656999	0.362203182475874	17.6887417218543	311.894528007402	1.1935905665515	1.51928943933609	8.94334069168506	0.788340494829634	0.161580114758518	0.484123085551859	0.0370129270544783	23.1842105263158	0.205997548490879	15.5995837180671	0.270719949259447	17.9280701754386	314.219413889131	1.22461874936563	1.62089448908505	23.1842105263158	0.964935599982409	0.0534343692183503	0.291795086654014	279.412855377009	575.716934487021	112.844751608895	0.985923860649691	-1.29081133334657	0.113714542645122
99	42	5.7362908586403	2.5609931678826	0.664110746713412	9.48999951016586	0.0579140461215933	8.31446540880503	0.544124089649219	10.1192199675646	0.370730450419685	16.2767295597484	259.06801065956	1.08115138061662	1.39919935472632	8.31446540880503	0.765614432058712	0.133544719636755	0.425973707672881	0.0552777777777778	23.5	0.0587240481541632	13.4830555555556	0.267132443480555	17.0333333333333	280.739991930808	1.08630321143961	1.39233262508158	23.5	0.898458413410191	0.0625811458217576	0.293294336582223	481.707070707071	534.565656565657	21.8092455730589	0.939056821756223	-1.00123180995181	0.705255493663015
33	16	2.80259154079151	0.326217957022413	2.18839267500145	3.28467083586773	0.0727379668659935	8.59405940594059	0.412570356472798	8.31496912067444	0.346045960839205	15.5049504950495	231.179154406497	0.995872739046561	1.27639797643037	8.59405940594059	0.740291990625352	0.122403235400344	0.391547985546618	0.134349030470914	10.4736842105263	-0.121126760563381	5.67105263157895	0.421409859490355	15	213.265269471187	0.680267350421741	0.886235242191833	10.4736842105263	0.585205246527852	0.0430398567005153	0.195530819213504	680.242424242424	529.909090909091	6.85786431990652	0.445042812861429	-1.4513674007682	1.61988371200724
76	42	5.62760470345862	2.72306799680357	1.31319830791783	10.0290394681176	0.108251417769376	5.97391304347826	0.164127467783914	4.57345935727789	0.433535313791068	13.8086956521739	176.614478623848	0.835856555113671	1.06550187046171	5.97391304347826	0.635181159100584	0.0431032465220789	0.214134589859328	0.0942293644996347	7.62162162162162	-0.233333333333333	4.08984660336012	0.355827320533203	13.7297297297297	172.855751807311	0.763697683822556	1.07613641814473	7.62162162162162	0.63432394795346	0.0326699652916882	0.187376618500784	835.815789473684	535.552631578947	22.1977408175966	0.973216136762309	-1.4204628774039	0.541408257761506
43	23	3.40311741489365	1.26874667938088	0.991456891390519	5.2527785427962	0.0921819602187368	7.14728682170543	0.359260017454451	6.57736914848867	0.392132972707528	14.4496124031008	198.313973318822	0.916254226115566	1.18548620045615	7.14728682170543	0.708364618860452	0.0905784120601021	0.326157597734319	0.0699432892249527	21.8260869565217	-0.321960155713306	9.25519848771267	0.215924836896704	15.3913043478261	221.604960590989	0.88577941431678	1.1947885434319	21.8260869565217	0.870790122673704	0.138385990687411	0.403423254562999	16.6511627906977	532.627906976744	11.5113109731741	0.887385415129892	-1.55445631152523	1.02146301780235
47	22	3.53755367552335	1.15089398642873	1.82838048737444	5.59847972280079	0.0745778834720571	6.52413793103448	0.292763157894738	5.61241379310345	0.402594662067279	14.8	203.89098449859	0.944839688505562	1.2149155925698	6.52413793103448	0.733537392772092	0.0543937013181884	0.256271954903779	0.0747041420118343	9.65384615384616	-0.239388472129904	4.89460059171598	0.262600069613644	14.8076923076923	201.366741835597	0.827628444369671	1.13571690424043	9.65384615384616	0.744900225839877	0.0901604819025051	0.31887561533788	500.042553191489	533.617021276596	11.6741084598581	0.893564759627513	-1.27461663088403	1.22028805552661
31	16	2.69836618700139	0.526700741263533	1.80385871120773	3.57126115679041	0.0838247196207654	8.21505376344086	0.335912965455362	7.18522372528616	0.373928183036342	15.0322580645161	215.351083804664	0.931717554771109	1.19274611929774	8.21505376344086	0.702432788519832	0.105454980594227	0.352624864370954	0.13875	25.1	-0.277028745866191	10.8275	0.29981288981289	14.7	210.063466880228	0.705234304204018	0.931006800952004	25.1	0.705234304204018	0.116307515983592	0.329554536951311	39.6129032258064	533.161290322581	7.58606993829494	0.730205523442694	0.049456397370524	1.52170894158256
60	37	4.80250322600512	2.43083025676072	0.464990554975231	8.67584406673324	0.123039480800433	5.93023255813954	0.329521829521829	5.42239048134126	0.493211247657212	13.7209302325581	176.917147516875	0.869556058966844	1.10241314901283	5.93023255813954	0.665979290310058	0.0768700931861856	0.290444576867394	0.11328125	15.78125	-0.200638953898733	7.572021484375	0.383599960254372	13.84375	181.066748030337	0.783891191695936	1.04768607206154	15.78125	0.772814821519538	0.148315678123194	0.393072843801378	232.833333333333	534.916666666667	19.2371754861181	0.962863830977007	-0.387180137611424	0.55075400793393
36	21	3.27784064806001	1.29869152926824	1.34434230604691	5.4421301018398	0.1171875	5.63461538461539	0.126751683622291	4.22623890532544	0.419744169857292	13.3653846153846	165.79980765988	0.774536056880175	1.0380768257774	5.63461538461539	0.63006980956698	0.0437077740278949	0.21289988443538	0.173010380622837	8.82352941176471	-0.268656716417911	4.47750865051903	0.476018099547511	12.8235294117647	153.47095943212	0.642213627260627	0.819290095298263	8.82352941176471	0.535226788019936	0.0811390973924087	0.258730625116333	115.472222222222	537.388888888889	11.8780217080033	0.941456080621913	-1.14081960081441	1.02582617260075
104	40	5.84267164071744	1.91247564657859	3.18286427608842	9.42499999999996	0.0478975005250998	10.0811594202899	0.601137243013395	13.6373787019534	0.332196528615966	17.9652173913043	322.614390484253	1.16801419860798	1.48526917552197	10.0811594202899	0.79098749796782	0.179492028693437	0.503872344540394	0.0449704142011834	20.2923076923077	0.164461726626416	13.1432544378698	0.298794977293973	18.5076923076923	330.455534268717	1.12451583704848	1.46153542758892	20.2923076923077	0.904787821441771	0.110552355378051	0.39648930886876	166.442307692308	541.057692307692	18.4478456594272	0.900775897929432	-1.3224483472987	0.816814089933346
37	20	3.04595444193533	0.699758199419205	1.69779268463494	4.6024450023873	0.0939858777696616	7.02702702702703	0.315389116442364	6.13213213213213	0.415121517506255	14.6666666666667	202.102581564405	0.933455823498784	1.15993282536773	7.02702702702703	0.723551971383921	0.0966036922044776	0.333277141594516	0.1475	14.15	-0.299506371254737	6.444375	0.305090497737557	14.85	210.065899256664	0.6219151233673	0.862739119898485	14.15	0.573071313309657	0.0912954533894224	0.281456214175504	410.459459459459	534.621621621622	8.75420453424823	0.768076675077321	0.139860005843057	1.16238928182822
228	91	11.8197001152385	5.93504592180497	0.192229183346559	22.2800266925685	0.0526819459901185	8.48192771084337	0.654561885492435	13.2770582553328	0.364629460731516	17.4190093708166	305.657827917349	1.13922059433486	1.46195857221369	8.48192771084337	0.778947274024421	0.181583899220694	0.503204266507939	0.0336242808966475	22.5211267605634	0.162780922180639	14.4499603253323	0.263676065483521	18.2957746478873	324.171665061557	1.18165911360418	1.5907608834242	22.5211267605634	0.942301300908317	0.0585209154932492	0.302397200827806	619.956140350877	550.5	52.2445061422597	0.980614999081543	-0.943653754605469	0.345988709102028
90	36	5.55725572503794	2.38039734552499	1.41639430933133	9.35744240671895	0.0573630136986301	7.6986301369863	0.453292822685963	8.04090823794333	0.361696271365893	16.027397260274	244.658427921979	1.05430722824679	1.35413107023523	7.6986301369863	0.770404616839536	0.0974387322361224	0.359878964022338	0.0462962962962963	17.2407407407407	-0.0839235471039133	8.95293209876544	0.257268668072111	16.2777777777778	246.180618116263	1.05905146898497	1.39852743780875	17.2407407407407	0.920222722567375	0.058076140760832	0.283278999780704	863.788888888889	541.188888888889	20.4748367117981	0.947596312473853	-0.932201651613453	0.872664625997165
116	43	5.86583915095386	2.16410069366074	0.3757091725908	9.1054159291508	0.0450293451915951	9.37467700258398	0.588511440202338	12.3911757439791	0.337178744565886	17.8708010335917	314.956137121772	1.1745106926675	1.49829111419671	9.37467700258398	0.78781750200334	0.163159214522439	0.483419622526131	0.0364348962113514	25.4578313253012	0.00842151089651312	13.837022789955	0.276058923789439	18.0361445783133	310.144285526235	1.17630989075727	1.54350253848204	25.4578313253012	0.991294407818552	0.0807978949995664	0.349100669913095	588.086206896552	542.956896551724	18.9839044039432	0.846379329682465	-0.899558274523539	0.788371547466557
406	159	14.6870938963611	5.5837054197358	2.96173665668889	27.3843743674249	0.0475700791353965	8.68107302533532	0.705301489414713	15.7287358325874	0.365347917999798	18.0104321907601	332.579080564739	1.20730122478457	1.54747536338724	8.68107302533532	0.786594580425164	0.189871274553999	0.526510501463877	0.039628869299199	21.8754578754579	0.330398683103774	17.3346885105127	0.277309627666787	18.4468864468864	339.5445350157	1.2398751186776	1.59861667380294	21.8754578754579	0.963326562180599	0.067554208676589	0.325190325668104	824.674876847291	563.347290640394	53.7215943336491	0.873713493676501	-1.25011829946136	0.201809519774923
147	57	7.64353812581074	3.75747862713064	0.593646467217171	14.2786109939838	0.0577821740941274	9.75510204081633	0.531562061126928	11.4123740108288	0.362372707918927	17.5224489795918	301.013060493142	1.1176122998	1.42150888117947	9.75510204081633	0.769202056426616	0.156699756416938	0.463354525085789	0.0537950138504155	22.6631578947368	-0.01853719265484	12.1253462603878	0.332286345996473	17.8421052631579	303.342929988165	1.0640033788162	1.43509428079692	22.6631578947368	0.891163354363575	0.0515795408583417	0.270492548183022	544.605442176871	549.78231292517	30.8545253644233	0.968070088702821	-1.53677840232106	0.568561551342197
45	20	3.33531289981459	0.550624972490707	2.41298570240271	4.29214398640121	0.0610245982939893	8.30985915492958	0.532206191093044	9.88196786351914	0.369068858546903	16.3661971830986	262.140149501237	1.03902728118616	1.3411770410247	8.30985915492958	0.774900797297373	0.149758536313137	0.441767302241175	0.068	21.6	-0.134453781512605	10.52	0.303258889747268	16.8	266.870665013583	0.976262609181652	1.24412045393239	21.6	0.803296457401207	0.061370745360585	0.275222133723641	708.555555555556	538.866666666667	8.63198339599896	0.613260402096428	1.50291818118826	1.41371669411541
161	50	7.23309153513259	2.44589183006797	2.73130005674953	11.8600168633944	0.0320216213388095	10.2386980108499	0.74466227518502	21.0493249054148	0.324625402570302	20.3580470162749	433.37964927505	1.29444169974986	1.6656546130626	10.2386980108499	0.810917504481897	0.243600597755091	0.60827333814962	0.0308680555555555	33.4166666666667	0.291717570173244	24.5899305555555	0.22331953927144	21.0833333333333	451.921458194473	1.31015952033817	1.67568675480702	33.4166666666667	1.00336463787933	0.111024321263581	0.422835824298368	125.844720496894	547.316770186335	22.5267846328679	0.873779027945525	-1.21800267029064	0.809274267564731
265	101	11.2063409541213	4.50751995710884	2.72160190867778	18.6964069222085	0.0461034196352592	8.99774266365688	0.713309365570829	16.6924251843321	0.364176787228175	18.4582392776524	350.665160313554	1.22765013392656	1.56287832204651	8.99774266365688	0.784558189769878	0.201882313083224	0.544036211911526	0.0404432132963989	24.3263157894737	0.342587130524356	19.5015512465374	0.267732166157237	18.6105263157895	351.095389365298	1.24920435665797	1.65760227710682	24.3263157894737	0.977182901435335	0.101502173821599	0.403021073115778	790.245283018868	551.988679245283	45.6341821564477	0.929918471701376	1.54484308745329	0.326447231918947
68	25	4.19581538961716	0.653554294800234	3.04105244939968	5.08802515717052	0.0427753086419753	9.57333333333333	0.674742458306768	15.7165432098765	0.335968040438628	18.5777777777778	351.593145807501	1.19099238480394	1.52585442734165	9.57333333333333	0.778390597310687	0.215140495622101	0.554773289789654	0.0512152777777778	28.9583333333333	0.0902149012763187	16.9149305555556	0.274191025354971	18.9166666666667	354.38816616597	1.03687983132991	1.36679680897405	28.9583333333333	0.879444887358695	0.0889077999201928	0.345569058744973	559.75	541.794117647059	10.1528627611427	0.483272720175385	0.865727768717041	1.36722112284228
75	32	4.77201062382362	1.75567844254421	1.45404876551648	7.53669409041524	0.0568946815654001	8.29045643153527	0.568005813536209	10.5955648146554	0.354540034110451	16.5228215767635	267.824590181291	1.1042358000392	1.42058907812119	8.29045643153527	0.764734388604587	0.141421793333916	0.440927565172921	0.0597826086956522	20.0869565217391	0.0637060533967758	11.726843100189	0.279401658247644	16.695652173913	267.618286958543	1.04963443521907	1.34264419021339	20.0869565217391	0.856100632249345	0.107209787978605	0.375627090293346	47.0133333333333	545.306666666667	15.7325121849091	0.89313561214254	0.872801862387798	0.920388472731385
373	144	12.8086903436125	5.09469547418268	3.06224803700212	22.7886332956711	0.0490573263476126	8.84397736459175	0.568770785885558	11.2543810520276	0.345433931500791	17.0913500404204	286.443404528843	1.14550864884356	1.47018336998913	8.84397736459175	0.779752443656442	0.143968091727089	0.451594267084541	0.0398291206835173	23.6452830188679	0.0474843799117528	13.4120185119259	0.289869947047214	17.2150943396226	283.795745425894	1.15916227707772	1.55561343342891	23.6452830188679	0.967844644007667	0.032451189885501	0.223651008369791	699.796246648794	555.597855227882	44.0251218830495	0.763954650437993	0.655567121021777	0.226044378817321
154	48	6.51117008953244	1.92662111643396	2.3445600452016	10.0248172953703	0.0332211684425104	9.46007604562737	0.768713407711441	21.4509823764981	0.315575831496207	20.3117870722433	433.875332991884	1.29780591280388	1.67072270581868	9.46007604562737	0.807324816349349	0.239913865192785	0.604853292261146	0.0247183160101319	29.7476635514019	0.358510893774517	24.1864136605817	0.162851400869032	21.6355140186916	476.717576574195	1.2954160473624	1.76157809589788	29.7476635514019	1.01567884925922	0.142445449426993	0.486570768954889	12.6363636363636	550.012987012987	18.9099056224627	0.775878661739171	-1.12712197750387	0.839939702522271
214	88	8.9073712417762	4.43169090251036	0.33130408493443	17.3564433578155	0.0561785212782364	8.35042735042735	0.537354023572086	10.024640627917	0.384554237495414	16.6524216524217	269.690620717014	1.09792116041699	1.40634064540751	8.35042735042735	0.764585977163778	0.139367044411887	0.435850233722686	0.0443069758948137	21.8986486486486	0.00788347799648173	12.036328981008	0.281703259036628	16.7905405405405	267.643551685985	1.1253918208315	1.47912951342021	21.8986486486486	0.90715665806241	0.0302968370281489	0.210908821036204	772.420560747664	557.841121495327	37.9668533340571	0.960124566806805	-1.52754737389107	0.347262824312095
36	20	3.00253562814507	0.751518330927116	1.64924225024708	4.68187996428784	0.0476134215500945	10.0652173913043	0.649945761151835	15.3766540642722	0.317991875408755	18.5652173913043	349.529408107234	1.18453819739914	1.48606400441289	10.0652173913043	0.800633413229822	0.223271178797277	0.558276060877711	0.1328125	31.25	-0.303780964797914	12.984375	0.165289296046287	18.75	344.336886148176	0.648912017556075	0.912313263762058	31.25	0.466233734281932	0.268206250154533	0.496151450822338	898.277777777778	545.444444444444	8.85794855907757	0.792839501073341	-1.4484284133804	1.13097335529233
78	36	5.0382960901582	2.0945590099513	1.33564614224126	8.41992052981472	0.0727188475546305	8.5	0.4388803022497	8.57414151925078	0.374261599214161	15.8387096774194	241.677803566653	1.01031672708083	1.28582188798338	8.5	0.745984783586898	0.121287331982771	0.391116965621874	0.08085451595457	14.2325581395349	0.040472544301029	8.41644131963224	0.347112576113944	15.906976744186	242.247727678324	0.846614180843484	1.13876589125561	14.2325581395349	0.647001102636081	0.0641129825127237	0.269542488186686	228.679487179487	549.166666666667	17.9912990047985	0.937241587826072	-1.40636733483169	0.756309342530876
49	27	3.6853622697965	1.41363073464772	0.675862503366483	5.9265046013754	0.105469678953627	5.22758620689655	0.249002405160167	4.48042806183115	0.45315025745046	13.6965517241379	174.351786838486	0.825745191598573	1.08014286031532	5.22758620689655	0.638026944630218	0.0476535663606638	0.22663398467819	0.106508875739645	9.61538461538461	-0.275009807767747	4.77071005917159	0.32944657152802	13.6153846153846	170.66716998147	0.762380516724728	1.04428949861378	9.61538461538461	0.687722577670306	0.0715866091442793	0.273135220286642	392.714285714286	548.061224489796	12.8660067574238	0.898302102244368	1.29594931614877	0.844653168866392
153	61	6.724909688438	2.74481109775973	0.378472012479242	10.8187282250962	0.0519645546205866	8.52087475149105	0.524381467657793	9.95767739487528	0.361447798472708	16.7634194831014	272.486242847907	1.10530950712101	1.42609426345556	8.52087475149105	0.774568802913224	0.129566692815842	0.423415208584637	0.0419873245812585	19.2765957446809	0.00655577071133599	10.7019013128112	0.263572419735917	17.1489361702128	277.175217503506	1.09763690825449	1.44725815155169	19.2765957446809	0.89582220090027	0.0314691670860835	0.212644893569879	879.294117647059	551.43137254902	23.8979774290156	0.8749960747433	1.52250884773317	0.516703763503616
36	18	2.94694985417093	0.692146519109579	2.00077145615212	4.17702416370763	0.0869834710743802	9.05454545454545	0.355499082309757	8.02446280991735	0.358714354008472	15.4181818181818	229.29011024726	0.918292009561346	1.18002717994343	9.05454545454545	0.679477638924324	0.130807104238984	0.390179604673211	0.142722117202268	31.1304347826087	-0.291405269761604	13.0529300567108	0.286872069979799	15.304347826087	230.395139765329	0.699079792904738	0.921580224482463	31.1304347826087	0.600789899992129	0.111815479607548	0.321563964975434	111	547.111111111111	8.77415287379995	0.807258699263862	-1.3896828879435	1.39626340159546
35	19	3.06673657992421	1.02441221105745	1.15549991579474	4.67562785568691	0.102460175322839	5.66990291262136	0.147433171754967	4.32519558865115	0.419971005579229	13.631067961165	171.700198343664	0.822113323815414	1.08714060285423	5.66990291262136	0.655995517848425	0.0228598022737952	0.157562051365071	0.368480725623583	10.7142857142857	-0.108504398826979	5.8327664399093	0.587912087912088	12.6190476190476	158.710661440145	0.367766812748472	0.496779668033035	10.7142857142857	0.296583221518423	0.0107856718383213	0.0732984980810868	269.571428571429	546.742857142857	10.151605849554	0.882601201962033	-0.954042703077163	1.21834618144757
65	26	4.14651835480222	0.892205415642888	2.19500508821238	5.83513637955852	0.0493058027767889	9.30188679245283	0.608375362525201	12.876023495906	0.348850780260326	17.7924528301887	314.985851138248	1.15563691045581	1.48286758909905	9.30188679245283	0.777796143419345	0.167909428852647	0.487851030334756	0.0453125	24.125	0.00483403158233967	13.12109375	0.214365673530631	18.875	339.928047707981	1.11074733606895	1.41362198708696	24.125	0.972225584312082	0.0725445646708542	0.317717396194426	363.446153846154	546.353846153846	11.3302883049104	0.732892171692274	0.140115443353518	1.2083048667653
449	158	14.0790662340211	4.09251132988736	4.1998618940982	22.2165602375853	0.0404683171745152	9.37763157894737	0.658643532617067	14.7358340547091	0.342864404652331	18.4907894736842	343.534856398752	1.22900649049089	1.57016994713511	9.37763157894737	0.80203333945635	0.173996952051042	0.508544087668288	0.029651391271842	26.4922600619195	0.178871419868829	17.1316148913533	0.258488182356697	18.8761609907121	348.603693175178	1.25317901626507	1.68917068858205	26.4922600619195	1.00685388811143	0.0464372246907698	0.277786126946876	646.864142538976	558.445434298441	44.9654733570429	0.671561351802674	-0.170497539001948	0.226017481407117
44	20	3.32978038072087	0.779463030660465	1.81796589626977	4.97041245773432	0.0667664356227683	8.82608695652174	0.428689906460735	8.72442764125184	0.341591739289949	16.0289855072464	247.52855719505	1.01376211275223	1.29253501613185	8.82608695652174	0.747485585308267	0.123216188468459	0.39509056369439	0.0568	15.8	-0.126961483594866	8.01	0.27541592271004	15.8	231.269787857522	1.00034500883477	1.29228525323863	15.8	0.855850610916059	0.0656018187359848	0.289689051888603	756.977272727273	546.431818181818	9.76563576093049	0.80688678097144	-0.176830442272055	1.38230076757951
87	35	5.37945833021113	2.06313599026783	1.86831802563105	8.81098572168603	0.0517328102208139	8.61702127659574	0.57410337716643	11.1163296614858	0.341751253515959	16.9007092198582	280.80450471794	1.12236306607535	1.4458498456891	8.61702127659574	0.780120675938693	0.147981863750887	0.454207708423465	0.0741766697445367	21.2280701754386	0.0572201869976488	12.2582333025546	0.273022442222774	16.8070175438596	273.906567013565	0.992413407847108	1.28018870949933	21.2280701754386	0.870237145306852	0.0733051756928519	0.304664607930634	87.3218390804598	551.379310344828	18.328887296599	0.930010643078652	-0.626897072353597	0.892468770162651
61	24	4.03494013341265	0.765230399435608	2.785440818893	5.56854384516775	0.0488876543521628	9.63819095477387	0.559978141975708	11.9519456579379	0.327000786001673	17.4974874371859	301.748819684734	1.13963831183464	1.43020623602471	9.63819095477387	0.785696490706115	0.152040412552216	0.457927589989164	0.0391274238227147	24.3947368421053	-0.0696099716094527	12.4035664819945	0.174772696176307	18.1315789473684	312.623165547523	1.06103014360553	1.44610803469099	24.3947368421053	0.873572520680345	0.0747730009350795	0.325960472866236	454.72131147541	550.344262295082	11.0930136628901	0.767371191601118	-0.291944038863379	1.33081355464568
104	40	5.67853811590532	2.24676542304943	0.711512473537903	9.29280635760803	0.0517622348246167	9.58840579710145	0.471562559036305	10.0724133585381	0.344482597884132	17.2695652173913	288.826690424232	1.07927668422487	1.38114120539365	9.58840579710145	0.774803496524799	0.126995441470901	0.413276860868941	0.0473822480765622	24	-0.120184980818749	11.7125164195909	0.265803774090954	17.2602739726027	280.639849069178	1.08035483217392	1.40945425033236	24	0.883769943567849	0.0479554130080035	0.258665763049542	489.278846153846	553.576923076923	19.804906143967	0.917616170758731	-0.84105545430253	0.816814089933346
97	38	5.65179658770984	1.88292922808208	2.1054276251547	9.35617916901231	0.0481537518294371	8.79245283018868	0.630122728327854	12.8856354574582	0.359913794098034	17.7169811320755	312.644409525001	1.16722824795793	1.49665889975632	8.79245283018868	0.782968955029151	0.176257926724809	0.501205840319946	0.0508944318468128	26.047619047619	0.117504705566015	15.7579365079365	0.272485481175331	18.3333333333333	328.927036967081	1.13034202417567	1.46862678244693	26.047619047619	0.925033250870213	0.112809679345984	0.401283846769703	468.453608247423	555.958762886598	17.4012569328635	0.878145965730604	-0.890648805321047	0.84413985428867
42	29	3.47291540431208	1.33932564977923	0.380874517834017	5.72714918717228	0.18935790725327	4.48275862068966	0.20531197301855	3.82045184304399	0.528756436261507	12.551724137931	147.275258818606	0.699458107035505	0.902978072959785	4.48275862068966	0.553784153798067	0.0352593038387879	0.178578226649971	0.25625	2.4	0.333333333333337	2.8	0.632941176470588	12	135.816822456296	0.553741988916382	0.730670675606724	2.4	0.36702802403018	0.12635512485092	0.306349057276522	532.357142857143	550.619047619048	11.095680239748	0.714104891643349	0.65737238643132	0.627571421882384
144	39	6.31019508947735	0.843417134430189	4.21637021355781	7.58090268174475	0.024242684622475	11.4861660079051	0.813840654083917	31.8503608867503	0.295083452525908	23.695652173913	608.444668680439	1.41271271024839	1.78944247559897	11.4861660079051	0.836307498740083	0.275830802045932	0.660236874735855	0.0238073224852071	36.6634615384615	0.413741487245557	32.2690227440828	0.184697694680709	25.2788461538461	660.850134389416	1.3531799154413	1.69423798952928	36.6634615384615	1.0372055122299	0.141797721240969	0.477332367409246	803.631944444444	554.5	14.3553996708229	0.367069474541505	-0.428816905315504	1.18971556112276
142	40	6.47425071861694	1.53389296643804	3.11147071334446	9.44887559448213	0.0350784749143739	10.1308793456033	0.631819193198923	14.7580220892352	0.314008292499812	19.1451942740286	365.422871230173	1.24207548933539	1.60521251288936	10.1308793456033	0.813655702799249	0.173847409888756	0.513166328595283	0.0367309458218549	22.4949494949495	0.0898365014066911	13.357642077339	0.281112917492248	19.6464646464646	369.31934880594	1.14285067536341	1.50536158068768	22.4949494949495	0.951306210225364	0.058794509821187	0.295217907432319	412.56338028169	555.225352112676	18.3048809552151	0.817167815458282	-0.465944261753582	1.11526539202438
97	55	6.30556512200273	2.98367689789388	0.496600010318153	11.6459619504816	0.11007191695894	6.56357388316151	0.337028634408523	5.95011868069579	0.447536065243767	14.1443298969072	189.101454879542	0.882936529695751	1.11662621679963	6.56357388316151	0.650933031301293	0.0691016117953326	0.277149213970002	0.109567901234568	18.2777777777778	-0.196054890432323	8.64086076817558	0.337996140937318	14.462962962963	197.717766820218	0.845617350645811	1.11039911259792	18.2777777777778	0.759800167957897	0.0823565032346596	0.301610560582138	575.350515463918	558.113402061856	25.3179894380822	0.947439839762297	0.786497569364159	0.402954694080278
110	39	5.79643952802723	1.94945334667162	1.62855841109749	9.20484250681562	0.0427763217486209	8.91553133514986	0.610014958654229	12.430606805307	0.338452408046894	17.8201634877384	313.628581272255	1.18220431642849	1.51469831697316	8.91553133514986	0.799490181498359	0.155123345061528	0.474202300517123	0.04953125	24.4375	0.0894032505509296	14.4183984375	0.213440422296591	17.9625	313.207987639175	1.1110343697002	1.48023214843945	24.4375	0.95958892293514	0.0942210511939756	0.368994685110297	100.663636363636	559.090909090909	17.6645762544281	0.816124275929597	1.56004317551849	0.908810498079888
109	40	5.57076451316558	1.92199967191856	0.650000000000021	8.54532035678009	0.0433144366277349	9.97245179063361	0.520659577324218	11.4022645690565	0.340098394643849	17.7906336088154	308.63729354232	1.14729599111602	1.49064546752195	9.97245179063361	0.801334489041176	0.144618213524345	0.455360464037011	0.0458937198067633	16.3913043478261	-0.0181678224054603	9.04941188825877	0.298338001826243	18.0724637681159	305.336723416907	1.05687150067789	1.41042512280576	16.3913043478261	0.861664337855111	0.0297346441644335	0.204151837256216	506.623853211009	557.51376146789	17.7319150958747	0.852081046511668	-1.33234515195052	0.856083998103219
50	20	3.57956861566144	0.470838109939761	2.75045450789501	4.32030091544563	0.0489178658230778	9.14285714285714	0.572562260121778	11.6949577562594	0.340383457007498	17.3291925465839	295.98150992502	1.13213923300735	1.46242639692476	9.14285714285714	0.784329785859869	0.160212198831645	0.474185951953829	0.0647382920110193	29.4848484848485	-0.0924958745172766	14.4942607897153	0.263160075929086	17.4848484848485	296.890133561966	0.980366097086284	1.28472136109013	29.4848484848485	0.91851155688752	0.0937217879460796	0.34448894774025	599.96	554.16	8.90007312400567	0.577066332484197	-0.384806806567624	1.5707963267949
233	90	9.25413966229566	4.03388858738287	1.89143619088716	17.4718751069565	0.0488569786906153	9.2139175257732	0.545889367374881	11.1450140822617	0.357607489702699	17.3762886597938	295.078977171182	1.13705104320882	1.46295742450019	9.2139175257732	0.787500476500824	0.142251538904311	0.448017172298239	0.0351925078043705	23.5935483870968	-0.0186913284492612	12.5803225806452	0.262671990490309	17.8	300.820330469329	1.12389168499302	1.54287298900308	23.5935483870968	0.961416023933654	0.0511387565899682	0.278889852364933	857.570815450644	562.952789699571	35.0620995050661	0.918501259769696	1.31839170360322	0.36147708063527
51	22	3.55844010683597	0.577383559392081	2.17517929345551	4.55317526114221	0.0641917013682332	9.64634146341464	0.539430519065538	11.4721891731112	0.351171638474365	17.1951219512195	292.729056288981	1.05552341036509	1.33116779585623	9.64634146341464	0.739792173838388	0.166657162491597	0.463633425205097	0.05712890625	23.28125	-0.0785622186531545	11.792724609375	0.258520692707386	17.28125	285.987096280703	0.968756387949055	1.34024833354959	23.28125	0.877417246311983	0.0734217118014436	0.311623208314341	893.588235294118	554.156862745098	9.32119590054559	0.649395971463712	0.0712571838909708	1.32414235812462
200	79	9.06500124021122	4.67074064893023	1.89197107762365	18.1459570453093	0.0502539360662454	9.3464447806354	0.621918316036469	13.360351184768	0.363002384645172	17.5612708018154	309.37388590102	1.15155033062568	1.47469720862631	9.3464447806354	0.772252785572235	0.182738922245204	0.506602648405989	0.0367130593132155	26.0806451612903	0.0946044188766327	15.4029006243496	0.283113030506665	18.4032258064516	328.801759428994	1.16168289136174	1.57419363892973	26.0806451612903	0.969302668056939	0.0817658382421695	0.3543817596079	129.96	567.195	37.4462254145414	0.971250886209852	-0.847541303306184	0.402703753063906
55	23	3.76363312842514	0.625164994288647	2.70440374610152	5.07430608365555	0.0547279383916172	9.82022471910112	0.611041800530539	13.6237533139755	0.324531262667416	17.7415730337079	316.079137127354	1.14626199141182	1.44797252208691	9.82022471910112	0.766061192117934	0.192771543707659	0.515506544312133	0.0771428571428571	28.6857142857143	-0.0212741222971391	15.0440816326531	0.303306831134665	18.2285714285714	325.198516398	0.974357330180799	1.20658046969301	28.6857142857143	0.825812409851631	0.0408327514815706	0.221474588810643	30.0545454545455	556.2	9.81917762319125	0.671003573166843	0.0631598142776301	1.30652246463092
84	29	4.81554749062858	1.14658801570055	2.15261917724329	6.87167928666547	0.0434668105497103	9.32616487455197	0.580027837781863	12.1033131640138	0.336334232349413	17.9498207885305	317.08292698621	1.1570890511178	1.49024596662361	9.32616487455197	0.79188162837164	0.146502900362822	0.458136657034346	0.0518055555555555	20.8166666666667	0.0913665270292398	12.4549305555556	0.257600155323301	17.8833333333333	306.513062727958	1.10507337669891	1.41723787460317	20.8166666666667	0.88585324190742	0.0724222075942753	0.317838324337706	372.738095238095	557.619047619048	13.4120540984409	0.763647288856762	0.0869028349036471	1.25514284376477
201	86	10.0451983801716	4.75521896494435	0.604651162790687	18.2098369341463	0.0599939594290717	8.14746543778802	0.528588174483751	9.64155818414775	0.376119936271739	16.2396313364055	256.243634132541	1.07965551737015	1.38875079710914	8.14746543778802	0.749590297219871	0.125428859091978	0.411821976656316	0.0498185971513034	14.3688524590164	0.0598532188331803	8.64181335662457	0.293089001317498	16.4508196721311	253.426124528028	1.04862101218179	1.38567345901344	14.3688524590164	0.865231182784711	0.0463107117138469	0.252153488968862	147.681592039801	569.298507462687	40.619775766208	0.968232632252078	-1.09394450933774	0.34151439879478
87	38	4.98785649711632	1.78407452568691	0.700711945036577	7.83154534514585	0.0609318996415771	8.58781362007169	0.483254254268182	9.30951555093074	0.377290529472693	16.258064516129	255.705495404702	1.05756298423703	1.36942897756936	8.58781362007169	0.766095020946832	0.135430488760418	0.424729795697353	0.0767266863746305	24.5901639344262	-0.112083424487714	12.0558989518947	0.283724794049605	16.1967213114754	251.410222762665	0.972504061005275	1.21804034902229	24.5901639344262	0.859177260260475	0.0266890608801595	0.180030983897725	45.3103448275862	560.83908045977	15.4815861133212	0.781594509653436	0.52011075213109	0.757115127042415
110	51	5.52230645081687	2.39201590198281	0.440631471651857	10.2085142864644	0.0696587055935501	7.99426934097421	0.413105272294178	7.81065015886569	0.378241436862708	15.432664756447	227.281997091903	1.00929255028748	1.30875328817067	7.99426934097421	0.740480953344709	0.0957077576005516	0.35109449403445	0.0677210960124749	19.4328358208955	-0.0305743921744664	10.4281577188683	0.288861698335007	15.4925373134328	229.254203004398	0.967579208508037	1.30255440935236	19.4328358208955	0.798937791640935	0.042698664650805	0.235044530057661	263.545454545455	564.972727272727	20.2274688114366	0.893890585159814	-1.21413742239163	0.531449737631491
46	21	3.42832950676548	0.66450592992811	1.87597291462781	4.35291233601013	0.064453125	8.44444444444444	0.438074027482718	8.51384066358025	0.367546845488022	15.7638888888889	238.493002617392	1.0369718860836	1.32000354817335	8.44444444444444	0.77199345137422	0.103753232253142	0.366742663868154	0.0547520661157025	15.0454545454545	-0.160755559097791	7.48088842975207	0.17269558740147	16.5909090909091	255.381464999498	0.954305692921894	1.29104387316334	15.0454545454545	0.824181714361987	0.12348301811168	0.395299244509859	727.152173913043	560.239130434783	8.6105583953296	0.50337185854331	-0.863803726267221	1.31077788721207
91	53	6.69848446765222	3.42311312799203	0.547169811320781	11.9581565473098	0.118840877914952	6.26666666666667	0.438212471870045	6.57743484224967	0.455627029744677	14.037037037037	188.870347294538	0.890658273582595	1.13406366649891	6.26666666666667	0.654591102690751	0.0964893464419594	0.329558425274495	0.0881557598702001	16.9767441860465	-0.0565466173005736	9.03407247160628	0.332352514568657	14.8372093023256	208.521959548833	0.931727870586001	1.18474504823822	16.9767441860465	0.797745758933887	0.0442467758286209	0.228463548354086	354.923076923077	566.802197802198	30.3557071604083	0.976048472016851	-1.14643767759984	0.407098514028724
203	75	8.53297243294927	3.61145451040851	0.886441074058441	15.82990138244	0.0452378892733564	9.09411764705882	0.687518902523392	15.5514684256055	0.358054313030092	18.2029411764706	337.985463315851	1.20665607470534	1.5215990383218	9.09411764705882	0.788370190135431	0.194227259111268	0.528346057753984	0.0335165895061728	24.8819444444444	0.25442132437785	17.6863305362654	0.232489967794912	18.6597222222222	345.46112347752	1.23566569749462	1.6204209231211	24.8819444444444	0.979263607695476	0.0894707449149375	0.375251793420032	749.571428571429	575.064039408867	30.2531330852727	0.856699805583453	-1.49880616141008	0.453506352838207
49	30	4.07902256320708	1.94519848629126	0.666666666666646	7.59678294484656	0.134627610152086	5.94405594405595	0.159916510007744	4.53777690840628	0.468904850805303	13.4685314685315	169.20056062198	0.780209714555861	0.993627165618693	5.94405594405595	0.606565402175118	0.0358626383353954	0.188770559937148	0.298454221165279	6.96551724137931	-0.0320648343904171	4.37455410225922	0.574067717272585	12.1379310344828	139.629721973885	0.601162734554606	0.746487560047563	6.96551724137931	0.601162734554606	0.0633520991777748	0.218323485337022	90.6530612244898	567.69387755102	16.2346103249027	0.964462322533025	-1.43016049551568	0.684169066781777
82	37	5.0907482442391	2.4687058869852	0.509944926057152	8.84647069896299	0.0666461150012478	8.06896551724138	0.426289805759375	8.03226611470765	0.366581904107259	15.6168582375479	232.91275200117	1.02738761454102	1.30003182176721	8.06896551724138	0.739307070188808	0.103614790349896	0.36391329778631	0.0595061728395062	12.9111111111111	-0.0478747920883354	7.16061728395062	0.324331118448765	15.8444444444444	232.453941433887	0.987709156730811	1.29678848387739	12.9111111111111	0.831280070186205	0.0175710548504067	0.150750434993672	451.585365853659	571.085365853659	20.4216692268052	0.951830439595355	1.54863331972876	0.752697144176371
65	42	4.77823066590875	1.92699151110431	0.656814963053998	8.27808214449033	0.137560262965668	4.59459459459459	0.280313778615822	4.19208181154127	0.496348293995353	13.1243243243243	160.763367389415	0.771606617769037	1.00912277874079	4.59459459459459	0.600318676413511	0.0556166382884726	0.236843073025883	0.137755102040816	5.35714285714286	0.0853658536585353	3.92857142857143	0.464091790562379	13	156.867729900016	0.73172436554862	0.977437443696649	5.35714285714286	0.638747897527401	0.0365872116996847	0.189136438610355	436.523076923077	570.923076923077	16.605297014181	0.776563261476485	-0.86598064485591	0.463046536243394
80	37	5.1402170810834	2.02693918439111	0.742136768526758	8.94937470015303	0.0705057101345124	7.99209486166008	0.509367333355074	9.14468277898421	0.398005202097274	15.9209486166008	247.06674743947	1.00518141591033	1.29318618540144	7.99209486166008	0.731301666125023	0.13500858093092	0.413215521441289	0.0807996668054977	18.2244897959184	-0.0168833734211766	9.96095376926281	0.330472376567888	16.1836734693878	251.045685360281	0.905376441277969	1.22545036528942	18.2244897959184	0.760892058241957	0.0476734096512419	0.241023410766968	682.975	571.225	17.2621710738938	0.897422023427238	1.29983622348551	0.73433867724524
82	31	4.77947608235857	1.41623581470213	2.30481557134141	6.61785809651732	0.0454174098936561	9.88929889298893	0.577677891296888	12.708241990169	0.329365825393609	17.8745387453875	315.830877109002	1.17462233717406	1.50411275981675	9.88929889298893	0.790040629060079	0.168902468682322	0.492250793015534	0.0388429752066116	28.0727272727273	-0.0163973668462	14.8099173553719	0.237749886661898	18.1818181818182	318.061382919258	1.12619034903238	1.49212400202047	28.0727272727273	0.964801669294334	0.106423356184635	0.392951369554027	843.609756097561	569.048780487805	14.8616209439673	0.863787023022529	1.15765085282448	1.07226055190162
62	27	4.15930907206983	1.28535484169187	1.37835511599471	6.31370143329186	0.0601724313845526	8.57575757575757	0.503601137481061	9.63797061524334	0.354207477736889	16.3939393939394	260.827117569336	1.06909053060243	1.37120197330279	8.57575757575757	0.756353804187914	0.125467987540658	0.409506725948485	0.0463842220598977	27.0540540540541	-0.129641773290837	12.9746165084003	0.20748691725527	17.4864864864865	290.086395026303	1.07789169452591	1.3991820258561	27.0540540540541	0.957244393126975	0.114333230072804	0.395042947149897	421.387096774194	570.048387096774	12.7291714322756	0.839198171377464	1.46406120611436	1.06874482591258
38	18	3.05008869719123	0.54096021259605	1.94761646032869	4.00192854743381	0.0690893421430624	8.72881355932203	0.433728428193375	8.70726802642919	0.373559778046318	15.864406779661	242.708695417798	1.01151356414898	1.30128082882816	8.72881355932203	0.742665550808391	0.12198161626389	0.394368960771757	0.09375	14.25	-0.107468123861566	7.43359375	0.231545799192858	17.125	279.703752187532	0.747595529586126	1.06282826159405	14.25	0.608617093401702	0.157878674618061	0.408102765293766	536.105263157895	567.210526315789	8.07011274581007	0.650529870115398	-1.49655014433191	1.47383359057299
35	17	2.93022078254052	0.508032305082119	2.20490174282249	3.87789405267049	0.0780854223076251	8.05607476635514	0.399244447339282	7.70495239758931	0.381685580366174	15.4018691588785	227.520874209535	0.953438815566718	1.21308607462394	8.05607476635514	0.673338884675939	0.105591841430851	0.355649379815659	0.0997229916897507	20.4210526315789	-0.147214441332087	9.90027700831025	0.325404375559174	15.3684210526316	227.486911129692	0.797667615419418	1.07666919413857	20.4210526315789	0.657375707585256	0.062391488465178	0.258821895369451	158.428571428571	568.457142857143	7.9235538149086	0.690163370015476	0.878528244705726	1.52187879412654
87	45	5.73837998510549	2.36525938041986	0.604509800388313	9.79846296840526	0.0879271983527039	7.72490706319703	0.619023277813897	11.1382927267451	0.407029600206945	15.8364312267658	251.872248101989	1.03629662406013	1.29538591134583	7.72490706319703	0.701768162135553	0.178955254554854	0.474100222401198	0.0816	19.1	0.188277192714045	12.7651	0.333066064317084	16.14	255.908557269144	1.04204791141714	1.30400285903501	19.1	0.825516983827199	0.0987638557823938	0.355952381584423	546.954022988506	574.287356321839	18.9047246613063	0.865874927151071	-1.42325966973478	0.539888515283579
96	49	6.39733679550205	3.23048207749692	1.24757156861861	11.7005715071673	0.0871357146074501	7.3489932885906	0.500721430068711	8.35961217963154	0.409390474017398	15.0671140939597	220.623599515706	0.976899614195057	1.2491991282297	7.3489932885906	0.691708633495524	0.127918612362509	0.396153829596338	0.0594002306805075	22.8823529411765	-0.0697473780701499	11.6952133794694	0.220891020784516	15.9411764705882	242.333108368872	1.02693469327448	1.33843839317743	22.8823529411765	0.901699154202566	0.0618208129826909	0.286075223891026	479.958333333333	578.354166666667	26.4081380918924	0.975140758203894	-1.38736692074371	0.502445472294244
274	93	11.8307877193127	5.91818778181891	1.48359822957126	22.8234690861433	0.0381009984043451	9.88210075026795	0.636104022879153	14.5781945550145	0.333468341979785	18.8724544480172	355.802340393686	1.22672797037117	1.58042921735706	9.88210075026795	0.802470519378615	0.179234482808667	0.517104908110551	0.0267938912403158	27.7014925373134	0.0716751632826744	15.9201504913245	0.234186276102999	19.2139303482587	354.627686726406	1.25150909447386	1.68112953142694	27.7014925373134	1.0076896142873	0.0522848914242622	0.293775195350103	876.85401459854	583.704379562044	47.7414525505709	0.981522266958107	-1.13471003900087	0.398102156126074
39	24	3.39762762748534	1.32662954489668	1.25346741304092	5.66314228635967	0.0581285444234404	9.5	0.485724519033973	10.2362948960302	0.353091917414168	16.5217391304348	266.610354792283	1.05677307136561	1.3755868208069	9.5	0.773888058393199	0.184977346230194	0.494476534271465	0.1	26.6	-0.566548881036515	9.49	0.0961746361746362	16.2	247.641930926475	0.698970004336019	1	26.6	0.578558006070426	0.469827870163111	0.677395148809724	898.692307692308	571.512820512821	11.9895127043855	0.923336352874652	-1.52437841474187	0.850848010347236
583	192	19.8977886735332	10.2979097777445	4.05622177806477	39.7348610808299	0.0335656213413761	10.0901352028042	0.767330716314284	22.6834277455241	0.328607329485117	20.3324987481222	438.150552336188	1.31916194058375	1.68762479737491	10.0901352028042	0.815580913081719	0.234127850507853	0.600649798394566	0.0231462585034014	28.5023809523809	0.405025478140027	24.952606292517	0.243367132930239	21.0928571428571	456.351986735859	1.36866026394286	1.82549988073129	28.5023809523809	1.0303608414008	0.0966047175763566	0.41127489832926	289.876500857633	606.334476843911	81.5100628309937	0.986755582138855	-1.29311526092338	0.198735733186073
117	44	5.96886420945536	2.07260638790039	1.9092261856834	9.46330996729952	0.0455514666808375	9.22164948453608	0.573649943491721	11.8146455521309	0.354932366242251	17.6494845360825	306.431432061702	1.14510634913722	1.48167550428657	9.22164948453608	0.800055142227046	0.153682974382773	0.46754185174437	0.0400573452521505	27.1038961038961	-0.0414542862234882	14.0125231910946	0.214232154918548	18.4285714285714	324.907787413781	1.10917216782054	1.49061401929858	27.1038961038961	0.948253801661849	0.102171983738562	0.385072258549479	9.04273504273504	577.974358974359	19.0297446554375	0.864365931740757	-1.29649909875666	0.759434587747946
63	26	4.12748709970021	1.19884236781714	1.79413904456779	6.10073232581487	0.0548947520184545	9.42156862745098	0.506926629040535	10.5539215686275	0.346508379553362	17	281.775614989027	1.0946079161195	1.39043676299484	9.42156862745098	0.765499729913171	0.137452848981827	0.430737709759541	0.059375	29.1	-0.151620084095966	13.634375	0.192925701775056	17.75	302.353091487681	0.989463269701619	1.2603902657992	29.1	0.862109305243092	0.0912287091345103	0.336904467777552	35.0952380952381	572.507936507937	12.7983439935427	0.863350725487802	-0.298305461255376	1.17112625548022
55	30	4.04981270307075	1.66770479769922	0.466666666666697	6.83260158683675	0.10051187474124	6.24539877300613	0.291080293592406	5.4048703376115	0.415299834715208	13.9877300613497	183.053228327504	0.885091176374482	1.14520218352014	6.24539877300613	0.700308290465722	0.0603519192015181	0.262269949719031	0.117777777777778	8.36666666666667	-0.0810422798076204	4.86972222222222	0.319653092006033	13.7666666666667	176.310859299311	0.759029022686529	1.01992168559531	8.36666666666667	0.65391359063676	0.0506230256143403	0.227142569469139	400.163636363636	574.781818181818	14.3456142655952	0.888084648780097	1.56189954080269	0.767944870877505
70	46	5.18412376900301	2.56716997739488	0.185739211854728	10.099060391638	0.149217964905048	5.19796954314721	0.100464643401792	3.88925249297843	0.479550726967866	12.8527918781726	153.399576719002	0.726764651985293	0.96628561493319	5.19796954314721	0.580597577176367	0.0171449749552792	0.128729754759664	0.141776937618147	5.21739130434783	-0.127450980392156	3.31379962192817	0.349360613810742	13.304347826087	165.61447652046	0.593066642150564	0.900768705959855	5.21739130434783	0.407428597474668	0.0544084588760958	0.221657304180027	601.457142857143	578.714285714286	21.4896285093733	0.930449885251717	-1.43069739547978	0.415711693291655
54	27	3.94917180980619	1.46403928064118	1.44064076583533	6.67509754967429	0.0819240818696473	7.92771084337349	0.427775129267668	7.92709391784004	0.37545363059183	15.1204819277108	220.413022092736	0.956006742771947	1.23918879407551	7.92771084337349	0.704983849039694	0.121841874731885	0.385383682114609	0.0986328125	9.625	-0.0275229357798165	5.68359375	0.37816742081448	14.625	199.660505437043	0.820974122124987	1.04674661887297	9.625	0.723230063283503	0.0647620140956638	0.260115794246173	612.740740740741	573.259259259259	13.5139160713208	0.909620594724495	-0.573196340856426	0.930842267730309
44	22	3.35751581936637	0.996803114122562	1.36741899604472	4.92275035669903	0.0849102508650519	8.54411764705882	0.340984153461221	7.48248269896193	0.368083541353438	15.2647058823529	222.536040482495	0.941639613787886	1.19585906416102	8.54411764705882	0.697116419003934	0.111925908855272	0.363579044218148	0.09375	26.6071428571429	-0.293763760970011	11.2828443877551	0.245615826067763	15.3928571428571	226.402741957737	0.836810039887878	1.12861249267607	26.6071428571429	0.768384545987904	0.0986800938718643	0.3324904414547	718.25	572.454545454545	10.4671938531055	0.841654565688879	-0.363957870468586	1.14239732857811
73	27	4.36711898277203	0.733959828851068	2.76565254853254	5.89261470768948	0.0433542790792978	10.2479338842975	0.654875368466091	15.8467147052797	0.312409833265448	18.900826446281	361.923545734678	1.21510845695817	1.53181894158129	10.2479338842975	0.784275145509508	0.19840880433459	0.535140193407891	0.0397135416666667	31.375	0.0578667500781986	17.6510416666667	0.269619266007867	19.75	381.265644481552	1.14794425836529	1.50015725193498	31.375	0.995769440675357	0.0837651349932707	0.350595568588102	369.684931506849	573.849315068493	10.8196570902358	0.542379954208526	-0.0475874427812469	1.2583608434132
33	25	3.3825113715375	1.70605299490359	0.572712842531002	6.05375916270214	0.20961937716263	5.03529411764706	-0.0127498468904871	3.48595155709342	0.524429065743945	12.2823529411765	141.537984925811	0.59349188395262	0.805447017448775	5.03529411764706	0.462369534925927	0.00619387893334304	0.0706529447687751	0.313775510204082	4.57142857142857	-0.287356321839076	2.77551020408163	0.569747899159664	11.4285714285714	123.07453890204	0.449321606423193	0.599836604255183	4.57142857142857	0.449321606423193	0.115883102119014	0.266701608689781	730.69696969697	575.69696969697	14.9906152203551	0.966584553501057	-1.16171534825395	0.663504368438164
43	20	3.23782217329844	0.807160191100245	1.63248277173142	4.75026315060545	0.072050426818927	6.91729323308271	0.378858024691357	6.56820622986037	0.417361920148298	15.1428571428571	216.335583358238	0.966113804844727	1.23389457166117	6.91729323308271	0.724021894779317	0.0979237005594275	0.345410809423135	0.103316326530612	9.96428571428571	-0.072561268620855	5.64508928571429	0.382304460245637	14.25	187.707332377162	0.867501692561634	1.08252311803591	9.96428571428571	0.724028883282104	0.0261540593349837	0.168166409470686	218.511627906977	574.093023255814	9.31654079980287	0.747000990272525	0.139738815193805	1.35088484104361
61	30	4.27504421069878	1.69954153847892	0.984321537348914	6.79476922999512	0.0816620498614958	7.22105263157895	0.273288877985683	5.96831024930748	0.394549796283542	14.8210526315789	205.477122937385	0.934910814222542	1.19052943280805	7.22105263157895	0.702360299952611	0.0556537892800529	0.256677580391978	0.164684898929845	7.17241379310345	-0.0943396226415079	4.27705112960761	0.422312373225152	14.8275862068966	207.442425951738	0.632282926360022	0.82950947524332	7.17241379310345	0.473431120910128	0.0383108704902928	0.178551423959782	465.016393442623	577.196721311475	14.8940344184754	0.909021377865859	-1.55906634724845	0.851720674973233
32	19	3.06252971565435	1.28936534282239	0.894736842105263	5.21238669605891	0.13358024691358	4.8	0.147779580027178	3.81617283950617	0.450920060331825	13.0444444444444	157.844936942818	0.740776471648944	0.991158765304698	4.8	0.567453623140149	0.0272118177489544	0.164234036307393	0.303571428571429	5.42857142857143	-0.119999999999997	3.4234693877551	0.559663865546218	11.8571428571429	133.055693683593	0.508557590196837	0.659072588028828	5.42857142857143	0.449321606423193	0.072406313479606	0.219790241914827	494.8125	574	11.1286407876221	0.934939364364867	-0.751019571179732	1.11391650875206
44	27	3.31583431774691	1.14684632565703	0.565345834165735	5.06852900579434	0.141061980347695	4.57142857142857	0.348310974624213	4.50736961451247	0.502693385046326	13.2857142857143	165.219412614737	0.805275081579041	1.02348984213619	4.57142857142857	0.63508255218736	0.0658623780222169	0.259482232089034	0.0975056689342404	7.33333333333333	-0.0325670498084277	4.55102040816327	0.354923507864684	13.7142857142857	173.625182511038	0.800942451918743	1.07681655343191	7.33333333333333	0.709108636570784	0.0584219057223419	0.25049463344559	561.75	574.477272727273	9.13283558118596	0.415087087212235	-0.769293263353773	0.758464070002474
48	27	4.08433468259399	1.96853689277795	0.961537406351689	7.01047618967757	0.118265306122449	5.35714285714286	0.063419855499062	3.85994897959184	0.43748545572075	13.2142857142857	161.274796533021	0.756671838755764	1.02726918762141	5.35714285714286	0.588597515166367	0.0102695131637762	0.102703355247303	0.151234567901235	7.77777777777778	-0.308411214953276	3.97222222222222	0.322875816993464	13.6666666666667	176.2427246986	0.546772856597607	0.853631387438245	7.77777777777778	0.46418292035267	0.1759107544962	0.389621149213533	592.770833333333	577.5	16.5947512919323	0.967816310535451	-1.08272597931647	0.827415349093608
95	55	7.50836467125586	4.04568912044717	0.196666433207105	14.4008379003239	0.137761590935368	5.23297491039427	0.507220989622776	6.30965686463432	0.459239768158174	13.6487455197133	180.422318479851	0.826239293093269	1.07201143211376	5.23297491039427	0.59947185043867	0.133402778923759	0.376918541213567	0.11272068809416	15.9574468085106	0.0535896472104391	9.43051154368492	0.363907798438586	14.2553191489362	196.588431868735	0.882816297842595	1.12370204058608	15.9574468085106	0.747567668314737	0.0553945973605237	0.249026015437207	616.726315789474	583.2	33.4387941333063	0.987186302894857	-0.790832272223931	0.394646349872437
31	18	2.72570063888141	0.871107130116473	1.0437941237809	4.05251027218597	0.139320987654321	5.68888888888889	0.112343966712896	4.20444444444445	0.489673202614379	13.6	174.245062181021	0.672657918499561	0.895937370353041	5.68888888888889	0.470993744051971	0.0176065311960053	0.125652229002864	0.156804733727811	5.23076923076923	-0.210958904109593	3.15976331360946	0.301357466063348	13.2307692307692	164.601332047286	0.534586811489926	0.853097098038759	5.23076923076923	0.360689308644541	0.126508407394369	0.329882439298327	332	576.483870967742	8.79791003413867	0.833535698947084	-1.25214170806224	1.20233792915165
292	98	11.6364037998942	5.76506049541937	0.392558858401479	21.099642622183	0.0371742106962814	9.75727181544634	0.746733719570649	20.2628718653453	0.336794200628055	19.7813440320963	409.42694671225	1.28451373427727	1.63117102059031	9.75727181544634	0.801615755530515	0.223310095278012	0.579979559281803	0.0258506928079932	27.9417475728155	0.364221394584705	22.9744320859647	0.259702157105599	20.6116504854369	431.448546779501	1.33750806590348	1.73394213773865	27.9417475728155	0.999439520391287	0.140694646454236	0.480426430565172	574.02397260274	589.068493150685	45.8518091199583	0.965781918829771	-1.18075316776283	0.382067911223748
40	22	3.0676429530045	0.748759703140541	1.32521633973753	4.4652006146338	0.0836805310359438	7.98319327731092	0.402995321130956	7.68603912153096	0.393501345750481	15.1932773109244	221.055821756264	0.970237602498785	1.21665949106859	7.98319327731092	0.719983881922541	0.0985150753770961	0.34416002326954	0.0775623268698061	8.1578947368421	-0.132474524129978	4.60180055401662	0.316432483924744	15.5263157894737	220.922528838569	0.87458478732432	1.12808373104136	8.1578947368421	0.754020048428311	0.0650898995291687	0.270348387347875	802.875	576.825	8.63293014402814	0.689148033892329	-0.8499936401211	1.0385430259801
144	50	6.72852819275558	2.59886674519748	1.90073669928267	10.5987169034747	0.0425349509244273	10.3312883435583	0.64477621039869	15.5419432003044	0.345518441296139	19.2433537832311	373.860858912233	1.18720872248866	1.5350649593901	10.3312883435583	0.787104385659016	0.237266134813581	0.581806361598492	0.0589256198347108	31.0090909090909	0.0667009928474699	17.6126239669421	0.329870478099798	19.3363636363636	368.040186903214	1.09907266581277	1.39814426320694	31.0090909090909	0.934724272770526	0.144241769750074	0.441982441415304	54.6388888888889	583.951388888889	22.9386342712542	0.910672819662294	-1.29126378678944	0.723822947387088
73	41	4.11804262824018	1.80572484701325	0.469155708821284	6.78776587808576	0.0957654653953152	6.99539170506912	0.431762745429518	7.15534413557306	0.415119625745812	14.5806451612903	203.58171683952	0.944086504418843	1.20933893595169	6.99539170506912	0.712699941205769	0.0997449598240202	0.345294902946039	0.141919420552286	17.2553191489362	-0.0886061488811783	8.925418741512	0.394620245287848	14.0212765957447	188.093892139665	0.843737511281576	1.06307381057384	17.2553191489362	0.736639154351665	0.0658932784326375	0.264338175108115	259.931506849315	579.082191780822	14.6810182465807	0.787969377279015	0.0879300515656796	0.545713893425473
128	57	6.58495267978305	2.92830908216195	0.64364688869634	11.8880848760043	0.0709250446162999	7.45853658536585	0.529337480695322	8.92344437834623	0.393559030833062	15.7707317073171	242.236915915282	1.00585192496654	1.29885714598061	7.45853658536585	0.705653624282603	0.143192566377664	0.426073943982773	0.068359375	19.8375	0.0164810690423153	11.0849609375	0.312808359706136	16.1875	250.403170314204	1.0250191157844	1.32630613110231	19.8375	0.862869050836251	0.0719989696513543	0.307100134029739	668.3203125	585.21875	23.8462508891429	0.88568889487035	-1.50532565177682	0.495074003889804
131	58	7.93698423423972	3.5187793365448	2.32713916524371	14.0994640692205	0.0641158105163855	8.43127962085308	0.578400981191581	10.9991689315155	0.363558808749776	16.4170616113744	267.057296650477	1.07131625491589	1.37789524624886	8.43127962085308	0.742453287239035	0.159606260993657	0.461063650101379	0.0483218080620678	22.1688311688312	0.114557966108545	13.5185107100692	0.314602599626002	17.1298701298701	284.141696413523	1.12248168758892	1.46611171615271	22.1688311688312	0.9261290157185	0.0774294222173039	0.33374507982692	762.557251908397	588.664122137405	29.3675449898487	0.963048605105358	-1.19277994087631	0.489356287301145
108	49	5.79845663188605	2.26202552968935	1.13205536721295	9.83516796736449	0.0609155286641428	8.42441860465116	0.570917611491641	10.8167844104922	0.373052677532842	16.5174418604651	268.878077080119	1.08904732173228	1.40089793353612	8.42441860465116	0.755541958494808	0.147229996106991	0.446766578527479	0.0521365224402043	17.7049180327869	0.0906079178399858	10.7344799785004	0.31935155948506	17.4754098360656	289.331211201357	1.10170502255001	1.44284608227165	17.7049180327869	0.911266906618794	0.065240447503005	0.304502425110589	699.555555555556	582.981481481482	19.024076609767	0.818151787657986	0.334519433211577	0.565251156331025
115	41	5.82876342385698	1.88971573907956	0.983202164426675	9.69112511570913	0.0401720357564514	9.53246753246753	0.699537147496543	16.8629718333614	0.361172055289702	19.4077922077922	384.433083181735	1.22775746137995	1.57547139543269	9.53246753246753	0.796000514934797	0.21263980338143	0.559121459215319	0.061358024691358	26.7111111111111	0.256627681651387	18.9661728395062	0.298357567027134	19.1555555555556	368.719947756772	1.16760493549161	1.48090244521442	26.7111111111111	0.919592288430868	0.0964241704739098	0.37325069344696	319.478260869565	582.582608695652	16.5802895133949	0.74853983006119	-0.229287716541856	0.859686270464786
346	115	14.196954959205	6.76898612052909	1.47777485616712	26.3511635136956	0.0423042930028305	9.50682593856655	0.580231061507105	12.3238797190416	0.350390381578898	18.037542662116	320.446282077683	1.16574402829862	1.51805847624183	9.50682593856655	0.79916948552637	0.163785135668508	0.487073781775376	0.03140625	22.4416666666667	0.0699883014681428	13.0652604166667	0.265930232240598	18.325	319.111696086179	1.1992205699659	1.61147336665442	22.4416666666667	0.955200810268895	0.0361526184281272	0.240011798817515	820.557803468208	599.736994219653	57.2119662832416	0.975779635924019	-0.996848173828885	0.328768562008943
39	18	3.18477002348448	0.856611409795117	1.33795495319916	4.42356205275432	0.0792708333333333	6.51666666666667	0.314476068026416	5.75305555555556	0.395902939138233	14.7666666666667	204.222154371628	0.920129236100423	1.19916211286135	6.51666666666667	0.723377049307713	0.0693966291435262	0.287398043899423	0.1752	12.56	-0.18080625752106	6.3184	0.372923076923077	14.08	190.036537434193	0.614379426324507	0.819079823376014	12.56	0.536229330232278	0.0400456923470012	0.181430013108229	852.025641025641	583.025641025641	9.63630247027275	0.832149036207841	1.04584374915839	1.51261868506175
48	21	3.45431427394912	0.521339169298093	2.49489274236761	4.21852087435236	0.0607672262804904	9.55555555555556	0.498608029049827	10.5290272971934	0.322439234549961	16.7058823529412	273.053599680938	1.06960894628445	1.36015639122133	9.55555555555556	0.762312854747993	0.160384192883383	0.459499768319541	0.0880102040816327	13.5357142857143	-0.00840974960801876	7.71141581632653	0.263715735774559	16.6071428571429	260.832429756315	0.8742956648282	1.16193936728415	13.5357142857143	0.714948620868344	0.0965667339027372	0.333485457873304	31.0208333333333	583.708333333333	8.56242768846698	0.500040000351599	0.363887439317592	1.36776823013433
405	150	13.9666116397777	6.75853562157293	0.411447309978952	28.237728111321	0.0450650181778571	8.62730627306273	0.672415828387711	14.1680755980992	0.359162063333976	17.8346863468635	320.894321899701	1.19589655372145	1.53660930195172	8.62730627306273	0.78433430340121	0.181113493716291	0.513441644876549	0.0325382653061225	21.9178571428571	0.26268855053183	15.8633641581633	0.242843350430663	18.3107142857143	328.621253636688	1.2494817936904	1.66422485234502	21.9178571428571	0.970435402838928	0.0565499425275862	0.303822455479815	620.118518518518	607.930864197531	53.4454157223618	0.94590092347358	-1.25408486147581	0.226194671058465
48	26	3.9352449707136	1.66025617624787	1.03203137423065	6.78712669377819	0.113990279706407	4.85915492957746	0.169829865112179	3.92660186470938	0.450646867631126	13.4084507042254	166.523929366741	0.772126996853791	1.03826695480072	4.85915492957746	0.581095101706605	0.0231472761467824	0.154987881703355	0.12603305785124	7.09090909090909	-0.258987527512841	3.81611570247934	0.300534759358289	13.9090909090909	180.890984115596	0.615580071220139	0.921378868392295	7.09090909090909	0.443366054360746	0.0624211692939522	0.240080364749534	889.125	586.395833333333	14.5358620938294	0.947461982207108	-0.859683823414841	0.892286670842071
53	24	3.77469783558216	1.16365235599252	1.80902444550769	5.6955452865473	0.0667108895980494	8	0.391202794149747	7.57033238911399	0.363213453245155	15.6287425149701	232.162338248013	1.00407128134717	1.29223901248104	8	0.741443918297327	0.0964968365486049	0.350425987944662	0.0533333333333334	20.9666666666667	-0.227117541863111	9.54305555555555	0.228506860905713	16.1666666666667	243.972123722065	0.97566379764877	1.3089971309821	20.9666666666667	0.822689259344749	0.0506286330734974	0.256386192491826	177.22641509434	585.77358490566	11.9171124974054	0.857980647941859	-1.04528208589664	1.15628062944624
442	170	16.1946146677953	9.2394048017363	1.58955283041869	35.1428626586929	0.0463570734416215	9.18367346938775	0.606889506534907	12.6807788421491	0.353575609037794	17.6122448979592	307.558587933273	1.17998558786842	1.51979462497618	9.18367346938775	0.792890101122153	0.154812514571427	0.474448977005018	0.0337871581450654	22.548275862069	0.119015446997531	13.7972027348395	0.287205489332481	18.1344827586207	315.162505575485	1.20752288691909	1.58186430773807	22.548275862069	0.949397406126039	0.0502167772229966	0.279733279326579	546.22850678733	613.226244343891	71.5120458272027	0.974751598571921	-0.994647349676833	0.192191550572552
130	49	6.33454501676601	2.95449087241717	0.352299520441503	11.3336069088507	0.0455732828555976	9.03255813953488	0.646575990648268	13.7786425094646	0.349999288986977	17.8279069767442	319.401786780074	1.17498606533195	1.51617051386816	9.03255813953488	0.788947600457229	0.183103457595146	0.513141424722073	0.0363623167368268	23.4698795180723	0.12634411507246	14.4319930323704	0.304737458384518	18.6265060240964	336.080427975308	1.13872928250061	1.51506751643726	23.4698795180723	0.958027172363831	0.0922853672447777	0.36924966584929	777.3	591.107692307692	23.6879531331427	0.936725049030883	-1.00917170716196	0.680394910398456
158	68	8.17000160755322	3.46400687481585	2.02599883521113	13.8644263617036	0.0670424708077319	7.90643274853801	0.376117498338897	7.33647580072121	0.38681410631875	15.7153996101365	233.707141857937	1.00935760681039	1.28733270273962	7.90643274853801	0.73462298687593	0.0818144842293131	0.322490046910191	0.0693877551020408	13.5238095238095	-0.0953409441530401	7.17333333333334	0.350014733544145	15.2	214.181119979222	0.951786211257986	1.25475996143308	13.5238095238095	0.838481759269402	0.0267068591195032	0.182740052592739	120.335443037975	594.715189873418	31.8030757713493	0.909749464763683	1.22765311647479	0.429387231199989
459	155	13.6759816683765	6.3921413701456	0.356943901770904	29.3311183851418	0.0368062386383127	9.7402431222009	0.744070486883091	20.0291518230481	0.342021041025218	19.6199616122841	402.829802145608	1.27729446773782	1.63055598700043	9.7402431222009	0.802455753812942	0.224665156753947	0.581490168870932	0.0265374033313504	26.5792682926829	0.337304326021249	21.0539020672219	0.260320470097072	20.2012195121951	410.311190340347	1.31538221637628	1.7664612001619	26.5792682926829	0.998512626148745	0.0924055506015031	0.396603849394809	146.045751633987	604.862745098039	53.3237623020397	0.925855072981988	-0.814548947483384	0.24008175284041
184	65	8.87703055248245	4.00599958965362	2.02966170265361	15.7131837006965	0.0575764839005466	8.49749582637729	0.591638426069906	11.4043773568078	0.370198424956355	16.6677796327212	274.616311625185	1.12762847437236	1.43864014950951	8.49749582637729	0.775526067205056	0.149167304879137	0.454938958540851	0.051126974684381	17.479674796748	0.138806932530921	11.1485227047392	0.354554109816408	16.780487804878	270.077357378078	1.06543319613206	1.38899059570332	17.479674796748	0.869528377702509	0.0545762132599004	0.273812188732489	355.521739130435	597.722826086957	33.087950915046	0.961845271763493	-0.926559202149597	0.54726915811647
54	26	3.88178074771166	1.38988424938736	1.17669681082914	5.95495914860364	0.0812996743811491	7.94082840236686	0.305697737068968	6.71856727705613	0.398770110708851	15.207100591716	217.859870973283	0.961875768378687	1.20606871860826	7.94082840236686	0.698580423688368	0.0705465140499193	0.290546992123362	0.0783333333333333	9.96666666666667	-0.211261899939234	5.11416666666667	0.30209653092006	15.1	209.309830862844	0.85851725195567	1.15482433797627	9.96666666666667	0.747333674778415	0.0354327853861478	0.201992409493325	336.444444444444	587.944444444444	13.0859822664989	0.897678212873434	-0.498890840828207	1.00382250469733
55	24	3.75416538253279	0.773918997005359	2.40117158903732	5.22164964355136	0.0597559400826447	8.81818181818182	0.584562223195602	11.6131198347107	0.347445440092499	16.9545454545455	285.066373176028	1.09793561336671	1.40039324274765	8.81818181818182	0.753337141697328	0.167468944270228	0.475208254788074	0.052734375	26.375	-0.0563204005006258	13.484375	0.215246646602457	17.75	302.652472012258	1.04401388686505	1.30741513307103	26.375	0.896777440069929	0.0587334788826633	0.275796751919017	346.290909090909	592.109090909091	9.57935061012809	0.557914991579349	-0.940651751971713	1.1999138607461
34	21	3.13257328934771	1.26209360923635	0.885765487511304	4.97362658944633	0.131948134764587	5.52577319587629	0.0730611517204495	3.98065681794027	0.439119279749965	13.0721649484536	158.454077320576	0.741016451874254	0.990316777267531	5.52577319587629	0.585146147509281	0.0191612124364995	0.137756508821239	0.144970414201183	5.53846153846154	-0.0353982300884972	3.67455621301775	0.413574660633484	13.3846153846154	168.938014264854	0.587027684144479	0.870577388923609	5.53846153846154	0.459442488324321	0.143694498675672	0.355095141251884	463.529411764706	592.088235294118	11.4820346332274	0.939160245126542	-1.18251595002119	0.968835829678485
82	37	5.10950297696092	2.22205701997328	1.3591665903438	8.72608910781937	0.0688603276034061	9.18631178707225	0.547783855645653	11.1569922942359	0.358832782854254	16.5475285171103	271.531838731368	1.05268481536557	1.33710717138537	9.18631178707225	0.721223993325197	0.156853840969663	0.451154358988447	0.0688888888888889	27.3111111111111	0.00269590384910127	14.6924691358025	0.35751347748102	17.3111111111111	294.776415048018	0.961259441572345	1.25516059423168	27.3111111111111	0.881905264539901	0.171597112835574	0.458148401250644	482.414634146341	596.073170731707	18.9912852168696	0.941760001860729	-1.10944880392585	0.752697144176371
381	158	18.5268322683648	10.2160661063604	1.08318490431371	36.8202424158539	0.0531049986424472	9.2903739061257	0.787296491116016	22.8387885438996	0.369683326021948	19.0533015115354	395.57455707785	1.23449748858321	1.55118466677738	9.2903739061257	0.773534748196547	0.247380538175596	0.595489188450008	0.0342342800047418	26.7736625514403	0.462823766857285	25.9207437890565	0.293244259235029	20.3456790123457	435.030575218288	1.31619497799776	1.68953354634837	26.7736625514403	0.975999077474239	0.118796461426182	0.438355106215639	682.748031496063	619.750656167979	80.3261461326684	0.991456980109401	1.51754734283275	0.191787662396685
114	43	5.96429526093404	2.50730243307694	1.33857362150312	9.95577022311852	0.045718904845889	9.7037037037037	0.535763361539017	11.4512471655329	0.330161965456083	17.5238095238095	299.725791835884	1.1645764465086	1.47855802088872	9.7037037037037	0.803201983144555	0.136947908475783	0.442003919107815	0.0527613412228797	17.6410256410256	0.0329765380041101	10.1213017751479	0.321870888800606	17.2307692307692	281.125126635786	1.03567907429836	1.37925332515411	17.6410256410256	0.900726769706052	0.0625433303265739	0.291887180280086	722.850877192982	592.377192982456	21.323350337098	0.929013916228162	-0.198904358310043	0.774778934579203
64	28	4.36731418927112	1.59616422763414	1.15892719568481	6.97343721063089	0.065434761297912	7.23762376237624	0.334783940606196	6.44005489657876	0.392775074254399	15.2673267326733	218.396038632328	0.988900950802587	1.26597716612963	7.23762376237624	0.745010870744875	0.0602029565967923	0.274905066588332	0.0759183673469388	10.4	-0.22358816749904	5.24979591836735	0.268623141564318	15.0285714285714	207.4948594069	0.854804260544754	1.14637447056022	10.4	0.751816149776312	0.0473133094621272	0.232460927582016	43.609375	596.203125	15.0314392794559	0.909721593365936	-1.1976154565685	1.02582617260075
70	29	4.39502138860394	1.29255844225739	1.77510864499775	6.55317588271685	0.0578606221739215	9.46255506607929	0.461082927152755	9.77923111257738	0.355880655906569	16.7753303964758	272.879003430427	1.05195181405283	1.3520062847325	9.46255506607929	0.754579133889928	0.130483131602645	0.414713578041294	0.0600832837596669	24.5853658536585	-0.19135197463246	11.3182629387269	0.280765316044037	17.4634146341463	288.749040742431	0.969132144714398	1.2879737325411	24.5853658536585	0.809811326558248	0.0490053286784942	0.250308128777131	541.828571428571	594.314285714286	13.5168787534412	0.838237447246897	1.22575896362209	1.04595236980397
142	51	6.41937289650802	2.01236908057705	2.35498277440479	9.42862052710861	0.043202149822307	9.3765690376569	0.627825062165354	13.5969914742389	0.361580931923044	18.489539748954	340.804527216677	1.17500451530191	1.52028739196996	9.3765690376569	0.791494951514413	0.187428165028005	0.519403384722049	0.0387395047295143	25.7319587628866	0.0589113298194888	14.6713784674248	0.276299725875684	19.0721649484536	349.704116034045	1.16265459983625	1.52467256730992	25.7319587628866	0.947437841519869	0.0471474059765558	0.266411718101877	595.049295774648	596.140845070423	18.5999432589689	0.714375991185515	-0.0937155078669378	0.686053297669743
146	50	6.95713315811837	2.99023380694719	1.06620823482097	11.8767335576748	0.0403096264485568	9.57085020242915	0.608037043650342	13.2088708223377	0.355076027902891	18.5748987854251	342.127804948357	1.1719343292919	1.50920119195595	9.57085020242915	0.795748573819425	0.180513929206134	0.508705988182474	0.0362888313609467	25.4519230769231	0.0606412690938188	14.5474990754438	0.25873793022372	18.7980769230769	339.532293927457	1.16872013666508	1.55279162964204	25.4519230769231	0.974257338875267	0.0338352254281428	0.22812321910458	510.075342465753	600.534246575342	25.2509978648595	0.938440704587512	-0.707423183035963	0.733876043878576
32	17	2.85271658886704	0.9000583033426	1.08145743005	4.10797182633374	0.100837483023993	5.63829787234043	0.128868683336249	4.23619284744228	0.401261191874458	13.7234042553191	173.739954656659	0.822494165746771	1.08311297237742	5.63829787234043	0.623339596305392	0.0271476397734388	0.171372935836989	0.170918367346939	6.85714285714286	-0.0566037735849059	4.24489795918368	0.435294117647059	13.1428571428571	162.482142278873	0.63847018070339	0.831989463630235	6.85714285714286	0.474846606487378	0.0395166529059555	0.181614706233278	529.9375	593.5625	9.32247971035983	0.877644680755507	-0.807813042078135	1.39143204034427
33	18	2.81205450196346	0.867665433878488	0.946077020329256	4.05593605520979	0.102773939844829	5.95876288659794	0.169441810855651	4.58720374109895	0.450006997247749	13.9587628865979	180.597075225067	0.835995528023391	1.07509883286877	5.95876288659794	0.647779688569407	0.0259216815670459	0.166851571229554	0.134765625	7	-0.191489361702128	3.9375	0.305882352941176	13.5	170.125105583272	0.640174745227979	0.884761616704963	7	0.44468662754501	0.0991119679574844	0.296874326237663	694.030303030303	593.969696969697	8.94437271745602	0.831448074209115	-1.55352515566237	1.27990811812917
61	30	4.82899217508315	2.08106573009736	1.4317821063276	8.29759001156355	0.093811423285929	5.8494623655914	0.34232899149832	5.44710371141172	0.445685446064953	14.3225806451613	192.387052362098	0.889483463869008	1.14777673865449	5.8494623655914	0.683224152127451	0.0682472290408326	0.279103081494745	0.0783333333333333	7	0.0486257928118402	4.67888888888889	0.35972850678733	14.4666666666667	192.852283139228	0.860170880327239	1.13967475254273	7	0.714610460672135	0.0369501227805071	0.204930299033142	743.16393442623	596.852459016393	17.8573562428828	0.961297922179339	-0.885449526587887	0.851720674973233
69	36	4.73826284829304	1.79469581871706	1.6055940018465	8.67116158365635	0.0942972917286692	6.28708133971292	0.433573962544346	6.54978136947415	0.452210395244451	14.555023923445	201.660892660305	0.926052996697756	1.18521685638802	6.28708133971292	0.663922728011052	0.101356399860153	0.344765248467716	0.0897782585181179	16.3023255813954	-0.0655566749739321	8.64967550027041	0.315218403431009	14.4883720930233	199.693274543589	0.872319136167409	1.17790997747056	16.3023255813954	0.782997263071943	0.048073103746492	0.237422201504661	804.420289855072	596.840579710145	15.3973171523807	0.859186532509191	-1.34102496426559	0.66904287993116
126	48	6.31519669999236	2.28061174818537	1.45072419654616	10.8982231286165	0.042997284698193	9.37254901960784	0.630350550401899	13.6776179834679	0.331591599584679	18.1225490196078	327.895244622017	1.19454495215343	1.53396832185421	9.37254901960784	0.797807588361373	0.174394525126009	0.504014436328286	0.0451903114186851	21.3882352941176	0.163563340333859	13.7853287197232	0.290644617549537	18.4470588235294	329.656721381826	1.12933259295713	1.45093664805364	21.3882352941176	0.925311312834015	0.0454656127926247	0.255488497564328	6.77777777777778	601.166666666667	19.2312212745122	0.795201740041642	1.54762103050654	0.687223392972767
216	82	8.46120801043197	3.43900528329438	2.07675443486906	15.0906442251181	0.0480714295332611	9.22607489597781	0.693999858104408	16.0752787871676	0.354869490334938	18.3550624133148	345.57064218036	1.19418825353885	1.5210673994907	9.22607489597781	0.772168948806569	0.207925833708418	0.545341917303269	0.0396542858273012	27.5094339622642	0.259353055065081	19.5712194928998	0.273635830764549	18.7798742138365	356.009004726378	1.19483623500222	1.59602172469795	27.5094339622642	0.965898782842271	0.0945631306265716	0.382758958758541	314.347222222222	606.078703703704	29.3191789072566	0.836433910330587	1.23827180775543	0.403678770479117
50	20	3.56917261787242	0.368791030028819	2.68793601114314	4.15030119388942	0.0499161713153482	9.67901234567901	0.582792421096892	12.5997561347356	0.316610124453262	17.6543209876543	309.510223563532	1.13795905863773	1.44668093270326	9.67901234567901	0.788313784978244	0.173854605173014	0.490688107781297	0.0582639714625446	33.7931034482759	-0.125990491283676	16.0059453032105	0.215969893235117	19.1034482758621	354.802432493188	0.97689993568924	1.28874463096604	33.7931034482759	0.860606146952797	0.0319872420943548	0.202553725676101	386.6	594.22	8.76237849114048	0.560174085605631	0.84250153258556	1.5707963267949
44	20	3.31249932932992	0.766386451595306	1.79999999999995	4.38634243989224	0.0649548414198698	8.82608695652174	0.405609935498471	8.42449065322412	0.350459666827953	15.7971014492754	239.516392692414	1.01046839654698	1.31080106797163	8.82608695652174	0.747476404070249	0.123850902964056	0.398639552143456	0.079667063020214	29.9655172413793	-0.20865207069375	13.3962544589774	0.244483298607872	16.0344827586207	247.74302296548	0.93072420748683	1.17985247976047	29.9655172413793	0.93072420748683	0.0897178005620653	0.323890203646642	327.068181818182	595.113636363636	9.47988088227735	0.76610078136465	0.210655369767635	1.38230076757951
42	22	3.26420432389463	0.857593143417195	1.45241320987914	4.85428157267138	0.0999038519319752	9.33333333333333	0.349336416649911	8.17216513430682	0.394695463642112	15.3953488372093	229.418850053239	0.901780510211789	1.16052291960844	9.33333333333333	0.694087238477789	0.127828441061928	0.382827894957063	0.100765306122449	25.3214285714286	-0.218250437237273	11.3925382653061	0.26806651741372	14.9642857142857	215.214522332214	0.8587620500463	1.095285618068	25.3214285714286	0.778023923725228	0.0999191131195038	0.32986013793387	848.404761904762	595.52380952381	9.68479752241752	0.795555494260495	-0.438518099224741	1.0904701772791
863	322	19.8793386032666	8.65921085174158	3.48788873797064	38.4483701746992	0.0453272619687681	9.11750433275563	0.777472893226381	21.4862779751839	0.356557845705364	18.8991334488735	384.13875120848	1.25512189706079	1.59207380722091	9.11750433275563	0.788750639772137	0.226929836934978	0.578539595143147	0.032228171047461	25.2520868113522	0.461533003090852	24.448128628404	0.271286445585687	19.4924874791319	399.045173200147	1.31269800021098	1.74887784804727	25.2520868113522	0.991432886061786	0.105614004443302	0.420913600727379	869.351100811124	619.818076477404	71.7708583349613	0.792529654249921	-0.128787338776064	0.104594516417113
31	20	3.08322735252774	1.41021597375181	0.552268050859314	5.31083797531049	0.177301038062284	3.85882352941176	0.0765765765765781	3.08941176470588	0.493979238754325	12.4	143.771240065171	0.598626497913063	0.836868521380356	3.85882352941176	0.420155040859209	0.0194805859036227	0.127782114166334	0.14	5.6	-0.249999999999996	3.24	0.331764705882353	13.2	163.234943244836	0.55583362792012	0.879588001734407	5.6	0.412697251504221	0.0801142283245559	0.266042093543911	790.096774193548	598.290322580645	12.1865516432601	0.951279813167194	-0.750185752748917	0.973893722612836
332	118	13.9759092708606	7.03331230851557	1.33836608828388	26.5463081806784	0.0397455206357377	9.47950089126559	0.71193138721294	17.4535469511091	0.336355810404253	19.1283422459893	375.876999290278	1.25259576151748	1.60014989353024	9.47950089126559	0.790349128555237	0.20817979070453	0.55724579361378	0.0282554198149848	25.9789915966387	0.288264534359985	19.2504545936022	0.235273489644327	19.4831932773109	377.589796925614	1.3016925101068	1.73767384794941	25.9789915966387	1.01516946851481	0.0593458821236196	0.317529166745129	51.1626506024096	622.861445783133	57.4255956455988	0.970696271094951	-1.06291083828152	0.299629060899687
42	21	3.23044988512941	0.928033239632285	1.88682026249136	4.74473093603091	0.082687338501292	8.01550387596899	0.322342684698781	6.91412775674538	0.389693534426777	15.1007751937985	216.031412713333	0.944843378396103	1.20738207586293	8.01550387596899	0.722976238654364	0.0951830852159639	0.337148565007358	0.263888888888889	6	0.046123650637883	4.14506172839506	0.552941176470588	15.4444444444444	228.095151715194	0.561067650127452	0.711582647959443	6	0.439247291135819	0.0703985994583989	0.224938039996052	252.619047619048	599.857142857143	10.2626340438714	0.858767538627748	0.0526462882287542	1.19679720136754
31	18	2.80826711730785	0.88509258513852	1.17720111668982	4.4155309511141	0.121575558641586	5.21348314606742	0.140383014154869	4.03244539830829	0.439097056281458	13.3258426966292	164.81115018016	0.7602208762419	1.01199885338024	5.21348314606742	0.583750058120669	0.0342101173712998	0.186037574584512	0.164444444444444	8	-0.371951219512195	3.91555555555556	0.303529411764706	12.9333333333333	156.545888958318	0.568719844182304	0.809543840713489	8	0.458146007804834	0.153706241956045	0.355107744767584	339.064516129032	600.483870967742	9.05263395796092	0.847129900522594	0.624075258741439	1.20233792915165
207	64	8.56145791681356	2.62667782293629	3.33618449027103	13.8441820615421	0.0536828236958261	7.94419970631424	0.524816354053033	9.35908366594001	0.373674880852906	16.4875183553598	262.272580459068	1.09984648786719	1.40052744822488	7.94419970631424	0.77297402321379	0.113579030586896	0.393946400486116	0.0476530612244898	16.7857142857143	0.0831568387024838	10.1540816326531	0.318973498129002	16.4285714285714	255.944836767586	1.06256269101411	1.42124754623052	16.7857142857143	0.874268039761971	0.0346436985345327	0.221067017596421	723.193236714976	608.980676328502	22.5082102307889	0.578906018487114	-1.27843280148476	0.635068046184655
232	91	11.4949448426369	5.50855740312973	0.60678846999026	21.4038882917463	0.050969168882432	8.52356020942408	0.546859684260666	10.404989926263	0.363024816766732	16.7879581151832	274.74228547757	1.11486378183789	1.43421295559719	8.52356020942408	0.778963534303421	0.129890766552297	0.425016069552681	0.0450969503447637	17.8707482993197	0.0927300984285953	10.8486394557823	0.32159569298213	17	274.330662392013	1.10009896671669	1.43360972113436	17.8707482993197	0.925268719438861	0.0274973113167617	0.197943640173833	163.301724137931	616.133620689655	47.5254378941947	0.964768448958297	-1.06399592166901	0.352058686454695
130	49	6.68933909499045	2.83268207623717	1.84171659962103	11.6542048832981	0.0481534965703243	9.88479262672811	0.533578602925299	11.596418484147	0.333173411541533	17.8294930875576	310.988875269696	1.14153353703627	1.4631553854551	9.88479262672811	0.790311595004134	0.143351958642152	0.449705016550583	0.0434154237484102	29.4731182795699	-0.0931440762460198	14.4808937449416	0.216654888909498	18.1827956989247	315.997201122191	1.10805574711304	1.49194277357337	29.4731182795699	0.934901157101998	0.0598312863594561	0.296497762409662	648.730769230769	608.423076923077	24.4549594352969	0.951468925080087	1.44306057136492	0.680394910398456
64	27	4.23211852640143	1.35729849268424	1.72848324290038	5.91503629075827	0.0621891731112433	7.57073170731707	0.408107454467658	7.39535990481856	0.376612688176533	15.8048780487805	236.978959947015	1.00730216504001	1.28463019523811	7.57073170731707	0.748817086853797	0.0897900354686329	0.337285140619713	0.0562130177514793	15.4615384615385	-0.181491622497423	7.54322813938198	0.269804611433571	15.8205128205128	230.922176463138	0.981011401423669	1.29670799937723	15.4615384615385	0.872626369823577	0.0393318293231733	0.225155240823359	581.140625	606.265625	13.707141581968	0.880659195312105	-0.868778995667327	1.10322046545814
44	20	3.29715245417363	0.498784215805599	2.16333076527838	4.27551166528643	0.0654210444593965	9.09352517985612	0.494870969225815	10.0011904145748	0.355788432724531	16.4748201438849	264.485141773589	1.06138751856923	1.34609773133159	9.09352517985612	0.738387250911155	0.139457191522788	0.427476989138134	0.064	15.64	-0.0724669482692399	8.2916	0.238565243977009	16.44	252.93477976864	0.967172857921529	1.26525140501907	15.64	0.810401854615447	0.0662512159324605	0.288174388764135	705.068181818182	604.068181818182	8.15461047249266	0.491334796510128	0.040715550430341	1.38230076757951
112	41	6.03754225274042	2.32851200101666	1.78865484071208	9.58297618074183	0.0457031111111111	9.664	0.566177555003516	12.1381973333333	0.353336235783295	18.112	322.764035476412	1.14511324541008	1.48061307276487	9.664	0.794441624973026	0.170210397107687	0.490689533158306	0.0311634349030471	24.2631578947368	0.000684540787221185	13.1398891966759	0.23458062700976	18.4210526315789	322.182430839015	1.16167744164093	1.57499301385739	24.2631578947368	0.958726742110371	0.054356432419417	0.29024412167698	462.035714285714	612.357142857143	20.8819405715758	0.936528328812217	-1.20941609404577	0.837259672104835
83	44	5.03933899542087	2.56076977256323	0.675730397605384	9.57279633921383	0.0954414408828818	6.59842519685039	0.408047255656662	6.5734391468783	0.417704739335124	14.4409448818898	197.862733110497	0.944004424147718	1.19302368878475	6.59842519685039	0.695317461787739	0.0924989009475639	0.330547639637973	0.165897731641676	9.27450980392157	0.0460126945207923	5.86091887735486	0.474323485050129	13.7843137254902	179.924874100449	0.755280438444247	0.93825945541647	9.27450980392157	0.655222237466816	0.0306881041799151	0.169760664661021	662.313253012048	610.144578313253	20.2950175744269	0.950707246695017	-1.05585185561918	0.538744194727175
78	33	5.17523478233009	1.97859367187305	1.88269388691021	8.81109785229498	0.062056	7.712	0.506325587493034	8.810816	0.373468411397823	16.144	251.675120414356	1.03956831872329	1.31805452474566	7.712	0.752070352359994	0.119914691257356	0.393395865620256	0.0525124490719783	15.1063829787234	-0.0105996365838906	8.47397012222725	0.268016933849224	16.3829787234043	251.497494990201	0.997661129021779	1.30833841502664	15.1063829787234	0.81598934745142	0.0715133140871046	0.304095582265293	763.794871794872	610.653846153846	17.4502813764191	0.93889620691693	-0.902203720868276	0.900070622516084
402	193	13.7619219357829	6.21575412107617	0.848539527292608	26.2588710626489	0.0701779634426837	7.44363929146538	0.498517460351637	8.42163355945037	0.399803689189879	15.5257648953301	232.124847786117	1.03846173567403	1.32702965018797	7.44363929146538	0.734901220922582	0.109184437171575	0.376950071554584	0.0588069938719289	13.4848484848485	0.169289700065056	9.11645677554769	0.340086221951228	15.7878787878788	236.5910139013	1.03626751032821	1.36322075788483	13.4848484848485	0.846242946053165	0.0349766640868398	0.217648511877063	23.0970149253731	621.965174129353	53.2011953635634	0.915335442132565	-0.291158117078678	0.135619237750608
200	70	7.40654030437032	2.83331087522291	1.90520233003415	13.1399530953097	0.0402326474622771	9.54666666666667	0.686891015009533	16.2449580246914	0.342046161999103	18.6044444444444	353.41227018912	1.22689845092104	1.56965901927466	9.54666666666667	0.798868523668492	0.19881278469681	0.541157159134737	0.0358633871535637	28.7801418439716	0.207827880768112	19.1653337357276	0.257962885598862	19.1631205673759	365.836022081856	1.22002080777701	1.61596764690337	28.7801418439716	0.974660607067001	0.0860371604626741	0.367726252227004	110.655	619.31	26.2268738687047	0.853694039612188	-1.17055702333199	0.512913086300374
47	28	4.04054225026851	1.89502246966356	1.02332491299243	7.20446644344285	0.134237306196388	5.48905109489051	0.0149915863545984	3.78629655282647	0.44628595963933	13.1240875912409	161.102388635658	0.656278901689889	0.910639653304069	5.48905109489051	0.467311304949504	0.00616031198267911	0.0749089720749209	0.233471074380165	8.54545454545454	-0.264831804281346	4.37809917355372	0.420320855614973	12.8181818181818	156.077825378322	0.525465144087286	0.717029686782547	8.54545454545454	0.428267990056978	0.0510610693593332	0.192027266300687	593.787234042553	613.63829787234	16.0073033657073	0.968935907304959	-1.20199411532199	0.753341095503675
31	16	2.70617538313221	0.542035327012216	1.93850780240885	3.93799600050584	0.090472887038964	8.25806451612903	0.313283593569724	7.01271823332177	0.361753462702229	14.9462365591398	213.006196431474	0.902968135645361	1.14530967854311	8.25806451612903	0.642944546017769	0.0969826287128364	0.331933369896992	0.18595041322314	5.45454545454546	-0.392405063291144	2.95867768595041	0.319786096256684	15.2727272727273	221.003143166637	0.486822570025421	0.808511091280589	5.45454545454546	0.39413757036225	0.130365093370294	0.326537804802334	438.064516129032	611.064516129032	7.74087527954677	0.756562489907065	1.5124121093598	1.52170894158256
51	25	3.65467020175147	1.03854981413018	1.7218594600025	5.42261929329358	0.0763616945532218	7.9874213836478	0.426299370983417	7.96131482140738	0.386097836930245	15.5471698113208	231.4948393982	0.99942079313178	1.27266251516317	7.9874213836478	0.758006049978866	0.111451388169089	0.373461194847397	0.0894901144640999	22.4516129032258	-0.13653603034134	10.8772112382934	0.235198649240395	15.6774193548387	237.306780141055	0.836612500388135	1.08908927094502	22.4516129032258	0.658281088221456	0.0696724671669558	0.274967823655889	196.686274509804	612.882352941176	11.2331857196955	0.840517748275713	-0.370392899401305	1.02541584213171
142	66	7.90384680147244	3.67611543008253	0.758938168870794	13.7322972274914	0.0692024691358025	8.22222222222222	0.622071908480115	11.878024691358	0.391734757381816	16.3111111111111	268.009589815265	1.05595744842863	1.35414582398318	8.22222222222222	0.737064772685806	0.195599396558878	0.504392898841978	0.0522762345679012	23.5833333333333	0.0709889208042669	13.6927083333333	0.194645832914643	17.9166666666667	312.28904050919	1.03171654801988	1.34459737070347	23.5833333333333	0.792890149124684	0.100548772843158	0.364261128981403	327.845070422535	619.091549295775	34.4829074293397	0.959207955935883	-0.725479949394269	0.409647526914372
65	34	4.47005747765744	1.82150874412293	0.763573822691018	7.01222363282977	0.1087	6.66	0.247814596462695	5.4271	0.452963189433778	14.54	197.888791181702	0.871042790991619	1.08163104313652	6.66	0.649466888395623	0.0610682726889711	0.256640741701868	0.119183673469388	10.3714285714286	-0.297421496042894	4.9969387755102	0.299353587588882	14.4285714285714	191.894305513457	0.780202332490938	1.02102632902212	10.3714285714286	0.661569043883569	0.0587591748759783	0.244824663771359	389.861538461538	613.953846153846	16.2344661875853	0.924329035631972	0.331589486112737	0.706586582987324
228	78	10.0856506545542	5.17222129229914	0.426173593297359	18.9743979556079	0.0400737836051012	9.18547341115434	0.658219010362684	14.4376599191509	0.338580374835811	18.4046692607004	340.153813206534	1.21197758833318	1.54305928493952	9.18547341115434	0.797531566403933	0.173823033566477	0.504516363605738	0.0417027362715947	22.0245398773006	0.240329017232381	15.4961044826678	0.246657140642693	18.5889570552147	338.715014164175	1.18909682270699	1.5688393737996	22.0245398773006	0.949141317190922	0.0995343874815242	0.389280802003648	406.793859649123	629.05701754386	41.1132709494389	0.960640353918088	-1.35657725677549	0.47092907627776
71	34	5.14348259897904	2.20598868128516	1.27254750898727	8.7060810788129	0.0759090909090909	7.13636363636364	0.25502545078078	5.7896694214876	0.391381035498683	14.6363636363636	199.698149965557	0.93688058349006	1.21577008368219	7.13636363636364	0.715785388972716	0.0522792932780273	0.251359122368446	0.0883856829802775	13.2702702702703	-0.14817506715121	6.77885317750182	0.384299733266347	14.7837837837838	203.482980626063	0.868402431254274	1.17804043244772	13.2702702702703	0.794900687376849	0.0645618565936574	0.274926214455184	528.352112676056	616.87323943662	18.9043764866526	0.955433278554374	-0.922380328141038	0.771809959878461
128	57	7.25928261616462	3.4364856058763	0.327746345478358	13.7478054433818	0.0656290911699476	7.40342298288509	0.475756446942888	8.06105295879389	0.39130538785364	15.6430317848411	234.439587289886	1.02801216673604	1.3171910085957	7.40342298288509	0.746183230033813	0.10607320089467	0.370372021680589	0.0668512110726644	14.6	0.0837788422702908	8.96750865051904	0.346802894846781	15.3764705882353	223.278579291589	1.02347282855065	1.33339126608134	14.6	0.860930792765085	0.0419161946018115	0.235559387640678	788.96875	619.5234375	28.0976276005909	0.950816357366762	-0.766658927629713	0.495074003889804
48	26	3.66378070890525	1.37488922626857	1.07141448286032	5.7440476007983	0.106680427847626	7.97260273972603	0.255284837861525	6.3527866391443	0.386634412258909	14.6301369863014	202.786870967241	0.869747197113339	1.10865132074133	7.97260273972603	0.638518618233634	0.0770593401793048	0.291585722312558	0.0911458333333333	18	-0.174977334542156	8.65972222222222	0.287513758101993	14.8333333333333	210.675340107841	0.760790875804491	1.09330076974639	18	0.641275302245292	0.0575978945611795	0.250562906092973	85.6666666666667	613.833333333333	12.5072427630422	0.894211207388787	-0.184479773101327	0.892286670842071
154	53	6.94055104308954	3.13690024908362	0.604951680825721	11.2672477649385	0.0389663461538462	9.24230769230769	0.665683429851068	14.8226886094675	0.333108390325585	18.5961538461539	348.004079385011	1.21928322341371	1.5671846515211	9.24230769230769	0.800479541713164	0.185388414432839	0.523460630393893	0.0299928800284799	26.2452830188679	0.187696952334781	17.1548593805625	0.188747171148322	19.0566037735849	355.512929013138	1.24821320874845	1.66647867893467	26.2452830188679	0.99265356893993	0.0674374889682358	0.331355009602257	211.525974025974	623.571428571429	25.660719790319	0.923011276111887	-1.56685411177854	0.68893594681784
74	34	4.76231893165679	1.90865993645932	1.08505098504094	7.75361284245781	0.0665604450256958	8.18884120171674	0.61267625267472	11.5710549098344	0.370021745280518	16.4892703862661	271.411813526573	1.08419216222088	1.39538039530592	8.18884120171674	0.753061672426086	0.17098095632547	0.479199216933764	0.0532879818594105	23.7380952380952	0.0232216377611128	13.1512188208617	0.277096724801172	17.4523809523809	294.206117540765	1.04081985980316	1.38295720358149	23.7380952380952	0.882857236406778	0.0840259812871589	0.337982668214406	345.608108108108	618.675675675676	16.0381579826199	0.875301571140031	-0.684087827909356	0.80442164832403
48	24	3.62424717455303	1.19616246386793	1.04913985933453	5.28526515680887	0.135189689974639	4.48920863309352	0.186661915567979	3.75974328450908	0.467013900192064	13.0647482014388	158.845564367834	0.723929757636532	0.97118015100434	4.48920863309352	0.532884610951654	0.0330406651057874	0.179167299328815	0.1992	7.2	-0.0812109562710243	4.3296	0.463529411764706	12.96	158.800704821635	0.603531862962019	0.784149860360408	7.2	0.458146007804834	0.0176398383755076	0.117721864140487	475.1875	617.8125	11.7470030213393	0.836001649457177	1.26235406452424	1.0471975511966
42	25	3.41387128122668	1.69984789767077	0.368781778291701	5.77026862459629	0.11204835735264	6.64462809917355	0.205351891785923	5.18086196298067	0.416502445379451	13.7355371900826	176.633275083985	0.829939360798028	1.0758827054442	6.64462809917355	0.613644496690205	0.0540443131805629	0.240851813023662	0.239795918367347	4.28571428571429	-0.238938053097342	2.72959183673469	0.626890756302521	13.2857142857143	167.473509600341	0.446677852277535	0.753398658883032	4.28571428571429	0.425596076802986	0.224706454792784	0.416698337638432	769.761904761905	618.833333333333	13.9968231170384	0.944822822692427	1.4979297957171	0.844460105284936
79	40	4.88713104554511	1.96540711906442	1.06213228931245	8.11961359918065	0.0903456892961266	7.46938775510204	0.276938807106273	6.16511453561016	0.388019557095187	14.7510204081633	204.713903674753	0.911842929446737	1.16106096526706	7.46938775510204	0.679343770400546	0.0650419505349309	0.274020969156867	0.0828125	21.3	-0.287884513642201	9.269375	0.24775100892748	15.65	232.529653701278	0.792269564254514	1.11060020759345	21.3	0.664011369008817	0.0666145301480203	0.271433132254747	738.20253164557	622.974683544304	17.6521292265756	0.912950503773587	1.24345649005423	0.620464549083984
57	26	3.96532244798421	1.24553836251903	2.17367248476076	5.89277965573175	0.0684960776533073	8.56353591160221	0.402159088971858	8.16205244040169	0.364378187842601	15.878453038674	241.055408077872	1.01336863837991	1.29585157777622	8.56353591160221	0.755194072437372	0.105213978988612	0.366109938613856	0.056245434623813	24.8918918918919	-0.188407818793702	11.4727903579255	0.270959937229277	15.972972972973	240.888377961355	1.01004851210821	1.32832195729604	24.8918918918919	0.957716452827685	0.0828172794867892	0.329271869728415	176.719298245614	619.122807017544	12.8341726878908	0.893008260248316	-0.20446423441628	1.05959042162496
36	20	3.02730880682532	0.919457115975417	1.04403065089104	4.45982062419552	0.104663581345675	6.73584905660377	0.424403747870529	6.85119259522962	0.420691493166521	14.377358490566	198.121618455287	0.90692059378731	1.15306692669991	6.73584905660377	0.667191321369624	0.10798391447311	0.351176735701425	0.100308641975309	21.1111111111111	-0.255967682702902	9.40432098765432	0.251325533678475	14.7777777777778	208.018595670398	0.795202091199438	1.04606042091942	21.1111111111111	0.648786327487498	0.103412778352246	0.328341919373926	488.25	620.333333333333	9.24688622040539	0.80935030391545	-0.986150913749697	1.13097335529233
508	189	15.3025251365016	7.49277854694942	0.258177204206454	31.1195508294795	0.046426561720165	9.44173602853745	0.596445243514717	12.6982093220375	0.347137791290411	17.6652794292509	309.285147581798	1.17485656256292	1.5110163280905	9.44173602853745	0.788456437830925	0.160279728340817	0.481120658798843	0.0378350719378059	25.3519061583578	0.0899905894998456	14.9294747207196	0.276778795328259	17.7448680351906	303.930381498273	1.20508603016552	1.6077876474639	25.3519061583578	0.994357559197795	0.0325761784115062	0.22770644903885	264.139763779528	646.023622047244	59.4841075999646	0.937092253729073	1.28275434617977	0.178710458052531
107	44	5.84295510034664	2.65809221204418	0.690101202304027	9.73390810220377	0.0552865649577689	8.71469740634006	0.508783887530288	9.8705329335847	0.352390464714587	16.536023054755	265.472707093931	1.0859333214903	1.39862691913919	8.71469740634006	0.775899622955817	0.127200759106091	0.415971701956437	0.0551347738917354	13.8059701492537	0.0857324098456208	8.55028959679216	0.306109601193008	16.1940298507463	246.815178355788	1.01443861389562	1.31859961810552	13.8059701492537	0.821054189109193	0.0268474135987809	0.187740556195222	751.81308411215	628.822429906542	22.5983044196991	0.922841126195401	-1.5134067648179	0.69452564862419
246	71	9.4390961414121	2.91431432225596	4.1641101725413	14.9746860394389	0.0446895294249975	8.65936739659367	0.57490707670132	11.1852641175461	0.366747541543591	17.4793187347932	298.633718524371	1.15289752710714	1.48858017734023	8.65936739659367	0.790754440502267	0.140533267618619	0.448874259119888	0.0415509405378109	20.2921348314607	0.114222890869112	12.4544249463452	0.282697017132971	17.5730337078652	294.773495205065	1.16425769467196	1.55585237365775	20.2921348314607	0.935756920913286	0.0519487361276781	0.28218853200232	74.8821138211382	629.520325203252	30.5549389288647	0.870907752678377	-0.297021293669924	0.613236891714413
44	24	3.51422598288845	1.31532385833406	1.25968470481922	6.00028934487519	0.0951274104683195	7.83333333333333	0.186641876430208	5.81542699724518	0.379031911384853	14.3636363636364	192.806968874433	0.895949323213075	1.15606637698847	7.83333333333333	0.72226138239472	0.0696447382057434	0.28290315741374	0.226331360946746	6.96153846153846	0.116327105436111	4.93897928994083	0.538026453184824	12.8846153846154	157.810747889573	0.677389279092966	0.839482353681263	6.96153846153846	0.619894840022542	0.0803124154293834	0.260444455046699	194.318181818182	626.545454545455	12.1546210382081	0.914928586610263	1.44490326150216	0.959931088596881
325	78	10.2543689340911	2.49624081846486	3.04686169795134	14.175684564532	0.0335363950617283	9.76177777777778	0.714671546470865	18.1062115555556	0.3405033413504	19.9573333333333	407.864796601622	1.27039329069452	1.63955021520668	9.76177777777778	0.804578223054008	0.220049540766305	0.577303796689886	0.0282554198149848	27.6596638655462	0.278973579459621	20.1807561259798	0.258448379256469	20.4579831932773	415.667732493724	1.31106772745486	1.74483848004742	27.6596638655462	1.01238265407158	0.0956131921924865	0.40089340085895	382.218461538462	633.116923076923	27.657674672717	0.642236852533295	0.510940708112325	0.671280481536281
55	23	3.74887627111936	0.565877918945494	2.83143307046348	4.7566489133305	0.0618738491308012	10.1675977653631	0.58447382585604	13.2346056614962	0.339037482842938	17.9888268156425	324.109383700795	1.09685952878765	1.38914931531956	10.1675977653631	0.764599968238882	0.193737512651259	0.507638037694592	0.06689453125	29.875	-0.0575221238938053	15.125	0.201606274085694	19	353.281268804979	0.926365368167389	1.23719618535549	29.875	0.815856868067767	0.0828537917518734	0.318460695807781	500.890909090909	624.963636363636	9.88938714478276	0.700786288023668	1.23177478848185	1.30652246463092
157	59	8.2258837823149	4.06064215877114	1.65660083997475	14.3998088818752	0.048992976978675	8.90630975143403	0.518001343032396	10.2389362736675	0.365935418820359	17.17017208413	285.349068942831	1.12960994935447	1.4413674660761	8.90630975143403	0.77829606779855	0.139773731461305	0.441305361520188	0.0450531550068587	23.0833333333333	-0.0231209589621498	12.2808427640604	0.266563781754294	17.1574074074074	279.011047143074	1.12709208236885	1.49472941578206	23.0833333333333	0.969012996847677	0.026044587014507	0.1966608610089	796.025477707006	635.668789808917	33.5011429154046	0.975368397258905	-1.08384603091641	0.566768223629529
136	54	6.50924339189906	3.03304572620112	0.581198326906497	12.3094669535436	0.0519479863653579	8.32359550561798	0.596532729149086	11.3150814291125	0.358811464878881	16.9033707865169	281.590870720329	1.13459973391112	1.46112477606927	8.32359550561798	0.772372081351277	0.148709995292402	0.457407722418568	0.0398188209843158	22.2558139534884	0.0485427914128176	12.6956462952948	0.236491758262836	17.2790697674419	284.652679565333	1.15065049159085	1.49294897430981	22.2558139534884	0.941779625233965	0.0552723789953292	0.285241896915056	647.308823529412	628.455882352941	24.6705167058586	0.915076743836511	-0.0233571996305369	0.586085872274639
36	20	2.98718523755599	1.06499969790022	1.30096118312572	4.959082576445	0.162765307013713	6.42990654205607	0.0847423910881253	4.51262118962355	0.495107201759208	14.0747663551402	187.753694212512	0.653398466729056	0.843782977163287	6.42990654205607	0.462697853863623	0.0146877056786495	0.11138810593356	0.27375	10.4	-0.303258145363409	4.99	0.388235294117647	13.8	185.522583712154	0.384986630190995	0.580656127372583	10.4	0.281182502659547	0.0676158422561942	0.19955150803888	693.944444444444	625.333333333333	10.3716277184737	0.900301921087996	-0.0271994570644367	1.13097335529233
36	19	3.02152299087578	0.808908111972334	1.59118067977167	4.54280960569258	0.0904921124828532	7.37037037037037	0.368690058307753	6.83736282578875	0.382367435308612	14.7592592592593	207.504306940921	0.919995333452505	1.16751796961101	7.37037037037037	0.681656305187157	0.103157910813243	0.345335108340828	0.100308641975309	23.1111111111111	-0.259757738896367	10.1728395061728	0.227796121913769	15.5555555555556	233.657931301543	0.7205400723158	1.03176562738958	23.1111111111111	0.633791739896105	0.12868044682295	0.363717014079456	729.694444444444	625.527777777778	9.03398292948521	0.803817232438442	0.672051383870615	1.25315607234607
46	25	3.48511590420838	1.14453795665928	0.737563556583451	5.34640065838695	0.100227731483878	6.43165467625899	0.303948916148548	5.62010247916774	0.437486439856309	14.3309352517986	192.936611226529	0.881479649949224	1.1245955634106	6.43165467625899	0.677991424062879	0.0707352499613462	0.281347589868296	0.11612426035503	7.96153846153846	-0.0275894988066831	4.87389053254438	0.434197702749739	13.6538461538462	172.058312541759	0.82714397155783	1.06576397089075	7.96153846153846	0.696679886078224	0.0463990709186774	0.222182007473696	592.04347826087	627.021739130435	10.9223007532871	0.806458697418817	-0.454915042823196	0.924884877216835
135	55	6.30479441963229	1.89099135849667	2.18696362963708	9.22255589248895	0.0514373170082513	9.11764705882353	0.593812809014078	12.2234546794701	0.342944314064889	17.3891402714932	299.790368855747	1.14062657956771	1.47087440836757	9.11764705882353	0.786115617450654	0.160739383399701	0.476131415837321	0.0290858725761773	24.7368421052632	-0.037768739105171	12.9182825484765	0.20729340728999	19.1052631578947	344.196446119549	1.18153145852739	1.63188977431148	24.7368421052632	0.992958283294525	0.065135776332148	0.322570681789282	226.481481481481	633.407407407407	18.2371633397386	0.72627377117327	-1.43364335218143	0.560813234029252
84	50	5.3759079902883	2.90695945619377	0.655133574166366	10.7400744876374	0.131236984589754	4.93877551020408	0.199579877311214	4.08511453561016	0.468852156247114	13.1510204081633	160.595764426716	0.773860726132855	1.01511655673527	4.93877551020408	0.594696024212407	0.0328246595322408	0.182508789069539	0.12490869247626	7.40540540540541	-0.112110574813517	4.32943754565376	0.399070563776446	13.0810810810811	157.554290939707	0.7667826373005	1.01369651576264	7.40540540540541	0.642242011576698	0.0184261393555509	0.136658730518494	120.511904761905	635.857142857143	23.5626921779481	0.947780385086021	-1.19397719882054	0.422230052642468
48	26	3.58107338659799	1.02044010857288	1.55043418236511	5.83260068659178	0.0960047562425684	7.73793103448276	0.475602916432977	8.37793103448276	0.428438724260225	15.2	224.324091219663	0.967983343313064	1.22206093297428	7.73793103448276	0.702258964867452	0.122410893255298	0.383795651763206	0.0774793388429752	17.0909090909091	-0.160493827160491	8.36363636363637	0.297444050385227	16	243.814641904389	0.786486088324213	1.13889489164706	17.0909090909091	0.631250694301537	0.0336412413390355	0.195498823056622	430.729166666667	630.145833333333	9.94433585947715	0.661661197319358	-0.157375283660373	0.892286670842071
125	55	6.81118605674012	2.86070135964313	1.6199173532637	12.0554229764242	0.0616009850685008	8.39900249376559	0.516208786681918	9.68039999751245	0.379021932755247	16.0399002493766	250.675889034973	1.06147271045615	1.3776412475611	8.39900249376559	0.753452396946774	0.137847905552241	0.429543205884887	0.0768306361160071	15.253164556962	0.250719213528692	11.1785370934145	0.420126703341602	15.7341772151899	242.446174926148	1.00376000760705	1.3117619247718	15.253164556962	0.803744421898366	0.120354117140189	0.39323440516058	555.176	638.48	23.3016122401412	0.859339364674583	-0.895311024941659	0.519271512990048
43	20	3.49954758055909	0.964710698294049	2.01804360706107	5.2223079189186	0.0723140495867769	7.51515151515152	0.398274008106093	7.24466253443527	0.394331476684418	15.2272727272727	220.589971224894	0.975028251320733	1.25414432842673	7.51515151515152	0.736590742910984	0.0846135975256747	0.323862870179068	0.0839002267573696	13	-0.0302812471920207	7.30895691609977	0.314413249707367	16.047619047619	242.081682644138	0.886951022108452	1.16805054529854	13	0.749199115901207	0.119184683939003	0.370944088236606	297.279069767442	631.372093023256	10.7726741304276	0.879178891987859	0.788292207868057	1.35088484104361
411	171	12.8146366217104	6.20180267928608	1.3979666405488	23.9663735109444	0.0521315756260028	9.03192279138827	0.615036610465847	12.7308853736947	0.357385024121563	17.4194506310319	302.20410371863	1.16176060399427	1.48580970005402	9.03192279138827	0.779239862930528	0.163769783183632	0.482513533142049	0.0360709366391184	22.9507575757576	0.14352147211999	14.3983263028007	0.262283255012934	17.9280303030303	311.06381690127	1.18224667652228	1.5848771337337	22.9507575757576	0.959325393103806	0.0501898846779169	0.279915011742972	131.287104622871	649.515815085158	52.7037492214106	0.934754819665526	-1.04688387613871	0.176627964929435
508	187	12.4173761555536	5.15819368543266	0.644756588462589	25.4468869079177	0.0429189857545524	9.02008269344359	0.597969267491048	12.2181507084695	0.355738290615467	17.7985823981099	312.078520943775	1.17853423923438	1.5221462258678	9.02008269344359	0.793745918016158	0.152235405526297	0.470993133005156	0.0409258676652266	23.5096952908587	0.0922226819665229	13.9490431319588	0.273470700318083	17.792243767313	304.363727408494	1.17667124718849	1.55985414037888	23.5096952908587	0.978923906177132	0.0309368682559177	0.21870833109653	167.972440944882	652.889763779528	45.2591038213958	0.804273571281062	-1.11538218856023	0.182553583805498
112	43	6.26824738235512	2.45974395060616	2.09276484192867	10.446236199231	0.0493967095935728	8.27717391304348	0.594823821985742	11.2142899338374	0.371061793152586	17.1847826086957	290.23741368059	1.13307155166861	1.43682476879412	8.27717391304348	0.778016667394331	0.147310856850247	0.451957126743489	0.0512543252595156	21.1617647058824	0.0682492299049197	12.3559147923875	0.285099837569307	18.1323529411765	314.141121499209	1.10651296085418	1.3821531238593	21.1617647058824	0.931305566011052	0.0575611287352904	0.280447035715921	779.910714285714	637.571428571429	21.3184215353543	0.929423044850916	-0.557090618388179	0.761186321691848
87	39	5.65550816404799	2.20679139500936	1.18393809031946	9.89388138643718	0.0626425471464505	8.62815884476534	0.543760483729803	10.4557338164188	0.376234653066252	16.3754512635379	263.469094092736	1.06942899542965	1.38051954969768	8.62815884476534	0.761685274914358	0.144600484645643	0.440005577469771	0.0564789165897199	26.140350877193	-0.0680869259017059	13.2369959987689	0.259486528507143	16.7719298245614	270.120267486731	1.04575310010455	1.3593926379185	26.140350877193	0.945122026252666	0.0528645987122775	0.266751456468787	807.413793103448	636.689655172414	18.7252316518988	0.90438896789513	-0.86509698577845	0.718786484845002
51	25	3.64473645394625	1.01936067281181	1.97909070029644	5.58540956421284	0.0853028360839609	9.37974683544304	0.412173458987501	8.97832879346258	0.369858494728189	15.8101265822785	242.973848596649	0.962895181837463	1.21142300912933	9.37974683544304	0.702087678315652	0.127552523404202	0.390058161456011	0.0569526627218935	31.0769230769231	-0.305980355588711	12.8979289940828	0.19298961692075	17.1538461538462	278.22255869441	0.976461760966017	1.28455022083678	31.0769230769231	0.888356759465087	0.0986220841125134	0.353212414068965	827.529411764706	632.980392156863	10.936278735396	0.794718762297282	-0.230112106036493	1.02541584213171
31	15	2.73404051751122	0.389472868469202	2.00997512422418	3.35261092284803	0.0763920325939339	7.53191489361702	0.377262094133059	7.04741964689905	0.378247757722101	15.0425531914894	215.244030494753	0.95048922623664	1.2313836162422	7.53191489361702	0.713862773138361	0.0996428125970335	0.348054753231613	0.0816326530612245	8.14285714285714	-0.199999999999998	4.39285714285714	0.281124757595346	15	206.709907211317	0.812634642656676	1.11366463832066	8.14285714285714	0.708247052214309	0.103360758486692	0.338089797439503	150.806451612903	633.903225806452	6.96832637816505	0.570424246073847	0.33144579780501	1.73136661797837
39	25	3.64051398682423	1.55468900804538	0.877268487978438	6.39449763468561	0.172839506172839	3.88888888888889	0.182054241200231	3.37722908093279	0.501910507792861	12.5185185185185	145.852801366528	0.676526543699169	0.907755329776612	3.88888888888889	0.523710346017423	0.0354074683699202	0.179418692936326	0.253333333333333	2.13333333333333	-0.0714285714285719	1.99555555555556	0.573333333333333	11.8666666666667	132.452575162867	0.438469684028589	0.599019015049379	2.13333333333333	0.300064180653325	0.00369702993158134	0.0470768843019957	188.487179487179	635.128205128205	13.5053786143834	0.940282258170276	-0.801447993865449	0.784141526336012
322	123	12.5034732017844	5.75385742404703	1.40389343695977	22.638987660909	0.0484699603024309	8.53370786516854	0.58259692733082	11.222382660719	0.358229028255466	17.0430711610487	285.121902525977	1.1444523610312	1.47310775858162	8.53370786516854	0.779297318187665	0.144729912083262	0.453139139408268	0.0415934726331361	19.0528846153846	0.193405192300448	12.8106913369083	0.296759217969474	17.2548076923077	287.101294064374	1.164083242112	1.56636372039571	19.0528846153846	0.937031164076702	0.0606235638967264	0.305425618394106	586.431677018634	640.077639751553	51.7862895862716	0.941279001631347	0.0134315389224428	0.267457950811267
50	20	3.55371890698344	0.297627166348103	3.10362691056772	4.00406043910431	0.0483348574912361	10.0123456790123	0.603698117760619	13.6322206980643	0.322947230790368	17.8024691358025	317.478827141415	1.16028508357631	1.48804423851954	10.0123456790123	0.789867303951727	0.187949887004787	0.515353337994745	0.0574845679012346	26.5555555555556	-0.00584521861117695	14.2006172839506	0.251195016267391	17.5555555555556	298.398066934451	1.05855118039083	1.35753155899478	26.5555555555556	0.86372740772578	0.086899771720792	0.340626064631162	346.74	635.84	8.11713649640249	0.255673125814952	0.14466093509618	1.5707963267949
33	17	3.04609601705602	0.811797584285176	1.66378066161538	4.55721034076393	0.10606865766819	5.21649484536082	0.301085068208357	4.73185248166649	0.449951019265755	14.020618556701	183.911547625975	0.822109832429563	1.06089941511082	5.21649484536082	0.648984224215402	0.0674181990181359	0.267106703154612	0.087890625	9.125	-0.19672131147541	4.8125	0.308314479638009	14	180.380127122066	0.799427015388065	1.09584537266699	9.125	0.73151388686505	0.0537988876125029	0.242458663593	439.818181818182	634.818181818182	9.26634582811867	0.864566745390373	-0.694242914739076	1.43491429160503
254	90	11.5026304969192	5.75642295454308	0.25337231668868	20.6224736574711	0.0410205473763325	9.52858809801634	0.623000544737891	13.6374030055184	0.34951317046176	18.4620770128355	338.839580494355	1.20465667924282	1.55218616877423	9.52858809801634	0.797669914630578	0.172643821487358	0.504178919024618	0.0344010385219177	26.7692307692308	0.072023308676706	15.4234391981645	0.281612717722292	18.7252747252747	338.457354290393	1.18866079136587	1.54939762679059	26.7692307692308	0.977834710883076	0.0784571466023024	0.344742825001161	695.913385826772	651.311023622047	45.6495698984937	0.981065981780326	-1.30885312851325	0.394056560005831
36	19	3.14803335357211	1.03464748735019	1.56219179785848	4.75930347100134	0.0979998253122543	5.58878504672897	0.216338028169013	4.56581360817539	0.419418953778492	13.8691588785047	178.353356932805	0.84307398906714	1.10168786098163	5.58878504672897	0.678142150858618	0.0399346833347121	0.209521350564893	0.106481481481481	9	-0.148936170212765	4.91666666666667	0.381749622926093	13.6666666666667	172.341266984174	0.795202091199438	1.05868507544737	9	0.69971694954775	0.067385727583414	0.266773896360324	852.222222222222	636.055555555556	10.4851359318354	0.909490875146588	-0.969550404242299	1.25315607234607
293	88	9.43651168469615	4.2540877659565	0.84098586873081	17.3120552572883	0.0309738279518765	9.98615232443125	0.754934606049757	21.3744644714275	0.332741124383645	20.5202769535114	441.001264895627	1.29816574442855	1.66734640015491	9.98615232443125	0.819506671378522	0.23548830068554	0.599334958892517	0.0188869665513264	30.0196078431373	0.319751182666422	23.0651672433679	0.20979136947798	21.8823529411765	478.974189861414	1.37057269832383	1.82945258818572	30.0196078431373	1.0421414969542	0.0997984454869543	0.418126357361993	316.928327645051	641.474402730375	35.5857211588599	0.91349306380962	0.180026716903816	0.475457979081513
178	65	7.65128157955176	2.84966876740142	2.80363247048996	12.6642580498291	0.0438330626368194	9.12605042016807	0.569708925405024	11.6045081562037	0.347695472954988	17.5058823529412	300.187500485443	1.16894511609055	1.50720240545919	9.12605042016807	0.797489159268734	0.139909853160158	0.45040747037045	0.0353867380894408	21.7027027027027	0.0116850020605385	11.9796485674864	0.275330253229565	18.3153153153153	317.463079872809	1.13255685499916	1.51552570387957	21.7027027027027	0.925438933846624	0.0946090241919785	0.373796520232534	668.691011235955	644.23595505618	26.8684604733219	0.906557702217678	-1.2412592691097	0.529423424699629
31	16	2.71200816289392	0.685003995898366	1.3650206042401	3.85529262832278	0.0950368313005675	6.3956043956044	0.312538940809972	5.65161212413959	0.407615033859378	14.1758241758242	188.780362746182	0.887877809089088	1.15922105871017	6.3956043956044	0.668355626092455	0.0715031449128233	0.287002029397605	0.153846153846154	8.30769230769231	-0.447422680412375	3.8698224852071	0.207239819004525	14.4615384615385	196.709327781577	0.549754602218304	0.827628444369671	8.30769230769231	0.390055944477614	0.235273217656789	0.445000772694802	741.387096774194	636.741935483871	7.71196653867455	0.704384552728216	1.15574792414709	1.52170894158256
322	109	11.3741005020593	4.71008765572497	0.537539525698746	19.9189862433276	0.0369248879141191	9.42699724517906	0.607981106242247	13.0236516597649	0.341268174423254	18.4664830119376	336.230082469959	1.2164837923411	1.56708395434819	9.42699724517906	0.807184385906224	0.152026946958199	0.476738632542574	0.0286530470914127	23.859649122807	0.0949211908931699	14.1809787626962	0.22047533942274	18.6315789473684	331.975256599611	1.22149593000078	1.63999633980195	23.859649122807	0.990613121843444	0.0420223770859302	0.260720156610986	97.3198757763975	655.55900621118	41.2644151446771	0.920982749591848	-1.16990063999567	0.340574980037341
214	103	9.42956218984194	4.30883514107591	1.0440843686758	19.2208123327819	0.0765264867032804	8.04992657856094	0.50228125192482	9.08682273843639	0.408528631487947	15.7591776798825	240.972096183278	1.03930227931974	1.31580913306873	8.04992657856094	0.733591424164143	0.121063008026175	0.39492210631397	0.077717754511027	16.5522388059701	0.0915115390493659	10.1097683225663	0.352123662403968	15.6865671641791	235.163891494453	1.0142443415938	1.31216026414709	16.5522388059701	0.83708709747117	0.032486658605404	0.205927545394845	718.056074766355	653.551401869159	35.8738878133228	0.903637574988586	-1.48812961768677	0.253483204022327
101	46	6.2208708095977	2.65790734869841	1.35830429146207	10.6820344557308	0.0708788241194398	8.05590062111801	0.415782111182608	7.89460283168088	0.365918114511465	15.527950310559	230.936283759589	0.987875583997816	1.280508092449	8.05590062111801	0.722131824834969	0.0996595508598098	0.354511938430809	0.0644929617925884	15.271186440678	-0.041506254836843	8.33129847744901	0.329497698274782	15.7457627118644	233.475710686944	0.932872945926569	1.2835737705681	15.271186440678	0.771298096030196	0.100572631230771	0.356502810428617	48.9009900990099	647.861386138614	22.7395629351109	0.94048713096423	-1.41215175914751	0.599812586035102
138	44	6.65883245608731	2.15485994814939	3.15049517293876	10.2344419316782	0.0514189699118572	9.04575163398693	0.555525495325221	11.1757823439228	0.352303487943626	17.0239651416122	284.484347480708	1.12343151097566	1.44581657279881	9.04575163398693	0.772649876260645	0.15757989705925	0.468089200368678	0.0643990929705215	21.0666666666667	0.0399781756857301	11.9719727891156	0.3297905954018	16.5142857142857	262.317876333345	1.03860634814645	1.38692415678991	21.0666666666667	0.878196092307093	0.0604381690049487	0.287758528733327	839.898550724638	647.702898550725	21.9150278953676	0.910925488779465	-1.17150582098186	0.895743359907834
96	34	5.20915262164348	1.57966825688026	2.39827648610547	7.48244774264772	0.0421503129522952	10.0495356037152	0.652665620701624	15.4666583596124	0.352266627189228	19.015479876161	365.020057901598	1.20528728689168	1.55665108624703	10.0495356037152	0.792596176092381	0.204649812228152	0.546574346693126	0.029112426035503	29.0923076923077	0.106426907153163	17.2786390532544	0.224166635371977	19.7076923076923	376.941651369235	1.2436894142641	1.65246342921197	29.0923076923077	1.01302343201929	0.128367300071689	0.450351920394582	208.989583333333	645.697916666667	16.1502553687848	0.868604520094256	-1.29308642049675	1.0435740302582
107	51	6.85234784815035	3.2939367740747	1.6085603374113	12.8436760850895	0.0827614579321452	10.8816568047337	0.4100801767533	10.2229963936837	0.358687486115262	16.3195266272189	262.46611407744	0.942407738836796	1.23038206797398	10.8816568047337	0.714275391088888	0.179784094401651	0.464509305387063	0.22133875739645	3.42307692307692	0.406362237044639	3.88313609467456	0.647180647406892	16.0769230769231	242.240447507441	0.775583918149438	0.927517881638369	3.42307692307692	0.576398620073638	0.201554509416401	0.433254003024166	636.280373831776	650.280373831776	26.934430924416	0.97646865988653	1.50846571910385	0.516955653877905
290	132	10.8802182765823	4.22083722437597	3.50466205311155	19.6517619315829	0.0609944579429667	7.96091205211726	0.587947474678935	10.6600694849695	0.394825161063904	16.4473398479913	266.150473387917	1.10227199215712	1.40358488901892	7.96091205211726	0.758729712354391	0.150363846917104	0.45170698396014	0.0462875598780665	17.8734939759036	0.115704653160744	11.1060658295834	0.293669200812552	16.6566265060241	263.957858584215	1.11934588032305	1.5029445432649	17.8734939759036	0.904347792626726	0.0430561745470835	0.252972955178791	755.81724137931	654.803448275862	42.7274430410217	0.888978108676428	-1.12548323785506	0.209151026065436
278	94	9.97178088609074	3.59153797645252	0.895956916282963	16.3047628620389	0.0312185857504668	10.1523394994559	0.715994736363041	18.8735058805699	0.344131370894477	20.2894450489663	422.268627652915	1.2913676822933	1.66733357220933	10.1523394994559	0.817261838643158	0.223340916195814	0.585170418418164	0.0261695952061421	29.0223463687151	0.269277237428617	20.8586576573765	0.260896137101156	21.0335195530726	439.352903404506	1.31194205167292	1.70169708840838	29.0223463687151	0.986454765542511	0.12106095365083	0.443739852926067	892.143884892086	650.863309352518	29.3565668516058	0.598114267654818	1.07706471496921	0.395365666680834
125	54	6.66278007232956	3.23157787927171	0.606605161265166	11.9705428342912	0.0639567139155617	8.44444444444444	0.492280285035632	9.31604938271605	0.371963819022643	16.2222222222222	254.448555664131	1.06871429244863	1.35994302986075	8.44444444444444	0.747698863618413	0.124305617147568	0.406128065877285	0.0425029515938607	21.6103896103896	-0.0108398945989884	11.6893236633496	0.264171056074688	16.7532467532468	266.074162114407	1.10309477087296	1.47930960132706	21.6103896103896	0.940626654395593	0.0408865897478595	0.244700961143792	10.4	651.672	26.941782404401	0.960717543678839	-1.12791523387756	0.538681867899484
167	58	7.74606105583722	2.61183179947153	3.06047838465247	12.4590768882948	0.0711476765221324	6.84210526315789	0.502973208272417	7.88303465430494	0.419402211043078	15.3383458646617	225.732807780308	1.0190311315382	1.30811306790273	6.84210526315789	0.717211975721425	0.112591834856634	0.380131225706789	0.0718227127091491	13.311320754717	0.0905934679309639	8.31868547525809	0.355424881557012	15.2547169811321	219.258261426562	0.99656702118825	1.29054607818464	13.311320754717	0.814646387629636	0.0356906752174208	0.214043617052148	459.149700598802	646.790419161677	26.1060519185823	0.879304342006547	-0.161478131634077	0.623835877704513
109	51	6.25886259704804	2.84091109711435	0.693796314233507	10.6343404338444	0.0733410398728421	7.17784256559767	0.554298121907143	9.05229113719624	0.399579564525543	15.5043731778426	235.360426767958	1.00164568316867	1.29960290755524	7.17784256559767	0.714035334617559	0.142267227020401	0.424842471019039	0.0693288241415192	16.5967741935484	0.118392051460987	10.4127861602497	0.306028273735498	15.758064516129	238.36730913974	1.01652664885449	1.30891067922428	16.5967741935484	0.835471364695575	0.0693428783394375	0.299564165992233	817.871559633028	648.605504587156	23.9479430097075	0.926497114729138	-1.26656170833755	0.526618376380296
108	68	8.79521100532871	4.64924729348378	1.21846022861633	17.5100626037585	0.152716247211487	4.72491909385113	0.121478729246268	3.68913186916769	0.477139802896513	12.7378640776699	150.88132377293	0.70251134540192	0.949098817502242	4.72491909385113	0.551882238360325	0.0271555456942296	0.160591634151949	0.182007496876302	4.53061224489796	0.129620739318294	3.60266555601832	0.531646504755748	12.4489795918367	144.26833686185	0.68512448890918	0.906289383682717	4.53061224489796	0.571763957537277	0.0410049073803263	0.192949389571427	190.194444444444	656.564814814815	35.7680358946336	0.983781974024187	-1.10096692759295	0.293505196010119
35	16	2.94228263009095	0.278114948654495	2.29469496883573	3.28110118710167	0.0721879286694102	7.64814814814815	0.440884476534295	7.83950617283951	0.371604862781333	15.5555555555556	232.860488941767	0.955877052295387	1.2385383914377	7.64814814814815	0.747697000456486	0.119773344089968	0.382065415935627	0.0813148788927335	19.8823529411765	-0.22463768115942	9.11764705882353	0.199339611104317	16	242.124024376439	0.84956142277323	1.11517612482968	19.8823529411765	0.756682823215534	0.0833370621793455	0.304010761778007	418.914285714286	644.142857142857	6.99590288610161	0.399598439722595	0.526654292950625	1.71805848243192
59	35	4.0912564640717	1.60597993935158	0.734569150410379	6.91145160333961	0.16874256395003	4.46341463414634	0.0944967414916716	3.46460440214158	0.470555126365743	12.5365853658537	146.206128554154	0.670198991740668	0.90537402970164	4.46341463414634	0.519063665492829	0.0289842044186357	0.162098886680193	0.202256944444444	5.66666666666667	0.0192307692307686	3.88888888888889	0.525490196078432	12.6666666666667	151.443623119516	0.602059991327962	0.819660972972442	5.66666666666667	0.461881520080684	0.0332325536778683	0.165286340520569	649.71186440678	644.932203389831	12.2276060602325	0.512546816637465	-0.412066666685641	0.605237441834442
353	151	11.2540642463558	4.0201403566986	3.07721914449725	20.2575896867055	0.0524538645408499	8.79894644424934	0.606782405822197	12.1883936203916	0.34991059850844	17.0640913081651	289.554176704597	1.13928208898507	1.46692984726394	8.79894644424934	0.772819576896076	0.162172394748424	0.477588038480629	0.0427198291206835	19.3537735849057	0.186685684979507	12.8980898451406	0.314715749032808	17.2216981132076	286.311365889092	1.15705432339896	1.50698336131713	19.3537735849057	0.94638414833239	0.0420206688929212	0.250271612240135	63.8441926345609	658.991501416431	38.4447822873441	0.774286998867956	-0.936718580806064	0.194549748996482
214	72	8.26662619150196	3.42265816885619	1.11975802059707	14.5917964860862	0.0481248205709143	8.96657381615599	0.50069778333892	9.97910475554969	0.35118569205084	17.0529247910864	280.415748706358	1.13231225574979	1.44890610390557	8.96657381615599	0.791082758377866	0.119235695613967	0.409665953582665	0.0431567828580051	15.9858156028369	-0.0715600660844964	8.45913183441477	0.276489441560414	17.1205673758865	270.88940300662	1.08814113180864	1.42667683000161	15.9858156028369	0.904551936860049	0.0622160355911206	0.295873159611863	523.299065420561	651.672897196262	29.1303296726834	0.896183037870353	0.727247136915645	0.518750638787204
167	78	8.93723580262119	4.90048008844387	0.789893425679445	17.9545961070563	0.0701714285714285	7.16571428571429	0.395722743196317	6.92916099773243	0.389873757403169	15.1619047619048	216.976434519874	1.00473326422704	1.27285234600144	7.16571428571429	0.733127089379821	0.078369002766094	0.31402667495357	0.0746352413019079	10.8585858585859	-0.0595403431745871	6.12419651056015	0.326983544630603	14.5757575757576	196.227877616361	0.915974362517829	1.20055440824617	10.8585858585859	0.765132134208316	0.050680023997095	0.246002885737492	220.341317365269	656.790419161677	38.8742708835675	0.97697595244147	-0.88950520501104	0.344934893589412
32	18	2.76400143958466	0.912424388207685	1.5	4.03112887414927	0.152797783933518	6.06315789473684	0.110995580972188	4.41008310249307	0.500681114551084	13.9578947368421	184.364487299398	0.661755718910541	0.867068576165006	6.06315789473684	0.466535757202768	0.0214095478711373	0.136343167766583	0.1484375	7.5	-0.206030150753769	4.109375	0.347058823529412	13.25	164.083059919535	0.634709281212133	0.860481777960119	7.5	0.469991547036201	0.0649704203821086	0.236949815642746	341.5	648	9.38083151964686	0.891882585015845	1.5707963267949	1.24112302364041
51	23	3.73348801028039	1.07936881154955	1.84872101091039	5.73929512280181	0.06388671875	8.075	0.526338702655638	9.5240234375	0.365696771432066	16.0625	250.954201215887	1.06472991688807	1.35999832601589	8.075	0.761447962773205	0.132416960085834	0.418806508540444	0.0588888888888889	15.3	-0.075991404571206	8.10972222222222	0.298347804818393	16.1666666666667	244.728364484263	0.948602545518613	1.2862727528318	15.3	0.855834006347388	0.0752406275090059	0.309308958548782	352.43137254902	649.627450980392	11.1849776996832	0.830594266959711	-1.29191975117514	1.21150264902139
66	31	4.51233287239953	1.8164861903907	1.33822377501233	7.83399566206789	0.0728021657448249	7.88405797101449	0.330333461521689	6.88655511213797	0.373143830432833	15.207729468599	218.355579151318	0.970685650664745	1.24099739316521	7.88405797101449	0.727627476961084	0.0752029518511466	0.304005731741442	0.0792320173066522	15.8604651162791	-0.197566154851355	7.62195781503515	0.267825523092281	14.9767441860465	208.814601037865	0.898845376422849	1.20135192212571	15.8604651162791	0.837633350859798	0.0925933168821661	0.331800975243462	828.287878787879	651.969696969697	16.1085456596011	0.932765896816585	-1.28815357837316	0.863038980798861
132	63	7.1976221086142	2.97630360042885	1.95244547576953	12.2469035478547	0.0752730518798572	7.11111111111111	0.535833078809084	8.66007958178721	0.402176719312269	15.3574879227053	229.215083524779	1.01573502047119	1.31414916867356	7.11111111111111	0.724493493931278	0.127500094999749	0.404800201396457	0.0855052583447645	20.3086419753086	0.0400250719557935	11.5776939490931	0.357477622566097	15.4691358024691	232.165674836096	0.972117453338424	1.23521762316586	20.3086419753086	0.856825960071327	0.0559263328141935	0.261919650535217	34.8863636363636	653.621212121212	27.240580572163	0.909812018654688	0.628701852016351	0.417929181429935
104	48	5.74384916301275	2.25865286504588	0.421328092003227	10.6247753244219	0.070108008625818	7.20731707317073	0.444465301291483	7.48682889649019	0.400742713798668	15.2987804878049	222.548629395351	1.02262446166951	1.30489371466319	7.20731707317073	0.741956592263787	0.0951564719340147	0.349615668291278	0.0656420568802069	18.6779661016949	-0.00364298724954634	10.3050847457627	0.294749761162231	16	243.245384414352	1.00990288447084	1.30508959695193	18.6779661016949	0.893041945451565	0.12198933486263	0.394910423102685	243.961538461538	654.817307692308	20.1159258544694	0.895043053516029	1.29099626490398	0.567232006898157
55	27	3.882468946197	1.25782654272468	1.14335918818022	6.05926378701266	0.0791696590403885	8.54970760233918	0.53110265018662	10.1168222701002	0.37258177443936	15.9766081871345	251.600304393884	1.02058187946099	1.28165596511378	8.54970760233918	0.705564304388819	0.163678773189373	0.451947476998305	0.07177734375	19.71875	-0.0591968945891363	10.308349609375	0.311835407239819	16.28125	252.233423762847	0.960715566588517	1.23680255119587	19.71875	0.797943296101266	0.0873050623408553	0.326752230864678	295.436363636364	651.018181818182	11.7220795987278	0.810345866764249	-1.03311128202261	0.948080087503093
264	87	9.54210650193268	3.67005126704096	1.36317187026901	16.0106525840948	0.0318791548328704	10.1027932960894	0.654252832980404	15.6100883243345	0.32747006558114	19.6938547486033	387.630021907689	1.27396164613284	1.64477931205305	10.1027932960894	0.819776225002185	0.18144213566077	0.52894850791538	0.0317654079861111	26.65625	0.102944613227387	15.8576388888889	0.232530892392187	19.4166666666667	363.546849294361	1.22951340567484	1.65228771240754	26.65625	1.0080207659186	0.0462605157987649	0.274340379237682	438.223484848485	661.628787878788	30.7644429500737	0.782557343727295	1.22794050303978	0.43830385020357
37	19	2.99375376928119	0.816239691010311	1.2150943558542	4.51927236562273	0.0893190487785082	5.78378378378378	0.223268589366292	4.72315558802045	0.411642411642412	14.1621621621622	185.946613764906	0.864125645570394	1.1238027916015	5.78378378378378	0.691302676663551	0.0443018937244598	0.222800305901631	0.108843537414966	10.5714285714286	-0.247191011235954	5.23809523809524	0.328894634776988	14	180.272775005362	0.813195132087182	1.04255131925974	10.5714285714286	0.704112749276507	0.0570813701753354	0.243762271915317	285.594594594595	651.189189189189	8.81244335185772	0.748370173208798	-0.163594489003228	1.28796596324457
48	26	3.54289807280158	0.978135463718495	2.08261328779707	5.25784845865693	0.105085381872772	7.68493150684932	0.304106237096321	6.52162694689435	0.423100041714063	14.8082191780822	207.582012798951	0.909282653361217	1.13100855623993	7.68493150684932	0.670368845675894	0.0703048530676514	0.281261235078541	0.107015457788347	10.3103448275862	-0.100869675617342	5.68281807372176	0.34974254953971	14.3103448275862	190.281500659056	0.824775755731839	1.05314333864934	10.3103448275862	0.740262005371361	0.0628256974474741	0.256961804285686	385.875	653.75	10.6097691100894	0.786983632494279	1.2199837169659	0.892286670842071
39	23	3.23728162627064	1.20653862784839	0.896327309916832	5.57743224724332	0.121309421254601	4.90265486725664	0.250885506413938	4.27230010180907	0.470748408280944	13.3982300884956	167.425511471841	0.77923781764203	1.0293218351246	4.90265486725664	0.609772403146364	0.0530404248721537	0.233536594829992	0.189035916824197	8.1304347826087	-0.279869067103113	4.17627599243856	0.330100334448161	12.6521739130435	151.434649711231	0.533593941607653	0.76918263386642	8.1304347826087	0.533593941607653	0.166772275654577	0.361381536734455	403.974358974359	653.897435897436	10.6941466627494	0.840572469117625	0.616206788811152	0.926443202192831
44	32	3.95881570766024	1.88114744046886	0.197642353760524	6.87670433419963	0.175021545532893	4.35593220338983	0.269376249789191	3.98096811261132	0.529818237594908	12.6949152542373	150.581098553573	0.73610434735706	0.948721560876902	4.35593220338983	0.588498199211002	0.042578454755177	0.201081130263351	0.142222222222222	5.06666666666667	-0.165644171779144	3.17333333333333	0.43843137254902	12.8	153.088302377671	0.574549672465872	0.872664753988069	5.06666666666667	0.453297921326423	0.0341957982715958	0.172928646477594	492.113636363636	657.568181818182	16.0961362884814	0.949058028276836	1.47649506072778	0.539961237335746
42	20	3.47862533138633	1.21928905672009	1.40089257261217	5.50113624626771	0.079437255859375	6.859375	0.243103448275862	5.53125	0.391018061330561	14.5	195.790421830174	0.916009539528747	1.2016117449155	6.859375	0.718711431737978	0.0470231080242637	0.2371111536292	0.106310013717421	11.3703703703704	-0.196708294232294	5.75068587105624	0.319339701692643	14.1851851851852	186.466635269751	0.812292373385037	1.04642681445702	11.3703703703704	0.732628162948939	0.0529314899468889	0.235173236012889	568.5	655.97619047619	11.7356065068821	0.916356363804641	-0.929826945189678	1.31946891450771
39	21	3.0829677240466	0.783086102983877	1.28218209693674	4.19480296105617	0.0979860285374554	6.24137931034483	0.305951770986561	5.49635850178359	0.405639451278396	14.1206896551724	187.209310139686	0.87435976939288	1.12953797185063	6.24137931034483	0.655591975775873	0.0726768092714898	0.28576082187687	0.166089965397924	8.47058823529412	-0.336244541484714	4.16955017301038	0.368858131487889	14.7058823529412	204.402276961346	0.556865973538751	0.84956142277323	8.47058823529412	0.458224810617833	0.0779696222603827	0.258079970780668	785.282051282051	654.589743589744	7.6905410833986	0.186152999582364	-0.739138852900597	1.11131168698414
178	76	7.68077628245831	3.30427676669245	1.60445406702266	14.9242141364304	0.0504691127802946	10.0560420315236	0.545265391603444	12.0570449728715	0.345806217816108	17.6217162872154	306.07867574406	1.1321275147779	1.46466966027623	10.0560420315236	0.783015905691682	0.161516610609972	0.476344190488966	0.0390863830902262	23.6915887850467	-0.00054777542314201	12.8393091099659	0.325521507281507	17.4299065420561	289.417437745721	1.12801125068263	1.54059532292025	23.6915887850467	0.97111253873804	0.0826687548518334	0.352709392291926	302.848314606742	663.85393258427	28.2099178627206	0.897504267294835	-0.892024612704237	0.387260036245833
35	19	2.96763844051457	0.865972742054492	1.36538123906031	4.69838187504671	0.0990661982248521	7.67307692307692	0.220688489492366	5.92298446745562	0.400893923857725	14.4807692307692	196.570263817044	0.895799489533214	1.13308888089467	7.67307692307692	0.676159172525366	0.0557760214871958	0.250886463659053	0.144628099173554	9.95454545454545	-0.237447027096442	5.02221074380166	0.36489099136158	13.0454545454545	158.469975162936	0.703020521232484	0.921951427169925	9.95454545454545	0.703020521232484	0.1082149405431	0.316391988423133	557.171428571429	656.714285714286	9.35724578138112	0.845594992004444	-1.26527952475147	1.21834618144757
69	42	5.57295944023102	2.69015011812329	0.81092316028221	10.1155456124991	0.127446276609176	5.19597989949749	0.186361191952423	4.19305068053837	0.478837627049274	13.356783919598	166.120609437237	0.765342913319918	1.0005111010701	5.19597989949749	0.571984149606364	0.0264030147515159	0.162526227148673	0.220083246618106	8.19354838709677	-0.126144164759726	4.63787721123829	0.513034593490002	12.6451612903226	150.491726453864	0.639589000922645	0.846896857120175	8.19354838709677	0.592504636847593	0.104970682956916	0.299260339457881	110.086956521739	662.449275362319	22.8233791042742	0.967385657194904	-1.53094208160169	0.491541707704525
123	43	6.24864640583579	2.22803794553031	2.5223715093872	10.0794303495239	0.0434402670924662	10.6409638554217	0.661815262822819	16.7324720569023	0.328122636074443	19.7590361445783	396.239912631373	1.2131204686354	1.53190105651567	10.6409638554217	0.773677667652624	0.206827535792024	0.545612148127865	0.0402695595003288	30.8974358974359	0.112782948517056	18.4125575279422	0.241367685717813	21.1282051282051	436.1937365243	1.19228422371799	1.52315707319047	30.8974358974359	0.909516801303004	0.148150759304965	0.465064448962104	852.544715447154	662.20325203252	20.5442414097548	0.922773628229986	-1.44323608107921	0.835945692572298
107	46	5.93554976856593	2.3249418928202	0.893687164830179	9.82978960634986	0.0547645963841597	8.88629737609329	0.50651069570463	10.003535941657	0.379306317121443	16.8279883381924	274.474752025996	1.10072202660918	1.40838662854333	8.88629737609329	0.778219298869211	0.130849702519428	0.42304102280764	0.0517092789428326	14.1694915254237	0.0202995272712802	8.23154266015513	0.31018238588202	17.4576271186441	283.859756239527	1.05326559116211	1.38436722309554	14.1694915254237	0.880218513660804	0.0490920320449437	0.259422230560545	323.383177570093	663.317757009346	19.6064627998373	0.897993122393224	-1.51033775063963	0.635445016888673
141	60	7.23533286275179	3.33774084085922	1.05330168728829	13.2429645892116	0.0599806786619973	7.87252747252747	0.514190278380558	9.1024803767661	0.368828676520984	16.0571428571429	248.76285858444	1.08298296251428	1.37679959013321	7.87252747252747	0.769660581939218	0.114377422293272	0.39220287915479	0.049148653544258	18.4285714285714	-0.00691812072566125	10.1509781427364	0.243784806738975	16.4065934065934	253.765236759514	1.05765547535073	1.39913555224776	18.4285714285714	0.881739843765296	0.0376976562178722	0.22877502879178	612.042553191489	657.985815602837	28.574261878275	0.955479758055826	-0.054594755985791	0.492182849062401
135	47	6.49654092314505	2.03066775572175	2.15146259746346	9.90760850063735	0.029203724187876	10.5790645879733	0.75759874377559	22.8213897748523	0.316123212672407	21.6703786191537	490.033529442947	1.33993260999021	1.72250078618595	10.5790645879733	0.822968877634201	0.246586981858614	0.619662978185316	0.0191995673336939	32.3372093023256	0.23428042703259	22.115569226609	0.169601300896551	22.406976744186	496.060967266662	1.33719032707797	1.78607096343958	32.3372093023256	1.05180593259335	0.13736124137434	0.481236060183259	652.355555555556	665.007407407407	19.8543715876126	0.876654902374681	-1.08985758202941	0.767976474847663
90	46	5.47633485828038	2.13858741741164	1.03278030610608	9.12362582552343	0.0826867971453287	6.66176470588235	0.455431388624327	7.11655222750865	0.426227258666705	14.9338235294118	214.162232581651	0.92105119923033	1.19314080914672	6.66176470588235	0.669176244162854	0.103572936078147	0.349558271525819	0.0894	10.32	-0.0106549670949534	6.1056	0.322225802891513	14.24	188.528225472032	0.88238698449336	1.12923158093782	10.32	0.716472178153879	0.118530986435326	0.364174100275706	802.622222222222	664.188888888889	19.7490788771467	0.882042455965352	-1.56284111357362	0.534486462803556
98	41	5.14455297872124	1.47554706280612	2.50662418061972	7.85479464589681	0.0538168356735563	8.801261829653	0.594372964251547	11.8489585924828	0.36335663353663	17.198738170347	292.917465633631	1.12631168604313	1.44825740405649	8.801261829653	0.781378116837388	0.162431986826319	0.475275922075474	0.0776631620710175	25.4366197183099	0.0754221767157474	14.7558024201547	0.316805223777884	17.0704225352113	285.861705602253	1.06182748005591	1.38519390175491	25.4366197183099	0.920596291821418	0.0539533149771392	0.271904749619734	23.7551020408163	662.918367346939	13.2087595731342	0.407902313016254	0.427138494412699	0.73260221309173
47	23	3.59894629947428	0.974313531031859	1.84462638570405	5.67320501995902	0.0740784780023782	8.4551724137931	0.484141493282261	9.19524375743163	0.357946974904379	15.8620689655172	244.12524110195	1.03643446017427	1.28327347107544	8.4551724137931	0.745165778870769	0.138332856002375	0.416686279795788	0.1016	26.24	-0.192553810354856	12.0016	0.212918185153479	16.56	266.242046060605	0.796889708544019	1.04975490490176	26.24	0.607728408289212	0.0754363392018276	0.281066747877278	337.936170212766	660.617021276596	10.4595432131652	0.809946677175533	0.733836589548355	1.11648283341187
95	40	5.73556868362211	2.27598920811443	2.39752476525272	10.0646969651351	0.051928237534626	8.92434210526316	0.573871006325913	11.471409171572	0.362123180873181	17.2203947368421	292.45452722116	1.1116010936131	1.42864349283293	8.92434210526316	0.769454824844388	0.155589819222685	0.462800985096073	0.0432098765432099	21.462962962963	0.105473411895865	12.9968278463649	0.264894313151951	17.6481481481481	299.989064951434	1.11137952399013	1.46768836551784	21.462962962963	0.923518163020319	0.099389051452024	0.377226025391853	459.315789473684	664.305263157895	19.7989361786764	0.939481816576642	1.03393956983398	0.746128255227576
152	51	6.79043092850253	2.34754400127367	2.18880096701424	10.9188929027728	0.0297308727412534	10.3941176470588	0.673145913906821	16.9002412533641	0.310170492558036	20.4372549019608	419.614209059038	1.29548482464973	1.67365436962042	10.3941176470588	0.817095535399769	0.192081679004728	0.547056441354696	0.0384226916926185	27.5045871559633	0.183502238746302	17.8430266812558	0.260903865078203	20.2018348623853	401.236363183141	1.1921309295493	1.5590599178993	27.5045871559633	0.972181216934074	0.0836888286018048	0.356804213396825	508.763157894737	665.407894736842	21.8597080244743	0.885176780687964	-0.82694788931637	0.734366910181697
50	23	3.67439008506837	1.01584387983365	1.57064277114685	5.27808895930922	0.0684993425378041	7.8974358974359	0.471067101866478	8.46544214332676	0.358384524447873	15.7051282051282	238.061026337095	1.00490053133948	1.30083126601479	7.8974358974359	0.766542086432908	0.127792080163405	0.403371175797308	0.161242603550296	14.7692307692308	-0.0331125827814574	8.14792899408284	0.345074834667595	16.1538461538462	257.071992818149	0.557387978636997	0.835746293600204	14.7692307692308	0.372946439903191	0.0451137240807123	0.194523103988792	579.56	658.86	10.9598813510926	0.816750758788601	-0.264011352616984	1.18774769511901
39	23	3.23690202623509	1.37310386819703	0.537796385950113	5.35135973745907	0.143973214285714	4.19642857142857	0.224216700562977	3.70463966836735	0.477367485455721	12.9464285714286	156.018932614782	0.723630098380701	0.973500146063545	4.19642857142857	0.577837885703623	0.0470837059834594	0.214141029937964	0.166666666666667	3.73333333333333	-0.00961538461538419	2.84888888888889	0.403921568627451	12.9333333333333	156.991178196536	0.550726339072632	0.826768587414953	3.73333333333333	0.348875261368225	0.0786868830251453	0.255886836171911	871.153846153846	658.487179487179	12.253956997667	0.916150438968485	-0.189819214698844	0.926443202192831
83	34	4.93802515794445	1.8377032443374	0.842224768428017	7.93747190279198	0.0553267644172966	8.69144981412639	0.431827051638782	8.6485952377662	0.34452605981143	16.3345724907063	255.010981723015	1.06669606383947	1.36854192586519	8.69144981412639	0.774763609182915	0.107409121895255	0.379305489971066	0.0503472222222222	19	-0.149157347613798	9.26692708333333	0.231863764216705	16.875	265.27983948691	1.02532709632226	1.33505448792305	19	0.868054153831711	0.051995964049516	0.262278241289749	284.578313253012	663.048192771084	16.5283574776464	0.893060669271355	-0.981284972121233	0.902256713660737
37	17	3.07293163485896	0.542324062656596	1.97738074282018	3.853726906861	0.0761003385657125	7.07017543859649	0.395460227646556	6.84756848261004	0.392859089143919	15.1754385964912	219.037700362414	0.937545428238764	1.22000272415416	7.07017543859649	0.732251931977246	0.0934888210676614	0.33581051299422	0.0941828254847645	17.7368421052632	-0.162807591028783	8.62673130193906	0.246777546777547	15.4210526315789	225.641550815963	0.830937220333213	1.08443616405025	17.7368421052632	0.743642086351	0.0631860477199848	0.26136451693962	478.351351351351	660.081081081081	8.3546580456714	0.728386361342918	0.544540898111793	1.60884329664806
66	36	4.84347783728842	2.06898322262371	1.1590358913903	8.50875547616025	0.115095272802999	5.54081632653061	0.371928333687414	5.4109745939192	0.466946737114804	13.734693877551	178.317554274519	0.842274700942891	1.10585560354873	5.54081632653061	0.639192000378458	0.0700500147378589	0.277739499296259	0.122229916897507	9.68421052631579	-0.151325539272188	5.20567867036011	0.384186711121696	13.4210526315789	167.285567413559	0.766130140372832	1.01282984197087	9.68421052631579	0.687608538714754	0.0380292353777346	0.196221556440326	375.742424242424	663.893939393939	17.6311594094814	0.938616782253902	-0.51253173901034	0.639954059064587
71	34	4.48264352650807	1.33758177594303	2.00712399039089	7.22530395907594	0.0749779898036486	8.1447963800905	0.430810086880875	8.15472656170021	0.389763474086072	15.737556561086	237.345989162442	1.01098604056995	1.26379780933656	8.1447963800905	0.713167664190662	0.113477225085199	0.37555957163044	0.0881076388888889	18.2916666666667	0.0105184072126228	10.2430555555556	0.325521995607901	15.3333333333333	225.936094112532	0.936960923695672	1.19317980098935	18.2916666666667	0.817057490821254	0.0358325675972492	0.206399236341932	818.774647887324	665.661971830986	12.7843334543966	0.700849402771341	-0.912365616913377	0.771809959878461
67	29	4.27838257554251	1.0251690930183	2.78350842353248	6.47725371554959	0.0635346208615166	10.6415094339623	0.57064370408141	13.3923994304023	0.365179368730978	18.6415094339623	347.194879145659	1.08398139445703	1.36252525668888	10.6415094339623	0.755503662257532	0.205538925232063	0.517796428417687	0.052854938271605	25.5555555555556	-0.0532341156267883	13.1319444444444	0.290669413481465	19.1666666666667	352.702625734891	1.00818645733558	1.36384388625876	25.5555555555556	0.842869929023446	0.0830244738429075	0.33380424692059	833.880597014925	667.089552238806	12.5474863234917	0.829882413851693	-1.40877760045474	1.00112583966952
57	24	3.95638117552831	0.919408441778807	2.05184537537416	5.31131522736547	0.0534567901234568	8.86666666666667	0.52657183161725	10.3643209876543	0.35400024458848	16.8222222222222	276.295407121741	1.08358219718226	1.38015628975544	8.86666666666667	0.765566143779393	0.14100595806279	0.434633416356982	0.0561914672216441	15.8709677419355	-0.0214304848647214	8.76899063475546	0.24417425745699	17.6129032258065	291.328828728761	0.995928954547713	1.30666959523311	15.8709677419355	0.824927986945649	0.078719012505937	0.318654872336766	777.175438596491	666.526315789474	10.9020644099249	0.750332928509663	-1.31543144812173	1.24354709204596
40	22	3.25512492389123	1.05686879375706	1.33685828816844	4.76406139672183	0.0907401902497027	7.82758620689655	0.274990019135724	6.39826099881094	0.362214031788068	14.6379310344828	203.044231108063	0.880068797939024	1.13894069900562	7.82758620689655	0.621918591547841	0.0711091103085067	0.283805431416615	0.162222222222222	6.66666666666667	-0.439539347408829	3.31555555555556	0.269019607843137	14.9333333333333	210.668924665465	0.508584839515158	0.841918172848491	6.66666666666667	0.402859089616099	0.15747926077172	0.366114771334596	547.075	667.9	10.6822241928182	0.878520467811013	-1.04389381810275	1.0385430259801
38	20	3.082109064311	0.800377233366835	2.03960780543711	4.51220566907137	0.0920197352964211	7.92920353982301	0.297980918571109	6.64742736314511	0.400742639888918	15.3805309734513	223.981615767164	0.912597124611462	1.14269424426094	7.92920353982301	0.660697747951162	0.0779643150732205	0.297549937015928	0.18	4.8	-0.0465116279069716	3.29333333333334	0.491764705882353	15.6	229.917704317619	0.581865262813564	0.82760834028881	4.8	0.458146007804834	0.0413856000154305	0.185392137216049	704.026315789474	668.263157894737	9.55065045554814	0.851111674422278	-1.3865532501937	1.19380520836412
51	23	3.5501546733228	0.508336085874872	1.98005174551926	4.40934734914006	0.0523153340810768	9.9873417721519	0.565277128768806	12.4870213106874	0.34805730181754	18.2278481012658	328.832303193527	1.11435752444517	1.40726752822225	9.9873417721519	0.763488559178148	0.173643402331588	0.484544133897131	0.095213319458897	23.4193548387097	0.0165180912427884	12.9063475546306	0.320974328120161	17.2903225806452	292.776373725337	0.902206815081262	1.14497294061673	23.4193548387097	0.773588229346014	0.0243470014066895	0.166810449376938	37.9411764705882	668.529411764706	8.95501647316547	0.565341128092622	-1.32319168189116	1.21150264902139
54	25	3.68336710049161	1.01390670330955	1.28249756335049	5.23877848357802	0.0644505733778487	6.97590361445783	0.396795511456703	6.78237044563797	0.409804609166764	15.5060240963855	226.84788156599	0.990711375059292	1.26675075686933	6.97590361445783	0.735750106392941	0.0856108757247859	0.327284143740038	0.0788888888888889	15.4333333333333	-0.0251300786006833	8.5275	0.295425787778729	15.3	220.998040753346	0.936108671857783	1.19700133476657	15.4333333333333	0.797049967052659	0.0721733252255371	0.292791422507957	145.296296296296	668.314814814815	10.5507341022286	0.704542300780879	-0.0485349990930503	1.08573442108063
56	35	4.5284338166089	2.00840616705344	0.776175868983237	7.79392751585801	0.0889672783933518	7.1578947368421	0.460753880266074	7.63694598337951	0.409815400063078	14.7105263157895	209.751144341983	0.913379685224622	1.20617322144199	7.1578947368421	0.665541723286202	0.119931140426407	0.377663702314965	0.151234567901235	16.0555555555556	-0.216130917592049	7.60108024691358	0.417850740045862	13.3888888888889	171.547339982726	0.692488826247999	0.893175490023986	16.0555555555556	0.600343962600107	0.0799922571045652	0.267809226065239	564.714285714286	669.875	17.9411827257751	0.938196546713944	-0.0565923665552297	0.574462656656419
31	22	2.92505131139819	1.26207573317382	1.01639453522716	4.67453095715725	0.105920053972002	11.2857142857143	0.306273942636166	9.13412885815483	0.364874711933535	15.7532467532468	243.065736615987	0.859793981337801	1.11457177277769	11.2857142857143	0.684841289851119	0.179743080772197	0.444496000133115	0.222222222222222	13.6666666666667	-0.490909090909092	5.58333333333333	0.365761689291101	13	161.489158735661	0.477121254719662	0.67780791849565	13.6666666666667	0.477121254719662	0.201041309953633	0.37493806803441	247.451612903226	670.903225806452	11.2662597769855	0.944666081249894	0.0335382959547757	0.804870845134575
38	26	3.35173114722271	1.53159393232732	0.75760444629203	5.84058439160872	0.0983444398167431	8.58163265306123	0.597004598718423	11.6473084131612	0.416717747390016	15.9489795918367	260.210083718573	0.908950246154284	1.12664048601995	8.58163265306123	0.624489024902598	0.196618224972523	0.466711255986352	0.203703703703704	34.1111111111111	-0.502855588795212	12.3487654320988	0.252431053722302	14.7777777777778	216.261970380562	0.460724318239458	0.694858759311444	34.1111111111111	0.460724318239458	0.286645368943039	0.455467647131282	633.105263157895	670.657894736842	13.2411807163818	0.951104138179677	-0.0468764184464932	0.70639361441664
